[     634ms] [INFO] %cDownload the React DevTools for a better development experience: https://react.dev/link/react-devtools font-weight:bold @ webpack-internal:///(app-pages-browser)/./node_modules/next/dist/next-devtools/shared/forward-logs-shared.js:27
[     706ms] [LOG] [HMR] connected @ webpack-internal:///(app-pages-browser)/./node_modules/next/dist/next-devtools/shared/forward-logs-shared.js:27
[    1733ms] [LOG] [Fast Refresh] rebuilding @ webpack-internal:///(app-pages-browser)/./node_modules/next/dist/next-devtools/shared/forward-logs-shared.js:27
[    2010ms] [LOG] [Fast Refresh] done in 277ms @ webpack-internal:///(app-pages-browser)/./node_modules/next/dist/next-devtools/shared/forward-logs-shared.js:27
[    2737ms] [LOG] [Fast Refresh] rebuilding @ webpack-internal:///(app-pages-browser)/./node_modules/next/dist/next-devtools/shared/forward-logs-shared.js:27
[    3053ms] [LOG] [Fast Refresh] done in 316ms @ webpack-internal:///(app-pages-browser)/./node_modules/next/dist/next-devtools/shared/forward-logs-shared.js:27
[  159333ms] [LOG] [Fast Refresh] rebuilding @ webpack-internal:///(app-pages-browser)/./node_modules/next/dist/next-devtools/shared/forward-logs-shared.js:27
[  160067ms] [LOG] [Fast Refresh] rebuilding @ webpack-internal:///(app-pages-browser)/./node_modules/next/dist/next-devtools/shared/forward-logs-shared.js:27
[  160118ms] [LOG] [Fast Refresh] done in 51ms @ webpack-internal:///(app-pages-browser)/./node_modules/next/dist/next-devtools/shared/forward-logs-shared.js:27
[  160500ms] [LOG] [Fast Refresh] done in 434ms @ webpack-internal:///(app-pages-browser)/./node_modules/next/dist/next-devtools/shared/forward-logs-shared.js:27
[  161692ms] [LOG] [Fast Refresh] rebuilding @ webpack-internal:///(app-pages-browser)/./node_modules/next/dist/next-devtools/shared/forward-logs-shared.js:27
[  161864ms] [LOG] [Fast Refresh] rebuilding @ webpack-internal:///(app-pages-browser)/./node_modules/next/dist/next-devtools/shared/forward-logs-shared.js:27
[  161911ms] [LOG] [Fast Refresh] done in 47ms @ webpack-internal:///(app-pages-browser)/./node_modules/next/dist/next-devtools/shared/forward-logs-shared.js:27
[  162145ms] [LOG] [Fast Refresh] done in 282ms @ webpack-internal:///(app-pages-browser)/./node_modules/next/dist/next-devtools/shared/forward-logs-shared.js:27
[  165293ms] [WARNING] The resource http://localhost:3000/_next/static/css/app/layout.css?v=1781065243227 was preloaded using link preload but not used within a few seconds from the window's load event. Please make sure it has an appropriate `as` value and it is preloaded intentionally. @ http://localhost:3000/campaign/cmpll9z3p0000j048aqbgx3vi:0
[  165293ms] [WARNING] The resource http://localhost:3000/_next/static/css/app/layout.css?v=1781065241482 was preloaded using link preload but not used within a few seconds from the window's load event. Please make sure it has an appropriate `as` value and it is preloaded intentionally. @ http://localhost:3000/campaign/cmpll9z3p0000j048aqbgx3vi:0
[  179595ms] [LOG] [Fast Refresh] rebuilding @ webpack-internal:///(app-pages-browser)/./node_modules/next/dist/next-devtools/shared/forward-logs-shared.js:27
[  179809ms] [LOG] [Fast Refresh] rebuilding @ webpack-internal:///(app-pages-browser)/./node_modules/next/dist/next-devtools/shared/forward-logs-shared.js:27
[  179858ms] [LOG] [Fast Refresh] done in 49ms @ webpack-internal:///(app-pages-browser)/./node_modules/next/dist/next-devtools/shared/forward-logs-shared.js:27
[  180123ms] [LOG] [Fast Refresh] done in 315ms @ webpack-internal:///(app-pages-browser)/./node_modules/next/dist/next-devtools/shared/forward-logs-shared.js:27
[  183817ms] [WARNING] The resource http://localhost:3000/_next/static/css/app/layout.css?v=1781065241482 was preloaded using link preload but not used within a few seconds from the window's load event. Please make sure it has an appropriate `as` value and it is preloaded intentionally. @ http://localhost:3000/campaign/cmpll9z3p0000j048aqbgx3vi:0
[  183817ms] [WARNING] The resource http://localhost:3000/_next/static/css/app/layout.css?v=1781065261203 was preloaded using link preload but not used within a few seconds from the window's load event. Please make sure it has an appropriate `as` value and it is preloaded intentionally. @ http://localhost:3000/campaign/cmpll9z3p0000j048aqbgx3vi:0
[  183817ms] [WARNING] The resource http://localhost:3000/_next/static/css/app/layout.css?v=1781065243227 was preloaded using link preload but not used within a few seconds from the window's load event. Please make sure it has an appropriate `as` value and it is preloaded intentionally. @ http://localhost:3000/campaign/cmpll9z3p0000j048aqbgx3vi:0
[  213823ms] [WARNING] The resource http://localhost:3000/_next/static/css/app/layout.css?v=1781065241482 was preloaded using link preload but not used within a few seconds from the window's load event. Please make sure it has an appropriate `as` value and it is preloaded intentionally. @ http://localhost:3000/campaign/cmpll9z3p0000j048aqbgx3vi:0
[  213823ms] [WARNING] The resource http://localhost:3000/_next/static/css/app/layout.css?v=1781065261203 was preloaded using link preload but not used within a few seconds from the window's load event. Please make sure it has an appropriate `as` value and it is preloaded intentionally. @ http://localhost:3000/campaign/cmpll9z3p0000j048aqbgx3vi:0
[  213823ms] [WARNING] The resource http://localhost:3000/_next/static/css/app/layout.css?v=1781065243227 was preloaded using link preload but not used within a few seconds from the window's load event. Please make sure it has an appropriate `as` value and it is preloaded intentionally. @ http://localhost:3000/campaign/cmpll9z3p0000j048aqbgx3vi:0
[  244482ms] [WARNING] The resource http://localhost:3000/_next/static/css/app/layout.css?v=1781065241482 was preloaded using link preload but not used within a few seconds from the window's load event. Please make sure it has an appropriate `as` value and it is preloaded intentionally. @ http://localhost:3000/campaign/cmpll9z3p0000j048aqbgx3vi:0
[  244482ms] [WARNING] The resource http://localhost:3000/_next/static/css/app/layout.css?v=1781065261203 was preloaded using link preload but not used within a few seconds from the window's load event. Please make sure it has an appropriate `as` value and it is preloaded intentionally. @ http://localhost:3000/campaign/cmpll9z3p0000j048aqbgx3vi:0
[  244482ms] [WARNING] The resource http://localhost:3000/_next/static/css/app/layout.css?v=1781065243227 was preloaded using link preload but not used within a few seconds from the window's load event. Please make sure it has an appropriate `as` value and it is preloaded intentionally. @ http://localhost:3000/campaign/cmpll9z3p0000j048aqbgx3vi:0
[  273851ms] [WARNING] The resource http://localhost:3000/_next/static/css/app/layout.css?v=1781065241482 was preloaded using link preload but not used within a few seconds from the window's load event. Please make sure it has an appropriate `as` value and it is preloaded intentionally. @ http://localhost:3000/campaign/cmpll9z3p0000j048aqbgx3vi:0
[  273851ms] [WARNING] The resource http://localhost:3000/_next/static/css/app/layout.css?v=1781065261203 was preloaded using link preload but not used within a few seconds from the window's load event. Please make sure it has an appropriate `as` value and it is preloaded intentionally. @ http://localhost:3000/campaign/cmpll9z3p0000j048aqbgx3vi:0
[  273851ms] [WARNING] The resource http://localhost:3000/_next/static/css/app/layout.css?v=1781065243227 was preloaded using link preload but not used within a few seconds from the window's load event. Please make sure it has an appropriate `as` value and it is preloaded intentionally. @ http://localhost:3000/campaign/cmpll9z3p0000j048aqbgx3vi:0
[  303815ms] [WARNING] The resource http://localhost:3000/_next/static/css/app/layout.css?v=1781065241482 was preloaded using link preload but not used within a few seconds from the window's load event. Please make sure it has an appropriate `as` value and it is preloaded intentionally. @ http://localhost:3000/campaign/cmpll9z3p0000j048aqbgx3vi:0
[  303815ms] [WARNING] The resource http://localhost:3000/_next/static/css/app/layout.css?v=1781065261203 was preloaded using link preload but not used within a few seconds from the window's load event. Please make sure it has an appropriate `as` value and it is preloaded intentionally. @ http://localhost:3000/campaign/cmpll9z3p0000j048aqbgx3vi:0
[  303815ms] [WARNING] The resource http://localhost:3000/_next/static/css/app/layout.css?v=1781065243227 was preloaded using link preload but not used within a few seconds from the window's load event. Please make sure it has an appropriate `as` value and it is preloaded intentionally. @ http://localhost:3000/campaign/cmpll9z3p0000j048aqbgx3vi:0
[  307262ms] [LOG] [Fast Refresh] rebuilding @ webpack-internal:///(app-pages-browser)/./node_modules/next/dist/next-devtools/shared/forward-logs-shared.js:27
[  307982ms] [LOG] [Fast Refresh] rebuilding @ webpack-internal:///(app-pages-browser)/./node_modules/next/dist/next-devtools/shared/forward-logs-shared.js:27
[  308046ms] [LOG] [Fast Refresh] done in 63ms @ webpack-internal:///(app-pages-browser)/./node_modules/next/dist/next-devtools/shared/forward-logs-shared.js:27
[  308310ms] [LOG] [Fast Refresh] done in 328ms @ webpack-internal:///(app-pages-browser)/./node_modules/next/dist/next-devtools/shared/forward-logs-shared.js:27
[  311443ms] [WARNING] The resource http://localhost:3000/_next/static/css/app/layout.css?v=1781065389368 was preloaded using link preload but not used within a few seconds from the window's load event. Please make sure it has an appropriate `as` value and it is preloaded intentionally. @ http://localhost:3000/campaign/cmpll9z3p0000j048aqbgx3vi:0
[  311443ms] [WARNING] The resource http://localhost:3000/_next/static/css/app/layout.css?v=1781065241482 was preloaded using link preload but not used within a few seconds from the window's load event. Please make sure it has an appropriate `as` value and it is preloaded intentionally. @ http://localhost:3000/campaign/cmpll9z3p0000j048aqbgx3vi:0
[  311443ms] [WARNING] The resource http://localhost:3000/_next/static/css/app/layout.css?v=1781065261203 was preloaded using link preload but not used within a few seconds from the window's load event. Please make sure it has an appropriate `as` value and it is preloaded intentionally. @ http://localhost:3000/campaign/cmpll9z3p0000j048aqbgx3vi:0
[  311443ms] [WARNING] The resource http://localhost:3000/_next/static/css/app/layout.css?v=1781065243227 was preloaded using link preload but not used within a few seconds from the window's load event. Please make sure it has an appropriate `as` value and it is preloaded intentionally. @ http://localhost:3000/campaign/cmpll9z3p0000j048aqbgx3vi:0
[  318479ms] [LOG] [Fast Refresh] rebuilding @ webpack-internal:///(app-pages-browser)/./node_modules/next/dist/next-devtools/shared/forward-logs-shared.js:27
[  318700ms] [LOG] [Fast Refresh] done in 220ms @ webpack-internal:///(app-pages-browser)/./node_modules/next/dist/next-devtools/shared/forward-logs-shared.js:27
[  321892ms] [WARNING] The resource http://localhost:3000/_next/static/css/app/layout.css?v=1781065389368 was preloaded using link preload but not used within a few seconds from the window's load event. Please make sure it has an appropriate `as` value and it is preloaded intentionally. @ http://localhost:3000/campaign/cmpll9z3p0000j048aqbgx3vi:0
[  321893ms] [WARNING] The resource http://localhost:3000/_next/static/css/app/layout.css?v=1781065241482 was preloaded using link preload but not used within a few seconds from the window's load event. Please make sure it has an appropriate `as` value and it is preloaded intentionally. @ http://localhost:3000/campaign/cmpll9z3p0000j048aqbgx3vi:0
[  321893ms] [WARNING] The resource http://localhost:3000/_next/static/css/app/layout.css?v=1781065261203 was preloaded using link preload but not used within a few seconds from the window's load event. Please make sure it has an appropriate `as` value and it is preloaded intentionally. @ http://localhost:3000/campaign/cmpll9z3p0000j048aqbgx3vi:0
[  321893ms] [WARNING] The resource http://localhost:3000/_next/static/css/app/layout.css?v=1781065243227 was preloaded using link preload but not used within a few seconds from the window's load event. Please make sure it has an appropriate `as` value and it is preloaded intentionally. @ http://localhost:3000/campaign/cmpll9z3p0000j048aqbgx3vi:0
[  333815ms] [WARNING] The resource http://localhost:3000/_next/static/css/app/layout.css?v=1781065389368 was preloaded using link preload but not used within a few seconds from the window's load event. Please make sure it has an appropriate `as` value and it is preloaded intentionally. @ http://localhost:3000/campaign/cmpll9z3p0000j048aqbgx3vi:0
[  333815ms] [WARNING] The resource http://localhost:3000/_next/static/css/app/layout.css?v=1781065241482 was preloaded using link preload but not used within a few seconds from the window's load event. Please make sure it has an appropriate `as` value and it is preloaded intentionally. @ http://localhost:3000/campaign/cmpll9z3p0000j048aqbgx3vi:0
[  333815ms] [WARNING] The resource http://localhost:3000/_next/static/css/app/layout.css?v=1781065261203 was preloaded using link preload but not used within a few seconds from the window's load event. Please make sure it has an appropriate `as` value and it is preloaded intentionally. @ http://localhost:3000/campaign/cmpll9z3p0000j048aqbgx3vi:0
[  333815ms] [WARNING] The resource http://localhost:3000/_next/static/css/app/layout.css?v=1781065243227 was preloaded using link preload but not used within a few seconds from the window's load event. Please make sure it has an appropriate `as` value and it is preloaded intentionally. @ http://localhost:3000/campaign/cmpll9z3p0000j048aqbgx3vi:0
[  360757ms] [LOG] [Fast Refresh] rebuilding @ webpack-internal:///(app-pages-browser)/./node_modules/next/dist/next-devtools/shared/forward-logs-shared.js:27
[  361038ms] [LOG] [Fast Refresh] rebuilding @ webpack-internal:///(app-pages-browser)/./node_modules/next/dist/next-devtools/shared/forward-logs-shared.js:27
[  361103ms] [LOG] [Fast Refresh] done in 64ms @ webpack-internal:///(app-pages-browser)/./node_modules/next/dist/next-devtools/shared/forward-logs-shared.js:27
[  361485ms] [LOG] [Fast Refresh] done in 446ms @ webpack-internal:///(app-pages-browser)/./node_modules/next/dist/next-devtools/shared/forward-logs-shared.js:27
[  364675ms] [WARNING] The resource http://localhost:3000/_next/static/css/app/layout.css?v=1781065389368 was preloaded using link preload but not used within a few seconds from the window's load event. Please make sure it has an appropriate `as` value and it is preloaded intentionally. @ http://localhost:3000/campaign/cmpll9z3p0000j048aqbgx3vi:0
[  364675ms] [WARNING] The resource http://localhost:3000/_next/static/css/app/layout.css?v=1781065241482 was preloaded using link preload but not used within a few seconds from the window's load event. Please make sure it has an appropriate `as` value and it is preloaded intentionally. @ http://localhost:3000/campaign/cmpll9z3p0000j048aqbgx3vi:0
[  364675ms] [WARNING] The resource http://localhost:3000/_next/static/css/app/layout.css?v=1781065261203 was preloaded using link preload but not used within a few seconds from the window's load event. Please make sure it has an appropriate `as` value and it is preloaded intentionally. @ http://localhost:3000/campaign/cmpll9z3p0000j048aqbgx3vi:0
[  364675ms] [WARNING] The resource http://localhost:3000/_next/static/css/app/layout.css?v=1781065442489 was preloaded using link preload but not used within a few seconds from the window's load event. Please make sure it has an appropriate `as` value and it is preloaded intentionally. @ http://localhost:3000/campaign/cmpll9z3p0000j048aqbgx3vi:0
[  364675ms] [WARNING] The resource http://localhost:3000/_next/static/css/app/layout.css?v=1781065243227 was preloaded using link preload but not used within a few seconds from the window's load event. Please make sure it has an appropriate `as` value and it is preloaded intentionally. @ http://localhost:3000/campaign/cmpll9z3p0000j048aqbgx3vi:0
[  374756ms] [LOG] [Fast Refresh] rebuilding @ webpack-internal:///(app-pages-browser)/./node_modules/next/dist/next-devtools/shared/forward-logs-shared.js:27
[  375029ms] [LOG] [Fast Refresh] rebuilding @ webpack-internal:///(app-pages-browser)/./node_modules/next/dist/next-devtools/shared/forward-logs-shared.js:27
[  375277ms] [LOG] [Fast Refresh] done in 248ms @ webpack-internal:///(app-pages-browser)/./node_modules/next/dist/next-devtools/shared/forward-logs-shared.js:27
[  375687ms] [LOG] [Fast Refresh] done in 658ms @ webpack-internal:///(app-pages-browser)/./node_modules/next/dist/next-devtools/shared/forward-logs-shared.js:27
[  378802ms] [WARNING] The resource http://localhost:3000/_next/static/css/app/layout.css?v=1781065389368 was preloaded using link preload but not used within a few seconds from the window's load event. Please make sure it has an appropriate `as` value and it is preloaded intentionally. @ http://localhost:3000/campaign/cmpll9z3p0000j048aqbgx3vi:0
[  378802ms] [WARNING] The resource http://localhost:3000/_next/static/css/app/layout.css?v=1781065241482 was preloaded using link preload but not used within a few seconds from the window's load event. Please make sure it has an appropriate `as` value and it is preloaded intentionally. @ http://localhost:3000/campaign/cmpll9z3p0000j048aqbgx3vi:0
[  378802ms] [WARNING] The resource http://localhost:3000/_next/static/css/app/layout.css?v=1781065261203 was preloaded using link preload but not used within a few seconds from the window's load event. Please make sure it has an appropriate `as` value and it is preloaded intentionally. @ http://localhost:3000/campaign/cmpll9z3p0000j048aqbgx3vi:0
[  378802ms] [WARNING] The resource http://localhost:3000/_next/static/css/app/layout.css?v=1781065442489 was preloaded using link preload but not used within a few seconds from the window's load event. Please make sure it has an appropriate `as` value and it is preloaded intentionally. @ http://localhost:3000/campaign/cmpll9z3p0000j048aqbgx3vi:0
[  378802ms] [WARNING] The resource http://localhost:3000/_next/static/css/app/layout.css?v=1781065456525 was preloaded using link preload but not used within a few seconds from the window's load event. Please make sure it has an appropriate `as` value and it is preloaded intentionally. @ http://localhost:3000/campaign/cmpll9z3p0000j048aqbgx3vi:0
[  378802ms] [WARNING] The resource http://localhost:3000/_next/static/css/app/layout.css?v=1781065243227 was preloaded using link preload but not used within a few seconds from the window's load event. Please make sure it has an appropriate `as` value and it is preloaded intentionally. @ http://localhost:3000/campaign/cmpll9z3p0000j048aqbgx3vi:0
[  393866ms] [WARNING] The resource http://localhost:3000/_next/static/css/app/layout.css?v=1781065389368 was preloaded using link preload but not used within a few seconds from the window's load event. Please make sure it has an appropriate `as` value and it is preloaded intentionally. @ http://localhost:3000/campaign/cmpll9z3p0000j048aqbgx3vi:0
[  393866ms] [WARNING] The resource http://localhost:3000/_next/static/css/app/layout.css?v=1781065241482 was preloaded using link preload but not used within a few seconds from the window's load event. Please make sure it has an appropriate `as` value and it is preloaded intentionally. @ http://localhost:3000/campaign/cmpll9z3p0000j048aqbgx3vi:0
[  393866ms] [WARNING] The resource http://localhost:3000/_next/static/css/app/layout.css?v=1781065261203 was preloaded using link preload but not used within a few seconds from the window's load event. Please make sure it has an appropriate `as` value and it is preloaded intentionally. @ http://localhost:3000/campaign/cmpll9z3p0000j048aqbgx3vi:0
[  393866ms] [WARNING] The resource http://localhost:3000/_next/static/css/app/layout.css?v=1781065442489 was preloaded using link preload but not used within a few seconds from the window's load event. Please make sure it has an appropriate `as` value and it is preloaded intentionally. @ http://localhost:3000/campaign/cmpll9z3p0000j048aqbgx3vi:0
[  393866ms] [WARNING] The resource http://localhost:3000/_next/static/css/app/layout.css?v=1781065456525 was preloaded using link preload but not used within a few seconds from the window's load event. Please make sure it has an appropriate `as` value and it is preloaded intentionally. @ http://localhost:3000/campaign/cmpll9z3p0000j048aqbgx3vi:0
[  393866ms] [WARNING] The resource http://localhost:3000/_next/static/css/app/layout.css?v=1781065243227 was preloaded using link preload but not used within a few seconds from the window's load event. Please make sure it has an appropriate `as` value and it is preloaded intentionally. @ http://localhost:3000/campaign/cmpll9z3p0000j048aqbgx3vi:0
[  423818ms] [WARNING] The resource http://localhost:3000/_next/static/css/app/layout.css?v=1781065389368 was preloaded using link preload but not used within a few seconds from the window's load event. Please make sure it has an appropriate `as` value and it is preloaded intentionally. @ http://localhost:3000/campaign/cmpll9z3p0000j048aqbgx3vi:0
[  423819ms] [WARNING] The resource http://localhost:3000/_next/static/css/app/layout.css?v=1781065241482 was preloaded using link preload but not used within a few seconds from the window's load event. Please make sure it has an appropriate `as` value and it is preloaded intentionally. @ http://localhost:3000/campaign/cmpll9z3p0000j048aqbgx3vi:0
[  423819ms] [WARNING] The resource http://localhost:3000/_next/static/css/app/layout.css?v=1781065261203 was preloaded using link preload but not used within a few seconds from the window's load event. Please make sure it has an appropriate `as` value and it is preloaded intentionally. @ http://localhost:3000/campaign/cmpll9z3p0000j048aqbgx3vi:0
[  423819ms] [WARNING] The resource http://localhost:3000/_next/static/css/app/layout.css?v=1781065442489 was preloaded using link preload but not used within a few seconds from the window's load event. Please make sure it has an appropriate `as` value and it is preloaded intentionally. @ http://localhost:3000/campaign/cmpll9z3p0000j048aqbgx3vi:0
[  423819ms] [WARNING] The resource http://localhost:3000/_next/static/css/app/layout.css?v=1781065456525 was preloaded using link preload but not used within a few seconds from the window's load event. Please make sure it has an appropriate `as` value and it is preloaded intentionally. @ http://localhost:3000/campaign/cmpll9z3p0000j048aqbgx3vi:0
[  423819ms] [WARNING] The resource http://localhost:3000/_next/static/css/app/layout.css?v=1781065243227 was preloaded using link preload but not used within a few seconds from the window's load event. Please make sure it has an appropriate `as` value and it is preloaded intentionally. @ http://localhost:3000/campaign/cmpll9z3p0000j048aqbgx3vi:0
[  427602ms] [LOG] [Fast Refresh] rebuilding @ webpack-internal:///(app-pages-browser)/./node_modules/next/dist/next-devtools/shared/forward-logs-shared.js:27
[  427782ms] [LOG] [Fast Refresh] rebuilding @ webpack-internal:///(app-pages-browser)/./node_modules/next/dist/next-devtools/shared/forward-logs-shared.js:27
[  427823ms] [LOG] [Fast Refresh] done in 40ms @ webpack-internal:///(app-pages-browser)/./node_modules/next/dist/next-devtools/shared/forward-logs-shared.js:27
[  428120ms] [LOG] [Fast Refresh] done in 337ms @ webpack-internal:///(app-pages-browser)/./node_modules/next/dist/next-devtools/shared/forward-logs-shared.js:27
[  431280ms] [WARNING] The resource http://localhost:3000/_next/static/css/app/layout.css?v=1781065389368 was preloaded using link preload but not used within a few seconds from the window's load event. Please make sure it has an appropriate `as` value and it is preloaded intentionally. @ http://localhost:3000/campaign/cmpll9z3p0000j048aqbgx3vi:0
[  431280ms] [WARNING] The resource http://localhost:3000/_next/static/css/app/layout.css?v=1781065509174 was preloaded using link preload but not used within a few seconds from the window's load event. Please make sure it has an appropriate `as` value and it is preloaded intentionally. @ http://localhost:3000/campaign/cmpll9z3p0000j048aqbgx3vi:0
[  431280ms] [WARNING] The resource http://localhost:3000/_next/static/css/app/layout.css?v=1781065241482 was preloaded using link preload but not used within a few seconds from the window's load event. Please make sure it has an appropriate `as` value and it is preloaded intentionally. @ http://localhost:3000/campaign/cmpll9z3p0000j048aqbgx3vi:0
[  431280ms] [WARNING] The resource http://localhost:3000/_next/static/css/app/layout.css?v=1781065261203 was preloaded using link preload but not used within a few seconds from the window's load event. Please make sure it has an appropriate `as` value and it is preloaded intentionally. @ http://localhost:3000/campaign/cmpll9z3p0000j048aqbgx3vi:0
[  431280ms] [WARNING] The resource http://localhost:3000/_next/static/css/app/layout.css?v=1781065442489 was preloaded using link preload but not used within a few seconds from the window's load event. Please make sure it has an appropriate `as` value and it is preloaded intentionally. @ http://localhost:3000/campaign/cmpll9z3p0000j048aqbgx3vi:0
[  431280ms] [WARNING] The resource http://localhost:3000/_next/static/css/app/layout.css?v=1781065456525 was preloaded using link preload but not used within a few seconds from the window's load event. Please make sure it has an appropriate `as` value and it is preloaded intentionally. @ http://localhost:3000/campaign/cmpll9z3p0000j048aqbgx3vi:0
[  431280ms] [WARNING] The resource http://localhost:3000/_next/static/css/app/layout.css?v=1781065243227 was preloaded using link preload but not used within a few seconds from the window's load event. Please make sure it has an appropriate `as` value and it is preloaded intentionally. @ http://localhost:3000/campaign/cmpll9z3p0000j048aqbgx3vi:0
[  448121ms] [LOG] [Fast Refresh] rebuilding @ webpack-internal:///(app-pages-browser)/./node_modules/next/dist/next-devtools/shared/forward-logs-shared.js:27
[  448283ms] [LOG] [Fast Refresh] rebuilding @ webpack-internal:///(app-pages-browser)/./node_modules/next/dist/next-devtools/shared/forward-logs-shared.js:27
[  448308ms] [LOG] [Fast Refresh] done in 24ms @ webpack-internal:///(app-pages-browser)/./node_modules/next/dist/next-devtools/shared/forward-logs-shared.js:27
[  448688ms] [LOG] [Fast Refresh] done in 404ms @ webpack-internal:///(app-pages-browser)/./node_modules/next/dist/next-devtools/shared/forward-logs-shared.js:27
[  453814ms] [WARNING] The resource http://localhost:3000/_next/static/css/app/layout.css?v=1781065389368 was preloaded using link preload but not used within a few seconds from the window's load event. Please make sure it has an appropriate `as` value and it is preloaded intentionally. @ http://localhost:3000/campaign/cmpll9z3p0000j048aqbgx3vi:0
[  453814ms] [WARNING] The resource http://localhost:3000/_next/static/css/app/layout.css?v=1781065529667 was preloaded using link preload but not used within a few seconds from the window's load event. Please make sure it has an appropriate `as` value and it is preloaded intentionally. @ http://localhost:3000/campaign/cmpll9z3p0000j048aqbgx3vi:0
[  453814ms] [WARNING] The resource http://localhost:3000/_next/static/css/app/layout.css?v=1781065509174 was preloaded using link preload but not used within a few seconds from the window's load event. Please make sure it has an appropriate `as` value and it is preloaded intentionally. @ http://localhost:3000/campaign/cmpll9z3p0000j048aqbgx3vi:0
[  453814ms] [WARNING] The resource http://localhost:3000/_next/static/css/app/layout.css?v=1781065241482 was preloaded using link preload but not used within a few seconds from the window's load event. Please make sure it has an appropriate `as` value and it is preloaded intentionally. @ http://localhost:3000/campaign/cmpll9z3p0000j048aqbgx3vi:0
[  453814ms] [WARNING] The resource http://localhost:3000/_next/static/css/app/layout.css?v=1781065261203 was preloaded using link preload but not used within a few seconds from the window's load event. Please make sure it has an appropriate `as` value and it is preloaded intentionally. @ http://localhost:3000/campaign/cmpll9z3p0000j048aqbgx3vi:0
[  453814ms] [WARNING] The resource http://localhost:3000/_next/static/css/app/layout.css?v=1781065442489 was preloaded using link preload but not used within a few seconds from the window's load event. Please make sure it has an appropriate `as` value and it is preloaded intentionally. @ http://localhost:3000/campaign/cmpll9z3p0000j048aqbgx3vi:0
[  453814ms] [WARNING] The resource http://localhost:3000/_next/static/css/app/layout.css?v=1781065456525 was preloaded using link preload but not used within a few seconds from the window's load event. Please make sure it has an appropriate `as` value and it is preloaded intentionally. @ http://localhost:3000/campaign/cmpll9z3p0000j048aqbgx3vi:0
[  453814ms] [WARNING] The resource http://localhost:3000/_next/static/css/app/layout.css?v=1781065243227 was preloaded using link preload but not used within a few seconds from the window's load event. Please make sure it has an appropriate `as` value and it is preloaded intentionally. @ http://localhost:3000/campaign/cmpll9z3p0000j048aqbgx3vi:0
[  460480ms] [LOG] [Fast Refresh] rebuilding @ webpack-internal:///(app-pages-browser)/./node_modules/next/dist/next-devtools/shared/forward-logs-shared.js:27
[  460729ms] [LOG] [Fast Refresh] rebuilding @ webpack-internal:///(app-pages-browser)/./node_modules/next/dist/next-devtools/shared/forward-logs-shared.js:27
[  460863ms] [LOG] [Fast Refresh] done in 135ms @ webpack-internal:///(app-pages-browser)/./node_modules/next/dist/next-devtools/shared/forward-logs-shared.js:27
[  461131ms] [LOG] [Fast Refresh] done in 402ms @ webpack-internal:///(app-pages-browser)/./node_modules/next/dist/next-devtools/shared/forward-logs-shared.js:27
[  464295ms] [WARNING] The resource http://localhost:3000/_next/static/css/app/layout.css?v=1781065389368 was preloaded using link preload but not used within a few seconds from the window's load event. Please make sure it has an appropriate `as` value and it is preloaded intentionally. @ http://localhost:3000/campaign/cmpll9z3p0000j048aqbgx3vi:0
[  464295ms] [WARNING] The resource http://localhost:3000/_next/static/css/app/layout.css?v=1781065529667 was preloaded using link preload but not used within a few seconds from the window's load event. Please make sure it has an appropriate `as` value and it is preloaded intentionally. @ http://localhost:3000/campaign/cmpll9z3p0000j048aqbgx3vi:0
[  464295ms] [WARNING] The resource http://localhost:3000/_next/static/css/app/layout.css?v=1781065542240 was preloaded using link preload but not used within a few seconds from the window's load event. Please make sure it has an appropriate `as` value and it is preloaded intentionally. @ http://localhost:3000/campaign/cmpll9z3p0000j048aqbgx3vi:0
[  464295ms] [WARNING] The resource http://localhost:3000/_next/static/css/app/layout.css?v=1781065541984 was preloaded using link preload but not used within a few seconds from the window's load event. Please make sure it has an appropriate `as` value and it is preloaded intentionally. @ http://localhost:3000/campaign/cmpll9z3p0000j048aqbgx3vi:0
[  464295ms] [WARNING] The resource http://localhost:3000/_next/static/css/app/layout.css?v=1781065509174 was preloaded using link preload but not used within a few seconds from the window's load event. Please make sure it has an appropriate `as` value and it is preloaded intentionally. @ http://localhost:3000/campaign/cmpll9z3p0000j048aqbgx3vi:0
[  464295ms] [WARNING] The resource http://localhost:3000/_next/static/css/app/layout.css?v=1781065241482 was preloaded using link preload but not used within a few seconds from the window's load event. Please make sure it has an appropriate `as` value and it is preloaded intentionally. @ http://localhost:3000/campaign/cmpll9z3p0000j048aqbgx3vi:0
[  464295ms] [WARNING] The resource http://localhost:3000/_next/static/css/app/layout.css?v=1781065261203 was preloaded using link preload but not used within a few seconds from the window's load event. Please make sure it has an appropriate `as` value and it is preloaded intentionally. @ http://localhost:3000/campaign/cmpll9z3p0000j048aqbgx3vi:0
[  464295ms] [WARNING] The resource http://localhost:3000/_next/static/css/app/layout.css?v=1781065442489 was preloaded using link preload but not used within a few seconds from the window's load event. Please make sure it has an appropriate `as` value and it is preloaded intentionally. @ http://localhost:3000/campaign/cmpll9z3p0000j048aqbgx3vi:0
[  464295ms] [WARNING] The resource http://localhost:3000/_next/static/css/app/layout.css?v=1781065456525 was preloaded using link preload but not used within a few seconds from the window's load event. Please make sure it has an appropriate `as` value and it is preloaded intentionally. @ http://localhost:3000/campaign/cmpll9z3p0000j048aqbgx3vi:0
[  464295ms] [WARNING] The resource http://localhost:3000/_next/static/css/app/layout.css?v=1781065243227 was preloaded using link preload but not used within a few seconds from the window's load event. Please make sure it has an appropriate `as` value and it is preloaded intentionally. @ http://localhost:3000/campaign/cmpll9z3p0000j048aqbgx3vi:0
[  465637ms] [LOG] [Fast Refresh] rebuilding @ webpack-internal:///(app-pages-browser)/./node_modules/next/dist/next-devtools/shared/forward-logs-shared.js:27
[  465901ms] [LOG] [Fast Refresh] rebuilding @ webpack-internal:///(app-pages-browser)/./node_modules/next/dist/next-devtools/shared/forward-logs-shared.js:27
[  466032ms] [LOG] [Fast Refresh] done in 130ms @ webpack-internal:///(app-pages-browser)/./node_modules/next/dist/next-devtools/shared/forward-logs-shared.js:27
[  466282ms] [LOG] [Fast Refresh] done in 381ms @ webpack-internal:///(app-pages-browser)/./node_modules/next/dist/next-devtools/shared/forward-logs-shared.js:27
[  469447ms] [WARNING] The resource http://localhost:3000/_next/static/css/app/layout.css?v=1781065389368 was preloaded using link preload but not used within a few seconds from the window's load event. Please make sure it has an appropriate `as` value and it is preloaded intentionally. @ http://localhost:3000/campaign/cmpll9z3p0000j048aqbgx3vi:0
[  469447ms] [WARNING] The resource http://localhost:3000/_next/static/css/app/layout.css?v=1781065547387 was preloaded using link preload but not used within a few seconds from the window's load event. Please make sure it has an appropriate `as` value and it is preloaded intentionally. @ http://localhost:3000/campaign/cmpll9z3p0000j048aqbgx3vi:0
[  469447ms] [WARNING] The resource http://localhost:3000/_next/static/css/app/layout.css?v=1781065541984 was preloaded using link preload but not used within a few seconds from the window's load event. Please make sure it has an appropriate `as` value and it is preloaded intentionally. @ http://localhost:3000/campaign/cmpll9z3p0000j048aqbgx3vi:0
[  469447ms] [WARNING] The resource http://localhost:3000/_next/static/css/app/layout.css?v=1781065241482 was preloaded using link preload but not used within a few seconds from the window's load event. Please make sure it has an appropriate `as` value and it is preloaded intentionally. @ http://localhost:3000/campaign/cmpll9z3p0000j048aqbgx3vi:0
[  469447ms] [WARNING] The resource http://localhost:3000/_next/static/css/app/layout.css?v=1781065261203 was preloaded using link preload but not used within a few seconds from the window's load event. Please make sure it has an appropriate `as` value and it is preloaded intentionally. @ http://localhost:3000/campaign/cmpll9z3p0000j048aqbgx3vi:0
[  469447ms] [WARNING] The resource http://localhost:3000/_next/static/css/app/layout.css?v=1781065529667 was preloaded using link preload but not used within a few seconds from the window's load event. Please make sure it has an appropriate `as` value and it is preloaded intentionally. @ http://localhost:3000/campaign/cmpll9z3p0000j048aqbgx3vi:0
[  469447ms] [WARNING] The resource http://localhost:3000/_next/static/css/app/layout.css?v=1781065542240 was preloaded using link preload but not used within a few seconds from the window's load event. Please make sure it has an appropriate `as` value and it is preloaded intentionally. @ http://localhost:3000/campaign/cmpll9z3p0000j048aqbgx3vi:0
[  469447ms] [WARNING] The resource http://localhost:3000/_next/static/css/app/layout.css?v=1781065509174 was preloaded using link preload but not used within a few seconds from the window's load event. Please make sure it has an appropriate `as` value and it is preloaded intentionally. @ http://localhost:3000/campaign/cmpll9z3p0000j048aqbgx3vi:0
[  469447ms] [WARNING] The resource http://localhost:3000/_next/static/css/app/layout.css?v=1781065442489 was preloaded using link preload but not used within a few seconds from the window's load event. Please make sure it has an appropriate `as` value and it is preloaded intentionally. @ http://localhost:3000/campaign/cmpll9z3p0000j048aqbgx3vi:0
[  469447ms] [WARNING] The resource http://localhost:3000/_next/static/css/app/layout.css?v=1781065456525 was preloaded using link preload but not used within a few seconds from the window's load event. Please make sure it has an appropriate `as` value and it is preloaded intentionally. @ http://localhost:3000/campaign/cmpll9z3p0000j048aqbgx3vi:0
[  469447ms] [WARNING] The resource http://localhost:3000/_next/static/css/app/layout.css?v=1781065243227 was preloaded using link preload but not used within a few seconds from the window's load event. Please make sure it has an appropriate `as` value and it is preloaded intentionally. @ http://localhost:3000/campaign/cmpll9z3p0000j048aqbgx3vi:0
[  469447ms] [WARNING] The resource http://localhost:3000/_next/static/css/app/layout.css?v=1781065547153 was preloaded using link preload but not used within a few seconds from the window's load event. Please make sure it has an appropriate `as` value and it is preloaded intentionally. @ http://localhost:3000/campaign/cmpll9z3p0000j048aqbgx3vi:0
[  470348ms] [LOG] [Fast Refresh] rebuilding @ webpack-internal:///(app-pages-browser)/./node_modules/next/dist/next-devtools/shared/forward-logs-shared.js:27
[  470594ms] [LOG] [Fast Refresh] rebuilding @ webpack-internal:///(app-pages-browser)/./node_modules/next/dist/next-devtools/shared/forward-logs-shared.js:27
[  470770ms] [LOG] [Fast Refresh] done in 176ms @ webpack-internal:///(app-pages-browser)/./node_modules/next/dist/next-devtools/shared/forward-logs-shared.js:27
[  470971ms] [LOG] [Fast Refresh] done in 376ms @ webpack-internal:///(app-pages-browser)/./node_modules/next/dist/next-devtools/shared/forward-logs-shared.js:27
[  474128ms] [WARNING] The resource http://localhost:3000/_next/static/css/app/layout.css?v=1781065389368 was preloaded using link preload but not used within a few seconds from the window's load event. Please make sure it has an appropriate `as` value and it is preloaded intentionally. @ http://localhost:3000/campaign/cmpll9z3p0000j048aqbgx3vi:0
[  474128ms] [WARNING] The resource http://localhost:3000/_next/static/css/app/layout.css?v=1781065552075 was preloaded using link preload but not used within a few seconds from the window's load event. Please make sure it has an appropriate `as` value and it is preloaded intentionally. @ http://localhost:3000/campaign/cmpll9z3p0000j048aqbgx3vi:0
[  474128ms] [WARNING] The resource http://localhost:3000/_next/static/css/app/layout.css?v=1781065547387 was preloaded using link preload but not used within a few seconds from the window's load event. Please make sure it has an appropriate `as` value and it is preloaded intentionally. @ http://localhost:3000/campaign/cmpll9z3p0000j048aqbgx3vi:0
[  474128ms] [WARNING] The resource http://localhost:3000/_next/static/css/app/layout.css?v=1781065541984 was preloaded using link preload but not used within a few seconds from the window's load event. Please make sure it has an appropriate `as` value and it is preloaded intentionally. @ http://localhost:3000/campaign/cmpll9z3p0000j048aqbgx3vi:0
[  474128ms] [WARNING] The resource http://localhost:3000/_next/static/css/app/layout.css?v=1781065241482 was preloaded using link preload but not used within a few seconds from the window's load event. Please make sure it has an appropriate `as` value and it is preloaded intentionally. @ http://localhost:3000/campaign/cmpll9z3p0000j048aqbgx3vi:0
[  474128ms] [WARNING] The resource http://localhost:3000/_next/static/css/app/layout.css?v=1781065261203 was preloaded using link preload but not used within a few seconds from the window's load event. Please make sure it has an appropriate `as` value and it is preloaded intentionally. @ http://localhost:3000/campaign/cmpll9z3p0000j048aqbgx3vi:0
[  474128ms] [WARNING] The resource http://localhost:3000/_next/static/css/app/layout.css?v=1781065529667 was preloaded using link preload but not used within a few seconds from the window's load event. Please make sure it has an appropriate `as` value and it is preloaded intentionally. @ http://localhost:3000/campaign/cmpll9z3p0000j048aqbgx3vi:0
[  474128ms] [WARNING] The resource http://localhost:3000/_next/static/css/app/layout.css?v=1781065542240 was preloaded using link preload but not used within a few seconds from the window's load event. Please make sure it has an appropriate `as` value and it is preloaded intentionally. @ http://localhost:3000/campaign/cmpll9z3p0000j048aqbgx3vi:0
[  474128ms] [WARNING] The resource http://localhost:3000/_next/static/css/app/layout.css?v=1781065551847 was preloaded using link preload but not used within a few seconds from the window's load event. Please make sure it has an appropriate `as` value and it is preloaded intentionally. @ http://localhost:3000/campaign/cmpll9z3p0000j048aqbgx3vi:0
[  474128ms] [WARNING] The resource http://localhost:3000/_next/static/css/app/layout.css?v=1781065509174 was preloaded using link preload but not used within a few seconds from the window's load event. Please make sure it has an appropriate `as` value and it is preloaded intentionally. @ http://localhost:3000/campaign/cmpll9z3p0000j048aqbgx3vi:0
[  474128ms] [WARNING] The resource http://localhost:3000/_next/static/css/app/layout.css?v=1781065442489 was preloaded using link preload but not used within a few seconds from the window's load event. Please make sure it has an appropriate `as` value and it is preloaded intentionally. @ http://localhost:3000/campaign/cmpll9z3p0000j048aqbgx3vi:0
[  474128ms] [WARNING] The resource http://localhost:3000/_next/static/css/app/layout.css?v=1781065456525 was preloaded using link preload but not used within a few seconds from the window's load event. Please make sure it has an appropriate `as` value and it is preloaded intentionally. @ http://localhost:3000/campaign/cmpll9z3p0000j048aqbgx3vi:0
[  474128ms] [WARNING] The resource http://localhost:3000/_next/static/css/app/layout.css?v=1781065243227 was preloaded using link preload but not used within a few seconds from the window's load event. Please make sure it has an appropriate `as` value and it is preloaded intentionally. @ http://localhost:3000/campaign/cmpll9z3p0000j048aqbgx3vi:0
[  474128ms] [WARNING] The resource http://localhost:3000/_next/static/css/app/layout.css?v=1781065547153 was preloaded using link preload but not used within a few seconds from the window's load event. Please make sure it has an appropriate `as` value and it is preloaded intentionally. @ http://localhost:3000/campaign/cmpll9z3p0000j048aqbgx3vi:0
[  475659ms] [LOG] [Fast Refresh] rebuilding @ webpack-internal:///(app-pages-browser)/./node_modules/next/dist/next-devtools/shared/forward-logs-shared.js:27
[  475904ms] [LOG] [Fast Refresh] rebuilding @ webpack-internal:///(app-pages-browser)/./node_modules/next/dist/next-devtools/shared/forward-logs-shared.js:27
[  476144ms] [LOG] [Fast Refresh] done in 239ms @ webpack-internal:///(app-pages-browser)/./node_modules/next/dist/next-devtools/shared/forward-logs-shared.js:27
[  476954ms] [LOG] [Fast Refresh] done in 1050ms @ webpack-internal:///(app-pages-browser)/./node_modules/next/dist/next-devtools/shared/forward-logs-shared.js:27
[  480105ms] [WARNING] The resource http://localhost:3000/_next/static/css/app/layout.css?v=1781065389368 was preloaded using link preload but not used within a few seconds from the window's load event. Please make sure it has an appropriate `as` value and it is preloaded intentionally. @ http://localhost:3000/campaign/cmpll9z3p0000j048aqbgx3vi:0
[  480105ms] [WARNING] The resource http://localhost:3000/_next/static/css/app/layout.css?v=1781065552075 was preloaded using link preload but not used within a few seconds from the window's load event. Please make sure it has an appropriate `as` value and it is preloaded intentionally. @ http://localhost:3000/campaign/cmpll9z3p0000j048aqbgx3vi:0
[  480105ms] [WARNING] The resource http://localhost:3000/_next/static/css/app/layout.css?v=1781065557194 was preloaded using link preload but not used within a few seconds from the window's load event. Please make sure it has an appropriate `as` value and it is preloaded intentionally. @ http://localhost:3000/campaign/cmpll9z3p0000j048aqbgx3vi:0
[  480105ms] [WARNING] The resource http://localhost:3000/_next/static/css/app/layout.css?v=1781065547387 was preloaded using link preload but not used within a few seconds from the window's load event. Please make sure it has an appropriate `as` value and it is preloaded intentionally. @ http://localhost:3000/campaign/cmpll9z3p0000j048aqbgx3vi:0
[  480105ms] [WARNING] The resource http://localhost:3000/_next/static/css/app/layout.css?v=1781065541984 was preloaded using link preload but not used within a few seconds from the window's load event. Please make sure it has an appropriate `as` value and it is preloaded intentionally. @ http://localhost:3000/campaign/cmpll9z3p0000j048aqbgx3vi:0
[  480105ms] [WARNING] The resource http://localhost:3000/_next/static/css/app/layout.css?v=1781065241482 was preloaded using link preload but not used within a few seconds from the window's load event. Please make sure it has an appropriate `as` value and it is preloaded intentionally. @ http://localhost:3000/campaign/cmpll9z3p0000j048aqbgx3vi:0
[  480105ms] [WARNING] The resource http://localhost:3000/_next/static/css/app/layout.css?v=1781065261203 was preloaded using link preload but not used within a few seconds from the window's load event. Please make sure it has an appropriate `as` value and it is preloaded intentionally. @ http://localhost:3000/campaign/cmpll9z3p0000j048aqbgx3vi:0
[  480105ms] [WARNING] The resource http://localhost:3000/_next/static/css/app/layout.css?v=1781065558072 was preloaded using link preload but not used within a few seconds from the window's load event. Please make sure it has an appropriate `as` value and it is preloaded intentionally. @ http://localhost:3000/campaign/cmpll9z3p0000j048aqbgx3vi:0
[  480105ms] [WARNING] The resource http://localhost:3000/_next/static/css/app/layout.css?v=1781065529667 was preloaded using link preload but not used within a few seconds from the window's load event. Please make sure it has an appropriate `as` value and it is preloaded intentionally. @ http://localhost:3000/campaign/cmpll9z3p0000j048aqbgx3vi:0
[  480105ms] [WARNING] The resource http://localhost:3000/_next/static/css/app/layout.css?v=1781065542240 was preloaded using link preload but not used within a few seconds from the window's load event. Please make sure it has an appropriate `as` value and it is preloaded intentionally. @ http://localhost:3000/campaign/cmpll9z3p0000j048aqbgx3vi:0
[  480105ms] [WARNING] The resource http://localhost:3000/_next/static/css/app/layout.css?v=1781065551847 was preloaded using link preload but not used within a few seconds from the window's load event. Please make sure it has an appropriate `as` value and it is preloaded intentionally. @ http://localhost:3000/campaign/cmpll9z3p0000j048aqbgx3vi:0
[  480105ms] [WARNING] The resource http://localhost:3000/_next/static/css/app/layout.css?v=1781065509174 was preloaded using link preload but not used within a few seconds from the window's load event. Please make sure it has an appropriate `as` value and it is preloaded intentionally. @ http://localhost:3000/campaign/cmpll9z3p0000j048aqbgx3vi:0
[  480105ms] [WARNING] The resource http://localhost:3000/_next/static/css/app/layout.css?v=1781065442489 was preloaded using link preload but not used within a few seconds from the window's load event. Please make sure it has an appropriate `as` value and it is preloaded intentionally. @ http://localhost:3000/campaign/cmpll9z3p0000j048aqbgx3vi:0
[  480105ms] [WARNING] The resource http://localhost:3000/_next/static/css/app/layout.css?v=1781065456525 was preloaded using link preload but not used within a few seconds from the window's load event. Please make sure it has an appropriate `as` value and it is preloaded intentionally. @ http://localhost:3000/campaign/cmpll9z3p0000j048aqbgx3vi:0
[  480105ms] [WARNING] The resource http://localhost:3000/_next/static/css/app/layout.css?v=1781065243227 was preloaded using link preload but not used within a few seconds from the window's load event. Please make sure it has an appropriate `as` value and it is preloaded intentionally. @ http://localhost:3000/campaign/cmpll9z3p0000j048aqbgx3vi:0
[  480105ms] [WARNING] The resource http://localhost:3000/_next/static/css/app/layout.css?v=1781065547153 was preloaded using link preload but not used within a few seconds from the window's load event. Please make sure it has an appropriate `as` value and it is preloaded intentionally. @ http://localhost:3000/campaign/cmpll9z3p0000j048aqbgx3vi:0
[  483799ms] [WARNING] The resource http://localhost:3000/_next/static/css/app/layout.css?v=1781065389368 was preloaded using link preload but not used within a few seconds from the window's load event. Please make sure it has an appropriate `as` value and it is preloaded intentionally. @ http://localhost:3000/campaign/cmpll9z3p0000j048aqbgx3vi:0
[  483799ms] [WARNING] The resource http://localhost:3000/_next/static/css/app/layout.css?v=1781065552075 was preloaded using link preload but not used within a few seconds from the window's load event. Please make sure it has an appropriate `as` value and it is preloaded intentionally. @ http://localhost:3000/campaign/cmpll9z3p0000j048aqbgx3vi:0
[  483799ms] [WARNING] The resource http://localhost:3000/_next/static/css/app/layout.css?v=1781065557194 was preloaded using link preload but not used within a few seconds from the window's load event. Please make sure it has an appropriate `as` value and it is preloaded intentionally. @ http://localhost:3000/campaign/cmpll9z3p0000j048aqbgx3vi:0
[  483799ms] [WARNING] The resource http://localhost:3000/_next/static/css/app/layout.css?v=1781065547387 was preloaded using link preload but not used within a few seconds from the window's load event. Please make sure it has an appropriate `as` value and it is preloaded intentionally. @ http://localhost:3000/campaign/cmpll9z3p0000j048aqbgx3vi:0
[  483799ms] [WARNING] The resource http://localhost:3000/_next/static/css/app/layout.css?v=1781065541984 was preloaded using link preload but not used within a few seconds from the window's load event. Please make sure it has an appropriate `as` value and it is preloaded intentionally. @ http://localhost:3000/campaign/cmpll9z3p0000j048aqbgx3vi:0
[  483799ms] [WARNING] The resource http://localhost:3000/_next/static/css/app/layout.css?v=1781065241482 was preloaded using link preload but not used within a few seconds from the window's load event. Please make sure it has an appropriate `as` value and it is preloaded intentionally. @ http://localhost:3000/campaign/cmpll9z3p0000j048aqbgx3vi:0
[  483799ms] [WARNING] The resource http://localhost:3000/_next/static/css/app/layout.css?v=1781065261203 was preloaded using link preload but not used within a few seconds from the window's load event. Please make sure it has an appropriate `as` value and it is preloaded intentionally. @ http://localhost:3000/campaign/cmpll9z3p0000j048aqbgx3vi:0
[  483799ms] [WARNING] The resource http://localhost:3000/_next/static/css/app/layout.css?v=1781065558072 was preloaded using link preload but not used within a few seconds from the window's load event. Please make sure it has an appropriate `as` value and it is preloaded intentionally. @ http://localhost:3000/campaign/cmpll9z3p0000j048aqbgx3vi:0
[  483799ms] [WARNING] The resource http://localhost:3000/_next/static/css/app/layout.css?v=1781065529667 was preloaded using link preload but not used within a few seconds from the window's load event. Please make sure it has an appropriate `as` value and it is preloaded intentionally. @ http://localhost:3000/campaign/cmpll9z3p0000j048aqbgx3vi:0
[  483799ms] [WARNING] The resource http://localhost:3000/_next/static/css/app/layout.css?v=1781065542240 was preloaded using link preload but not used within a few seconds from the window's load event. Please make sure it has an appropriate `as` value and it is preloaded intentionally. @ http://localhost:3000/campaign/cmpll9z3p0000j048aqbgx3vi:0
[  483799ms] [WARNING] The resource http://localhost:3000/_next/static/css/app/layout.css?v=1781065551847 was preloaded using link preload but not used within a few seconds from the window's load event. Please make sure it has an appropriate `as` value and it is preloaded intentionally. @ http://localhost:3000/campaign/cmpll9z3p0000j048aqbgx3vi:0
[  483799ms] [WARNING] The resource http://localhost:3000/_next/static/css/app/layout.css?v=1781065509174 was preloaded using link preload but not used within a few seconds from the window's load event. Please make sure it has an appropriate `as` value and it is preloaded intentionally. @ http://localhost:3000/campaign/cmpll9z3p0000j048aqbgx3vi:0
[  483799ms] [WARNING] The resource http://localhost:3000/_next/static/css/app/layout.css?v=1781065442489 was preloaded using link preload but not used within a few seconds from the window's load event. Please make sure it has an appropriate `as` value and it is preloaded intentionally. @ http://localhost:3000/campaign/cmpll9z3p0000j048aqbgx3vi:0
[  483799ms] [WARNING] The resource http://localhost:3000/_next/static/css/app/layout.css?v=1781065456525 was preloaded using link preload but not used within a few seconds from the window's load event. Please make sure it has an appropriate `as` value and it is preloaded intentionally. @ http://localhost:3000/campaign/cmpll9z3p0000j048aqbgx3vi:0
[  483799ms] [WARNING] The resource http://localhost:3000/_next/static/css/app/layout.css?v=1781065243227 was preloaded using link preload but not used within a few seconds from the window's load event. Please make sure it has an appropriate `as` value and it is preloaded intentionally. @ http://localhost:3000/campaign/cmpll9z3p0000j048aqbgx3vi:0
[  483799ms] [WARNING] The resource http://localhost:3000/_next/static/css/app/layout.css?v=1781065547153 was preloaded using link preload but not used within a few seconds from the window's load event. Please make sure it has an appropriate `as` value and it is preloaded intentionally. @ http://localhost:3000/campaign/cmpll9z3p0000j048aqbgx3vi:0
[  499456ms] [LOG] [Fast Refresh] rebuilding @ webpack-internal:///(app-pages-browser)/./node_modules/next/dist/next-devtools/shared/forward-logs-shared.js:27
[  499724ms] [LOG] [Fast Refresh] rebuilding @ webpack-internal:///(app-pages-browser)/./node_modules/next/dist/next-devtools/shared/forward-logs-shared.js:27
[  499863ms] [LOG] [Fast Refresh] done in 138ms @ webpack-internal:///(app-pages-browser)/./node_modules/next/dist/next-devtools/shared/forward-logs-shared.js:27
[  500064ms] [LOG] [Fast Refresh] done in 339ms @ webpack-internal:///(app-pages-browser)/./node_modules/next/dist/next-devtools/shared/forward-logs-shared.js:27
[  503046ms] [LOG] [Fast Refresh] rebuilding @ webpack-internal:///(app-pages-browser)/./node_modules/next/dist/next-devtools/shared/forward-logs-shared.js:27
[  503224ms] [LOG] [Fast Refresh] rebuilding @ webpack-internal:///(app-pages-browser)/./node_modules/next/dist/next-devtools/shared/forward-logs-shared.js:27
[  503252ms] [LOG] [Fast Refresh] done in 27ms @ webpack-internal:///(app-pages-browser)/./node_modules/next/dist/next-devtools/shared/forward-logs-shared.js:27
[  503566ms] [LOG] [Fast Refresh] done in 342ms @ webpack-internal:///(app-pages-browser)/./node_modules/next/dist/next-devtools/shared/forward-logs-shared.js:27
[  506826ms] [WARNING] The resource http://localhost:3000/_next/static/css/app/layout.css?v=1781065389368 was preloaded using link preload but not used within a few seconds from the window's load event. Please make sure it has an appropriate `as` value and it is preloaded intentionally. @ http://localhost:3000/campaign/cmpll9z3p0000j048aqbgx3vi:0
[  506826ms] [WARNING] The resource http://localhost:3000/_next/static/css/app/layout.css?v=1781065552075 was preloaded using link preload but not used within a few seconds from the window's load event. Please make sure it has an appropriate `as` value and it is preloaded intentionally. @ http://localhost:3000/campaign/cmpll9z3p0000j048aqbgx3vi:0
[  506826ms] [WARNING] The resource http://localhost:3000/_next/static/css/app/layout.css?v=1781065557194 was preloaded using link preload but not used within a few seconds from the window's load event. Please make sure it has an appropriate `as` value and it is preloaded intentionally. @ http://localhost:3000/campaign/cmpll9z3p0000j048aqbgx3vi:0
[  506826ms] [WARNING] The resource http://localhost:3000/_next/static/css/app/layout.css?v=1781065547387 was preloaded using link preload but not used within a few seconds from the window's load event. Please make sure it has an appropriate `as` value and it is preloaded intentionally. @ http://localhost:3000/campaign/cmpll9z3p0000j048aqbgx3vi:0
[  506826ms] [WARNING] The resource http://localhost:3000/_next/static/css/app/layout.css?v=1781065541984 was preloaded using link preload but not used within a few seconds from the window's load event. Please make sure it has an appropriate `as` value and it is preloaded intentionally. @ http://localhost:3000/campaign/cmpll9z3p0000j048aqbgx3vi:0
[  506826ms] [WARNING] The resource http://localhost:3000/_next/static/css/app/layout.css?v=1781065241482 was preloaded using link preload but not used within a few seconds from the window's load event. Please make sure it has an appropriate `as` value and it is preloaded intentionally. @ http://localhost:3000/campaign/cmpll9z3p0000j048aqbgx3vi:0
[  506826ms] [WARNING] The resource http://localhost:3000/_next/static/css/app/layout.css?v=1781065261203 was preloaded using link preload but not used within a few seconds from the window's load event. Please make sure it has an appropriate `as` value and it is preloaded intentionally. @ http://localhost:3000/campaign/cmpll9z3p0000j048aqbgx3vi:0
[  506826ms] [WARNING] The resource http://localhost:3000/_next/static/css/app/layout.css?v=1781065558072 was preloaded using link preload but not used within a few seconds from the window's load event. Please make sure it has an appropriate `as` value and it is preloaded intentionally. @ http://localhost:3000/campaign/cmpll9z3p0000j048aqbgx3vi:0
[  506826ms] [WARNING] The resource http://localhost:3000/_next/static/css/app/layout.css?v=1781065581093 was preloaded using link preload but not used within a few seconds from the window's load event. Please make sure it has an appropriate `as` value and it is preloaded intentionally. @ http://localhost:3000/campaign/cmpll9z3p0000j048aqbgx3vi:0
[  506826ms] [WARNING] The resource http://localhost:3000/_next/static/css/app/layout.css?v=1781065584632 was preloaded using link preload but not used within a few seconds from the window's load event. Please make sure it has an appropriate `as` value and it is preloaded intentionally. @ http://localhost:3000/campaign/cmpll9z3p0000j048aqbgx3vi:0
[  506826ms] [WARNING] The resource http://localhost:3000/_next/static/css/app/layout.css?v=1781065529667 was preloaded using link preload but not used within a few seconds from the window's load event. Please make sure it has an appropriate `as` value and it is preloaded intentionally. @ http://localhost:3000/campaign/cmpll9z3p0000j048aqbgx3vi:0
[  506826ms] [WARNING] The resource http://localhost:3000/_next/static/css/app/layout.css?v=1781065542240 was preloaded using link preload but not used within a few seconds from the window's load event. Please make sure it has an appropriate `as` value and it is preloaded intentionally. @ http://localhost:3000/campaign/cmpll9z3p0000j048aqbgx3vi:0
[  506826ms] [WARNING] The resource http://localhost:3000/_next/static/css/app/layout.css?v=1781065551847 was preloaded using link preload but not used within a few seconds from the window's load event. Please make sure it has an appropriate `as` value and it is preloaded intentionally. @ http://localhost:3000/campaign/cmpll9z3p0000j048aqbgx3vi:0
[  506826ms] [WARNING] The resource http://localhost:3000/_next/static/css/app/layout.css?v=1781065509174 was preloaded using link preload but not used within a few seconds from the window's load event. Please make sure it has an appropriate `as` value and it is preloaded intentionally. @ http://localhost:3000/campaign/cmpll9z3p0000j048aqbgx3vi:0
[  506826ms] [WARNING] The resource http://localhost:3000/_next/static/css/app/layout.css?v=1781065442489 was preloaded using link preload but not used within a few seconds from the window's load event. Please make sure it has an appropriate `as` value and it is preloaded intentionally. @ http://localhost:3000/campaign/cmpll9z3p0000j048aqbgx3vi:0
[  506826ms] [WARNING] The resource http://localhost:3000/_next/static/css/app/layout.css?v=1781065456525 was preloaded using link preload but not used within a few seconds from the window's load event. Please make sure it has an appropriate `as` value and it is preloaded intentionally. @ http://localhost:3000/campaign/cmpll9z3p0000j048aqbgx3vi:0
[  506826ms] [WARNING] The resource http://localhost:3000/_next/static/css/app/layout.css?v=1781065243227 was preloaded using link preload but not used within a few seconds from the window's load event. Please make sure it has an appropriate `as` value and it is preloaded intentionally. @ http://localhost:3000/campaign/cmpll9z3p0000j048aqbgx3vi:0
[  506826ms] [WARNING] The resource http://localhost:3000/_next/static/css/app/layout.css?v=1781065547153 was preloaded using link preload but not used within a few seconds from the window's load event. Please make sure it has an appropriate `as` value and it is preloaded intentionally. @ http://localhost:3000/campaign/cmpll9z3p0000j048aqbgx3vi:0
[  513812ms] [WARNING] The resource http://localhost:3000/_next/static/css/app/layout.css?v=1781065389368 was preloaded using link preload but not used within a few seconds from the window's load event. Please make sure it has an appropriate `as` value and it is preloaded intentionally. @ http://localhost:3000/campaign/cmpll9z3p0000j048aqbgx3vi:0
[  513812ms] [WARNING] The resource http://localhost:3000/_next/static/css/app/layout.css?v=1781065552075 was preloaded using link preload but not used within a few seconds from the window's load event. Please make sure it has an appropriate `as` value and it is preloaded intentionally. @ http://localhost:3000/campaign/cmpll9z3p0000j048aqbgx3vi:0
[  513812ms] [WARNING] The resource http://localhost:3000/_next/static/css/app/layout.css?v=1781065557194 was preloaded using link preload but not used within a few seconds from the window's load event. Please make sure it has an appropriate `as` value and it is preloaded intentionally. @ http://localhost:3000/campaign/cmpll9z3p0000j048aqbgx3vi:0
[  513812ms] [WARNING] The resource http://localhost:3000/_next/static/css/app/layout.css?v=1781065547387 was preloaded using link preload but not used within a few seconds from the window's load event. Please make sure it has an appropriate `as` value and it is preloaded intentionally. @ http://localhost:3000/campaign/cmpll9z3p0000j048aqbgx3vi:0
[  513812ms] [WARNING] The resource http://localhost:3000/_next/static/css/app/layout.css?v=1781065541984 was preloaded using link preload but not used within a few seconds from the window's load event. Please make sure it has an appropriate `as` value and it is preloaded intentionally. @ http://localhost:3000/campaign/cmpll9z3p0000j048aqbgx3vi:0
[  513812ms] [WARNING] The resource http://localhost:3000/_next/static/css/app/layout.css?v=1781065241482 was preloaded using link preload but not used within a few seconds from the window's load event. Please make sure it has an appropriate `as` value and it is preloaded intentionally. @ http://localhost:3000/campaign/cmpll9z3p0000j048aqbgx3vi:0
[  513812ms] [WARNING] The resource http://localhost:3000/_next/static/css/app/layout.css?v=1781065261203 was preloaded using link preload but not used within a few seconds from the window's load event. Please make sure it has an appropriate `as` value and it is preloaded intentionally. @ http://localhost:3000/campaign/cmpll9z3p0000j048aqbgx3vi:0
[  513812ms] [WARNING] The resource http://localhost:3000/_next/static/css/app/layout.css?v=1781065558072 was preloaded using link preload but not used within a few seconds from the window's load event. Please make sure it has an appropriate `as` value and it is preloaded intentionally. @ http://localhost:3000/campaign/cmpll9z3p0000j048aqbgx3vi:0
[  513812ms] [WARNING] The resource http://localhost:3000/_next/static/css/app/layout.css?v=1781065581093 was preloaded using link preload but not used within a few seconds from the window's load event. Please make sure it has an appropriate `as` value and it is preloaded intentionally. @ http://localhost:3000/campaign/cmpll9z3p0000j048aqbgx3vi:0
[  513812ms] [WARNING] The resource http://localhost:3000/_next/static/css/app/layout.css?v=1781065584632 was preloaded using link preload but not used within a few seconds from the window's load event. Please make sure it has an appropriate `as` value and it is preloaded intentionally. @ http://localhost:3000/campaign/cmpll9z3p0000j048aqbgx3vi:0
[  513812ms] [WARNING] The resource http://localhost:3000/_next/static/css/app/layout.css?v=1781065529667 was preloaded using link preload but not used within a few seconds from the window's load event. Please make sure it has an appropriate `as` value and it is preloaded intentionally. @ http://localhost:3000/campaign/cmpll9z3p0000j048aqbgx3vi:0
[  513812ms] [WARNING] The resource http://localhost:3000/_next/static/css/app/layout.css?v=1781065542240 was preloaded using link preload but not used within a few seconds from the window's load event. Please make sure it has an appropriate `as` value and it is preloaded intentionally. @ http://localhost:3000/campaign/cmpll9z3p0000j048aqbgx3vi:0
[  513812ms] [WARNING] The resource http://localhost:3000/_next/static/css/app/layout.css?v=1781065551847 was preloaded using link preload but not used within a few seconds from the window's load event. Please make sure it has an appropriate `as` value and it is preloaded intentionally. @ http://localhost:3000/campaign/cmpll9z3p0000j048aqbgx3vi:0
[  513812ms] [WARNING] The resource http://localhost:3000/_next/static/css/app/layout.css?v=1781065509174 was preloaded using link preload but not used within a few seconds from the window's load event. Please make sure it has an appropriate `as` value and it is preloaded intentionally. @ http://localhost:3000/campaign/cmpll9z3p0000j048aqbgx3vi:0
[  513812ms] [WARNING] The resource http://localhost:3000/_next/static/css/app/layout.css?v=1781065442489 was preloaded using link preload but not used within a few seconds from the window's load event. Please make sure it has an appropriate `as` value and it is preloaded intentionally. @ http://localhost:3000/campaign/cmpll9z3p0000j048aqbgx3vi:0
[  513812ms] [WARNING] The resource http://localhost:3000/_next/static/css/app/layout.css?v=1781065456525 was preloaded using link preload but not used within a few seconds from the window's load event. Please make sure it has an appropriate `as` value and it is preloaded intentionally. @ http://localhost:3000/campaign/cmpll9z3p0000j048aqbgx3vi:0
[  513812ms] [WARNING] The resource http://localhost:3000/_next/static/css/app/layout.css?v=1781065243227 was preloaded using link preload but not used within a few seconds from the window's load event. Please make sure it has an appropriate `as` value and it is preloaded intentionally. @ http://localhost:3000/campaign/cmpll9z3p0000j048aqbgx3vi:0
[  513812ms] [WARNING] The resource http://localhost:3000/_next/static/css/app/layout.css?v=1781065547153 was preloaded using link preload but not used within a few seconds from the window's load event. Please make sure it has an appropriate `as` value and it is preloaded intentionally. @ http://localhost:3000/campaign/cmpll9z3p0000j048aqbgx3vi:0
[  521205ms] [LOG] [Fast Refresh] rebuilding @ webpack-internal:///(app-pages-browser)/./node_modules/next/dist/next-devtools/shared/forward-logs-shared.js:27
[  521380ms] [LOG] [Fast Refresh] rebuilding @ webpack-internal:///(app-pages-browser)/./node_modules/next/dist/next-devtools/shared/forward-logs-shared.js:27
[  521406ms] [LOG] [Fast Refresh] done in 26ms @ webpack-internal:///(app-pages-browser)/./node_modules/next/dist/next-devtools/shared/forward-logs-shared.js:27
[  521827ms] [LOG] [Fast Refresh] done in 447ms @ webpack-internal:///(app-pages-browser)/./node_modules/next/dist/next-devtools/shared/forward-logs-shared.js:27
[  524905ms] [WARNING] The resource http://localhost:3000/_next/static/css/app/layout.css?v=1781065389368 was preloaded using link preload but not used within a few seconds from the window's load event. Please make sure it has an appropriate `as` value and it is preloaded intentionally. @ http://localhost:3000/campaign/cmpll9z3p0000j048aqbgx3vi:0
[  524905ms] [WARNING] The resource http://localhost:3000/_next/static/css/app/layout.css?v=1781065552075 was preloaded using link preload but not used within a few seconds from the window's load event. Please make sure it has an appropriate `as` value and it is preloaded intentionally. @ http://localhost:3000/campaign/cmpll9z3p0000j048aqbgx3vi:0
[  524905ms] [WARNING] The resource http://localhost:3000/_next/static/css/app/layout.css?v=1781065557194 was preloaded using link preload but not used within a few seconds from the window's load event. Please make sure it has an appropriate `as` value and it is preloaded intentionally. @ http://localhost:3000/campaign/cmpll9z3p0000j048aqbgx3vi:0
[  524905ms] [WARNING] The resource http://localhost:3000/_next/static/css/app/layout.css?v=1781065547387 was preloaded using link preload but not used within a few seconds from the window's load event. Please make sure it has an appropriate `as` value and it is preloaded intentionally. @ http://localhost:3000/campaign/cmpll9z3p0000j048aqbgx3vi:0
[  524905ms] [WARNING] The resource http://localhost:3000/_next/static/css/app/layout.css?v=1781065602775 was preloaded using link preload but not used within a few seconds from the window's load event. Please make sure it has an appropriate `as` value and it is preloaded intentionally. @ http://localhost:3000/campaign/cmpll9z3p0000j048aqbgx3vi:0
[  524905ms] [WARNING] The resource http://localhost:3000/_next/static/css/app/layout.css?v=1781065541984 was preloaded using link preload but not used within a few seconds from the window's load event. Please make sure it has an appropriate `as` value and it is preloaded intentionally. @ http://localhost:3000/campaign/cmpll9z3p0000j048aqbgx3vi:0
[  524905ms] [WARNING] The resource http://localhost:3000/_next/static/css/app/layout.css?v=1781065241482 was preloaded using link preload but not used within a few seconds from the window's load event. Please make sure it has an appropriate `as` value and it is preloaded intentionally. @ http://localhost:3000/campaign/cmpll9z3p0000j048aqbgx3vi:0
[  524905ms] [WARNING] The resource http://localhost:3000/_next/static/css/app/layout.css?v=1781065261203 was preloaded using link preload but not used within a few seconds from the window's load event. Please make sure it has an appropriate `as` value and it is preloaded intentionally. @ http://localhost:3000/campaign/cmpll9z3p0000j048aqbgx3vi:0
[  524905ms] [WARNING] The resource http://localhost:3000/_next/static/css/app/layout.css?v=1781065558072 was preloaded using link preload but not used within a few seconds from the window's load event. Please make sure it has an appropriate `as` value and it is preloaded intentionally. @ http://localhost:3000/campaign/cmpll9z3p0000j048aqbgx3vi:0
[  524905ms] [WARNING] The resource http://localhost:3000/_next/static/css/app/layout.css?v=1781065581093 was preloaded using link preload but not used within a few seconds from the window's load event. Please make sure it has an appropriate `as` value and it is preloaded intentionally. @ http://localhost:3000/campaign/cmpll9z3p0000j048aqbgx3vi:0
[  524905ms] [WARNING] The resource http://localhost:3000/_next/static/css/app/layout.css?v=1781065584632 was preloaded using link preload but not used within a few seconds from the window's load event. Please make sure it has an appropriate `as` value and it is preloaded intentionally. @ http://localhost:3000/campaign/cmpll9z3p0000j048aqbgx3vi:0
[  524905ms] [WARNING] The resource http://localhost:3000/_next/static/css/app/layout.css?v=1781065529667 was preloaded using link preload but not used within a few seconds from the window's load event. Please make sure it has an appropriate `as` value and it is preloaded intentionally. @ http://localhost:3000/campaign/cmpll9z3p0000j048aqbgx3vi:0
[  524905ms] [WARNING] The resource http://localhost:3000/_next/static/css/app/layout.css?v=1781065542240 was preloaded using link preload but not used within a few seconds from the window's load event. Please make sure it has an appropriate `as` value and it is preloaded intentionally. @ http://localhost:3000/campaign/cmpll9z3p0000j048aqbgx3vi:0
[  524905ms] [WARNING] The resource http://localhost:3000/_next/static/css/app/layout.css?v=1781065551847 was preloaded using link preload but not used within a few seconds from the window's load event. Please make sure it has an appropriate `as` value and it is preloaded intentionally. @ http://localhost:3000/campaign/cmpll9z3p0000j048aqbgx3vi:0
[  524905ms] [WARNING] The resource http://localhost:3000/_next/static/css/app/layout.css?v=1781065509174 was preloaded using link preload but not used within a few seconds from the window's load event. Please make sure it has an appropriate `as` value and it is preloaded intentionally. @ http://localhost:3000/campaign/cmpll9z3p0000j048aqbgx3vi:0
[  524905ms] [WARNING] The resource http://localhost:3000/_next/static/css/app/layout.css?v=1781065442489 was preloaded using link preload but not used within a few seconds from the window's load event. Please make sure it has an appropriate `as` value and it is preloaded intentionally. @ http://localhost:3000/campaign/cmpll9z3p0000j048aqbgx3vi:0
[  524905ms] [WARNING] The resource http://localhost:3000/_next/static/css/app/layout.css?v=1781065456525 was preloaded using link preload but not used within a few seconds from the window's load event. Please make sure it has an appropriate `as` value and it is preloaded intentionally. @ http://localhost:3000/campaign/cmpll9z3p0000j048aqbgx3vi:0
[  524905ms] [WARNING] The resource http://localhost:3000/_next/static/css/app/layout.css?v=1781065243227 was preloaded using link preload but not used within a few seconds from the window's load event. Please make sure it has an appropriate `as` value and it is preloaded intentionally. @ http://localhost:3000/campaign/cmpll9z3p0000j048aqbgx3vi:0
[  524905ms] [WARNING] The resource http://localhost:3000/_next/static/css/app/layout.css?v=1781065547153 was preloaded using link preload but not used within a few seconds from the window's load event. Please make sure it has an appropriate `as` value and it is preloaded intentionally. @ http://localhost:3000/campaign/cmpll9z3p0000j048aqbgx3vi:0
[  543857ms] [WARNING] The resource http://localhost:3000/_next/static/css/app/layout.css?v=1781065389368 was preloaded using link preload but not used within a few seconds from the window's load event. Please make sure it has an appropriate `as` value and it is preloaded intentionally. @ http://localhost:3000/campaign/cmpll9z3p0000j048aqbgx3vi:0
[  543857ms] [WARNING] The resource http://localhost:3000/_next/static/css/app/layout.css?v=1781065552075 was preloaded using link preload but not used within a few seconds from the window's load event. Please make sure it has an appropriate `as` value and it is preloaded intentionally. @ http://localhost:3000/campaign/cmpll9z3p0000j048aqbgx3vi:0
[  543857ms] [WARNING] The resource http://localhost:3000/_next/static/css/app/layout.css?v=1781065557194 was preloaded using link preload but not used within a few seconds from the window's load event. Please make sure it has an appropriate `as` value and it is preloaded intentionally. @ http://localhost:3000/campaign/cmpll9z3p0000j048aqbgx3vi:0
[  543857ms] [WARNING] The resource http://localhost:3000/_next/static/css/app/layout.css?v=1781065547387 was preloaded using link preload but not used within a few seconds from the window's load event. Please make sure it has an appropriate `as` value and it is preloaded intentionally. @ http://localhost:3000/campaign/cmpll9z3p0000j048aqbgx3vi:0
[  543857ms] [WARNING] The resource http://localhost:3000/_next/static/css/app/layout.css?v=1781065602775 was preloaded using link preload but not used within a few seconds from the window's load event. Please make sure it has an appropriate `as` value and it is preloaded intentionally. @ http://localhost:3000/campaign/cmpll9z3p0000j048aqbgx3vi:0
[  543857ms] [WARNING] The resource http://localhost:3000/_next/static/css/app/layout.css?v=1781065541984 was preloaded using link preload but not used within a few seconds from the window's load event. Please make sure it has an appropriate `as` value and it is preloaded intentionally. @ http://localhost:3000/campaign/cmpll9z3p0000j048aqbgx3vi:0
[  543857ms] [WARNING] The resource http://localhost:3000/_next/static/css/app/layout.css?v=1781065241482 was preloaded using link preload but not used within a few seconds from the window's load event. Please make sure it has an appropriate `as` value and it is preloaded intentionally. @ http://localhost:3000/campaign/cmpll9z3p0000j048aqbgx3vi:0
[  543857ms] [WARNING] The resource http://localhost:3000/_next/static/css/app/layout.css?v=1781065261203 was preloaded using link preload but not used within a few seconds from the window's load event. Please make sure it has an appropriate `as` value and it is preloaded intentionally. @ http://localhost:3000/campaign/cmpll9z3p0000j048aqbgx3vi:0
[  543857ms] [WARNING] The resource http://localhost:3000/_next/static/css/app/layout.css?v=1781065558072 was preloaded using link preload but not used within a few seconds from the window's load event. Please make sure it has an appropriate `as` value and it is preloaded intentionally. @ http://localhost:3000/campaign/cmpll9z3p0000j048aqbgx3vi:0
[  543857ms] [WARNING] The resource http://localhost:3000/_next/static/css/app/layout.css?v=1781065581093 was preloaded using link preload but not used within a few seconds from the window's load event. Please make sure it has an appropriate `as` value and it is preloaded intentionally. @ http://localhost:3000/campaign/cmpll9z3p0000j048aqbgx3vi:0
[  543857ms] [WARNING] The resource http://localhost:3000/_next/static/css/app/layout.css?v=1781065584632 was preloaded using link preload but not used within a few seconds from the window's load event. Please make sure it has an appropriate `as` value and it is preloaded intentionally. @ http://localhost:3000/campaign/cmpll9z3p0000j048aqbgx3vi:0
[  543857ms] [WARNING] The resource http://localhost:3000/_next/static/css/app/layout.css?v=1781065529667 was preloaded using link preload but not used within a few seconds from the window's load event. Please make sure it has an appropriate `as` value and it is preloaded intentionally. @ http://localhost:3000/campaign/cmpll9z3p0000j048aqbgx3vi:0
[  543857ms] [WARNING] The resource http://localhost:3000/_next/static/css/app/layout.css?v=1781065542240 was preloaded using link preload but not used within a few seconds from the window's load event. Please make sure it has an appropriate `as` value and it is preloaded intentionally. @ http://localhost:3000/campaign/cmpll9z3p0000j048aqbgx3vi:0
[  543857ms] [WARNING] The resource http://localhost:3000/_next/static/css/app/layout.css?v=1781065551847 was preloaded using link preload but not used within a few seconds from the window's load event. Please make sure it has an appropriate `as` value and it is preloaded intentionally. @ http://localhost:3000/campaign/cmpll9z3p0000j048aqbgx3vi:0
[  543857ms] [WARNING] The resource http://localhost:3000/_next/static/css/app/layout.css?v=1781065509174 was preloaded using link preload but not used within a few seconds from the window's load event. Please make sure it has an appropriate `as` value and it is preloaded intentionally. @ http://localhost:3000/campaign/cmpll9z3p0000j048aqbgx3vi:0
[  543857ms] [WARNING] The resource http://localhost:3000/_next/static/css/app/layout.css?v=1781065442489 was preloaded using link preload but not used within a few seconds from the window's load event. Please make sure it has an appropriate `as` value and it is preloaded intentionally. @ http://localhost:3000/campaign/cmpll9z3p0000j048aqbgx3vi:0
[  543857ms] [WARNING] The resource http://localhost:3000/_next/static/css/app/layout.css?v=1781065456525 was preloaded using link preload but not used within a few seconds from the window's load event. Please make sure it has an appropriate `as` value and it is preloaded intentionally. @ http://localhost:3000/campaign/cmpll9z3p0000j048aqbgx3vi:0
[  543857ms] [WARNING] The resource http://localhost:3000/_next/static/css/app/layout.css?v=1781065243227 was preloaded using link preload but not used within a few seconds from the window's load event. Please make sure it has an appropriate `as` value and it is preloaded intentionally. @ http://localhost:3000/campaign/cmpll9z3p0000j048aqbgx3vi:0
[  543857ms] [WARNING] The resource http://localhost:3000/_next/static/css/app/layout.css?v=1781065547153 was preloaded using link preload but not used within a few seconds from the window's load event. Please make sure it has an appropriate `as` value and it is preloaded intentionally. @ http://localhost:3000/campaign/cmpll9z3p0000j048aqbgx3vi:0
[  551721ms] [LOG] [Fast Refresh] rebuilding @ webpack-internal:///(app-pages-browser)/./node_modules/next/dist/next-devtools/shared/forward-logs-shared.js:27
[  552041ms] [LOG] [Fast Refresh] rebuilding @ webpack-internal:///(app-pages-browser)/./node_modules/next/dist/next-devtools/shared/forward-logs-shared.js:27
[  552275ms] [LOG] [Fast Refresh] done in 235ms @ webpack-internal:///(app-pages-browser)/./node_modules/next/dist/next-devtools/shared/forward-logs-shared.js:27
[  552643ms] [LOG] [Fast Refresh] done in 603ms @ webpack-internal:///(app-pages-browser)/./node_modules/next/dist/next-devtools/shared/forward-logs-shared.js:27
[  555835ms] [WARNING] The resource http://localhost:3000/_next/static/css/app/layout.css?v=1781065389368 was preloaded using link preload but not used within a few seconds from the window's load event. Please make sure it has an appropriate `as` value and it is preloaded intentionally. @ http://localhost:3000/campaign/cmpll9z3p0000j048aqbgx3vi:0
[  555835ms] [WARNING] The resource http://localhost:3000/_next/static/css/app/layout.css?v=1781065633485 was preloaded using link preload but not used within a few seconds from the window's load event. Please make sure it has an appropriate `as` value and it is preloaded intentionally. @ http://localhost:3000/campaign/cmpll9z3p0000j048aqbgx3vi:0
[  555835ms] [WARNING] The resource http://localhost:3000/_next/static/css/app/layout.css?v=1781065552075 was preloaded using link preload but not used within a few seconds from the window's load event. Please make sure it has an appropriate `as` value and it is preloaded intentionally. @ http://localhost:3000/campaign/cmpll9z3p0000j048aqbgx3vi:0
[  555835ms] [WARNING] The resource http://localhost:3000/_next/static/css/app/layout.css?v=1781065557194 was preloaded using link preload but not used within a few seconds from the window's load event. Please make sure it has an appropriate `as` value and it is preloaded intentionally. @ http://localhost:3000/campaign/cmpll9z3p0000j048aqbgx3vi:0
[  555835ms] [WARNING] The resource http://localhost:3000/_next/static/css/app/layout.css?v=1781065547387 was preloaded using link preload but not used within a few seconds from the window's load event. Please make sure it has an appropriate `as` value and it is preloaded intentionally. @ http://localhost:3000/campaign/cmpll9z3p0000j048aqbgx3vi:0
[  555836ms] [WARNING] The resource http://localhost:3000/_next/static/css/app/layout.css?v=1781065602775 was preloaded using link preload but not used within a few seconds from the window's load event. Please make sure it has an appropriate `as` value and it is preloaded intentionally. @ http://localhost:3000/campaign/cmpll9z3p0000j048aqbgx3vi:0
[  555836ms] [WARNING] The resource http://localhost:3000/_next/static/css/app/layout.css?v=1781065541984 was preloaded using link preload but not used within a few seconds from the window's load event. Please make sure it has an appropriate `as` value and it is preloaded intentionally. @ http://localhost:3000/campaign/cmpll9z3p0000j048aqbgx3vi:0
[  555836ms] [WARNING] The resource http://localhost:3000/_next/static/css/app/layout.css?v=1781065241482 was preloaded using link preload but not used within a few seconds from the window's load event. Please make sure it has an appropriate `as` value and it is preloaded intentionally. @ http://localhost:3000/campaign/cmpll9z3p0000j048aqbgx3vi:0
[  555836ms] [WARNING] The resource http://localhost:3000/_next/static/css/app/layout.css?v=1781065261203 was preloaded using link preload but not used within a few seconds from the window's load event. Please make sure it has an appropriate `as` value and it is preloaded intentionally. @ http://localhost:3000/campaign/cmpll9z3p0000j048aqbgx3vi:0
[  555836ms] [WARNING] The resource http://localhost:3000/_next/static/css/app/layout.css?v=1781065558072 was preloaded using link preload but not used within a few seconds from the window's load event. Please make sure it has an appropriate `as` value and it is preloaded intentionally. @ http://localhost:3000/campaign/cmpll9z3p0000j048aqbgx3vi:0
[  555836ms] [WARNING] The resource http://localhost:3000/_next/static/css/app/layout.css?v=1781065581093 was preloaded using link preload but not used within a few seconds from the window's load event. Please make sure it has an appropriate `as` value and it is preloaded intentionally. @ http://localhost:3000/campaign/cmpll9z3p0000j048aqbgx3vi:0
[  555836ms] [WARNING] The resource http://localhost:3000/_next/static/css/app/layout.css?v=1781065584632 was preloaded using link preload but not used within a few seconds from the window's load event. Please make sure it has an appropriate `as` value and it is preloaded intentionally. @ http://localhost:3000/campaign/cmpll9z3p0000j048aqbgx3vi:0
[  555836ms] [WARNING] The resource http://localhost:3000/_next/static/css/app/layout.css?v=1781065529667 was preloaded using link preload but not used within a few seconds from the window's load event. Please make sure it has an appropriate `as` value and it is preloaded intentionally. @ http://localhost:3000/campaign/cmpll9z3p0000j048aqbgx3vi:0
[  555836ms] [WARNING] The resource http://localhost:3000/_next/static/css/app/layout.css?v=1781065542240 was preloaded using link preload but not used within a few seconds from the window's load event. Please make sure it has an appropriate `as` value and it is preloaded intentionally. @ http://localhost:3000/campaign/cmpll9z3p0000j048aqbgx3vi:0
[  555836ms] [WARNING] The resource http://localhost:3000/_next/static/css/app/layout.css?v=1781065551847 was preloaded using link preload but not used within a few seconds from the window's load event. Please make sure it has an appropriate `as` value and it is preloaded intentionally. @ http://localhost:3000/campaign/cmpll9z3p0000j048aqbgx3vi:0
[  555836ms] [WARNING] The resource http://localhost:3000/_next/static/css/app/layout.css?v=1781065509174 was preloaded using link preload but not used within a few seconds from the window's load event. Please make sure it has an appropriate `as` value and it is preloaded intentionally. @ http://localhost:3000/campaign/cmpll9z3p0000j048aqbgx3vi:0
[  555836ms] [WARNING] The resource http://localhost:3000/_next/static/css/app/layout.css?v=1781065442489 was preloaded using link preload but not used within a few seconds from the window's load event. Please make sure it has an appropriate `as` value and it is preloaded intentionally. @ http://localhost:3000/campaign/cmpll9z3p0000j048aqbgx3vi:0
[  555836ms] [WARNING] The resource http://localhost:3000/_next/static/css/app/layout.css?v=1781065456525 was preloaded using link preload but not used within a few seconds from the window's load event. Please make sure it has an appropriate `as` value and it is preloaded intentionally. @ http://localhost:3000/campaign/cmpll9z3p0000j048aqbgx3vi:0
[  555836ms] [WARNING] The resource http://localhost:3000/_next/static/css/app/layout.css?v=1781065243227 was preloaded using link preload but not used within a few seconds from the window's load event. Please make sure it has an appropriate `as` value and it is preloaded intentionally. @ http://localhost:3000/campaign/cmpll9z3p0000j048aqbgx3vi:0
[  555836ms] [WARNING] The resource http://localhost:3000/_next/static/css/app/layout.css?v=1781065547153 was preloaded using link preload but not used within a few seconds from the window's load event. Please make sure it has an appropriate `as` value and it is preloaded intentionally. @ http://localhost:3000/campaign/cmpll9z3p0000j048aqbgx3vi:0
[  556177ms] [LOG] [Fast Refresh] rebuilding @ webpack-internal:///(app-pages-browser)/./node_modules/next/dist/next-devtools/shared/forward-logs-shared.js:27
[  556432ms] [LOG] [Fast Refresh] rebuilding @ webpack-internal:///(app-pages-browser)/./node_modules/next/dist/next-devtools/shared/forward-logs-shared.js:27
[  556621ms] [LOG] [Fast Refresh] done in 189ms @ webpack-internal:///(app-pages-browser)/./node_modules/next/dist/next-devtools/shared/forward-logs-shared.js:27
[  557147ms] [LOG] [Fast Refresh] done in 716ms @ webpack-internal:///(app-pages-browser)/./node_modules/next/dist/next-devtools/shared/forward-logs-shared.js:27
[  560275ms] [WARNING] The resource http://localhost:3000/_next/static/css/app/layout.css?v=1781065389368 was preloaded using link preload but not used within a few seconds from the window's load event. Please make sure it has an appropriate `as` value and it is preloaded intentionally. @ http://localhost:3000/campaign/cmpll9z3p0000j048aqbgx3vi:0
[  560275ms] [WARNING] The resource http://localhost:3000/_next/static/css/app/layout.css?v=1781065633485 was preloaded using link preload but not used within a few seconds from the window's load event. Please make sure it has an appropriate `as` value and it is preloaded intentionally. @ http://localhost:3000/campaign/cmpll9z3p0000j048aqbgx3vi:0
[  560275ms] [WARNING] The resource http://localhost:3000/_next/static/css/app/layout.css?v=1781065552075 was preloaded using link preload but not used within a few seconds from the window's load event. Please make sure it has an appropriate `as` value and it is preloaded intentionally. @ http://localhost:3000/campaign/cmpll9z3p0000j048aqbgx3vi:0
[  560275ms] [WARNING] The resource http://localhost:3000/_next/static/css/app/layout.css?v=1781065557194 was preloaded using link preload but not used within a few seconds from the window's load event. Please make sure it has an appropriate `as` value and it is preloaded intentionally. @ http://localhost:3000/campaign/cmpll9z3p0000j048aqbgx3vi:0
[  560275ms] [WARNING] The resource http://localhost:3000/_next/static/css/app/layout.css?v=1781065547387 was preloaded using link preload but not used within a few seconds from the window's load event. Please make sure it has an appropriate `as` value and it is preloaded intentionally. @ http://localhost:3000/campaign/cmpll9z3p0000j048aqbgx3vi:0
[  560275ms] [WARNING] The resource http://localhost:3000/_next/static/css/app/layout.css?v=1781065602775 was preloaded using link preload but not used within a few seconds from the window's load event. Please make sure it has an appropriate `as` value and it is preloaded intentionally. @ http://localhost:3000/campaign/cmpll9z3p0000j048aqbgx3vi:0
[  560275ms] [WARNING] The resource http://localhost:3000/_next/static/css/app/layout.css?v=1781065541984 was preloaded using link preload but not used within a few seconds from the window's load event. Please make sure it has an appropriate `as` value and it is preloaded intentionally. @ http://localhost:3000/campaign/cmpll9z3p0000j048aqbgx3vi:0
[  560275ms] [WARNING] The resource http://localhost:3000/_next/static/css/app/layout.css?v=1781065241482 was preloaded using link preload but not used within a few seconds from the window's load event. Please make sure it has an appropriate `as` value and it is preloaded intentionally. @ http://localhost:3000/campaign/cmpll9z3p0000j048aqbgx3vi:0
[  560275ms] [WARNING] The resource http://localhost:3000/_next/static/css/app/layout.css?v=1781065261203 was preloaded using link preload but not used within a few seconds from the window's load event. Please make sure it has an appropriate `as` value and it is preloaded intentionally. @ http://localhost:3000/campaign/cmpll9z3p0000j048aqbgx3vi:0
[  560275ms] [WARNING] The resource http://localhost:3000/_next/static/css/app/layout.css?v=1781065558072 was preloaded using link preload but not used within a few seconds from the window's load event. Please make sure it has an appropriate `as` value and it is preloaded intentionally. @ http://localhost:3000/campaign/cmpll9z3p0000j048aqbgx3vi:0
[  560275ms] [WARNING] The resource http://localhost:3000/_next/static/css/app/layout.css?v=1781065581093 was preloaded using link preload but not used within a few seconds from the window's load event. Please make sure it has an appropriate `as` value and it is preloaded intentionally. @ http://localhost:3000/campaign/cmpll9z3p0000j048aqbgx3vi:0
[  560275ms] [WARNING] The resource http://localhost:3000/_next/static/css/app/layout.css?v=1781065584632 was preloaded using link preload but not used within a few seconds from the window's load event. Please make sure it has an appropriate `as` value and it is preloaded intentionally. @ http://localhost:3000/campaign/cmpll9z3p0000j048aqbgx3vi:0
[  560275ms] [WARNING] The resource http://localhost:3000/_next/static/css/app/layout.css?v=1781065529667 was preloaded using link preload but not used within a few seconds from the window's load event. Please make sure it has an appropriate `as` value and it is preloaded intentionally. @ http://localhost:3000/campaign/cmpll9z3p0000j048aqbgx3vi:0
[  560275ms] [WARNING] The resource http://localhost:3000/_next/static/css/app/layout.css?v=1781065637920 was preloaded using link preload but not used within a few seconds from the window's load event. Please make sure it has an appropriate `as` value and it is preloaded intentionally. @ http://localhost:3000/campaign/cmpll9z3p0000j048aqbgx3vi:0
[  560275ms] [WARNING] The resource http://localhost:3000/_next/static/css/app/layout.css?v=1781065542240 was preloaded using link preload but not used within a few seconds from the window's load event. Please make sure it has an appropriate `as` value and it is preloaded intentionally. @ http://localhost:3000/campaign/cmpll9z3p0000j048aqbgx3vi:0
[  560275ms] [WARNING] The resource http://localhost:3000/_next/static/css/app/layout.css?v=1781065551847 was preloaded using link preload but not used within a few seconds from the window's load event. Please make sure it has an appropriate `as` value and it is preloaded intentionally. @ http://localhost:3000/campaign/cmpll9z3p0000j048aqbgx3vi:0
[  560275ms] [WARNING] The resource http://localhost:3000/_next/static/css/app/layout.css?v=1781065509174 was preloaded using link preload but not used within a few seconds from the window's load event. Please make sure it has an appropriate `as` value and it is preloaded intentionally. @ http://localhost:3000/campaign/cmpll9z3p0000j048aqbgx3vi:0
[  560275ms] [WARNING] The resource http://localhost:3000/_next/static/css/app/layout.css?v=1781065442489 was preloaded using link preload but not used within a few seconds from the window's load event. Please make sure it has an appropriate `as` value and it is preloaded intentionally. @ http://localhost:3000/campaign/cmpll9z3p0000j048aqbgx3vi:0
[  560275ms] [WARNING] The resource http://localhost:3000/_next/static/css/app/layout.css?v=1781065456525 was preloaded using link preload but not used within a few seconds from the window's load event. Please make sure it has an appropriate `as` value and it is preloaded intentionally. @ http://localhost:3000/campaign/cmpll9z3p0000j048aqbgx3vi:0
[  560275ms] [WARNING] The resource http://localhost:3000/_next/static/css/app/layout.css?v=1781065243227 was preloaded using link preload but not used within a few seconds from the window's load event. Please make sure it has an appropriate `as` value and it is preloaded intentionally. @ http://localhost:3000/campaign/cmpll9z3p0000j048aqbgx3vi:0
[  560275ms] [WARNING] The resource http://localhost:3000/_next/static/css/app/layout.css?v=1781065547153 was preloaded using link preload but not used within a few seconds from the window's load event. Please make sure it has an appropriate `as` value and it is preloaded intentionally. @ http://localhost:3000/campaign/cmpll9z3p0000j048aqbgx3vi:0
[  573854ms] [WARNING] The resource http://localhost:3000/_next/static/css/app/layout.css?v=1781065389368 was preloaded using link preload but not used within a few seconds from the window's load event. Please make sure it has an appropriate `as` value and it is preloaded intentionally. @ http://localhost:3000/campaign/cmpll9z3p0000j048aqbgx3vi:0
[  573854ms] [WARNING] The resource http://localhost:3000/_next/static/css/app/layout.css?v=1781065633485 was preloaded using link preload but not used within a few seconds from the window's load event. Please make sure it has an appropriate `as` value and it is preloaded intentionally. @ http://localhost:3000/campaign/cmpll9z3p0000j048aqbgx3vi:0
[  573854ms] [WARNING] The resource http://localhost:3000/_next/static/css/app/layout.css?v=1781065552075 was preloaded using link preload but not used within a few seconds from the window's load event. Please make sure it has an appropriate `as` value and it is preloaded intentionally. @ http://localhost:3000/campaign/cmpll9z3p0000j048aqbgx3vi:0
[  573854ms] [WARNING] The resource http://localhost:3000/_next/static/css/app/layout.css?v=1781065557194 was preloaded using link preload but not used within a few seconds from the window's load event. Please make sure it has an appropriate `as` value and it is preloaded intentionally. @ http://localhost:3000/campaign/cmpll9z3p0000j048aqbgx3vi:0
[  573854ms] [WARNING] The resource http://localhost:3000/_next/static/css/app/layout.css?v=1781065547387 was preloaded using link preload but not used within a few seconds from the window's load event. Please make sure it has an appropriate `as` value and it is preloaded intentionally. @ http://localhost:3000/campaign/cmpll9z3p0000j048aqbgx3vi:0
[  573854ms] [WARNING] The resource http://localhost:3000/_next/static/css/app/layout.css?v=1781065602775 was preloaded using link preload but not used within a few seconds from the window's load event. Please make sure it has an appropriate `as` value and it is preloaded intentionally. @ http://localhost:3000/campaign/cmpll9z3p0000j048aqbgx3vi:0
[  573854ms] [WARNING] The resource http://localhost:3000/_next/static/css/app/layout.css?v=1781065541984 was preloaded using link preload but not used within a few seconds from the window's load event. Please make sure it has an appropriate `as` value and it is preloaded intentionally. @ http://localhost:3000/campaign/cmpll9z3p0000j048aqbgx3vi:0
[  573855ms] [WARNING] The resource http://localhost:3000/_next/static/css/app/layout.css?v=1781065241482 was preloaded using link preload but not used within a few seconds from the window's load event. Please make sure it has an appropriate `as` value and it is preloaded intentionally. @ http://localhost:3000/campaign/cmpll9z3p0000j048aqbgx3vi:0
[  573855ms] [WARNING] The resource http://localhost:3000/_next/static/css/app/layout.css?v=1781065261203 was preloaded using link preload but not used within a few seconds from the window's load event. Please make sure it has an appropriate `as` value and it is preloaded intentionally. @ http://localhost:3000/campaign/cmpll9z3p0000j048aqbgx3vi:0
[  573855ms] [WARNING] The resource http://localhost:3000/_next/static/css/app/layout.css?v=1781065558072 was preloaded using link preload but not used within a few seconds from the window's load event. Please make sure it has an appropriate `as` value and it is preloaded intentionally. @ http://localhost:3000/campaign/cmpll9z3p0000j048aqbgx3vi:0
[  573855ms] [WARNING] The resource http://localhost:3000/_next/static/css/app/layout.css?v=1781065581093 was preloaded using link preload but not used within a few seconds from the window's load event. Please make sure it has an appropriate `as` value and it is preloaded intentionally. @ http://localhost:3000/campaign/cmpll9z3p0000j048aqbgx3vi:0
[  573855ms] [WARNING] The resource http://localhost:3000/_next/static/css/app/layout.css?v=1781065584632 was preloaded using link preload but not used within a few seconds from the window's load event. Please make sure it has an appropriate `as` value and it is preloaded intentionally. @ http://localhost:3000/campaign/cmpll9z3p0000j048aqbgx3vi:0
[  573855ms] [WARNING] The resource http://localhost:3000/_next/static/css/app/layout.css?v=1781065529667 was preloaded using link preload but not used within a few seconds from the window's load event. Please make sure it has an appropriate `as` value and it is preloaded intentionally. @ http://localhost:3000/campaign/cmpll9z3p0000j048aqbgx3vi:0
[  573855ms] [WARNING] The resource http://localhost:3000/_next/static/css/app/layout.css?v=1781065637920 was preloaded using link preload but not used within a few seconds from the window's load event. Please make sure it has an appropriate `as` value and it is preloaded intentionally. @ http://localhost:3000/campaign/cmpll9z3p0000j048aqbgx3vi:0
[  573855ms] [WARNING] The resource http://localhost:3000/_next/static/css/app/layout.css?v=1781065542240 was preloaded using link preload but not used within a few seconds from the window's load event. Please make sure it has an appropriate `as` value and it is preloaded intentionally. @ http://localhost:3000/campaign/cmpll9z3p0000j048aqbgx3vi:0
[  573855ms] [WARNING] The resource http://localhost:3000/_next/static/css/app/layout.css?v=1781065551847 was preloaded using link preload but not used within a few seconds from the window's load event. Please make sure it has an appropriate `as` value and it is preloaded intentionally. @ http://localhost:3000/campaign/cmpll9z3p0000j048aqbgx3vi:0
[  573855ms] [WARNING] The resource http://localhost:3000/_next/static/css/app/layout.css?v=1781065509174 was preloaded using link preload but not used within a few seconds from the window's load event. Please make sure it has an appropriate `as` value and it is preloaded intentionally. @ http://localhost:3000/campaign/cmpll9z3p0000j048aqbgx3vi:0
[  573855ms] [WARNING] The resource http://localhost:3000/_next/static/css/app/layout.css?v=1781065442489 was preloaded using link preload but not used within a few seconds from the window's load event. Please make sure it has an appropriate `as` value and it is preloaded intentionally. @ http://localhost:3000/campaign/cmpll9z3p0000j048aqbgx3vi:0
[  573855ms] [WARNING] The resource http://localhost:3000/_next/static/css/app/layout.css?v=1781065456525 was preloaded using link preload but not used within a few seconds from the window's load event. Please make sure it has an appropriate `as` value and it is preloaded intentionally. @ http://localhost:3000/campaign/cmpll9z3p0000j048aqbgx3vi:0
[  573855ms] [WARNING] The resource http://localhost:3000/_next/static/css/app/layout.css?v=1781065243227 was preloaded using link preload but not used within a few seconds from the window's load event. Please make sure it has an appropriate `as` value and it is preloaded intentionally. @ http://localhost:3000/campaign/cmpll9z3p0000j048aqbgx3vi:0
[  573855ms] [WARNING] The resource http://localhost:3000/_next/static/css/app/layout.css?v=1781065547153 was preloaded using link preload but not used within a few seconds from the window's load event. Please make sure it has an appropriate `as` value and it is preloaded intentionally. @ http://localhost:3000/campaign/cmpll9z3p0000j048aqbgx3vi:0
[  599073ms] [LOG] [Fast Refresh] rebuilding @ webpack-internal:///(app-pages-browser)/./node_modules/next/dist/next-devtools/shared/forward-logs-shared.js:27
[  599555ms] [LOG] [Fast Refresh] done in 482ms @ webpack-internal:///(app-pages-browser)/./node_modules/next/dist/next-devtools/shared/forward-logs-shared.js:27
[  602319ms] [LOG] [Fast Refresh] rebuilding @ webpack-internal:///(app-pages-browser)/./node_modules/next/dist/next-devtools/shared/forward-logs-shared.js:27
[  605814ms] [WARNING] The resource http://localhost:3000/_next/static/css/app/layout.css?v=1781065389368 was preloaded using link preload but not used within a few seconds from the window's load event. Please make sure it has an appropriate `as` value and it is preloaded intentionally. @ http://localhost:3000/campaign/cmpll9z3p0000j048aqbgx3vi:0
[  605814ms] [WARNING] The resource http://localhost:3000/_next/static/css/app/layout.css?v=1781065633485 was preloaded using link preload but not used within a few seconds from the window's load event. Please make sure it has an appropriate `as` value and it is preloaded intentionally. @ http://localhost:3000/campaign/cmpll9z3p0000j048aqbgx3vi:0
[  605814ms] [WARNING] The resource http://localhost:3000/_next/static/css/app/layout.css?v=1781065552075 was preloaded using link preload but not used within a few seconds from the window's load event. Please make sure it has an appropriate `as` value and it is preloaded intentionally. @ http://localhost:3000/campaign/cmpll9z3p0000j048aqbgx3vi:0
[  605814ms] [WARNING] The resource http://localhost:3000/_next/static/css/app/layout.css?v=1781065557194 was preloaded using link preload but not used within a few seconds from the window's load event. Please make sure it has an appropriate `as` value and it is preloaded intentionally. @ http://localhost:3000/campaign/cmpll9z3p0000j048aqbgx3vi:0
[  605814ms] [WARNING] The resource http://localhost:3000/_next/static/css/app/layout.css?v=1781065547387 was preloaded using link preload but not used within a few seconds from the window's load event. Please make sure it has an appropriate `as` value and it is preloaded intentionally. @ http://localhost:3000/campaign/cmpll9z3p0000j048aqbgx3vi:0
[  605814ms] [WARNING] The resource http://localhost:3000/_next/static/css/app/layout.css?v=1781065602775 was preloaded using link preload but not used within a few seconds from the window's load event. Please make sure it has an appropriate `as` value and it is preloaded intentionally. @ http://localhost:3000/campaign/cmpll9z3p0000j048aqbgx3vi:0
[  605814ms] [WARNING] The resource http://localhost:3000/_next/static/css/app/layout.css?v=1781065541984 was preloaded using link preload but not used within a few seconds from the window's load event. Please make sure it has an appropriate `as` value and it is preloaded intentionally. @ http://localhost:3000/campaign/cmpll9z3p0000j048aqbgx3vi:0
[  605814ms] [WARNING] The resource http://localhost:3000/_next/static/css/app/layout.css?v=1781065241482 was preloaded using link preload but not used within a few seconds from the window's load event. Please make sure it has an appropriate `as` value and it is preloaded intentionally. @ http://localhost:3000/campaign/cmpll9z3p0000j048aqbgx3vi:0
[  605814ms] [WARNING] The resource http://localhost:3000/_next/static/css/app/layout.css?v=1781065261203 was preloaded using link preload but not used within a few seconds from the window's load event. Please make sure it has an appropriate `as` value and it is preloaded intentionally. @ http://localhost:3000/campaign/cmpll9z3p0000j048aqbgx3vi:0
[  605814ms] [WARNING] The resource http://localhost:3000/_next/static/css/app/layout.css?v=1781065558072 was preloaded using link preload but not used within a few seconds from the window's load event. Please make sure it has an appropriate `as` value and it is preloaded intentionally. @ http://localhost:3000/campaign/cmpll9z3p0000j048aqbgx3vi:0
[  605814ms] [WARNING] The resource http://localhost:3000/_next/static/css/app/layout.css?v=1781065581093 was preloaded using link preload but not used within a few seconds from the window's load event. Please make sure it has an appropriate `as` value and it is preloaded intentionally. @ http://localhost:3000/campaign/cmpll9z3p0000j048aqbgx3vi:0
[  605814ms] [WARNING] The resource http://localhost:3000/_next/static/css/app/layout.css?v=1781065584632 was preloaded using link preload but not used within a few seconds from the window's load event. Please make sure it has an appropriate `as` value and it is preloaded intentionally. @ http://localhost:3000/campaign/cmpll9z3p0000j048aqbgx3vi:0
[  605814ms] [WARNING] The resource http://localhost:3000/_next/static/css/app/layout.css?v=1781065529667 was preloaded using link preload but not used within a few seconds from the window's load event. Please make sure it has an appropriate `as` value and it is preloaded intentionally. @ http://localhost:3000/campaign/cmpll9z3p0000j048aqbgx3vi:0
[  605814ms] [WARNING] The resource http://localhost:3000/_next/static/css/app/layout.css?v=1781065637920 was preloaded using link preload but not used within a few seconds from the window's load event. Please make sure it has an appropriate `as` value and it is preloaded intentionally. @ http://localhost:3000/campaign/cmpll9z3p0000j048aqbgx3vi:0
[  605814ms] [WARNING] The resource http://localhost:3000/_next/static/css/app/layout.css?v=1781065542240 was preloaded using link preload but not used within a few seconds from the window's load event. Please make sure it has an appropriate `as` value and it is preloaded intentionally. @ http://localhost:3000/campaign/cmpll9z3p0000j048aqbgx3vi:0
[  605814ms] [WARNING] The resource http://localhost:3000/_next/static/css/app/layout.css?v=1781065551847 was preloaded using link preload but not used within a few seconds from the window's load event. Please make sure it has an appropriate `as` value and it is preloaded intentionally. @ http://localhost:3000/campaign/cmpll9z3p0000j048aqbgx3vi:0
[  605814ms] [WARNING] The resource http://localhost:3000/_next/static/css/app/layout.css?v=1781065509174 was preloaded using link preload but not used within a few seconds from the window's load event. Please make sure it has an appropriate `as` value and it is preloaded intentionally. @ http://localhost:3000/campaign/cmpll9z3p0000j048aqbgx3vi:0
[  605814ms] [WARNING] The resource http://localhost:3000/_next/static/css/app/layout.css?v=1781065442489 was preloaded using link preload but not used within a few seconds from the window's load event. Please make sure it has an appropriate `as` value and it is preloaded intentionally. @ http://localhost:3000/campaign/cmpll9z3p0000j048aqbgx3vi:0
[  605814ms] [WARNING] The resource http://localhost:3000/_next/static/css/app/layout.css?v=1781065456525 was preloaded using link preload but not used within a few seconds from the window's load event. Please make sure it has an appropriate `as` value and it is preloaded intentionally. @ http://localhost:3000/campaign/cmpll9z3p0000j048aqbgx3vi:0
[  605814ms] [WARNING] The resource http://localhost:3000/_next/static/css/app/layout.css?v=1781065243227 was preloaded using link preload but not used within a few seconds from the window's load event. Please make sure it has an appropriate `as` value and it is preloaded intentionally. @ http://localhost:3000/campaign/cmpll9z3p0000j048aqbgx3vi:0
[  605814ms] [WARNING] The resource http://localhost:3000/_next/static/css/app/layout.css?v=1781065547153 was preloaded using link preload but not used within a few seconds from the window's load event. Please make sure it has an appropriate `as` value and it is preloaded intentionally. @ http://localhost:3000/campaign/cmpll9z3p0000j048aqbgx3vi:0
[  605994ms] [LOG] [Fast Refresh] done in 3675ms @ webpack-internal:///(app-pages-browser)/./node_modules/next/dist/next-devtools/shared/forward-logs-shared.js:27
[  606093ms] [LOG] [Fast Refresh] rebuilding @ webpack-internal:///(app-pages-browser)/./node_modules/next/dist/next-devtools/shared/forward-logs-shared.js:27
[  606340ms] [LOG] [Fast Refresh] done in 246ms @ webpack-internal:///(app-pages-browser)/./node_modules/next/dist/next-devtools/shared/forward-logs-shared.js:27
[  609762ms] [WARNING] The resource http://localhost:3000/_next/static/css/app/layout.css?v=1781065389368 was preloaded using link preload but not used within a few seconds from the window's load event. Please make sure it has an appropriate `as` value and it is preloaded intentionally. @ http://localhost:3000/campaign/cmpll9z3p0000j048aqbgx3vi:0
[  609762ms] [WARNING] The resource http://localhost:3000/_next/static/css/app/layout.css?v=1781065633485 was preloaded using link preload but not used within a few seconds from the window's load event. Please make sure it has an appropriate `as` value and it is preloaded intentionally. @ http://localhost:3000/campaign/cmpll9z3p0000j048aqbgx3vi:0
[  609762ms] [WARNING] The resource http://localhost:3000/_next/static/css/app/layout.css?v=1781065552075 was preloaded using link preload but not used within a few seconds from the window's load event. Please make sure it has an appropriate `as` value and it is preloaded intentionally. @ http://localhost:3000/campaign/cmpll9z3p0000j048aqbgx3vi:0
[  609762ms] [WARNING] The resource http://localhost:3000/_next/static/css/app/layout.css?v=1781065557194 was preloaded using link preload but not used within a few seconds from the window's load event. Please make sure it has an appropriate `as` value and it is preloaded intentionally. @ http://localhost:3000/campaign/cmpll9z3p0000j048aqbgx3vi:0
[  609762ms] [WARNING] The resource http://localhost:3000/_next/static/css/app/layout.css?v=1781065547387 was preloaded using link preload but not used within a few seconds from the window's load event. Please make sure it has an appropriate `as` value and it is preloaded intentionally. @ http://localhost:3000/campaign/cmpll9z3p0000j048aqbgx3vi:0
[  609762ms] [WARNING] The resource http://localhost:3000/_next/static/css/app/layout.css?v=1781065602775 was preloaded using link preload but not used within a few seconds from the window's load event. Please make sure it has an appropriate `as` value and it is preloaded intentionally. @ http://localhost:3000/campaign/cmpll9z3p0000j048aqbgx3vi:0
[  609762ms] [WARNING] The resource http://localhost:3000/_next/static/css/app/layout.css?v=1781065541984 was preloaded using link preload but not used within a few seconds from the window's load event. Please make sure it has an appropriate `as` value and it is preloaded intentionally. @ http://localhost:3000/campaign/cmpll9z3p0000j048aqbgx3vi:0
[  609762ms] [WARNING] The resource http://localhost:3000/_next/static/css/app/layout.css?v=1781065241482 was preloaded using link preload but not used within a few seconds from the window's load event. Please make sure it has an appropriate `as` value and it is preloaded intentionally. @ http://localhost:3000/campaign/cmpll9z3p0000j048aqbgx3vi:0
[  609762ms] [WARNING] The resource http://localhost:3000/_next/static/css/app/layout.css?v=1781065261203 was preloaded using link preload but not used within a few seconds from the window's load event. Please make sure it has an appropriate `as` value and it is preloaded intentionally. @ http://localhost:3000/campaign/cmpll9z3p0000j048aqbgx3vi:0
[  609762ms] [WARNING] The resource http://localhost:3000/_next/static/css/app/layout.css?v=1781065558072 was preloaded using link preload but not used within a few seconds from the window's load event. Please make sure it has an appropriate `as` value and it is preloaded intentionally. @ http://localhost:3000/campaign/cmpll9z3p0000j048aqbgx3vi:0
[  609762ms] [WARNING] The resource http://localhost:3000/_next/static/css/app/layout.css?v=1781065581093 was preloaded using link preload but not used within a few seconds from the window's load event. Please make sure it has an appropriate `as` value and it is preloaded intentionally. @ http://localhost:3000/campaign/cmpll9z3p0000j048aqbgx3vi:0
[  609762ms] [WARNING] The resource http://localhost:3000/_next/static/css/app/layout.css?v=1781065584632 was preloaded using link preload but not used within a few seconds from the window's load event. Please make sure it has an appropriate `as` value and it is preloaded intentionally. @ http://localhost:3000/campaign/cmpll9z3p0000j048aqbgx3vi:0
[  609762ms] [WARNING] The resource http://localhost:3000/_next/static/css/app/layout.css?v=1781065529667 was preloaded using link preload but not used within a few seconds from the window's load event. Please make sure it has an appropriate `as` value and it is preloaded intentionally. @ http://localhost:3000/campaign/cmpll9z3p0000j048aqbgx3vi:0
[  609762ms] [WARNING] The resource http://localhost:3000/_next/static/css/app/layout.css?v=1781065637920 was preloaded using link preload but not used within a few seconds from the window's load event. Please make sure it has an appropriate `as` value and it is preloaded intentionally. @ http://localhost:3000/campaign/cmpll9z3p0000j048aqbgx3vi:0
[  609762ms] [WARNING] The resource http://localhost:3000/_next/static/css/app/layout.css?v=1781065542240 was preloaded using link preload but not used within a few seconds from the window's load event. Please make sure it has an appropriate `as` value and it is preloaded intentionally. @ http://localhost:3000/campaign/cmpll9z3p0000j048aqbgx3vi:0
[  609762ms] [WARNING] The resource http://localhost:3000/_next/static/css/app/layout.css?v=1781065551847 was preloaded using link preload but not used within a few seconds from the window's load event. Please make sure it has an appropriate `as` value and it is preloaded intentionally. @ http://localhost:3000/campaign/cmpll9z3p0000j048aqbgx3vi:0
[  609762ms] [WARNING] The resource http://localhost:3000/_next/static/css/app/layout.css?v=1781065509174 was preloaded using link preload but not used within a few seconds from the window's load event. Please make sure it has an appropriate `as` value and it is preloaded intentionally. @ http://localhost:3000/campaign/cmpll9z3p0000j048aqbgx3vi:0
[  609762ms] [WARNING] The resource http://localhost:3000/_next/static/css/app/layout.css?v=1781065442489 was preloaded using link preload but not used within a few seconds from the window's load event. Please make sure it has an appropriate `as` value and it is preloaded intentionally. @ http://localhost:3000/campaign/cmpll9z3p0000j048aqbgx3vi:0
[  609762ms] [WARNING] The resource http://localhost:3000/_next/static/css/app/layout.css?v=1781065456525 was preloaded using link preload but not used within a few seconds from the window's load event. Please make sure it has an appropriate `as` value and it is preloaded intentionally. @ http://localhost:3000/campaign/cmpll9z3p0000j048aqbgx3vi:0
[  609762ms] [WARNING] The resource http://localhost:3000/_next/static/css/app/layout.css?v=1781065243227 was preloaded using link preload but not used within a few seconds from the window's load event. Please make sure it has an appropriate `as` value and it is preloaded intentionally. @ http://localhost:3000/campaign/cmpll9z3p0000j048aqbgx3vi:0
[  609762ms] [WARNING] The resource http://localhost:3000/_next/static/css/app/layout.css?v=1781065547153 was preloaded using link preload but not used within a few seconds from the window's load event. Please make sure it has an appropriate `as` value and it is preloaded intentionally. @ http://localhost:3000/campaign/cmpll9z3p0000j048aqbgx3vi:0
[  633796ms] [WARNING] The resource http://localhost:3000/_next/static/css/app/layout.css?v=1781065389368 was preloaded using link preload but not used within a few seconds from the window's load event. Please make sure it has an appropriate `as` value and it is preloaded intentionally. @ http://localhost:3000/campaign/cmpll9z3p0000j048aqbgx3vi:0
[  633796ms] [WARNING] The resource http://localhost:3000/_next/static/css/app/layout.css?v=1781065633485 was preloaded using link preload but not used within a few seconds from the window's load event. Please make sure it has an appropriate `as` value and it is preloaded intentionally. @ http://localhost:3000/campaign/cmpll9z3p0000j048aqbgx3vi:0
[  633796ms] [WARNING] The resource http://localhost:3000/_next/static/css/app/layout.css?v=1781065552075 was preloaded using link preload but not used within a few seconds from the window's load event. Please make sure it has an appropriate `as` value and it is preloaded intentionally. @ http://localhost:3000/campaign/cmpll9z3p0000j048aqbgx3vi:0
[  633796ms] [WARNING] The resource http://localhost:3000/_next/static/css/app/layout.css?v=1781065557194 was preloaded using link preload but not used within a few seconds from the window's load event. Please make sure it has an appropriate `as` value and it is preloaded intentionally. @ http://localhost:3000/campaign/cmpll9z3p0000j048aqbgx3vi:0
[  633796ms] [WARNING] The resource http://localhost:3000/_next/static/css/app/layout.css?v=1781065547387 was preloaded using link preload but not used within a few seconds from the window's load event. Please make sure it has an appropriate `as` value and it is preloaded intentionally. @ http://localhost:3000/campaign/cmpll9z3p0000j048aqbgx3vi:0
[  633796ms] [WARNING] The resource http://localhost:3000/_next/static/css/app/layout.css?v=1781065602775 was preloaded using link preload but not used within a few seconds from the window's load event. Please make sure it has an appropriate `as` value and it is preloaded intentionally. @ http://localhost:3000/campaign/cmpll9z3p0000j048aqbgx3vi:0
[  633796ms] [WARNING] The resource http://localhost:3000/_next/static/css/app/layout.css?v=1781065541984 was preloaded using link preload but not used within a few seconds from the window's load event. Please make sure it has an appropriate `as` value and it is preloaded intentionally. @ http://localhost:3000/campaign/cmpll9z3p0000j048aqbgx3vi:0
[  633796ms] [WARNING] The resource http://localhost:3000/_next/static/css/app/layout.css?v=1781065241482 was preloaded using link preload but not used within a few seconds from the window's load event. Please make sure it has an appropriate `as` value and it is preloaded intentionally. @ http://localhost:3000/campaign/cmpll9z3p0000j048aqbgx3vi:0
[  633796ms] [WARNING] The resource http://localhost:3000/_next/static/css/app/layout.css?v=1781065261203 was preloaded using link preload but not used within a few seconds from the window's load event. Please make sure it has an appropriate `as` value and it is preloaded intentionally. @ http://localhost:3000/campaign/cmpll9z3p0000j048aqbgx3vi:0
[  633796ms] [WARNING] The resource http://localhost:3000/_next/static/css/app/layout.css?v=1781065558072 was preloaded using link preload but not used within a few seconds from the window's load event. Please make sure it has an appropriate `as` value and it is preloaded intentionally. @ http://localhost:3000/campaign/cmpll9z3p0000j048aqbgx3vi:0
[  633796ms] [WARNING] The resource http://localhost:3000/_next/static/css/app/layout.css?v=1781065581093 was preloaded using link preload but not used within a few seconds from the window's load event. Please make sure it has an appropriate `as` value and it is preloaded intentionally. @ http://localhost:3000/campaign/cmpll9z3p0000j048aqbgx3vi:0
[  633796ms] [WARNING] The resource http://localhost:3000/_next/static/css/app/layout.css?v=1781065584632 was preloaded using link preload but not used within a few seconds from the window's load event. Please make sure it has an appropriate `as` value and it is preloaded intentionally. @ http://localhost:3000/campaign/cmpll9z3p0000j048aqbgx3vi:0
[  633796ms] [WARNING] The resource http://localhost:3000/_next/static/css/app/layout.css?v=1781065529667 was preloaded using link preload but not used within a few seconds from the window's load event. Please make sure it has an appropriate `as` value and it is preloaded intentionally. @ http://localhost:3000/campaign/cmpll9z3p0000j048aqbgx3vi:0
[  633796ms] [WARNING] The resource http://localhost:3000/_next/static/css/app/layout.css?v=1781065637920 was preloaded using link preload but not used within a few seconds from the window's load event. Please make sure it has an appropriate `as` value and it is preloaded intentionally. @ http://localhost:3000/campaign/cmpll9z3p0000j048aqbgx3vi:0
[  633796ms] [WARNING] The resource http://localhost:3000/_next/static/css/app/layout.css?v=1781065542240 was preloaded using link preload but not used within a few seconds from the window's load event. Please make sure it has an appropriate `as` value and it is preloaded intentionally. @ http://localhost:3000/campaign/cmpll9z3p0000j048aqbgx3vi:0
[  633796ms] [WARNING] The resource http://localhost:3000/_next/static/css/app/layout.css?v=1781065551847 was preloaded using link preload but not used within a few seconds from the window's load event. Please make sure it has an appropriate `as` value and it is preloaded intentionally. @ http://localhost:3000/campaign/cmpll9z3p0000j048aqbgx3vi:0
[  633796ms] [WARNING] The resource http://localhost:3000/_next/static/css/app/layout.css?v=1781065509174 was preloaded using link preload but not used within a few seconds from the window's load event. Please make sure it has an appropriate `as` value and it is preloaded intentionally. @ http://localhost:3000/campaign/cmpll9z3p0000j048aqbgx3vi:0
[  633796ms] [WARNING] The resource http://localhost:3000/_next/static/css/app/layout.css?v=1781065442489 was preloaded using link preload but not used within a few seconds from the window's load event. Please make sure it has an appropriate `as` value and it is preloaded intentionally. @ http://localhost:3000/campaign/cmpll9z3p0000j048aqbgx3vi:0
[  633796ms] [WARNING] The resource http://localhost:3000/_next/static/css/app/layout.css?v=1781065456525 was preloaded using link preload but not used within a few seconds from the window's load event. Please make sure it has an appropriate `as` value and it is preloaded intentionally. @ http://localhost:3000/campaign/cmpll9z3p0000j048aqbgx3vi:0
[  633797ms] [WARNING] The resource http://localhost:3000/_next/static/css/app/layout.css?v=1781065243227 was preloaded using link preload but not used within a few seconds from the window's load event. Please make sure it has an appropriate `as` value and it is preloaded intentionally. @ http://localhost:3000/campaign/cmpll9z3p0000j048aqbgx3vi:0
[  633797ms] [WARNING] The resource http://localhost:3000/_next/static/css/app/layout.css?v=1781065547153 was preloaded using link preload but not used within a few seconds from the window's load event. Please make sure it has an appropriate `as` value and it is preloaded intentionally. @ http://localhost:3000/campaign/cmpll9z3p0000j048aqbgx3vi:0
[  663797ms] [WARNING] The resource http://localhost:3000/_next/static/css/app/layout.css?v=1781065389368 was preloaded using link preload but not used within a few seconds from the window's load event. Please make sure it has an appropriate `as` value and it is preloaded intentionally. @ http://localhost:3000/campaign/cmpll9z3p0000j048aqbgx3vi:0
[  663797ms] [WARNING] The resource http://localhost:3000/_next/static/css/app/layout.css?v=1781065633485 was preloaded using link preload but not used within a few seconds from the window's load event. Please make sure it has an appropriate `as` value and it is preloaded intentionally. @ http://localhost:3000/campaign/cmpll9z3p0000j048aqbgx3vi:0
[  663797ms] [WARNING] The resource http://localhost:3000/_next/static/css/app/layout.css?v=1781065552075 was preloaded using link preload but not used within a few seconds from the window's load event. Please make sure it has an appropriate `as` value and it is preloaded intentionally. @ http://localhost:3000/campaign/cmpll9z3p0000j048aqbgx3vi:0
[  663797ms] [WARNING] The resource http://localhost:3000/_next/static/css/app/layout.css?v=1781065557194 was preloaded using link preload but not used within a few seconds from the window's load event. Please make sure it has an appropriate `as` value and it is preloaded intentionally. @ http://localhost:3000/campaign/cmpll9z3p0000j048aqbgx3vi:0
[  663797ms] [WARNING] The resource http://localhost:3000/_next/static/css/app/layout.css?v=1781065547387 was preloaded using link preload but not used within a few seconds from the window's load event. Please make sure it has an appropriate `as` value and it is preloaded intentionally. @ http://localhost:3000/campaign/cmpll9z3p0000j048aqbgx3vi:0
[  663797ms] [WARNING] The resource http://localhost:3000/_next/static/css/app/layout.css?v=1781065602775 was preloaded using link preload but not used within a few seconds from the window's load event. Please make sure it has an appropriate `as` value and it is preloaded intentionally. @ http://localhost:3000/campaign/cmpll9z3p0000j048aqbgx3vi:0
[  663797ms] [WARNING] The resource http://localhost:3000/_next/static/css/app/layout.css?v=1781065541984 was preloaded using link preload but not used within a few seconds from the window's load event. Please make sure it has an appropriate `as` value and it is preloaded intentionally. @ http://localhost:3000/campaign/cmpll9z3p0000j048aqbgx3vi:0
[  663797ms] [WARNING] The resource http://localhost:3000/_next/static/css/app/layout.css?v=1781065241482 was preloaded using link preload but not used within a few seconds from the window's load event. Please make sure it has an appropriate `as` value and it is preloaded intentionally. @ http://localhost:3000/campaign/cmpll9z3p0000j048aqbgx3vi:0
[  663797ms] [WARNING] The resource http://localhost:3000/_next/static/css/app/layout.css?v=1781065261203 was preloaded using link preload but not used within a few seconds from the window's load event. Please make sure it has an appropriate `as` value and it is preloaded intentionally. @ http://localhost:3000/campaign/cmpll9z3p0000j048aqbgx3vi:0
[  663797ms] [WARNING] The resource http://localhost:3000/_next/static/css/app/layout.css?v=1781065558072 was preloaded using link preload but not used within a few seconds from the window's load event. Please make sure it has an appropriate `as` value and it is preloaded intentionally. @ http://localhost:3000/campaign/cmpll9z3p0000j048aqbgx3vi:0
[  663797ms] [WARNING] The resource http://localhost:3000/_next/static/css/app/layout.css?v=1781065581093 was preloaded using link preload but not used within a few seconds from the window's load event. Please make sure it has an appropriate `as` value and it is preloaded intentionally. @ http://localhost:3000/campaign/cmpll9z3p0000j048aqbgx3vi:0
[  663797ms] [WARNING] The resource http://localhost:3000/_next/static/css/app/layout.css?v=1781065584632 was preloaded using link preload but not used within a few seconds from the window's load event. Please make sure it has an appropriate `as` value and it is preloaded intentionally. @ http://localhost:3000/campaign/cmpll9z3p0000j048aqbgx3vi:0
[  663797ms] [WARNING] The resource http://localhost:3000/_next/static/css/app/layout.css?v=1781065529667 was preloaded using link preload but not used within a few seconds from the window's load event. Please make sure it has an appropriate `as` value and it is preloaded intentionally. @ http://localhost:3000/campaign/cmpll9z3p0000j048aqbgx3vi:0
[  663797ms] [WARNING] The resource http://localhost:3000/_next/static/css/app/layout.css?v=1781065637920 was preloaded using link preload but not used within a few seconds from the window's load event. Please make sure it has an appropriate `as` value and it is preloaded intentionally. @ http://localhost:3000/campaign/cmpll9z3p0000j048aqbgx3vi:0
[  663797ms] [WARNING] The resource http://localhost:3000/_next/static/css/app/layout.css?v=1781065542240 was preloaded using link preload but not used within a few seconds from the window's load event. Please make sure it has an appropriate `as` value and it is preloaded intentionally. @ http://localhost:3000/campaign/cmpll9z3p0000j048aqbgx3vi:0
[  663797ms] [WARNING] The resource http://localhost:3000/_next/static/css/app/layout.css?v=1781065551847 was preloaded using link preload but not used within a few seconds from the window's load event. Please make sure it has an appropriate `as` value and it is preloaded intentionally. @ http://localhost:3000/campaign/cmpll9z3p0000j048aqbgx3vi:0
[  663798ms] [WARNING] The resource http://localhost:3000/_next/static/css/app/layout.css?v=1781065509174 was preloaded using link preload but not used within a few seconds from the window's load event. Please make sure it has an appropriate `as` value and it is preloaded intentionally. @ http://localhost:3000/campaign/cmpll9z3p0000j048aqbgx3vi:0
[  663798ms] [WARNING] The resource http://localhost:3000/_next/static/css/app/layout.css?v=1781065442489 was preloaded using link preload but not used within a few seconds from the window's load event. Please make sure it has an appropriate `as` value and it is preloaded intentionally. @ http://localhost:3000/campaign/cmpll9z3p0000j048aqbgx3vi:0
[  663798ms] [WARNING] The resource http://localhost:3000/_next/static/css/app/layout.css?v=1781065456525 was preloaded using link preload but not used within a few seconds from the window's load event. Please make sure it has an appropriate `as` value and it is preloaded intentionally. @ http://localhost:3000/campaign/cmpll9z3p0000j048aqbgx3vi:0
[  663798ms] [WARNING] The resource http://localhost:3000/_next/static/css/app/layout.css?v=1781065243227 was preloaded using link preload but not used within a few seconds from the window's load event. Please make sure it has an appropriate `as` value and it is preloaded intentionally. @ http://localhost:3000/campaign/cmpll9z3p0000j048aqbgx3vi:0
[  663798ms] [WARNING] The resource http://localhost:3000/_next/static/css/app/layout.css?v=1781065547153 was preloaded using link preload but not used within a few seconds from the window's load event. Please make sure it has an appropriate `as` value and it is preloaded intentionally. @ http://localhost:3000/campaign/cmpll9z3p0000j048aqbgx3vi:0
[  693805ms] [WARNING] The resource http://localhost:3000/_next/static/css/app/layout.css?v=1781065389368 was preloaded using link preload but not used within a few seconds from the window's load event. Please make sure it has an appropriate `as` value and it is preloaded intentionally. @ http://localhost:3000/campaign/cmpll9z3p0000j048aqbgx3vi:0
[  693805ms] [WARNING] The resource http://localhost:3000/_next/static/css/app/layout.css?v=1781065633485 was preloaded using link preload but not used within a few seconds from the window's load event. Please make sure it has an appropriate `as` value and it is preloaded intentionally. @ http://localhost:3000/campaign/cmpll9z3p0000j048aqbgx3vi:0
[  693805ms] [WARNING] The resource http://localhost:3000/_next/static/css/app/layout.css?v=1781065552075 was preloaded using link preload but not used within a few seconds from the window's load event. Please make sure it has an appropriate `as` value and it is preloaded intentionally. @ http://localhost:3000/campaign/cmpll9z3p0000j048aqbgx3vi:0
[  693805ms] [WARNING] The resource http://localhost:3000/_next/static/css/app/layout.css?v=1781065557194 was preloaded using link preload but not used within a few seconds from the window's load event. Please make sure it has an appropriate `as` value and it is preloaded intentionally. @ http://localhost:3000/campaign/cmpll9z3p0000j048aqbgx3vi:0
[  693805ms] [WARNING] The resource http://localhost:3000/_next/static/css/app/layout.css?v=1781065547387 was preloaded using link preload but not used within a few seconds from the window's load event. Please make sure it has an appropriate `as` value and it is preloaded intentionally. @ http://localhost:3000/campaign/cmpll9z3p0000j048aqbgx3vi:0
[  693805ms] [WARNING] The resource http://localhost:3000/_next/static/css/app/layout.css?v=1781065602775 was preloaded using link preload but not used within a few seconds from the window's load event. Please make sure it has an appropriate `as` value and it is preloaded intentionally. @ http://localhost:3000/campaign/cmpll9z3p0000j048aqbgx3vi:0
[  693805ms] [WARNING] The resource http://localhost:3000/_next/static/css/app/layout.css?v=1781065541984 was preloaded using link preload but not used within a few seconds from the window's load event. Please make sure it has an appropriate `as` value and it is preloaded intentionally. @ http://localhost:3000/campaign/cmpll9z3p0000j048aqbgx3vi:0
[  693805ms] [WARNING] The resource http://localhost:3000/_next/static/css/app/layout.css?v=1781065241482 was preloaded using link preload but not used within a few seconds from the window's load event. Please make sure it has an appropriate `as` value and it is preloaded intentionally. @ http://localhost:3000/campaign/cmpll9z3p0000j048aqbgx3vi:0
[  693805ms] [WARNING] The resource http://localhost:3000/_next/static/css/app/layout.css?v=1781065261203 was preloaded using link preload but not used within a few seconds from the window's load event. Please make sure it has an appropriate `as` value and it is preloaded intentionally. @ http://localhost:3000/campaign/cmpll9z3p0000j048aqbgx3vi:0
[  693805ms] [WARNING] The resource http://localhost:3000/_next/static/css/app/layout.css?v=1781065558072 was preloaded using link preload but not used within a few seconds from the window's load event. Please make sure it has an appropriate `as` value and it is preloaded intentionally. @ http://localhost:3000/campaign/cmpll9z3p0000j048aqbgx3vi:0
[  693805ms] [WARNING] The resource http://localhost:3000/_next/static/css/app/layout.css?v=1781065581093 was preloaded using link preload but not used within a few seconds from the window's load event. Please make sure it has an appropriate `as` value and it is preloaded intentionally. @ http://localhost:3000/campaign/cmpll9z3p0000j048aqbgx3vi:0
[  693805ms] [WARNING] The resource http://localhost:3000/_next/static/css/app/layout.css?v=1781065584632 was preloaded using link preload but not used within a few seconds from the window's load event. Please make sure it has an appropriate `as` value and it is preloaded intentionally. @ http://localhost:3000/campaign/cmpll9z3p0000j048aqbgx3vi:0
[  693805ms] [WARNING] The resource http://localhost:3000/_next/static/css/app/layout.css?v=1781065529667 was preloaded using link preload but not used within a few seconds from the window's load event. Please make sure it has an appropriate `as` value and it is preloaded intentionally. @ http://localhost:3000/campaign/cmpll9z3p0000j048aqbgx3vi:0
[  693805ms] [WARNING] The resource http://localhost:3000/_next/static/css/app/layout.css?v=1781065637920 was preloaded using link preload but not used within a few seconds from the window's load event. Please make sure it has an appropriate `as` value and it is preloaded intentionally. @ http://localhost:3000/campaign/cmpll9z3p0000j048aqbgx3vi:0
[  693805ms] [WARNING] The resource http://localhost:3000/_next/static/css/app/layout.css?v=1781065542240 was preloaded using link preload but not used within a few seconds from the window's load event. Please make sure it has an appropriate `as` value and it is preloaded intentionally. @ http://localhost:3000/campaign/cmpll9z3p0000j048aqbgx3vi:0
[  693805ms] [WARNING] The resource http://localhost:3000/_next/static/css/app/layout.css?v=1781065551847 was preloaded using link preload but not used within a few seconds from the window's load event. Please make sure it has an appropriate `as` value and it is preloaded intentionally. @ http://localhost:3000/campaign/cmpll9z3p0000j048aqbgx3vi:0
[  693805ms] [WARNING] The resource http://localhost:3000/_next/static/css/app/layout.css?v=1781065509174 was preloaded using link preload but not used within a few seconds from the window's load event. Please make sure it has an appropriate `as` value and it is preloaded intentionally. @ http://localhost:3000/campaign/cmpll9z3p0000j048aqbgx3vi:0
[  693805ms] [WARNING] The resource http://localhost:3000/_next/static/css/app/layout.css?v=1781065442489 was preloaded using link preload but not used within a few seconds from the window's load event. Please make sure it has an appropriate `as` value and it is preloaded intentionally. @ http://localhost:3000/campaign/cmpll9z3p0000j048aqbgx3vi:0
[  693805ms] [WARNING] The resource http://localhost:3000/_next/static/css/app/layout.css?v=1781065456525 was preloaded using link preload but not used within a few seconds from the window's load event. Please make sure it has an appropriate `as` value and it is preloaded intentionally. @ http://localhost:3000/campaign/cmpll9z3p0000j048aqbgx3vi:0
[  693805ms] [WARNING] The resource http://localhost:3000/_next/static/css/app/layout.css?v=1781065243227 was preloaded using link preload but not used within a few seconds from the window's load event. Please make sure it has an appropriate `as` value and it is preloaded intentionally. @ http://localhost:3000/campaign/cmpll9z3p0000j048aqbgx3vi:0
[  693805ms] [WARNING] The resource http://localhost:3000/_next/static/css/app/layout.css?v=1781065547153 was preloaded using link preload but not used within a few seconds from the window's load event. Please make sure it has an appropriate `as` value and it is preloaded intentionally. @ http://localhost:3000/campaign/cmpll9z3p0000j048aqbgx3vi:0
[  723804ms] [WARNING] The resource http://localhost:3000/_next/static/css/app/layout.css?v=1781065389368 was preloaded using link preload but not used within a few seconds from the window's load event. Please make sure it has an appropriate `as` value and it is preloaded intentionally. @ http://localhost:3000/campaign/cmpll9z3p0000j048aqbgx3vi:0
[  723804ms] [WARNING] The resource http://localhost:3000/_next/static/css/app/layout.css?v=1781065633485 was preloaded using link preload but not used within a few seconds from the window's load event. Please make sure it has an appropriate `as` value and it is preloaded intentionally. @ http://localhost:3000/campaign/cmpll9z3p0000j048aqbgx3vi:0
[  723804ms] [WARNING] The resource http://localhost:3000/_next/static/css/app/layout.css?v=1781065552075 was preloaded using link preload but not used within a few seconds from the window's load event. Please make sure it has an appropriate `as` value and it is preloaded intentionally. @ http://localhost:3000/campaign/cmpll9z3p0000j048aqbgx3vi:0
[  723804ms] [WARNING] The resource http://localhost:3000/_next/static/css/app/layout.css?v=1781065557194 was preloaded using link preload but not used within a few seconds from the window's load event. Please make sure it has an appropriate `as` value and it is preloaded intentionally. @ http://localhost:3000/campaign/cmpll9z3p0000j048aqbgx3vi:0
[  723804ms] [WARNING] The resource http://localhost:3000/_next/static/css/app/layout.css?v=1781065547387 was preloaded using link preload but not used within a few seconds from the window's load event. Please make sure it has an appropriate `as` value and it is preloaded intentionally. @ http://localhost:3000/campaign/cmpll9z3p0000j048aqbgx3vi:0
[  723804ms] [WARNING] The resource http://localhost:3000/_next/static/css/app/layout.css?v=1781065602775 was preloaded using link preload but not used within a few seconds from the window's load event. Please make sure it has an appropriate `as` value and it is preloaded intentionally. @ http://localhost:3000/campaign/cmpll9z3p0000j048aqbgx3vi:0
[  723804ms] [WARNING] The resource http://localhost:3000/_next/static/css/app/layout.css?v=1781065541984 was preloaded using link preload but not used within a few seconds from the window's load event. Please make sure it has an appropriate `as` value and it is preloaded intentionally. @ http://localhost:3000/campaign/cmpll9z3p0000j048aqbgx3vi:0
[  723804ms] [WARNING] The resource http://localhost:3000/_next/static/css/app/layout.css?v=1781065241482 was preloaded using link preload but not used within a few seconds from the window's load event. Please make sure it has an appropriate `as` value and it is preloaded intentionally. @ http://localhost:3000/campaign/cmpll9z3p0000j048aqbgx3vi:0
[  723804ms] [WARNING] The resource http://localhost:3000/_next/static/css/app/layout.css?v=1781065261203 was preloaded using link preload but not used within a few seconds from the window's load event. Please make sure it has an appropriate `as` value and it is preloaded intentionally. @ http://localhost:3000/campaign/cmpll9z3p0000j048aqbgx3vi:0
[  723804ms] [WARNING] The resource http://localhost:3000/_next/static/css/app/layout.css?v=1781065558072 was preloaded using link preload but not used within a few seconds from the window's load event. Please make sure it has an appropriate `as` value and it is preloaded intentionally. @ http://localhost:3000/campaign/cmpll9z3p0000j048aqbgx3vi:0
[  723804ms] [WARNING] The resource http://localhost:3000/_next/static/css/app/layout.css?v=1781065581093 was preloaded using link preload but not used within a few seconds from the window's load event. Please make sure it has an appropriate `as` value and it is preloaded intentionally. @ http://localhost:3000/campaign/cmpll9z3p0000j048aqbgx3vi:0
[  723804ms] [WARNING] The resource http://localhost:3000/_next/static/css/app/layout.css?v=1781065584632 was preloaded using link preload but not used within a few seconds from the window's load event. Please make sure it has an appropriate `as` value and it is preloaded intentionally. @ http://localhost:3000/campaign/cmpll9z3p0000j048aqbgx3vi:0
[  723804ms] [WARNING] The resource http://localhost:3000/_next/static/css/app/layout.css?v=1781065529667 was preloaded using link preload but not used within a few seconds from the window's load event. Please make sure it has an appropriate `as` value and it is preloaded intentionally. @ http://localhost:3000/campaign/cmpll9z3p0000j048aqbgx3vi:0
[  723804ms] [WARNING] The resource http://localhost:3000/_next/static/css/app/layout.css?v=1781065637920 was preloaded using link preload but not used within a few seconds from the window's load event. Please make sure it has an appropriate `as` value and it is preloaded intentionally. @ http://localhost:3000/campaign/cmpll9z3p0000j048aqbgx3vi:0
[  723804ms] [WARNING] The resource http://localhost:3000/_next/static/css/app/layout.css?v=1781065542240 was preloaded using link preload but not used within a few seconds from the window's load event. Please make sure it has an appropriate `as` value and it is preloaded intentionally. @ http://localhost:3000/campaign/cmpll9z3p0000j048aqbgx3vi:0
[  723804ms] [WARNING] The resource http://localhost:3000/_next/static/css/app/layout.css?v=1781065551847 was preloaded using link preload but not used within a few seconds from the window's load event. Please make sure it has an appropriate `as` value and it is preloaded intentionally. @ http://localhost:3000/campaign/cmpll9z3p0000j048aqbgx3vi:0
[  723804ms] [WARNING] The resource http://localhost:3000/_next/static/css/app/layout.css?v=1781065509174 was preloaded using link preload but not used within a few seconds from the window's load event. Please make sure it has an appropriate `as` value and it is preloaded intentionally. @ http://localhost:3000/campaign/cmpll9z3p0000j048aqbgx3vi:0
[  723804ms] [WARNING] The resource http://localhost:3000/_next/static/css/app/layout.css?v=1781065442489 was preloaded using link preload but not used within a few seconds from the window's load event. Please make sure it has an appropriate `as` value and it is preloaded intentionally. @ http://localhost:3000/campaign/cmpll9z3p0000j048aqbgx3vi:0
[  723804ms] [WARNING] The resource http://localhost:3000/_next/static/css/app/layout.css?v=1781065456525 was preloaded using link preload but not used within a few seconds from the window's load event. Please make sure it has an appropriate `as` value and it is preloaded intentionally. @ http://localhost:3000/campaign/cmpll9z3p0000j048aqbgx3vi:0
[  723804ms] [WARNING] The resource http://localhost:3000/_next/static/css/app/layout.css?v=1781065243227 was preloaded using link preload but not used within a few seconds from the window's load event. Please make sure it has an appropriate `as` value and it is preloaded intentionally. @ http://localhost:3000/campaign/cmpll9z3p0000j048aqbgx3vi:0
[  723804ms] [WARNING] The resource http://localhost:3000/_next/static/css/app/layout.css?v=1781065547153 was preloaded using link preload but not used within a few seconds from the window's load event. Please make sure it has an appropriate `as` value and it is preloaded intentionally. @ http://localhost:3000/campaign/cmpll9z3p0000j048aqbgx3vi:0
[  733153ms] [LOG] [Fast Refresh] rebuilding @ webpack-internal:///(app-pages-browser)/./node_modules/next/dist/next-devtools/shared/forward-logs-shared.js:27
[  734361ms] [LOG] [Fast Refresh] rebuilding @ webpack-internal:///(app-pages-browser)/./node_modules/next/dist/next-devtools/shared/forward-logs-shared.js:27
[  734590ms] [LOG] [Fast Refresh] done in 229ms @ webpack-internal:///(app-pages-browser)/./node_modules/next/dist/next-devtools/shared/forward-logs-shared.js:27
[  735410ms] [LOG] [Fast Refresh] rebuilding @ webpack-internal:///(app-pages-browser)/./node_modules/next/dist/next-devtools/shared/forward-logs-shared.js:27
[  736416ms] [LOG] [Fast Refresh] done in 1007ms @ webpack-internal:///(app-pages-browser)/./node_modules/next/dist/next-devtools/shared/forward-logs-shared.js:27
[  738474ms] [LOG] [Fast Refresh] rebuilding @ webpack-internal:///(app-pages-browser)/./node_modules/next/dist/next-devtools/shared/forward-logs-shared.js:27
[  738581ms] [LOG] [Fast Refresh] done in 106ms @ webpack-internal:///(app-pages-browser)/./node_modules/next/dist/next-devtools/shared/forward-logs-shared.js:27
[  738627ms] [LOG] [Fast Refresh] done in 152ms @ webpack-internal:///(app-pages-browser)/./node_modules/next/dist/next-devtools/shared/forward-logs-shared.js:27
[  738947ms] [ERROR] Failed to load resource: the server responded with a status of 500 (Internal Server Error) @ http://localhost:3000/campaign/cmpll9z3p0000j048aqbgx3vi?_rsc=1iam6:0
[  741602ms] [INFO] %cDownload the React DevTools for a better development experience: https://react.dev/link/react-devtools font-weight:bold @ webpack-internal:///(app-pages-browser)/./node_modules/next/dist/next-devtools/shared/forward-logs-shared.js:27
[  741702ms] [LOG] [HMR] connected @ webpack-internal:///(app-pages-browser)/./node_modules/next/dist/next-devtools/shared/forward-logs-shared.js:27
[  742077ms] [LOG] [Fast Refresh] rebuilding @ webpack-internal:///(app-pages-browser)/./node_modules/next/dist/next-devtools/shared/forward-logs-shared.js:27
[  742501ms] [LOG] [Fast Refresh] done in 424ms @ webpack-internal:///(app-pages-browser)/./node_modules/next/dist/next-devtools/shared/forward-logs-shared.js:27
[  744706ms] [LOG] [Fast Refresh] rebuilding @ webpack-internal:///(app-pages-browser)/./node_modules/next/dist/next-devtools/shared/forward-logs-shared.js:27
[  745142ms] [LOG] [Fast Refresh] done in 435ms @ webpack-internal:///(app-pages-browser)/./node_modules/next/dist/next-devtools/shared/forward-logs-shared.js:27
[  746202ms] [LOG] [Fast Refresh] rebuilding @ webpack-internal:///(app-pages-browser)/./node_modules/next/dist/next-devtools/shared/forward-logs-shared.js:27
[  749801ms] [LOG] [Fast Refresh] rebuilding @ webpack-internal:///(app-pages-browser)/./node_modules/next/dist/next-devtools/shared/forward-logs-shared.js:27
[  750588ms] [LOG] [Fast Refresh] done in 787ms @ webpack-internal:///(app-pages-browser)/./node_modules/next/dist/next-devtools/shared/forward-logs-shared.js:27
[  751636ms] [LOG] [Fast Refresh] done in 1835ms @ webpack-internal:///(app-pages-browser)/./node_modules/next/dist/next-devtools/shared/forward-logs-shared.js:27
[  759079ms] [LOG] [Fast Refresh] rebuilding @ webpack-internal:///(app-pages-browser)/./node_modules/next/dist/next-devtools/shared/forward-logs-shared.js:27
[  759379ms] [LOG] [Fast Refresh] rebuilding @ webpack-internal:///(app-pages-browser)/./node_modules/next/dist/next-devtools/shared/forward-logs-shared.js:27
[  759455ms] [LOG] [Fast Refresh] done in 76ms @ webpack-internal:///(app-pages-browser)/./node_modules/next/dist/next-devtools/shared/forward-logs-shared.js:27
[  760140ms] [LOG] [Fast Refresh] done in 760ms @ webpack-internal:///(app-pages-browser)/./node_modules/next/dist/next-devtools/shared/forward-logs-shared.js:27
[  760891ms] [LOG] [Fast Refresh] rebuilding @ webpack-internal:///(app-pages-browser)/./node_modules/next/dist/next-devtools/shared/forward-logs-shared.js:27
[  761180ms] [LOG] [Fast Refresh] rebuilding @ webpack-internal:///(app-pages-browser)/./node_modules/next/dist/next-devtools/shared/forward-logs-shared.js:27
[  761256ms] [LOG] [Fast Refresh] done in 75ms @ webpack-internal:///(app-pages-browser)/./node_modules/next/dist/next-devtools/shared/forward-logs-shared.js:27
[  762563ms] ReferenceError: CampaignClock is not defined
    at CampaignCanvas (webpack-internal:///(app-pages-browser)/./src/components/CampaignCanvas.tsx:1542:113)
    at Object.react_stack_bottom_frame (webpack-internal:///(app-pages-browser)/./node_modules/next/dist/compiled/react-dom/cjs/react-dom-client.development.js:28039:20)
    at renderWithHooks (webpack-internal:///(app-pages-browser)/./node_modules/next/dist/compiled/react-dom/cjs/react-dom-client.development.js:7985:22)
    at updateFunctionComponent (webpack-internal:///(app-pages-browser)/./node_modules/next/dist/compiled/react-dom/cjs/react-dom-client.development.js:10502:19)
    at beginWork (webpack-internal:///(app-pages-browser)/./node_modules/next/dist/compiled/react-dom/cjs/react-dom-client.development.js:12137:18)
    at runWithFiberInDEV (webpack-internal:///(app-pages-browser)/./node_modules/next/dist/compiled/react-dom/cjs/react-dom-client.development.js:987:30)
    at performUnitOfWork (webpack-internal:///(app-pages-browser)/./node_modules/next/dist/compiled/react-dom/cjs/react-dom-client.development.js:18998:22)
    at workLoopSync (webpack-internal:///(app-pages-browser)/./node_modules/next/dist/compiled/react-dom/cjs/react-dom-client.development.js:18826:41)
    at renderRootSync (webpack-internal:///(app-pages-browser)/./node_modules/next/dist/compiled/react-dom/cjs/react-dom-client.development.js:18807:11)
    at performWorkOnRoot (webpack-internal:///(app-pages-browser)/./node_modules/next/dist/compiled/react-dom/cjs/react-dom-client.development.js:17915:35)
    at performSyncWorkOnRoot (webpack-internal:///(app-pages-browser)/./node_modules/next/dist/compiled/react-dom/cjs/react-dom-client.development.js:20400:7)
    at flushSyncWorkAcrossRoots_impl (webpack-internal:///(app-pages-browser)/./node_modules/next/dist/compiled/react-dom/cjs/react-dom-client.development.js:20242:21)
    at flushSyncWork$1 (webpack-internal:///(app-pages-browser)/./node_modules/next/dist/compiled/react-dom/cjs/react-dom-client.development.js:18253:12)
    at Object.scheduleRefresh (webpack-internal:///(app-pages-browser)/./node_modules/next/dist/compiled/react-dom/cjs/react-dom-client.development.js:114:9)
    at eval (webpack-internal:///(app-pages-browser)/./node_modules/next/dist/compiled/react-refresh/cjs/react-refresh-runtime.development.js:265:17)
    at Set.forEach (<anonymous>)
    at Object.performReactRefresh (webpack-internal:///(app-pages-browser)/./node_modules/next/dist/compiled/react-refresh/cjs/react-refresh-runtime.development.js:254:26)
    at applyUpdate (webpack-internal:///(app-pages-browser)/./node_modules/next/dist/compiled/@next/react-refresh-utils/dist/internal/helpers.js:139:31)
    at statusHandler (webpack-internal:///(app-pages-browser)/./node_modules/next/dist/compiled/@next/react-refresh-utils/dist/internal/helpers.js:156:13)
    at setStatus (http://localhost:3000/_next/static/chunks/webpack.js?v=1781065821317:498:55)
    at http://localhost:3000/_next/static/chunks/webpack.js?v=1781065821317:667:21
[  762566ms] NotFoundError: Failed to execute 'removeChild' on 'Node': The node to be removed is not a child of this node.
    at removeChildFromContainer (webpack-internal:///(app-pages-browser)/./node_modules/next/dist/compiled/react-dom/cjs/react-dom-client.development.js:23674:9)
    at runWithFiberInDEV (webpack-internal:///(app-pages-browser)/./node_modules/next/dist/compiled/react-dom/cjs/react-dom-client.development.js:987:30)
    at commitDeletionEffectsOnFiber (webpack-internal:///(app-pages-browser)/./node_modules/next/dist/compiled/react-dom/cjs/react-dom-client.development.js:15436:17)
    at recursivelyTraverseDeletionEffects (webpack-internal:///(app-pages-browser)/./node_modules/next/dist/compiled/react-dom/cjs/react-dom-client.development.js:15351:9)
    at commitDeletionEffectsOnFiber (webpack-internal:///(app-pages-browser)/./node_modules/next/dist/compiled/react-dom/cjs/react-dom-client.development.js:15510:11)
    at recursivelyTraverseDeletionEffects (webpack-internal:///(app-pages-browser)/./node_modules/next/dist/compiled/react-dom/cjs/react-dom-client.development.js:15351:9)
    at commitDeletionEffectsOnFiber (webpack-internal:///(app-pages-browser)/./node_modules/next/dist/compiled/react-dom/cjs/react-dom-client.development.js:15510:11)
    at recursivelyTraverseDeletionEffects (webpack-internal:///(app-pages-browser)/./node_modules/next/dist/compiled/react-dom/cjs/react-dom-client.development.js:15351:9)
    at commitDeletionEffectsOnFiber (webpack-internal:///(app-pages-browser)/./node_modules/next/dist/compiled/react-dom/cjs/react-dom-client.development.js:15404:11)
    at recursivelyTraverseDeletionEffects (webpack-internal:///(app-pages-browser)/./node_modules/next/dist/compiled/react-dom/cjs/react-dom-client.development.js:15351:9)
    at commitDeletionEffectsOnFiber (webpack-internal:///(app-pages-browser)/./node_modules/next/dist/compiled/react-dom/cjs/react-dom-client.development.js:15404:11)
    at recursivelyTraverseDeletionEffects (webpack-internal:///(app-pages-browser)/./node_modules/next/dist/compiled/react-dom/cjs/react-dom-client.development.js:15351:9)
    at commitDeletionEffectsOnFiber (webpack-internal:///(app-pages-browser)/./node_modules/next/dist/compiled/react-dom/cjs/react-dom-client.development.js:15563:11)
    at recursivelyTraverseDeletionEffects (webpack-internal:///(app-pages-browser)/./node_modules/next/dist/compiled/react-dom/cjs/react-dom-client.development.js:15351:9)
    at commitDeletionEffectsOnFiber (webpack-internal:///(app-pages-browser)/./node_modules/next/dist/compiled/react-dom/cjs/react-dom-client.development.js:15510:11)
    at recursivelyTraverseDeletionEffects (webpack-internal:///(app-pages-browser)/./node_modules/next/dist/compiled/react-dom/cjs/react-dom-client.development.js:15351:9)
    at commitDeletionEffectsOnFiber (webpack-internal:///(app-pages-browser)/./node_modules/next/dist/compiled/react-dom/cjs/react-dom-client.development.js:15510:11)
    at recursivelyTraverseDeletionEffects (webpack-internal:///(app-pages-browser)/./node_modules/next/dist/compiled/react-dom/cjs/react-dom-client.development.js:15351:9)
    at commitDeletionEffectsOnFiber (webpack-internal:///(app-pages-browser)/./node_modules/next/dist/compiled/react-dom/cjs/react-dom-client.development.js:15526:11)
    at recursivelyTraverseDeletionEffects (webpack-internal:///(app-pages-browser)/./node_modules/next/dist/compiled/react-dom/cjs/react-dom-client.development.js:15351:9)
    at commitDeletionEffectsOnFiber (webpack-internal:///(app-pages-browser)/./node_modules/next/dist/compiled/react-dom/cjs/react-dom-client.development.js:15510:11)
    at recursivelyTraverseDeletionEffects (webpack-internal:///(app-pages-browser)/./node_modules/next/dist/compiled/react-dom/cjs/react-dom-client.development.js:15351:9)
    at commitDeletionEffectsOnFiber (webpack-internal:///(app-pages-browser)/./node_modules/next/dist/compiled/react-dom/cjs/react-dom-client.development.js:15526:11)
    at recursivelyTraverseDeletionEffects (webpack-internal:///(app-pages-browser)/./node_modules/next/dist/compiled/react-dom/cjs/react-dom-client.development.js:15351:9)
    at commitDeletionEffectsOnFiber (webpack-internal:///(app-pages-browser)/./node_modules/next/dist/compiled/react-dom/cjs/react-dom-client.development.js:15510:11)
    at recursivelyTraverseDeletionEffects (webpack-internal:///(app-pages-browser)/./node_modules/next/dist/compiled/react-dom/cjs/react-dom-client.development.js:15351:9)
    at commitDeletionEffectsOnFiber (webpack-internal:///(app-pages-browser)/./node_modules/next/dist/compiled/react-dom/cjs/react-dom-client.development.js:15510:11)
    at recursivelyTraverseMutationEffects (webpack-internal:///(app-pages-browser)/./node_modules/next/dist/compiled/react-dom/cjs/react-dom-client.development.js:15710:11)
    at commitMutationEffectsOnFiber (webpack-internal:///(app-pages-browser)/./node_modules/next/dist/compiled/react-dom/cjs/react-dom-client.development.js:15762:11)
    at recursivelyTraverseMutationEffects (webpack-internal:///(app-pages-browser)/./node_modules/next/dist/compiled/react-dom/cjs/react-dom-client.development.js:15731:11)
    at commitMutationEffectsOnFiber (webpack-internal:///(app-pages-browser)/./node_modules/next/dist/compiled/react-dom/cjs/react-dom-client.development.js:15746:11)
    at recursivelyTraverseMutationEffects (webpack-internal:///(app-pages-browser)/./node_modules/next/dist/compiled/react-dom/cjs/react-dom-client.development.js:15731:11)
    at commitMutationEffectsOnFiber (webpack-internal:///(app-pages-browser)/./node_modules/next/dist/compiled/react-dom/cjs/react-dom-client.development.js:16187:11)
    at recursivelyTraverseMutationEffects (webpack-internal:///(app-pages-browser)/./node_modules/next/dist/compiled/react-dom/cjs/react-dom-client.development.js:15731:11)
    at commitMutationEffectsOnFiber (webpack-internal:///(app-pages-browser)/./node_modules/next/dist/compiled/react-dom/cjs/react-dom-client.development.js:16187:11)
    at recursivelyTraverseMutationEffects (webpack-internal:///(app-pages-browser)/./node_modules/next/dist/compiled/react-dom/cjs/react-dom-client.development.js:15731:11)
    at commitMutationEffectsOnFiber (webpack-internal:///(app-pages-browser)/./node_modules/next/dist/compiled/react-dom/cjs/react-dom-client.development.js:16187:11)
    at recursivelyTraverseMutationEffects (webpack-internal:///(app-pages-browser)/./node_modules/next/dist/compiled/react-dom/cjs/react-dom-client.development.js:15731:11)
    at commitMutationEffectsOnFiber (webpack-internal:///(app-pages-browser)/./node_modules/next/dist/compiled/react-dom/cjs/react-dom-client.development.js:16187:11)
    at recursivelyTraverseMutationEffects (webpack-internal:///(app-pages-browser)/./node_modules/next/dist/compiled/react-dom/cjs/react-dom-client.development.js:15731:11)
    at commitMutationEffectsOnFiber (webpack-internal:///(app-pages-browser)/./node_modules/next/dist/compiled/react-dom/cjs/react-dom-client.development.js:16187:11)
    at recursivelyTraverseMutationEffects (webpack-internal:///(app-pages-browser)/./node_modules/next/dist/compiled/react-dom/cjs/react-dom-client.development.js:15731:11)
    at commitMutationEffectsOnFiber (webpack-internal:///(app-pages-browser)/./node_modules/next/dist/compiled/react-dom/cjs/react-dom-client.development.js:16187:11)
    at recursivelyTraverseMutationEffects (webpack-internal:///(app-pages-browser)/./node_modules/next/dist/compiled/react-dom/cjs/react-dom-client.development.js:15731:11)
    at commitMutationEffectsOnFiber (webpack-internal:///(app-pages-browser)/./node_modules/next/dist/compiled/react-dom/cjs/react-dom-client.development.js:16187:11)
    at recursivelyTraverseMutationEffects (webpack-internal:///(app-pages-browser)/./node_modules/next/dist/compiled/react-dom/cjs/react-dom-client.development.js:15731:11)
    at commitMutationEffectsOnFiber (webpack-internal:///(app-pages-browser)/./node_modules/next/dist/compiled/react-dom/cjs/react-dom-client.development.js:15746:11)
    at recursivelyTraverseMutationEffects (webpack-internal:///(app-pages-browser)/./node_modules/next/dist/compiled/react-dom/cjs/react-dom-client.development.js:15731:11)
    at commitMutationEffectsOnFiber (webpack-internal:///(app-pages-browser)/./node_modules/next/dist/compiled/react-dom/cjs/react-dom-client.development.js:15762:11)
    at recursivelyTraverseMutationEffects (webpack-internal:///(app-pages-browser)/./node_modules/next/dist/compiled/react-dom/cjs/react-dom-client.development.js:15731:11)
[  762567ms] [WARNING] [Fast Refresh] performing full reload because your application had an unrecoverable error @ webpack-internal:///(app-pages-browser)/./node_modules/next/dist/next-devtools/shared/forward-logs-shared.js:27
[  762976ms] [ERROR] Failed to load resource: the server responded with a status of 500 (Internal Server Error) @ http://localhost:3000/campaign/cmpll9z3p0000j048aqbgx3vi:0
[  763785ms] [INFO] %cDownload the React DevTools for a better development experience: https://react.dev/link/react-devtools font-weight:bold @ webpack-internal:///(app-pages-browser)/./node_modules/next/dist/next-devtools/shared/forward-logs-shared.js:27
[  763868ms] [LOG] [HMR] connected @ webpack-internal:///(app-pages-browser)/./node_modules/next/dist/next-devtools/shared/forward-logs-shared.js:27
[  763930ms] ReferenceError: CampaignClock is not defined
    at CampaignCanvas (webpack-internal:///(app-pages-browser)/./src/components/CampaignCanvas.tsx:1542:113)
    at Object.react_stack_bottom_frame (webpack-internal:///(app-pages-browser)/./node_modules/next/dist/compiled/react-dom/cjs/react-dom-client.development.js:28039:20)
    at renderWithHooks (webpack-internal:///(app-pages-browser)/./node_modules/next/dist/compiled/react-dom/cjs/react-dom-client.development.js:7985:22)
    at updateFunctionComponent (webpack-internal:///(app-pages-browser)/./node_modules/next/dist/compiled/react-dom/cjs/react-dom-client.development.js:10502:19)
    at beginWork (webpack-internal:///(app-pages-browser)/./node_modules/next/dist/compiled/react-dom/cjs/react-dom-client.development.js:12086:35)
    at runWithFiberInDEV (webpack-internal:///(app-pages-browser)/./node_modules/next/dist/compiled/react-dom/cjs/react-dom-client.development.js:987:30)
    at performUnitOfWork (webpack-internal:///(app-pages-browser)/./node_modules/next/dist/compiled/react-dom/cjs/react-dom-client.development.js:18998:22)
    at workLoopSync (webpack-internal:///(app-pages-browser)/./node_modules/next/dist/compiled/react-dom/cjs/react-dom-client.development.js:18826:41)
    at renderRootSync (webpack-internal:///(app-pages-browser)/./node_modules/next/dist/compiled/react-dom/cjs/react-dom-client.development.js:18807:11)
    at performWorkOnRoot (webpack-internal:///(app-pages-browser)/./node_modules/next/dist/compiled/react-dom/cjs/react-dom-client.development.js:17915:35)
    at performWorkOnRootViaSchedulerTask (webpack-internal:///(app-pages-browser)/./node_modules/next/dist/compiled/react-dom/cjs/react-dom-client.development.js:20385:7)
    at MessagePort.performWorkUntilDeadline (webpack-internal:///(app-pages-browser)/./node_modules/next/dist/compiled/scheduler/cjs/scheduler.development.js:45:48)
[  767445ms] [WARNING] The resource http://localhost:3000/_next/static/css/app/layout.css?v=1781065844042 was preloaded using link preload but not used within a few seconds from the window's load event. Please make sure it has an appropriate `as` value and it is preloaded intentionally. @ http://localhost:3000/campaign/cmpll9z3p0000j048aqbgx3vi:0
[  778379ms] [LOG] [Fast Refresh] rebuilding @ webpack-internal:///(app-pages-browser)/./node_modules/next/dist/next-devtools/shared/forward-logs-shared.js:27
[  778600ms] [LOG] [Fast Refresh] rebuilding @ webpack-internal:///(app-pages-browser)/./node_modules/next/dist/next-devtools/shared/forward-logs-shared.js:27
[  778641ms] [WARNING] [Fast Refresh] performing full reload because your application had an unrecoverable error @ webpack-internal:///(app-pages-browser)/./node_modules/next/dist/next-devtools/shared/forward-logs-shared.js:27
[  779509ms] [LOG] [Fast Refresh] rebuilding @ webpack-internal:///(app-pages-browser)/./node_modules/next/dist/next-devtools/shared/forward-logs-shared.js:27
[  779589ms] [WARNING] [Fast Refresh] performing full reload because your application had an unrecoverable error @ webpack-internal:///(app-pages-browser)/./node_modules/next/dist/next-devtools/shared/forward-logs-shared.js:27
[  779772ms] [LOG] [Fast Refresh] done in 262ms @ webpack-internal:///(app-pages-browser)/./node_modules/next/dist/next-devtools/shared/forward-logs-shared.js:27
[  780933ms] [INFO] %cDownload the React DevTools for a better development experience: https://react.dev/link/react-devtools font-weight:bold @ webpack-internal:///(app-pages-browser)/./node_modules/next/dist/next-devtools/shared/forward-logs-shared.js:27
[  781003ms] [LOG] [HMR] connected @ webpack-internal:///(app-pages-browser)/./node_modules/next/dist/next-devtools/shared/forward-logs-shared.js:27
[  781597ms] [LOG] [Fast Refresh] rebuilding @ webpack-internal:///(app-pages-browser)/./node_modules/next/dist/next-devtools/shared/forward-logs-shared.js:27
[  782199ms] [LOG] [Fast Refresh] rebuilding @ webpack-internal:///(app-pages-browser)/./node_modules/next/dist/next-devtools/shared/forward-logs-shared.js:27
[  782541ms] [LOG] [Fast Refresh] done in 343ms @ webpack-internal:///(app-pages-browser)/./node_modules/next/dist/next-devtools/shared/forward-logs-shared.js:27
[  782695ms] [LOG] [Fast Refresh] rebuilding @ webpack-internal:///(app-pages-browser)/./node_modules/next/dist/next-devtools/shared/forward-logs-shared.js:27
[  783072ms] [LOG] [Fast Refresh] done in 376ms @ webpack-internal:///(app-pages-browser)/./node_modules/next/dist/next-devtools/shared/forward-logs-shared.js:27
[  783510ms] [LOG] [Fast Refresh] done in 814ms @ webpack-internal:///(app-pages-browser)/./node_modules/next/dist/next-devtools/shared/forward-logs-shared.js:27
[  785917ms] [INFO] %cDownload the React DevTools for a better development experience: https://react.dev/link/react-devtools font-weight:bold @ webpack-internal:///(app-pages-browser)/./node_modules/next/dist/next-devtools/shared/forward-logs-shared.js:27
[  786005ms] [LOG] [HMR] connected @ webpack-internal:///(app-pages-browser)/./node_modules/next/dist/next-devtools/shared/forward-logs-shared.js:27
[  786318ms] [ERROR] Failed to load resource: the server responded with a status of 500 (Internal Server Error) @ http://localhost:3000/api/campaigns/cmpll9z3p0000j048aqbgx3vi/clock:0
