[     580ms] [INFO] %cDownload the React DevTools for a better development experience: https://react.dev/link/react-devtools font-weight:bold @ webpack-internal:///(app-pages-browser)/./node_modules/next/dist/next-devtools/shared/forward-logs-shared.js:27
[     645ms] [LOG] [HMR] connected @ webpack-internal:///(app-pages-browser)/./node_modules/next/dist/next-devtools/shared/forward-logs-shared.js:27
[     891ms] [LOG] [Fast Refresh] rebuilding @ webpack-internal:///(app-pages-browser)/./node_modules/next/dist/next-devtools/shared/forward-logs-shared.js:27
[    1335ms] [LOG] [Fast Refresh] done in 445ms @ webpack-internal:///(app-pages-browser)/./node_modules/next/dist/next-devtools/shared/forward-logs-shared.js:27
[    2276ms] [LOG] [Fast Refresh] rebuilding @ webpack-internal:///(app-pages-browser)/./node_modules/next/dist/next-devtools/shared/forward-logs-shared.js:27
[    2380ms] [WARNING] Canvas2D: Multiple readback operations using getImageData are faster with the willReadFrequently attribute set to true. See: https://html.spec.whatwg.org/multipage/canvas.html#concept-canvas-will-read-frequently @ webpack-internal:///(app-pages-browser)/./src/components/dice/DiceMesh.ts:191
[    2387ms] [WARNING] Canvas2D: Multiple readback operations using getImageData are faster with the willReadFrequently attribute set to true. See: https://html.spec.whatwg.org/multipage/canvas.html#concept-canvas-will-read-frequently @ webpack-internal:///(app-pages-browser)/./src/components/dice/DiceMesh.ts:191
[    2390ms] [WARNING] Canvas2D: Multiple readback operations using getImageData are faster with the willReadFrequently attribute set to true. See: https://html.spec.whatwg.org/multipage/canvas.html#concept-canvas-will-read-frequently @ webpack-internal:///(app-pages-browser)/./src/components/dice/DiceMesh.ts:191
[    2394ms] [WARNING] Canvas2D: Multiple readback operations using getImageData are faster with the willReadFrequently attribute set to true. See: https://html.spec.whatwg.org/multipage/canvas.html#concept-canvas-will-read-frequently @ webpack-internal:///(app-pages-browser)/./src/components/dice/DiceMesh.ts:191
[    2397ms] [WARNING] Canvas2D: Multiple readback operations using getImageData are faster with the willReadFrequently attribute set to true. See: https://html.spec.whatwg.org/multipage/canvas.html#concept-canvas-will-read-frequently @ webpack-internal:///(app-pages-browser)/./src/components/dice/DiceMesh.ts:191
[    2401ms] [WARNING] Canvas2D: Multiple readback operations using getImageData are faster with the willReadFrequently attribute set to true. See: https://html.spec.whatwg.org/multipage/canvas.html#concept-canvas-will-read-frequently @ webpack-internal:///(app-pages-browser)/./src/components/dice/DiceMesh.ts:191
[    2405ms] [WARNING] Canvas2D: Multiple readback operations using getImageData are faster with the willReadFrequently attribute set to true. See: https://html.spec.whatwg.org/multipage/canvas.html#concept-canvas-will-read-frequently @ webpack-internal:///(app-pages-browser)/./src/components/dice/DiceMesh.ts:191
[    2413ms] [WARNING] Canvas2D: Multiple readback operations using getImageData are faster with the willReadFrequently attribute set to true. See: https://html.spec.whatwg.org/multipage/canvas.html#concept-canvas-will-read-frequently @ webpack-internal:///(app-pages-browser)/./src/components/dice/DiceMesh.ts:191
[    2416ms] [WARNING] Canvas2D: Multiple readback operations using getImageData are faster with the willReadFrequently attribute set to true. See: https://html.spec.whatwg.org/multipage/canvas.html#concept-canvas-will-read-frequently @ webpack-internal:///(app-pages-browser)/./src/components/dice/DiceMesh.ts:191
[    2421ms] [WARNING] Canvas2D: Multiple readback operations using getImageData are faster with the willReadFrequently attribute set to true. See: https://html.spec.whatwg.org/multipage/canvas.html#concept-canvas-will-read-frequently @ webpack-internal:///(app-pages-browser)/./src/components/dice/DiceMesh.ts:191
[    2425ms] [WARNING] Canvas2D: Multiple readback operations using getImageData are faster with the willReadFrequently attribute set to true. See: https://html.spec.whatwg.org/multipage/canvas.html#concept-canvas-will-read-frequently @ webpack-internal:///(app-pages-browser)/./src/components/dice/DiceMesh.ts:191
[    2431ms] [WARNING] Canvas2D: Multiple readback operations using getImageData are faster with the willReadFrequently attribute set to true. See: https://html.spec.whatwg.org/multipage/canvas.html#concept-canvas-will-read-frequently @ webpack-internal:///(app-pages-browser)/./src/components/dice/DiceMesh.ts:191
[    2435ms] [WARNING] Canvas2D: Multiple readback operations using getImageData are faster with the willReadFrequently attribute set to true. See: https://html.spec.whatwg.org/multipage/canvas.html#concept-canvas-will-read-frequently @ webpack-internal:///(app-pages-browser)/./src/components/dice/DiceMesh.ts:191
[    2438ms] [WARNING] Canvas2D: Multiple readback operations using getImageData are faster with the willReadFrequently attribute set to true. See: https://html.spec.whatwg.org/multipage/canvas.html#concept-canvas-will-read-frequently @ webpack-internal:///(app-pages-browser)/./src/components/dice/DiceMesh.ts:191
[    2444ms] [WARNING] Canvas2D: Multiple readback operations using getImageData are faster with the willReadFrequently attribute set to true. See: https://html.spec.whatwg.org/multipage/canvas.html#concept-canvas-will-read-frequently @ webpack-internal:///(app-pages-browser)/./src/components/dice/DiceMesh.ts:191
[    2447ms] [WARNING] Canvas2D: Multiple readback operations using getImageData are faster with the willReadFrequently attribute set to true. See: https://html.spec.whatwg.org/multipage/canvas.html#concept-canvas-will-read-frequently @ webpack-internal:///(app-pages-browser)/./src/components/dice/DiceMesh.ts:191
[    2451ms] [WARNING] Canvas2D: Multiple readback operations using getImageData are faster with the willReadFrequently attribute set to true. See: https://html.spec.whatwg.org/multipage/canvas.html#concept-canvas-will-read-frequently @ webpack-internal:///(app-pages-browser)/./src/components/dice/DiceMesh.ts:191
[    2455ms] [WARNING] Canvas2D: Multiple readback operations using getImageData are faster with the willReadFrequently attribute set to true. See: https://html.spec.whatwg.org/multipage/canvas.html#concept-canvas-will-read-frequently @ webpack-internal:///(app-pages-browser)/./src/components/dice/DiceMesh.ts:191
[    2458ms] [WARNING] Canvas2D: Multiple readback operations using getImageData are faster with the willReadFrequently attribute set to true. See: https://html.spec.whatwg.org/multipage/canvas.html#concept-canvas-will-read-frequently @ webpack-internal:///(app-pages-browser)/./src/components/dice/DiceMesh.ts:191
[    2463ms] [WARNING] Canvas2D: Multiple readback operations using getImageData are faster with the willReadFrequently attribute set to true. See: https://html.spec.whatwg.org/multipage/canvas.html#concept-canvas-will-read-frequently @ webpack-internal:///(app-pages-browser)/./src/components/dice/DiceMesh.ts:191
[    2466ms] [WARNING] Canvas2D: Multiple readback operations using getImageData are faster with the willReadFrequently attribute set to true. See: https://html.spec.whatwg.org/multipage/canvas.html#concept-canvas-will-read-frequently @ webpack-internal:///(app-pages-browser)/./src/components/dice/DiceMesh.ts:191
[    2469ms] [WARNING] Canvas2D: Multiple readback operations using getImageData are faster with the willReadFrequently attribute set to true. See: https://html.spec.whatwg.org/multipage/canvas.html#concept-canvas-will-read-frequently @ webpack-internal:///(app-pages-browser)/./src/components/dice/DiceMesh.ts:191
[    2472ms] [WARNING] Canvas2D: Multiple readback operations using getImageData are faster with the willReadFrequently attribute set to true. See: https://html.spec.whatwg.org/multipage/canvas.html#concept-canvas-will-read-frequently @ webpack-internal:///(app-pages-browser)/./src/components/dice/DiceMesh.ts:191
[    2475ms] [WARNING] Canvas2D: Multiple readback operations using getImageData are faster with the willReadFrequently attribute set to true. See: https://html.spec.whatwg.org/multipage/canvas.html#concept-canvas-will-read-frequently @ webpack-internal:///(app-pages-browser)/./src/components/dice/DiceMesh.ts:191
[    2508ms] [WARNING] Canvas2D: Multiple readback operations using getImageData are faster with the willReadFrequently attribute set to true. See: https://html.spec.whatwg.org/multipage/canvas.html#concept-canvas-will-read-frequently @ webpack-internal:///(app-pages-browser)/./src/components/dice/DiceMesh.ts:191
[    2525ms] [WARNING] Canvas2D: Multiple readback operations using getImageData are faster with the willReadFrequently attribute set to true. See: https://html.spec.whatwg.org/multipage/canvas.html#concept-canvas-will-read-frequently @ webpack-internal:///(app-pages-browser)/./src/components/dice/DiceMesh.ts:191
[    2541ms] [WARNING] Canvas2D: Multiple readback operations using getImageData are faster with the willReadFrequently attribute set to true. See: https://html.spec.whatwg.org/multipage/canvas.html#concept-canvas-will-read-frequently @ webpack-internal:///(app-pages-browser)/./src/components/dice/DiceMesh.ts:191
[    2558ms] [WARNING] Canvas2D: Multiple readback operations using getImageData are faster with the willReadFrequently attribute set to true. See: https://html.spec.whatwg.org/multipage/canvas.html#concept-canvas-will-read-frequently @ webpack-internal:///(app-pages-browser)/./src/components/dice/DiceMesh.ts:191
[    2574ms] [WARNING] Canvas2D: Multiple readback operations using getImageData are faster with the willReadFrequently attribute set to true. See: https://html.spec.whatwg.org/multipage/canvas.html#concept-canvas-will-read-frequently @ webpack-internal:///(app-pages-browser)/./src/components/dice/DiceMesh.ts:191
[    2591ms] [WARNING] Canvas2D: Multiple readback operations using getImageData are faster with the willReadFrequently attribute set to true. See: https://html.spec.whatwg.org/multipage/canvas.html#concept-canvas-will-read-frequently @ webpack-internal:///(app-pages-browser)/./src/components/dice/DiceMesh.ts:191
[    2608ms] [WARNING] Canvas2D: Multiple readback operations using getImageData are faster with the willReadFrequently attribute set to true. See: https://html.spec.whatwg.org/multipage/canvas.html#concept-canvas-will-read-frequently @ webpack-internal:///(app-pages-browser)/./src/components/dice/DiceMesh.ts:191
[    2624ms] [WARNING] Canvas2D: Multiple readback operations using getImageData are faster with the willReadFrequently attribute set to true. See: https://html.spec.whatwg.org/multipage/canvas.html#concept-canvas-will-read-frequently @ webpack-internal:///(app-pages-browser)/./src/components/dice/DiceMesh.ts:191
[    2641ms] [WARNING] Canvas2D: Multiple readback operations using getImageData are faster with the willReadFrequently attribute set to true. See: https://html.spec.whatwg.org/multipage/canvas.html#concept-canvas-will-read-frequently @ webpack-internal:///(app-pages-browser)/./src/components/dice/DiceMesh.ts:191
[    2658ms] [WARNING] Canvas2D: Multiple readback operations using getImageData are faster with the willReadFrequently attribute set to true. See: https://html.spec.whatwg.org/multipage/canvas.html#concept-canvas-will-read-frequently @ webpack-internal:///(app-pages-browser)/./src/components/dice/DiceMesh.ts:191
[    2675ms] [WARNING] Canvas2D: Multiple readback operations using getImageData are faster with the willReadFrequently attribute set to true. See: https://html.spec.whatwg.org/multipage/canvas.html#concept-canvas-will-read-frequently @ webpack-internal:///(app-pages-browser)/./src/components/dice/DiceMesh.ts:191
[    2691ms] [WARNING] Canvas2D: Multiple readback operations using getImageData are faster with the willReadFrequently attribute set to true. See: https://html.spec.whatwg.org/multipage/canvas.html#concept-canvas-will-read-frequently @ webpack-internal:///(app-pages-browser)/./src/components/dice/DiceMesh.ts:191
[    2708ms] [WARNING] Canvas2D: Multiple readback operations using getImageData are faster with the willReadFrequently attribute set to true. See: https://html.spec.whatwg.org/multipage/canvas.html#concept-canvas-will-read-frequently @ webpack-internal:///(app-pages-browser)/./src/components/dice/DiceMesh.ts:191
[    2725ms] [WARNING] Canvas2D: Multiple readback operations using getImageData are faster with the willReadFrequently attribute set to true. See: https://html.spec.whatwg.org/multipage/canvas.html#concept-canvas-will-read-frequently @ webpack-internal:///(app-pages-browser)/./src/components/dice/DiceMesh.ts:191
[    2728ms] [WARNING] Canvas2D: Multiple readback operations using getImageData are faster with the willReadFrequently attribute set to true. See: https://html.spec.whatwg.org/multipage/canvas.html#concept-canvas-will-read-frequently @ webpack-internal:///(app-pages-browser)/./src/components/dice/DiceMesh.ts:191
[    2731ms] [WARNING] Canvas2D: Multiple readback operations using getImageData are faster with the willReadFrequently attribute set to true. See: https://html.spec.whatwg.org/multipage/canvas.html#concept-canvas-will-read-frequently @ webpack-internal:///(app-pages-browser)/./src/components/dice/DiceMesh.ts:191
[    2733ms] [WARNING] Canvas2D: Multiple readback operations using getImageData are faster with the willReadFrequently attribute set to true. See: https://html.spec.whatwg.org/multipage/canvas.html#concept-canvas-will-read-frequently @ webpack-internal:///(app-pages-browser)/./src/components/dice/DiceMesh.ts:191
[    2736ms] [WARNING] Canvas2D: Multiple readback operations using getImageData are faster with the willReadFrequently attribute set to true. See: https://html.spec.whatwg.org/multipage/canvas.html#concept-canvas-will-read-frequently @ webpack-internal:///(app-pages-browser)/./src/components/dice/DiceMesh.ts:191
[    2739ms] [WARNING] Canvas2D: Multiple readback operations using getImageData are faster with the willReadFrequently attribute set to true. See: https://html.spec.whatwg.org/multipage/canvas.html#concept-canvas-will-read-frequently @ webpack-internal:///(app-pages-browser)/./src/components/dice/DiceMesh.ts:191
[    2743ms] [WARNING] Canvas2D: Multiple readback operations using getImageData are faster with the willReadFrequently attribute set to true. See: https://html.spec.whatwg.org/multipage/canvas.html#concept-canvas-will-read-frequently @ webpack-internal:///(app-pages-browser)/./src/components/dice/DiceMesh.ts:191
[    2746ms] [WARNING] Canvas2D: Multiple readback operations using getImageData are faster with the willReadFrequently attribute set to true. See: https://html.spec.whatwg.org/multipage/canvas.html#concept-canvas-will-read-frequently @ webpack-internal:///(app-pages-browser)/./src/components/dice/DiceMesh.ts:191
[    2749ms] [WARNING] Canvas2D: Multiple readback operations using getImageData are faster with the willReadFrequently attribute set to true. See: https://html.spec.whatwg.org/multipage/canvas.html#concept-canvas-will-read-frequently @ webpack-internal:///(app-pages-browser)/./src/components/dice/DiceMesh.ts:191
[    2752ms] [WARNING] Canvas2D: Multiple readback operations using getImageData are faster with the willReadFrequently attribute set to true. See: https://html.spec.whatwg.org/multipage/canvas.html#concept-canvas-will-read-frequently @ webpack-internal:///(app-pages-browser)/./src/components/dice/DiceMesh.ts:191
[    2754ms] [WARNING] Canvas2D: Multiple readback operations using getImageData are faster with the willReadFrequently attribute set to true. See: https://html.spec.whatwg.org/multipage/canvas.html#concept-canvas-will-read-frequently @ webpack-internal:///(app-pages-browser)/./src/components/dice/DiceMesh.ts:191
[    2758ms] [WARNING] Canvas2D: Multiple readback operations using getImageData are faster with the willReadFrequently attribute set to true. See: https://html.spec.whatwg.org/multipage/canvas.html#concept-canvas-will-read-frequently @ webpack-internal:///(app-pages-browser)/./src/components/dice/DiceMesh.ts:191
[    2761ms] [WARNING] Canvas2D: Multiple readback operations using getImageData are faster with the willReadFrequently attribute set to true. See: https://html.spec.whatwg.org/multipage/canvas.html#concept-canvas-will-read-frequently @ webpack-internal:///(app-pages-browser)/./src/components/dice/DiceMesh.ts:191
[    2764ms] [WARNING] Canvas2D: Multiple readback operations using getImageData are faster with the willReadFrequently attribute set to true. See: https://html.spec.whatwg.org/multipage/canvas.html#concept-canvas-will-read-frequently @ webpack-internal:///(app-pages-browser)/./src/components/dice/DiceMesh.ts:191
[    2767ms] [WARNING] Canvas2D: Multiple readback operations using getImageData are faster with the willReadFrequently attribute set to true. See: https://html.spec.whatwg.org/multipage/canvas.html#concept-canvas-will-read-frequently @ webpack-internal:///(app-pages-browser)/./src/components/dice/DiceMesh.ts:191
[    2770ms] [WARNING] Canvas2D: Multiple readback operations using getImageData are faster with the willReadFrequently attribute set to true. See: https://html.spec.whatwg.org/multipage/canvas.html#concept-canvas-will-read-frequently @ webpack-internal:///(app-pages-browser)/./src/components/dice/DiceMesh.ts:191
[    2773ms] [WARNING] Canvas2D: Multiple readback operations using getImageData are faster with the willReadFrequently attribute set to true. See: https://html.spec.whatwg.org/multipage/canvas.html#concept-canvas-will-read-frequently @ webpack-internal:///(app-pages-browser)/./src/components/dice/DiceMesh.ts:191
[    2776ms] [WARNING] Canvas2D: Multiple readback operations using getImageData are faster with the willReadFrequently attribute set to true. See: https://html.spec.whatwg.org/multipage/canvas.html#concept-canvas-will-read-frequently @ webpack-internal:///(app-pages-browser)/./src/components/dice/DiceMesh.ts:191
[    2780ms] [WARNING] Canvas2D: Multiple readback operations using getImageData are faster with the willReadFrequently attribute set to true. See: https://html.spec.whatwg.org/multipage/canvas.html#concept-canvas-will-read-frequently @ webpack-internal:///(app-pages-browser)/./src/components/dice/DiceMesh.ts:191
[    2783ms] [WARNING] Canvas2D: Multiple readback operations using getImageData are faster with the willReadFrequently attribute set to true. See: https://html.spec.whatwg.org/multipage/canvas.html#concept-canvas-will-read-frequently @ webpack-internal:///(app-pages-browser)/./src/components/dice/DiceMesh.ts:191
[    2785ms] [WARNING] Canvas2D: Multiple readback operations using getImageData are faster with the willReadFrequently attribute set to true. See: https://html.spec.whatwg.org/multipage/canvas.html#concept-canvas-will-read-frequently @ webpack-internal:///(app-pages-browser)/./src/components/dice/DiceMesh.ts:191
[    2789ms] [WARNING] Canvas2D: Multiple readback operations using getImageData are faster with the willReadFrequently attribute set to true. See: https://html.spec.whatwg.org/multipage/canvas.html#concept-canvas-will-read-frequently @ webpack-internal:///(app-pages-browser)/./src/components/dice/DiceMesh.ts:191
[    2792ms] [WARNING] Canvas2D: Multiple readback operations using getImageData are faster with the willReadFrequently attribute set to true. See: https://html.spec.whatwg.org/multipage/canvas.html#concept-canvas-will-read-frequently @ webpack-internal:///(app-pages-browser)/./src/components/dice/DiceMesh.ts:191
[    2795ms] [WARNING] Canvas2D: Multiple readback operations using getImageData are faster with the willReadFrequently attribute set to true. See: https://html.spec.whatwg.org/multipage/canvas.html#concept-canvas-will-read-frequently @ webpack-internal:///(app-pages-browser)/./src/components/dice/DiceMesh.ts:191
[    2799ms] [WARNING] Canvas2D: Multiple readback operations using getImageData are faster with the willReadFrequently attribute set to true. See: https://html.spec.whatwg.org/multipage/canvas.html#concept-canvas-will-read-frequently @ webpack-internal:///(app-pages-browser)/./src/components/dice/DiceMesh.ts:191
[    2801ms] [WARNING] Canvas2D: Multiple readback operations using getImageData are faster with the willReadFrequently attribute set to true. See: https://html.spec.whatwg.org/multipage/canvas.html#concept-canvas-will-read-frequently @ webpack-internal:///(app-pages-browser)/./src/components/dice/DiceMesh.ts:191
[    2804ms] [WARNING] Canvas2D: Multiple readback operations using getImageData are faster with the willReadFrequently attribute set to true. See: https://html.spec.whatwg.org/multipage/canvas.html#concept-canvas-will-read-frequently @ webpack-internal:///(app-pages-browser)/./src/components/dice/DiceMesh.ts:191
[    2808ms] [WARNING] Canvas2D: Multiple readback operations using getImageData are faster with the willReadFrequently attribute set to true. See: https://html.spec.whatwg.org/multipage/canvas.html#concept-canvas-will-read-frequently @ webpack-internal:///(app-pages-browser)/./src/components/dice/DiceMesh.ts:191
[    2811ms] [WARNING] Canvas2D: Multiple readback operations using getImageData are faster with the willReadFrequently attribute set to true. See: https://html.spec.whatwg.org/multipage/canvas.html#concept-canvas-will-read-frequently @ webpack-internal:///(app-pages-browser)/./src/components/dice/DiceMesh.ts:191
[    2814ms] [WARNING] Canvas2D: Multiple readback operations using getImageData are faster with the willReadFrequently attribute set to true. See: https://html.spec.whatwg.org/multipage/canvas.html#concept-canvas-will-read-frequently @ webpack-internal:///(app-pages-browser)/./src/components/dice/DiceMesh.ts:191
[    2817ms] [WARNING] Canvas2D: Multiple readback operations using getImageData are faster with the willReadFrequently attribute set to true. See: https://html.spec.whatwg.org/multipage/canvas.html#concept-canvas-will-read-frequently @ webpack-internal:///(app-pages-browser)/./src/components/dice/DiceMesh.ts:191
[    2820ms] [WARNING] Canvas2D: Multiple readback operations using getImageData are faster with the willReadFrequently attribute set to true. See: https://html.spec.whatwg.org/multipage/canvas.html#concept-canvas-will-read-frequently @ webpack-internal:///(app-pages-browser)/./src/components/dice/DiceMesh.ts:191
[    2823ms] [WARNING] Canvas2D: Multiple readback operations using getImageData are faster with the willReadFrequently attribute set to true. See: https://html.spec.whatwg.org/multipage/canvas.html#concept-canvas-will-read-frequently @ webpack-internal:///(app-pages-browser)/./src/components/dice/DiceMesh.ts:191
[    2827ms] [WARNING] Canvas2D: Multiple readback operations using getImageData are faster with the willReadFrequently attribute set to true. See: https://html.spec.whatwg.org/multipage/canvas.html#concept-canvas-will-read-frequently @ webpack-internal:///(app-pages-browser)/./src/components/dice/DiceMesh.ts:191
[    2830ms] [WARNING] Canvas2D: Multiple readback operations using getImageData are faster with the willReadFrequently attribute set to true. See: https://html.spec.whatwg.org/multipage/canvas.html#concept-canvas-will-read-frequently @ webpack-internal:///(app-pages-browser)/./src/components/dice/DiceMesh.ts:191
[    2833ms] [WARNING] Canvas2D: Multiple readback operations using getImageData are faster with the willReadFrequently attribute set to true. See: https://html.spec.whatwg.org/multipage/canvas.html#concept-canvas-will-read-frequently @ webpack-internal:///(app-pages-browser)/./src/components/dice/DiceMesh.ts:191
[    2836ms] [WARNING] Canvas2D: Multiple readback operations using getImageData are faster with the willReadFrequently attribute set to true. See: https://html.spec.whatwg.org/multipage/canvas.html#concept-canvas-will-read-frequently @ webpack-internal:///(app-pages-browser)/./src/components/dice/DiceMesh.ts:191
[    2840ms] [WARNING] Canvas2D: Multiple readback operations using getImageData are faster with the willReadFrequently attribute set to true. See: https://html.spec.whatwg.org/multipage/canvas.html#concept-canvas-will-read-frequently @ webpack-internal:///(app-pages-browser)/./src/components/dice/DiceMesh.ts:191
[    2844ms] [WARNING] Canvas2D: Multiple readback operations using getImageData are faster with the willReadFrequently attribute set to true. See: https://html.spec.whatwg.org/multipage/canvas.html#concept-canvas-will-read-frequently @ webpack-internal:///(app-pages-browser)/./src/components/dice/DiceMesh.ts:191
[    2908ms] [LOG] [Fast Refresh] rebuilding @ webpack-internal:///(app-pages-browser)/./node_modules/next/dist/next-devtools/shared/forward-logs-shared.js:27
[    3065ms] [LOG] [Fast Refresh] done in 157ms @ webpack-internal:///(app-pages-browser)/./node_modules/next/dist/next-devtools/shared/forward-logs-shared.js:27
[    3134ms] [LOG] [Fast Refresh] done in 226ms @ webpack-internal:///(app-pages-browser)/./node_modules/next/dist/next-devtools/shared/forward-logs-shared.js:27
[   47510ms] [LOG] [Fast Refresh] rebuilding @ webpack-internal:///(app-pages-browser)/./node_modules/next/dist/next-devtools/shared/forward-logs-shared.js:27
[   47686ms] [LOG] [Fast Refresh] done in 177ms @ webpack-internal:///(app-pages-browser)/./node_modules/next/dist/next-devtools/shared/forward-logs-shared.js:27
[   67491ms] [LOG] [Fast Refresh] rebuilding @ webpack-internal:///(app-pages-browser)/./node_modules/next/dist/next-devtools/shared/forward-logs-shared.js:27
[   67748ms] [LOG] [Fast Refresh] done in 257ms @ webpack-internal:///(app-pages-browser)/./node_modules/next/dist/next-devtools/shared/forward-logs-shared.js:27
[   67883ms] [WARNING] THREE.WebGLShadowMap: PCFSoftShadowMap has been deprecated. Using PCFShadowMap instead. @ webpack-internal:///(app-pages-browser)/./node_modules/next/dist/next-devtools/shared/forward-logs-shared.js:27
[  211434ms] [LOG] [Fast Refresh] rebuilding @ webpack-internal:///(app-pages-browser)/./node_modules/next/dist/next-devtools/shared/forward-logs-shared.js:27
[  211810ms] [LOG] [Fast Refresh] rebuilding @ webpack-internal:///(app-pages-browser)/./node_modules/next/dist/next-devtools/shared/forward-logs-shared.js:27
[  211899ms] [LOG] [Fast Refresh] done in 88ms @ webpack-internal:///(app-pages-browser)/./node_modules/next/dist/next-devtools/shared/forward-logs-shared.js:27
[  211937ms] [WARNING] WebGL: INVALID_OPERATION: texImage3D: FLIP_Y or PREMULTIPLY_ALPHA isn't allowed for uploading 3D textures @ webpack-internal:///(app-pages-browser)/./node_modules/three/build/three.module.js:10513
[  211937ms] [WARNING] WebGL: INVALID_OPERATION: texImage3D: FLIP_Y or PREMULTIPLY_ALPHA isn't allowed for uploading 3D textures @ webpack-internal:///(app-pages-browser)/./node_modules/three/build/three.module.js:10513
[  212432ms] [LOG] [Fast Refresh] done in 621ms @ webpack-internal:///(app-pages-browser)/./node_modules/next/dist/next-devtools/shared/forward-logs-shared.js:27
[  212447ms] [LOG] [Fast Refresh] rebuilding @ webpack-internal:///(app-pages-browser)/./node_modules/next/dist/next-devtools/shared/forward-logs-shared.js:27
[  212618ms] [LOG] [Fast Refresh] done in 171ms @ webpack-internal:///(app-pages-browser)/./node_modules/next/dist/next-devtools/shared/forward-logs-shared.js:27
[  244095ms] [LOG] [Fast Refresh] rebuilding @ webpack-internal:///(app-pages-browser)/./node_modules/next/dist/next-devtools/shared/forward-logs-shared.js:27
[  244734ms] NotFoundError: Failed to execute 'removeChild' on 'Node': The node to be removed is not a child of this node.
    at removeChildFromContainer (webpack-internal:///(app-pages-browser)/./node_modules/next/dist/compiled/react-dom/cjs/react-dom-client.development.js:23674:9)
    at runWithFiberInDEV (webpack-internal:///(app-pages-browser)/./node_modules/next/dist/compiled/react-dom/cjs/react-dom-client.development.js:987:30)
    at commitDeletionEffectsOnFiber (webpack-internal:///(app-pages-browser)/./node_modules/next/dist/compiled/react-dom/cjs/react-dom-client.development.js:15436:17)
    at recursivelyTraverseDeletionEffects (webpack-internal:///(app-pages-browser)/./node_modules/next/dist/compiled/react-dom/cjs/react-dom-client.development.js:15351:9)
    at commitDeletionEffectsOnFiber (webpack-internal:///(app-pages-browser)/./node_modules/next/dist/compiled/react-dom/cjs/react-dom-client.development.js:15510:11)
    at recursivelyTraverseMutationEffects (webpack-internal:///(app-pages-browser)/./node_modules/next/dist/compiled/react-dom/cjs/react-dom-client.development.js:15710:11)
    at commitMutationEffectsOnFiber (webpack-internal:///(app-pages-browser)/./node_modules/next/dist/compiled/react-dom/cjs/react-dom-client.development.js:15746:11)
    at recursivelyTraverseMutationEffects (webpack-internal:///(app-pages-browser)/./node_modules/next/dist/compiled/react-dom/cjs/react-dom-client.development.js:15731:11)
    at commitMutationEffectsOnFiber (webpack-internal:///(app-pages-browser)/./node_modules/next/dist/compiled/react-dom/cjs/react-dom-client.development.js:15939:11)
    at recursivelyTraverseMutationEffects (webpack-internal:///(app-pages-browser)/./node_modules/next/dist/compiled/react-dom/cjs/react-dom-client.development.js:15731:11)
    at commitMutationEffectsOnFiber (webpack-internal:///(app-pages-browser)/./node_modules/next/dist/compiled/react-dom/cjs/react-dom-client.development.js:15939:11)
    at recursivelyTraverseMutationEffects (webpack-internal:///(app-pages-browser)/./node_modules/next/dist/compiled/react-dom/cjs/react-dom-client.development.js:15731:11)
    at commitMutationEffectsOnFiber (webpack-internal:///(app-pages-browser)/./node_modules/next/dist/compiled/react-dom/cjs/react-dom-client.development.js:16187:11)
    at recursivelyTraverseMutationEffects (webpack-internal:///(app-pages-browser)/./node_modules/next/dist/compiled/react-dom/cjs/react-dom-client.development.js:15731:11)
    at commitMutationEffectsOnFiber (webpack-internal:///(app-pages-browser)/./node_modules/next/dist/compiled/react-dom/cjs/react-dom-client.development.js:15746:11)
    at recursivelyTraverseMutationEffects (webpack-internal:///(app-pages-browser)/./node_modules/next/dist/compiled/react-dom/cjs/react-dom-client.development.js:15731:11)
    at commitMutationEffectsOnFiber (webpack-internal:///(app-pages-browser)/./node_modules/next/dist/compiled/react-dom/cjs/react-dom-client.development.js:15746:11)
    at recursivelyTraverseMutationEffects (webpack-internal:///(app-pages-browser)/./node_modules/next/dist/compiled/react-dom/cjs/react-dom-client.development.js:15731:11)
    at commitMutationEffectsOnFiber (webpack-internal:///(app-pages-browser)/./node_modules/next/dist/compiled/react-dom/cjs/react-dom-client.development.js:15762:11)
    at recursivelyTraverseMutationEffects (webpack-internal:///(app-pages-browser)/./node_modules/next/dist/compiled/react-dom/cjs/react-dom-client.development.js:15731:11)
    at commitMutationEffectsOnFiber (webpack-internal:///(app-pages-browser)/./node_modules/next/dist/compiled/react-dom/cjs/react-dom-client.development.js:15746:11)
    at recursivelyTraverseMutationEffects (webpack-internal:///(app-pages-browser)/./node_modules/next/dist/compiled/react-dom/cjs/react-dom-client.development.js:15731:11)
    at commitMutationEffectsOnFiber (webpack-internal:///(app-pages-browser)/./node_modules/next/dist/compiled/react-dom/cjs/react-dom-client.development.js:15762:11)
    at recursivelyTraverseMutationEffects (webpack-internal:///(app-pages-browser)/./node_modules/next/dist/compiled/react-dom/cjs/react-dom-client.development.js:15731:11)
    at commitMutationEffectsOnFiber (webpack-internal:///(app-pages-browser)/./node_modules/next/dist/compiled/react-dom/cjs/react-dom-client.development.js:15746:11)
    at recursivelyTraverseMutationEffects (webpack-internal:///(app-pages-browser)/./node_modules/next/dist/compiled/react-dom/cjs/react-dom-client.development.js:15731:11)
    at commitMutationEffectsOnFiber (webpack-internal:///(app-pages-browser)/./node_modules/next/dist/compiled/react-dom/cjs/react-dom-client.development.js:15746:11)
    at recursivelyTraverseMutationEffects (webpack-internal:///(app-pages-browser)/./node_modules/next/dist/compiled/react-dom/cjs/react-dom-client.development.js:15731:11)
    at commitMutationEffectsOnFiber (webpack-internal:///(app-pages-browser)/./node_modules/next/dist/compiled/react-dom/cjs/react-dom-client.development.js:15762:11)
    at recursivelyTraverseMutationEffects (webpack-internal:///(app-pages-browser)/./node_modules/next/dist/compiled/react-dom/cjs/react-dom-client.development.js:15731:11)
    at commitMutationEffectsOnFiber (webpack-internal:///(app-pages-browser)/./node_modules/next/dist/compiled/react-dom/cjs/react-dom-client.development.js:15746:11)
    at recursivelyTraverseMutationEffects (webpack-internal:///(app-pages-browser)/./node_modules/next/dist/compiled/react-dom/cjs/react-dom-client.development.js:15731:11)
    at commitMutationEffectsOnFiber (webpack-internal:///(app-pages-browser)/./node_modules/next/dist/compiled/react-dom/cjs/react-dom-client.development.js:16187:11)
    at recursivelyTraverseMutationEffects (webpack-internal:///(app-pages-browser)/./node_modules/next/dist/compiled/react-dom/cjs/react-dom-client.development.js:15731:11)
    at commitMutationEffectsOnFiber (webpack-internal:///(app-pages-browser)/./node_modules/next/dist/compiled/react-dom/cjs/react-dom-client.development.js:16187:11)
    at recursivelyTraverseMutationEffects (webpack-internal:///(app-pages-browser)/./node_modules/next/dist/compiled/react-dom/cjs/react-dom-client.development.js:15731:11)
    at commitMutationEffectsOnFiber (webpack-internal:///(app-pages-browser)/./node_modules/next/dist/compiled/react-dom/cjs/react-dom-client.development.js:16187:11)
    at recursivelyTraverseMutationEffects (webpack-internal:///(app-pages-browser)/./node_modules/next/dist/compiled/react-dom/cjs/react-dom-client.development.js:15731:11)
    at commitMutationEffectsOnFiber (webpack-internal:///(app-pages-browser)/./node_modules/next/dist/compiled/react-dom/cjs/react-dom-client.development.js:16187:11)
    at recursivelyTraverseMutationEffects (webpack-internal:///(app-pages-browser)/./node_modules/next/dist/compiled/react-dom/cjs/react-dom-client.development.js:15731:11)
    at commitMutationEffectsOnFiber (webpack-internal:///(app-pages-browser)/./node_modules/next/dist/compiled/react-dom/cjs/react-dom-client.development.js:16187:11)
    at recursivelyTraverseMutationEffects (webpack-internal:///(app-pages-browser)/./node_modules/next/dist/compiled/react-dom/cjs/react-dom-client.development.js:15731:11)
    at commitMutationEffectsOnFiber (webpack-internal:///(app-pages-browser)/./node_modules/next/dist/compiled/react-dom/cjs/react-dom-client.development.js:16187:11)
    at recursivelyTraverseMutationEffects (webpack-internal:///(app-pages-browser)/./node_modules/next/dist/compiled/react-dom/cjs/react-dom-client.development.js:15731:11)
    at commitMutationEffectsOnFiber (webpack-internal:///(app-pages-browser)/./node_modules/next/dist/compiled/react-dom/cjs/react-dom-client.development.js:16187:11)
    at recursivelyTraverseMutationEffects (webpack-internal:///(app-pages-browser)/./node_modules/next/dist/compiled/react-dom/cjs/react-dom-client.development.js:15731:11)
    at commitMutationEffectsOnFiber (webpack-internal:///(app-pages-browser)/./node_modules/next/dist/compiled/react-dom/cjs/react-dom-client.development.js:15746:11)
    at recursivelyTraverseMutationEffects (webpack-internal:///(app-pages-browser)/./node_modules/next/dist/compiled/react-dom/cjs/react-dom-client.development.js:15731:11)
    at commitMutationEffectsOnFiber (webpack-internal:///(app-pages-browser)/./node_modules/next/dist/compiled/react-dom/cjs/react-dom-client.development.js:15762:11)
    at recursivelyTraverseMutationEffects (webpack-internal:///(app-pages-browser)/./node_modules/next/dist/compiled/react-dom/cjs/react-dom-client.development.js:15731:11)
[  244735ms] [WARNING] [Fast Refresh] performing full reload because your application had an unrecoverable error @ webpack-internal:///(app-pages-browser)/./node_modules/next/dist/next-devtools/shared/forward-logs-shared.js:27
[  245374ms] [INFO] %cDownload the React DevTools for a better development experience: https://react.dev/link/react-devtools font-weight:bold @ webpack-internal:///(app-pages-browser)/./node_modules/next/dist/next-devtools/shared/forward-logs-shared.js:27
[  245438ms] [LOG] [HMR] connected @ webpack-internal:///(app-pages-browser)/./node_modules/next/dist/next-devtools/shared/forward-logs-shared.js:27
[  245544ms] [LOG] [Fast Refresh] rebuilding @ webpack-internal:///(app-pages-browser)/./node_modules/next/dist/next-devtools/shared/forward-logs-shared.js:27
[  245752ms] [LOG] [Fast Refresh] done in 208ms @ webpack-internal:///(app-pages-browser)/./node_modules/next/dist/next-devtools/shared/forward-logs-shared.js:27
[  245934ms] [LOG] [Fast Refresh] rebuilding @ webpack-internal:///(app-pages-browser)/./node_modules/next/dist/next-devtools/shared/forward-logs-shared.js:27
[  246300ms] [LOG] [Fast Refresh] done in 366ms @ webpack-internal:///(app-pages-browser)/./node_modules/next/dist/next-devtools/shared/forward-logs-shared.js:27
[  247185ms] [WARNING] Canvas2D: Multiple readback operations using getImageData are faster with the willReadFrequently attribute set to true. See: https://html.spec.whatwg.org/multipage/canvas.html#concept-canvas-will-read-frequently @ webpack-internal:///(app-pages-browser)/./src/components/dice/DiceMesh.ts:191
[  247218ms] [WARNING] Canvas2D: Multiple readback operations using getImageData are faster with the willReadFrequently attribute set to true. See: https://html.spec.whatwg.org/multipage/canvas.html#concept-canvas-will-read-frequently @ webpack-internal:///(app-pages-browser)/./src/components/dice/DiceMesh.ts:191
[  247267ms] [WARNING] Canvas2D: Multiple readback operations using getImageData are faster with the willReadFrequently attribute set to true. See: https://html.spec.whatwg.org/multipage/canvas.html#concept-canvas-will-read-frequently @ webpack-internal:///(app-pages-browser)/./src/components/dice/DiceMesh.ts:191
[  247318ms] [WARNING] Canvas2D: Multiple readback operations using getImageData are faster with the willReadFrequently attribute set to true. See: https://html.spec.whatwg.org/multipage/canvas.html#concept-canvas-will-read-frequently @ webpack-internal:///(app-pages-browser)/./src/components/dice/DiceMesh.ts:191
[  247368ms] [WARNING] Canvas2D: Multiple readback operations using getImageData are faster with the willReadFrequently attribute set to true. See: https://html.spec.whatwg.org/multipage/canvas.html#concept-canvas-will-read-frequently @ webpack-internal:///(app-pages-browser)/./src/components/dice/DiceMesh.ts:191
[  247417ms] [WARNING] Canvas2D: Multiple readback operations using getImageData are faster with the willReadFrequently attribute set to true. See: https://html.spec.whatwg.org/multipage/canvas.html#concept-canvas-will-read-frequently @ webpack-internal:///(app-pages-browser)/./src/components/dice/DiceMesh.ts:191
[  247468ms] [WARNING] Canvas2D: Multiple readback operations using getImageData are faster with the willReadFrequently attribute set to true. See: https://html.spec.whatwg.org/multipage/canvas.html#concept-canvas-will-read-frequently @ webpack-internal:///(app-pages-browser)/./src/components/dice/DiceMesh.ts:191
[  247518ms] [WARNING] Canvas2D: Multiple readback operations using getImageData are faster with the willReadFrequently attribute set to true. See: https://html.spec.whatwg.org/multipage/canvas.html#concept-canvas-will-read-frequently @ webpack-internal:///(app-pages-browser)/./src/components/dice/DiceMesh.ts:191
[  247568ms] [WARNING] Canvas2D: Multiple readback operations using getImageData are faster with the willReadFrequently attribute set to true. See: https://html.spec.whatwg.org/multipage/canvas.html#concept-canvas-will-read-frequently @ webpack-internal:///(app-pages-browser)/./src/components/dice/DiceMesh.ts:191
[  247618ms] [WARNING] Canvas2D: Multiple readback operations using getImageData are faster with the willReadFrequently attribute set to true. See: https://html.spec.whatwg.org/multipage/canvas.html#concept-canvas-will-read-frequently @ webpack-internal:///(app-pages-browser)/./src/components/dice/DiceMesh.ts:191
[  247668ms] [WARNING] Canvas2D: Multiple readback operations using getImageData are faster with the willReadFrequently attribute set to true. See: https://html.spec.whatwg.org/multipage/canvas.html#concept-canvas-will-read-frequently @ webpack-internal:///(app-pages-browser)/./src/components/dice/DiceMesh.ts:191
[  247734ms] [WARNING] Canvas2D: Multiple readback operations using getImageData are faster with the willReadFrequently attribute set to true. See: https://html.spec.whatwg.org/multipage/canvas.html#concept-canvas-will-read-frequently @ webpack-internal:///(app-pages-browser)/./src/components/dice/DiceMesh.ts:191
[  247767ms] [WARNING] Canvas2D: Multiple readback operations using getImageData are faster with the willReadFrequently attribute set to true. See: https://html.spec.whatwg.org/multipage/canvas.html#concept-canvas-will-read-frequently @ webpack-internal:///(app-pages-browser)/./src/components/dice/DiceMesh.ts:191
[  247801ms] [WARNING] Canvas2D: Multiple readback operations using getImageData are faster with the willReadFrequently attribute set to true. See: https://html.spec.whatwg.org/multipage/canvas.html#concept-canvas-will-read-frequently @ webpack-internal:///(app-pages-browser)/./src/components/dice/DiceMesh.ts:191
[  247851ms] [WARNING] Canvas2D: Multiple readback operations using getImageData are faster with the willReadFrequently attribute set to true. See: https://html.spec.whatwg.org/multipage/canvas.html#concept-canvas-will-read-frequently @ webpack-internal:///(app-pages-browser)/./src/components/dice/DiceMesh.ts:191
[  247884ms] [WARNING] Canvas2D: Multiple readback operations using getImageData are faster with the willReadFrequently attribute set to true. See: https://html.spec.whatwg.org/multipage/canvas.html#concept-canvas-will-read-frequently @ webpack-internal:///(app-pages-browser)/./src/components/dice/DiceMesh.ts:191
[  247934ms] [WARNING] Canvas2D: Multiple readback operations using getImageData are faster with the willReadFrequently attribute set to true. See: https://html.spec.whatwg.org/multipage/canvas.html#concept-canvas-will-read-frequently @ webpack-internal:///(app-pages-browser)/./src/components/dice/DiceMesh.ts:191
[  247968ms] [WARNING] Canvas2D: Multiple readback operations using getImageData are faster with the willReadFrequently attribute set to true. See: https://html.spec.whatwg.org/multipage/canvas.html#concept-canvas-will-read-frequently @ webpack-internal:///(app-pages-browser)/./src/components/dice/DiceMesh.ts:191
[  248001ms] [WARNING] Canvas2D: Multiple readback operations using getImageData are faster with the willReadFrequently attribute set to true. See: https://html.spec.whatwg.org/multipage/canvas.html#concept-canvas-will-read-frequently @ webpack-internal:///(app-pages-browser)/./src/components/dice/DiceMesh.ts:191
[  248034ms] [WARNING] Canvas2D: Multiple readback operations using getImageData are faster with the willReadFrequently attribute set to true. See: https://html.spec.whatwg.org/multipage/canvas.html#concept-canvas-will-read-frequently @ webpack-internal:///(app-pages-browser)/./src/components/dice/DiceMesh.ts:191
[  248068ms] [WARNING] Canvas2D: Multiple readback operations using getImageData are faster with the willReadFrequently attribute set to true. See: https://html.spec.whatwg.org/multipage/canvas.html#concept-canvas-will-read-frequently @ webpack-internal:///(app-pages-browser)/./src/components/dice/DiceMesh.ts:191
[  248118ms] [WARNING] Canvas2D: Multiple readback operations using getImageData are faster with the willReadFrequently attribute set to true. See: https://html.spec.whatwg.org/multipage/canvas.html#concept-canvas-will-read-frequently @ webpack-internal:///(app-pages-browser)/./src/components/dice/DiceMesh.ts:191
[  248168ms] [WARNING] Canvas2D: Multiple readback operations using getImageData are faster with the willReadFrequently attribute set to true. See: https://html.spec.whatwg.org/multipage/canvas.html#concept-canvas-will-read-frequently @ webpack-internal:///(app-pages-browser)/./src/components/dice/DiceMesh.ts:191
[  248201ms] [WARNING] Canvas2D: Multiple readback operations using getImageData are faster with the willReadFrequently attribute set to true. See: https://html.spec.whatwg.org/multipage/canvas.html#concept-canvas-will-read-frequently @ webpack-internal:///(app-pages-browser)/./src/components/dice/DiceMesh.ts:191
[  248251ms] [WARNING] Canvas2D: Multiple readback operations using getImageData are faster with the willReadFrequently attribute set to true. See: https://html.spec.whatwg.org/multipage/canvas.html#concept-canvas-will-read-frequently @ webpack-internal:///(app-pages-browser)/./src/components/dice/DiceMesh.ts:191
[  248301ms] [WARNING] Canvas2D: Multiple readback operations using getImageData are faster with the willReadFrequently attribute set to true. See: https://html.spec.whatwg.org/multipage/canvas.html#concept-canvas-will-read-frequently @ webpack-internal:///(app-pages-browser)/./src/components/dice/DiceMesh.ts:191
[  248335ms] [WARNING] Canvas2D: Multiple readback operations using getImageData are faster with the willReadFrequently attribute set to true. See: https://html.spec.whatwg.org/multipage/canvas.html#concept-canvas-will-read-frequently @ webpack-internal:///(app-pages-browser)/./src/components/dice/DiceMesh.ts:191
[  248368ms] [WARNING] Canvas2D: Multiple readback operations using getImageData are faster with the willReadFrequently attribute set to true. See: https://html.spec.whatwg.org/multipage/canvas.html#concept-canvas-will-read-frequently @ webpack-internal:///(app-pages-browser)/./src/components/dice/DiceMesh.ts:191
[  248418ms] [WARNING] Canvas2D: Multiple readback operations using getImageData are faster with the willReadFrequently attribute set to true. See: https://html.spec.whatwg.org/multipage/canvas.html#concept-canvas-will-read-frequently @ webpack-internal:///(app-pages-browser)/./src/components/dice/DiceMesh.ts:191
[  248451ms] [WARNING] Canvas2D: Multiple readback operations using getImageData are faster with the willReadFrequently attribute set to true. See: https://html.spec.whatwg.org/multipage/canvas.html#concept-canvas-will-read-frequently @ webpack-internal:///(app-pages-browser)/./src/components/dice/DiceMesh.ts:191
[  248485ms] [WARNING] Canvas2D: Multiple readback operations using getImageData are faster with the willReadFrequently attribute set to true. See: https://html.spec.whatwg.org/multipage/canvas.html#concept-canvas-will-read-frequently @ webpack-internal:///(app-pages-browser)/./src/components/dice/DiceMesh.ts:191
[  248535ms] [WARNING] Canvas2D: Multiple readback operations using getImageData are faster with the willReadFrequently attribute set to true. See: https://html.spec.whatwg.org/multipage/canvas.html#concept-canvas-will-read-frequently @ webpack-internal:///(app-pages-browser)/./src/components/dice/DiceMesh.ts:191
[  248568ms] [WARNING] Canvas2D: Multiple readback operations using getImageData are faster with the willReadFrequently attribute set to true. See: https://html.spec.whatwg.org/multipage/canvas.html#concept-canvas-will-read-frequently @ webpack-internal:///(app-pages-browser)/./src/components/dice/DiceMesh.ts:191
[  248601ms] [WARNING] Canvas2D: Multiple readback operations using getImageData are faster with the willReadFrequently attribute set to true. See: https://html.spec.whatwg.org/multipage/canvas.html#concept-canvas-will-read-frequently @ webpack-internal:///(app-pages-browser)/./src/components/dice/DiceMesh.ts:191
[  248635ms] [WARNING] Canvas2D: Multiple readback operations using getImageData are faster with the willReadFrequently attribute set to true. See: https://html.spec.whatwg.org/multipage/canvas.html#concept-canvas-will-read-frequently @ webpack-internal:///(app-pages-browser)/./src/components/dice/DiceMesh.ts:191
[  248668ms] [WARNING] Canvas2D: Multiple readback operations using getImageData are faster with the willReadFrequently attribute set to true. See: https://html.spec.whatwg.org/multipage/canvas.html#concept-canvas-will-read-frequently @ webpack-internal:///(app-pages-browser)/./src/components/dice/DiceMesh.ts:191
[  248701ms] [WARNING] Canvas2D: Multiple readback operations using getImageData are faster with the willReadFrequently attribute set to true. See: https://html.spec.whatwg.org/multipage/canvas.html#concept-canvas-will-read-frequently @ webpack-internal:///(app-pages-browser)/./src/components/dice/DiceMesh.ts:191
[  248752ms] [WARNING] Canvas2D: Multiple readback operations using getImageData are faster with the willReadFrequently attribute set to true. See: https://html.spec.whatwg.org/multipage/canvas.html#concept-canvas-will-read-frequently @ webpack-internal:///(app-pages-browser)/./src/components/dice/DiceMesh.ts:191
[  248785ms] [WARNING] Canvas2D: Multiple readback operations using getImageData are faster with the willReadFrequently attribute set to true. See: https://html.spec.whatwg.org/multipage/canvas.html#concept-canvas-will-read-frequently @ webpack-internal:///(app-pages-browser)/./src/components/dice/DiceMesh.ts:191
[  248818ms] [WARNING] Canvas2D: Multiple readback operations using getImageData are faster with the willReadFrequently attribute set to true. See: https://html.spec.whatwg.org/multipage/canvas.html#concept-canvas-will-read-frequently @ webpack-internal:///(app-pages-browser)/./src/components/dice/DiceMesh.ts:191
[  248868ms] [WARNING] Canvas2D: Multiple readback operations using getImageData are faster with the willReadFrequently attribute set to true. See: https://html.spec.whatwg.org/multipage/canvas.html#concept-canvas-will-read-frequently @ webpack-internal:///(app-pages-browser)/./src/components/dice/DiceMesh.ts:191
[  248901ms] [WARNING] Canvas2D: Multiple readback operations using getImageData are faster with the willReadFrequently attribute set to true. See: https://html.spec.whatwg.org/multipage/canvas.html#concept-canvas-will-read-frequently @ webpack-internal:///(app-pages-browser)/./src/components/dice/DiceMesh.ts:191
[  248935ms] [WARNING] Canvas2D: Multiple readback operations using getImageData are faster with the willReadFrequently attribute set to true. See: https://html.spec.whatwg.org/multipage/canvas.html#concept-canvas-will-read-frequently @ webpack-internal:///(app-pages-browser)/./src/components/dice/DiceMesh.ts:191
[  248985ms] [WARNING] Canvas2D: Multiple readback operations using getImageData are faster with the willReadFrequently attribute set to true. See: https://html.spec.whatwg.org/multipage/canvas.html#concept-canvas-will-read-frequently @ webpack-internal:///(app-pages-browser)/./src/components/dice/DiceMesh.ts:191
[  249018ms] [WARNING] Canvas2D: Multiple readback operations using getImageData are faster with the willReadFrequently attribute set to true. See: https://html.spec.whatwg.org/multipage/canvas.html#concept-canvas-will-read-frequently @ webpack-internal:///(app-pages-browser)/./src/components/dice/DiceMesh.ts:191
[  249052ms] [WARNING] Canvas2D: Multiple readback operations using getImageData are faster with the willReadFrequently attribute set to true. See: https://html.spec.whatwg.org/multipage/canvas.html#concept-canvas-will-read-frequently @ webpack-internal:///(app-pages-browser)/./src/components/dice/DiceMesh.ts:191
[  249102ms] [WARNING] Canvas2D: Multiple readback operations using getImageData are faster with the willReadFrequently attribute set to true. See: https://html.spec.whatwg.org/multipage/canvas.html#concept-canvas-will-read-frequently @ webpack-internal:///(app-pages-browser)/./src/components/dice/DiceMesh.ts:191
[  249135ms] [WARNING] Canvas2D: Multiple readback operations using getImageData are faster with the willReadFrequently attribute set to true. See: https://html.spec.whatwg.org/multipage/canvas.html#concept-canvas-will-read-frequently @ webpack-internal:///(app-pages-browser)/./src/components/dice/DiceMesh.ts:191
[  249169ms] [WARNING] Canvas2D: Multiple readback operations using getImageData are faster with the willReadFrequently attribute set to true. See: https://html.spec.whatwg.org/multipage/canvas.html#concept-canvas-will-read-frequently @ webpack-internal:///(app-pages-browser)/./src/components/dice/DiceMesh.ts:191
[  249202ms] [WARNING] Canvas2D: Multiple readback operations using getImageData are faster with the willReadFrequently attribute set to true. See: https://html.spec.whatwg.org/multipage/canvas.html#concept-canvas-will-read-frequently @ webpack-internal:///(app-pages-browser)/./src/components/dice/DiceMesh.ts:191
[  249235ms] [WARNING] Canvas2D: Multiple readback operations using getImageData are faster with the willReadFrequently attribute set to true. See: https://html.spec.whatwg.org/multipage/canvas.html#concept-canvas-will-read-frequently @ webpack-internal:///(app-pages-browser)/./src/components/dice/DiceMesh.ts:191
[  249269ms] [WARNING] Canvas2D: Multiple readback operations using getImageData are faster with the willReadFrequently attribute set to true. See: https://html.spec.whatwg.org/multipage/canvas.html#concept-canvas-will-read-frequently @ webpack-internal:///(app-pages-browser)/./src/components/dice/DiceMesh.ts:191
[  249318ms] [WARNING] Canvas2D: Multiple readback operations using getImageData are faster with the willReadFrequently attribute set to true. See: https://html.spec.whatwg.org/multipage/canvas.html#concept-canvas-will-read-frequently @ webpack-internal:///(app-pages-browser)/./src/components/dice/DiceMesh.ts:191
[  249352ms] [WARNING] Canvas2D: Multiple readback operations using getImageData are faster with the willReadFrequently attribute set to true. See: https://html.spec.whatwg.org/multipage/canvas.html#concept-canvas-will-read-frequently @ webpack-internal:///(app-pages-browser)/./src/components/dice/DiceMesh.ts:191
[  249385ms] [WARNING] Canvas2D: Multiple readback operations using getImageData are faster with the willReadFrequently attribute set to true. See: https://html.spec.whatwg.org/multipage/canvas.html#concept-canvas-will-read-frequently @ webpack-internal:///(app-pages-browser)/./src/components/dice/DiceMesh.ts:191
[  249435ms] [WARNING] Canvas2D: Multiple readback operations using getImageData are faster with the willReadFrequently attribute set to true. See: https://html.spec.whatwg.org/multipage/canvas.html#concept-canvas-will-read-frequently @ webpack-internal:///(app-pages-browser)/./src/components/dice/DiceMesh.ts:191
[  249468ms] [WARNING] Canvas2D: Multiple readback operations using getImageData are faster with the willReadFrequently attribute set to true. See: https://html.spec.whatwg.org/multipage/canvas.html#concept-canvas-will-read-frequently @ webpack-internal:///(app-pages-browser)/./src/components/dice/DiceMesh.ts:191
[  249502ms] [WARNING] Canvas2D: Multiple readback operations using getImageData are faster with the willReadFrequently attribute set to true. See: https://html.spec.whatwg.org/multipage/canvas.html#concept-canvas-will-read-frequently @ webpack-internal:///(app-pages-browser)/./src/components/dice/DiceMesh.ts:191
[  249552ms] [WARNING] Canvas2D: Multiple readback operations using getImageData are faster with the willReadFrequently attribute set to true. See: https://html.spec.whatwg.org/multipage/canvas.html#concept-canvas-will-read-frequently @ webpack-internal:///(app-pages-browser)/./src/components/dice/DiceMesh.ts:191
[  249585ms] [WARNING] Canvas2D: Multiple readback operations using getImageData are faster with the willReadFrequently attribute set to true. See: https://html.spec.whatwg.org/multipage/canvas.html#concept-canvas-will-read-frequently @ webpack-internal:///(app-pages-browser)/./src/components/dice/DiceMesh.ts:191
[  249618ms] [WARNING] Canvas2D: Multiple readback operations using getImageData are faster with the willReadFrequently attribute set to true. See: https://html.spec.whatwg.org/multipage/canvas.html#concept-canvas-will-read-frequently @ webpack-internal:///(app-pages-browser)/./src/components/dice/DiceMesh.ts:191
[  249652ms] [WARNING] Canvas2D: Multiple readback operations using getImageData are faster with the willReadFrequently attribute set to true. See: https://html.spec.whatwg.org/multipage/canvas.html#concept-canvas-will-read-frequently @ webpack-internal:///(app-pages-browser)/./src/components/dice/DiceMesh.ts:191
[  249702ms] [WARNING] Canvas2D: Multiple readback operations using getImageData are faster with the willReadFrequently attribute set to true. See: https://html.spec.whatwg.org/multipage/canvas.html#concept-canvas-will-read-frequently @ webpack-internal:///(app-pages-browser)/./src/components/dice/DiceMesh.ts:191
[  249735ms] [WARNING] Canvas2D: Multiple readback operations using getImageData are faster with the willReadFrequently attribute set to true. See: https://html.spec.whatwg.org/multipage/canvas.html#concept-canvas-will-read-frequently @ webpack-internal:///(app-pages-browser)/./src/components/dice/DiceMesh.ts:191
[  249785ms] [WARNING] Canvas2D: Multiple readback operations using getImageData are faster with the willReadFrequently attribute set to true. See: https://html.spec.whatwg.org/multipage/canvas.html#concept-canvas-will-read-frequently @ webpack-internal:///(app-pages-browser)/./src/components/dice/DiceMesh.ts:191
[  249819ms] [WARNING] Canvas2D: Multiple readback operations using getImageData are faster with the willReadFrequently attribute set to true. See: https://html.spec.whatwg.org/multipage/canvas.html#concept-canvas-will-read-frequently @ webpack-internal:///(app-pages-browser)/./src/components/dice/DiceMesh.ts:191
[  249852ms] [WARNING] Canvas2D: Multiple readback operations using getImageData are faster with the willReadFrequently attribute set to true. See: https://html.spec.whatwg.org/multipage/canvas.html#concept-canvas-will-read-frequently @ webpack-internal:///(app-pages-browser)/./src/components/dice/DiceMesh.ts:191
[  249902ms] [WARNING] Canvas2D: Multiple readback operations using getImageData are faster with the willReadFrequently attribute set to true. See: https://html.spec.whatwg.org/multipage/canvas.html#concept-canvas-will-read-frequently @ webpack-internal:///(app-pages-browser)/./src/components/dice/DiceMesh.ts:191
[  249935ms] [WARNING] Canvas2D: Multiple readback operations using getImageData are faster with the willReadFrequently attribute set to true. See: https://html.spec.whatwg.org/multipage/canvas.html#concept-canvas-will-read-frequently @ webpack-internal:///(app-pages-browser)/./src/components/dice/DiceMesh.ts:191
[  249968ms] [WARNING] Canvas2D: Multiple readback operations using getImageData are faster with the willReadFrequently attribute set to true. See: https://html.spec.whatwg.org/multipage/canvas.html#concept-canvas-will-read-frequently @ webpack-internal:///(app-pages-browser)/./src/components/dice/DiceMesh.ts:191
[  250002ms] [WARNING] Canvas2D: Multiple readback operations using getImageData are faster with the willReadFrequently attribute set to true. See: https://html.spec.whatwg.org/multipage/canvas.html#concept-canvas-will-read-frequently @ webpack-internal:///(app-pages-browser)/./src/components/dice/DiceMesh.ts:191
[  250035ms] [WARNING] Canvas2D: Multiple readback operations using getImageData are faster with the willReadFrequently attribute set to true. See: https://html.spec.whatwg.org/multipage/canvas.html#concept-canvas-will-read-frequently @ webpack-internal:///(app-pages-browser)/./src/components/dice/DiceMesh.ts:191
[  250069ms] [WARNING] Canvas2D: Multiple readback operations using getImageData are faster with the willReadFrequently attribute set to true. See: https://html.spec.whatwg.org/multipage/canvas.html#concept-canvas-will-read-frequently @ webpack-internal:///(app-pages-browser)/./src/components/dice/DiceMesh.ts:191
[  250119ms] [WARNING] Canvas2D: Multiple readback operations using getImageData are faster with the willReadFrequently attribute set to true. See: https://html.spec.whatwg.org/multipage/canvas.html#concept-canvas-will-read-frequently @ webpack-internal:///(app-pages-browser)/./src/components/dice/DiceMesh.ts:191
[  250152ms] [WARNING] Canvas2D: Multiple readback operations using getImageData are faster with the willReadFrequently attribute set to true. See: https://html.spec.whatwg.org/multipage/canvas.html#concept-canvas-will-read-frequently @ webpack-internal:///(app-pages-browser)/./src/components/dice/DiceMesh.ts:191
[  250185ms] [WARNING] Canvas2D: Multiple readback operations using getImageData are faster with the willReadFrequently attribute set to true. See: https://html.spec.whatwg.org/multipage/canvas.html#concept-canvas-will-read-frequently @ webpack-internal:///(app-pages-browser)/./src/components/dice/DiceMesh.ts:191
[  250584ms] [LOG] [Fast Refresh] rebuilding @ webpack-internal:///(app-pages-browser)/./node_modules/next/dist/next-devtools/shared/forward-logs-shared.js:27
[  250872ms] [LOG] [Fast Refresh] done in 287ms @ webpack-internal:///(app-pages-browser)/./node_modules/next/dist/next-devtools/shared/forward-logs-shared.js:27
[  250909ms] [LOG] [Fast Refresh] rebuilding @ webpack-internal:///(app-pages-browser)/./node_modules/next/dist/next-devtools/shared/forward-logs-shared.js:27
[  251183ms] [LOG] [Fast Refresh] done in 273ms @ webpack-internal:///(app-pages-browser)/./node_modules/next/dist/next-devtools/shared/forward-logs-shared.js:27
[  258282ms] [LOG] [Fast Refresh] rebuilding @ webpack-internal:///(app-pages-browser)/./node_modules/next/dist/next-devtools/shared/forward-logs-shared.js:27
[  258521ms] [LOG] [Fast Refresh] done in 240ms @ webpack-internal:///(app-pages-browser)/./node_modules/next/dist/next-devtools/shared/forward-logs-shared.js:27
[  258582ms] [LOG] [Fast Refresh] rebuilding @ webpack-internal:///(app-pages-browser)/./node_modules/next/dist/next-devtools/shared/forward-logs-shared.js:27
[  258866ms] [LOG] [Fast Refresh] done in 285ms @ webpack-internal:///(app-pages-browser)/./node_modules/next/dist/next-devtools/shared/forward-logs-shared.js:27
[  266320ms] [LOG] [Fast Refresh] rebuilding @ webpack-internal:///(app-pages-browser)/./node_modules/next/dist/next-devtools/shared/forward-logs-shared.js:27
[  266503ms] [LOG] [Fast Refresh] done in 183ms @ webpack-internal:///(app-pages-browser)/./node_modules/next/dist/next-devtools/shared/forward-logs-shared.js:27
[  266521ms] [LOG] [Fast Refresh] rebuilding @ webpack-internal:///(app-pages-browser)/./node_modules/next/dist/next-devtools/shared/forward-logs-shared.js:27
[  266693ms] [LOG] [Fast Refresh] done in 171ms @ webpack-internal:///(app-pages-browser)/./node_modules/next/dist/next-devtools/shared/forward-logs-shared.js:27
[  275239ms] [LOG] [Fast Refresh] rebuilding @ webpack-internal:///(app-pages-browser)/./node_modules/next/dist/next-devtools/shared/forward-logs-shared.js:27
[  275473ms] [LOG] [Fast Refresh] done in 234ms @ webpack-internal:///(app-pages-browser)/./node_modules/next/dist/next-devtools/shared/forward-logs-shared.js:27
[  275506ms] [LOG] [Fast Refresh] rebuilding @ webpack-internal:///(app-pages-browser)/./node_modules/next/dist/next-devtools/shared/forward-logs-shared.js:27
[  275688ms] [LOG] [Fast Refresh] done in 182ms @ webpack-internal:///(app-pages-browser)/./node_modules/next/dist/next-devtools/shared/forward-logs-shared.js:27
[  275726ms] [LOG] [Fast Refresh] rebuilding @ webpack-internal:///(app-pages-browser)/./node_modules/next/dist/next-devtools/shared/forward-logs-shared.js:27
[  275903ms] [LOG] [Fast Refresh] done in 178ms @ webpack-internal:///(app-pages-browser)/./node_modules/next/dist/next-devtools/shared/forward-logs-shared.js:27
[  294671ms] [LOG] [Fast Refresh] rebuilding @ webpack-internal:///(app-pages-browser)/./node_modules/next/dist/next-devtools/shared/forward-logs-shared.js:27
[  295359ms] [LOG] [Fast Refresh] done in 687ms @ webpack-internal:///(app-pages-browser)/./node_modules/next/dist/next-devtools/shared/forward-logs-shared.js:27
[  329108ms] [LOG] [Fast Refresh] rebuilding @ webpack-internal:///(app-pages-browser)/./node_modules/next/dist/next-devtools/shared/forward-logs-shared.js:27
[  329675ms] [LOG] [Fast Refresh] done in 566ms @ webpack-internal:///(app-pages-browser)/./node_modules/next/dist/next-devtools/shared/forward-logs-shared.js:27
[  336087ms] [LOG] [Fast Refresh] rebuilding @ webpack-internal:///(app-pages-browser)/./node_modules/next/dist/next-devtools/shared/forward-logs-shared.js:27
[  336467ms] [LOG] [Fast Refresh] done in 381ms @ webpack-internal:///(app-pages-browser)/./node_modules/next/dist/next-devtools/shared/forward-logs-shared.js:27
[  336565ms] [WARNING] THREE.WebGLShadowMap: PCFSoftShadowMap has been deprecated. Using PCFShadowMap instead. @ webpack-internal:///(app-pages-browser)/./node_modules/next/dist/next-devtools/shared/forward-logs-shared.js:27
[  346525ms] [LOG] [Fast Refresh] rebuilding @ webpack-internal:///(app-pages-browser)/./node_modules/next/dist/next-devtools/shared/forward-logs-shared.js:27
[  346924ms] [LOG] [Fast Refresh] done in 400ms @ webpack-internal:///(app-pages-browser)/./node_modules/next/dist/next-devtools/shared/forward-logs-shared.js:27
[  355501ms] [ERROR] Unable to preventDefault inside passive event listener invocation. @ webpack-internal:///(app-pages-browser)/./node_modules/next/dist/compiled/react-dom/cjs/react-dom-client.development.js:3511
[  355884ms] [ERROR] Unable to preventDefault inside passive event listener invocation. @ webpack-internal:///(app-pages-browser)/./node_modules/next/dist/compiled/react-dom/cjs/react-dom-client.development.js:3511
[  357543ms] [LOG] [Fast Refresh] rebuilding @ webpack-internal:///(app-pages-browser)/./node_modules/next/dist/next-devtools/shared/forward-logs-shared.js:27
[  357792ms] [LOG] [Fast Refresh] done in 249ms @ webpack-internal:///(app-pages-browser)/./node_modules/next/dist/next-devtools/shared/forward-logs-shared.js:27
[  358096ms] [LOG] [Fast Refresh] rebuilding @ webpack-internal:///(app-pages-browser)/./node_modules/next/dist/next-devtools/shared/forward-logs-shared.js:27
[  358376ms] [LOG] [Fast Refresh] done in 280ms @ webpack-internal:///(app-pages-browser)/./node_modules/next/dist/next-devtools/shared/forward-logs-shared.js:27
[  370056ms] [LOG] [Fast Refresh] rebuilding @ webpack-internal:///(app-pages-browser)/./node_modules/next/dist/next-devtools/shared/forward-logs-shared.js:27
[  370520ms] [LOG] [Fast Refresh] done in 464ms @ webpack-internal:///(app-pages-browser)/./node_modules/next/dist/next-devtools/shared/forward-logs-shared.js:27
[  370604ms] [LOG] [Fast Refresh] rebuilding @ webpack-internal:///(app-pages-browser)/./node_modules/next/dist/next-devtools/shared/forward-logs-shared.js:27
[  370870ms] [LOG] [Fast Refresh] done in 266ms @ webpack-internal:///(app-pages-browser)/./node_modules/next/dist/next-devtools/shared/forward-logs-shared.js:27
[  396877ms] [LOG] [Fast Refresh] rebuilding @ webpack-internal:///(app-pages-browser)/./node_modules/next/dist/next-devtools/shared/forward-logs-shared.js:27
[  397600ms] [LOG] [Fast Refresh] done in 723ms @ webpack-internal:///(app-pages-browser)/./node_modules/next/dist/next-devtools/shared/forward-logs-shared.js:27
[  397640ms] [WARNING] WebGL: INVALID_OPERATION: texImage3D: FLIP_Y or PREMULTIPLY_ALPHA isn't allowed for uploading 3D textures @ webpack-internal:///(app-pages-browser)/./node_modules/three/build/three.module.js:10513
[  397640ms] [WARNING] WebGL: INVALID_OPERATION: texImage3D: FLIP_Y or PREMULTIPLY_ALPHA isn't allowed for uploading 3D textures @ webpack-internal:///(app-pages-browser)/./node_modules/three/build/three.module.js:10513
[  450374ms] [LOG] [Fast Refresh] rebuilding @ webpack-internal:///(app-pages-browser)/./node_modules/next/dist/next-devtools/shared/forward-logs-shared.js:27
[  450586ms] [LOG] [Fast Refresh] done in 213ms @ webpack-internal:///(app-pages-browser)/./node_modules/next/dist/next-devtools/shared/forward-logs-shared.js:27
[  450605ms] [LOG] [Fast Refresh] rebuilding @ webpack-internal:///(app-pages-browser)/./node_modules/next/dist/next-devtools/shared/forward-logs-shared.js:27
[  450875ms] [LOG] [Fast Refresh] done in 271ms @ webpack-internal:///(app-pages-browser)/./node_modules/next/dist/next-devtools/shared/forward-logs-shared.js:27
[  491755ms] [LOG] [Fast Refresh] rebuilding @ webpack-internal:///(app-pages-browser)/./node_modules/next/dist/next-devtools/shared/forward-logs-shared.js:27
[  491960ms] [LOG] [Fast Refresh] done in 206ms @ webpack-internal:///(app-pages-browser)/./node_modules/next/dist/next-devtools/shared/forward-logs-shared.js:27
[  512451ms] [LOG] [Fast Refresh] rebuilding @ webpack-internal:///(app-pages-browser)/./node_modules/next/dist/next-devtools/shared/forward-logs-shared.js:27
[  512669ms] [LOG] [Fast Refresh] done in 218ms @ webpack-internal:///(app-pages-browser)/./node_modules/next/dist/next-devtools/shared/forward-logs-shared.js:27
[  512772ms] [WARNING] THREE.WebGLShadowMap: PCFSoftShadowMap has been deprecated. Using PCFShadowMap instead. @ webpack-internal:///(app-pages-browser)/./node_modules/next/dist/next-devtools/shared/forward-logs-shared.js:27
[  515876ms] [LOG] [Fast Refresh] rebuilding @ webpack-internal:///(app-pages-browser)/./node_modules/next/dist/next-devtools/shared/forward-logs-shared.js:27
[  516125ms] [LOG] [Fast Refresh] done in 249ms @ webpack-internal:///(app-pages-browser)/./node_modules/next/dist/next-devtools/shared/forward-logs-shared.js:27
[  538366ms] [ERROR] Unable to preventDefault inside passive event listener invocation. @ webpack-internal:///(app-pages-browser)/./node_modules/next/dist/compiled/react-dom/cjs/react-dom-client.development.js:3511
[  538683ms] [ERROR] Unable to preventDefault inside passive event listener invocation. @ webpack-internal:///(app-pages-browser)/./node_modules/next/dist/compiled/react-dom/cjs/react-dom-client.development.js:3511
[  539066ms] [ERROR] Unable to preventDefault inside passive event listener invocation. @ webpack-internal:///(app-pages-browser)/./node_modules/next/dist/compiled/react-dom/cjs/react-dom-client.development.js:3511
[  539883ms] [ERROR] Unable to preventDefault inside passive event listener invocation. @ webpack-internal:///(app-pages-browser)/./node_modules/next/dist/compiled/react-dom/cjs/react-dom-client.development.js:3511
[  539900ms] [ERROR] Unable to preventDefault inside passive event listener invocation. @ webpack-internal:///(app-pages-browser)/./node_modules/next/dist/compiled/react-dom/cjs/react-dom-client.development.js:3511
[  539917ms] [ERROR] Unable to preventDefault inside passive event listener invocation. @ webpack-internal:///(app-pages-browser)/./node_modules/next/dist/compiled/react-dom/cjs/react-dom-client.development.js:3511
[  539934ms] [ERROR] Unable to preventDefault inside passive event listener invocation. @ webpack-internal:///(app-pages-browser)/./node_modules/next/dist/compiled/react-dom/cjs/react-dom-client.development.js:3511
[  540167ms] [ERROR] Unable to preventDefault inside passive event listener invocation. @ webpack-internal:///(app-pages-browser)/./node_modules/next/dist/compiled/react-dom/cjs/react-dom-client.development.js:3511
[  540600ms] [ERROR] Unable to preventDefault inside passive event listener invocation. @ webpack-internal:///(app-pages-browser)/./node_modules/next/dist/compiled/react-dom/cjs/react-dom-client.development.js:3511
[  540650ms] [ERROR] Unable to preventDefault inside passive event listener invocation. @ webpack-internal:///(app-pages-browser)/./node_modules/next/dist/compiled/react-dom/cjs/react-dom-client.development.js:3511
[  540967ms] [ERROR] Unable to preventDefault inside passive event listener invocation. @ webpack-internal:///(app-pages-browser)/./node_modules/next/dist/compiled/react-dom/cjs/react-dom-client.development.js:3511
[  605474ms] [LOG] [Fast Refresh] rebuilding @ webpack-internal:///(app-pages-browser)/./node_modules/next/dist/next-devtools/shared/forward-logs-shared.js:27
[  606215ms] [LOG] [Fast Refresh] done in 742ms @ webpack-internal:///(app-pages-browser)/./node_modules/next/dist/next-devtools/shared/forward-logs-shared.js:27
[  606232ms] [WARNING] WebGL: INVALID_OPERATION: texImage3D: FLIP_Y or PREMULTIPLY_ALPHA isn't allowed for uploading 3D textures @ webpack-internal:///(app-pages-browser)/./node_modules/three/build/three.module.js:10513
[  606232ms] [WARNING] WebGL: INVALID_OPERATION: texImage3D: FLIP_Y or PREMULTIPLY_ALPHA isn't allowed for uploading 3D textures @ webpack-internal:///(app-pages-browser)/./node_modules/three/build/three.module.js:10513
[  606256ms] [LOG] [Fast Refresh] rebuilding @ webpack-internal:///(app-pages-browser)/./node_modules/next/dist/next-devtools/shared/forward-logs-shared.js:27
[  606528ms] [LOG] [Fast Refresh] done in 271ms @ webpack-internal:///(app-pages-browser)/./node_modules/next/dist/next-devtools/shared/forward-logs-shared.js:27
[  640103ms] [WARNING] THREE.WebGLShadowMap: PCFSoftShadowMap has been deprecated. Using PCFShadowMap instead. @ webpack-internal:///(app-pages-browser)/./node_modules/next/dist/next-devtools/shared/forward-logs-shared.js:27
[  640209ms] [LOG] [Fast Refresh] rebuilding @ webpack-internal:///(app-pages-browser)/./node_modules/next/dist/next-devtools/shared/forward-logs-shared.js:27
[  640493ms] [LOG] [Fast Refresh] done in 284ms @ webpack-internal:///(app-pages-browser)/./node_modules/next/dist/next-devtools/shared/forward-logs-shared.js:27
[  642362ms] [ERROR] Unable to preventDefault inside passive event listener invocation. @ webpack-internal:///(app-pages-browser)/./node_modules/next/dist/compiled/react-dom/cjs/react-dom-client.development.js:3511
[  642430ms] [ERROR] Unable to preventDefault inside passive event listener invocation. @ webpack-internal:///(app-pages-browser)/./node_modules/next/dist/compiled/react-dom/cjs/react-dom-client.development.js:3511
[  642779ms] [ERROR] Unable to preventDefault inside passive event listener invocation. @ webpack-internal:///(app-pages-browser)/./node_modules/next/dist/compiled/react-dom/cjs/react-dom-client.development.js:3511
[  642819ms] [ERROR] Unable to preventDefault inside passive event listener invocation. @ webpack-internal:///(app-pages-browser)/./node_modules/next/dist/compiled/react-dom/cjs/react-dom-client.development.js:3511
[  642832ms] [ERROR] Unable to preventDefault inside passive event listener invocation. @ webpack-internal:///(app-pages-browser)/./node_modules/next/dist/compiled/react-dom/cjs/react-dom-client.development.js:3511
[  642846ms] [ERROR] Unable to preventDefault inside passive event listener invocation. @ webpack-internal:///(app-pages-browser)/./node_modules/next/dist/compiled/react-dom/cjs/react-dom-client.development.js:3511
[  642863ms] [ERROR] Unable to preventDefault inside passive event listener invocation. @ webpack-internal:///(app-pages-browser)/./node_modules/next/dist/compiled/react-dom/cjs/react-dom-client.development.js:3511
[  642913ms] [ERROR] Unable to preventDefault inside passive event listener invocation. @ webpack-internal:///(app-pages-browser)/./node_modules/next/dist/compiled/react-dom/cjs/react-dom-client.development.js:3511
[  643163ms] [ERROR] Unable to preventDefault inside passive event listener invocation. @ webpack-internal:///(app-pages-browser)/./node_modules/next/dist/compiled/react-dom/cjs/react-dom-client.development.js:3511
[  657336ms] [ERROR] Unable to preventDefault inside passive event listener invocation. @ webpack-internal:///(app-pages-browser)/./node_modules/next/dist/compiled/react-dom/cjs/react-dom-client.development.js:3511
[  657536ms] [ERROR] Unable to preventDefault inside passive event listener invocation. @ webpack-internal:///(app-pages-browser)/./node_modules/next/dist/compiled/react-dom/cjs/react-dom-client.development.js:3511
[  657953ms] [ERROR] Unable to preventDefault inside passive event listener invocation. @ webpack-internal:///(app-pages-browser)/./node_modules/next/dist/compiled/react-dom/cjs/react-dom-client.development.js:3511
[  658936ms] [ERROR] Unable to preventDefault inside passive event listener invocation. @ webpack-internal:///(app-pages-browser)/./node_modules/next/dist/compiled/react-dom/cjs/react-dom-client.development.js:3511
[  658954ms] [ERROR] Unable to preventDefault inside passive event listener invocation. @ webpack-internal:///(app-pages-browser)/./node_modules/next/dist/compiled/react-dom/cjs/react-dom-client.development.js:3511
[  658988ms] [ERROR] Unable to preventDefault inside passive event listener invocation. @ webpack-internal:///(app-pages-browser)/./node_modules/next/dist/compiled/react-dom/cjs/react-dom-client.development.js:3511
[  659025ms] [ERROR] Unable to preventDefault inside passive event listener invocation. @ webpack-internal:///(app-pages-browser)/./node_modules/next/dist/compiled/react-dom/cjs/react-dom-client.development.js:3511
[  659254ms] [ERROR] Unable to preventDefault inside passive event listener invocation. @ webpack-internal:///(app-pages-browser)/./node_modules/next/dist/compiled/react-dom/cjs/react-dom-client.development.js:3511
[  659337ms] [ERROR] Unable to preventDefault inside passive event listener invocation. @ webpack-internal:///(app-pages-browser)/./node_modules/next/dist/compiled/react-dom/cjs/react-dom-client.development.js:3511
[  659537ms] [ERROR] Unable to preventDefault inside passive event listener invocation. @ webpack-internal:///(app-pages-browser)/./node_modules/next/dist/compiled/react-dom/cjs/react-dom-client.development.js:3511
[  659603ms] [ERROR] Unable to preventDefault inside passive event listener invocation. @ webpack-internal:///(app-pages-browser)/./node_modules/next/dist/compiled/react-dom/cjs/react-dom-client.development.js:3511
[  661246ms] [INFO] %cDownload the React DevTools for a better development experience: https://react.dev/link/react-devtools font-weight:bold @ webpack-internal:///(app-pages-browser)/./node_modules/next/dist/next-devtools/shared/forward-logs-shared.js:27
[  661304ms] [LOG] [HMR] connected @ webpack-internal:///(app-pages-browser)/./node_modules/next/dist/next-devtools/shared/forward-logs-shared.js:27
[  661533ms] [LOG] [Fast Refresh] rebuilding @ webpack-internal:///(app-pages-browser)/./node_modules/next/dist/next-devtools/shared/forward-logs-shared.js:27
[  662016ms] [LOG] [Fast Refresh] done in 483ms @ webpack-internal:///(app-pages-browser)/./node_modules/next/dist/next-devtools/shared/forward-logs-shared.js:27
[  662390ms] [WARNING] Canvas2D: Multiple readback operations using getImageData are faster with the willReadFrequently attribute set to true. See: https://html.spec.whatwg.org/multipage/canvas.html#concept-canvas-will-read-frequently @ webpack-internal:///(app-pages-browser)/./src/components/dice/DiceMesh.ts:191
[  662421ms] [WARNING] Canvas2D: Multiple readback operations using getImageData are faster with the willReadFrequently attribute set to true. See: https://html.spec.whatwg.org/multipage/canvas.html#concept-canvas-will-read-frequently @ webpack-internal:///(app-pages-browser)/./src/components/dice/DiceMesh.ts:191
[  662454ms] [WARNING] Canvas2D: Multiple readback operations using getImageData are faster with the willReadFrequently attribute set to true. See: https://html.spec.whatwg.org/multipage/canvas.html#concept-canvas-will-read-frequently @ webpack-internal:///(app-pages-browser)/./src/components/dice/DiceMesh.ts:191
[  662488ms] [WARNING] Canvas2D: Multiple readback operations using getImageData are faster with the willReadFrequently attribute set to true. See: https://html.spec.whatwg.org/multipage/canvas.html#concept-canvas-will-read-frequently @ webpack-internal:///(app-pages-browser)/./src/components/dice/DiceMesh.ts:191
[  662521ms] [WARNING] Canvas2D: Multiple readback operations using getImageData are faster with the willReadFrequently attribute set to true. See: https://html.spec.whatwg.org/multipage/canvas.html#concept-canvas-will-read-frequently @ webpack-internal:///(app-pages-browser)/./src/components/dice/DiceMesh.ts:191
[  662554ms] [WARNING] Canvas2D: Multiple readback operations using getImageData are faster with the willReadFrequently attribute set to true. See: https://html.spec.whatwg.org/multipage/canvas.html#concept-canvas-will-read-frequently @ webpack-internal:///(app-pages-browser)/./src/components/dice/DiceMesh.ts:191
[  662588ms] [WARNING] Canvas2D: Multiple readback operations using getImageData are faster with the willReadFrequently attribute set to true. See: https://html.spec.whatwg.org/multipage/canvas.html#concept-canvas-will-read-frequently @ webpack-internal:///(app-pages-browser)/./src/components/dice/DiceMesh.ts:191
[  662621ms] [WARNING] Canvas2D: Multiple readback operations using getImageData are faster with the willReadFrequently attribute set to true. See: https://html.spec.whatwg.org/multipage/canvas.html#concept-canvas-will-read-frequently @ webpack-internal:///(app-pages-browser)/./src/components/dice/DiceMesh.ts:191
[  662654ms] [WARNING] Canvas2D: Multiple readback operations using getImageData are faster with the willReadFrequently attribute set to true. See: https://html.spec.whatwg.org/multipage/canvas.html#concept-canvas-will-read-frequently @ webpack-internal:///(app-pages-browser)/./src/components/dice/DiceMesh.ts:191
[  662688ms] [WARNING] Canvas2D: Multiple readback operations using getImageData are faster with the willReadFrequently attribute set to true. See: https://html.spec.whatwg.org/multipage/canvas.html#concept-canvas-will-read-frequently @ webpack-internal:///(app-pages-browser)/./src/components/dice/DiceMesh.ts:191
[  662721ms] [WARNING] Canvas2D: Multiple readback operations using getImageData are faster with the willReadFrequently attribute set to true. See: https://html.spec.whatwg.org/multipage/canvas.html#concept-canvas-will-read-frequently @ webpack-internal:///(app-pages-browser)/./src/components/dice/DiceMesh.ts:191
[  662754ms] [WARNING] Canvas2D: Multiple readback operations using getImageData are faster with the willReadFrequently attribute set to true. See: https://html.spec.whatwg.org/multipage/canvas.html#concept-canvas-will-read-frequently @ webpack-internal:///(app-pages-browser)/./src/components/dice/DiceMesh.ts:191
[  662788ms] [WARNING] Canvas2D: Multiple readback operations using getImageData are faster with the willReadFrequently attribute set to true. See: https://html.spec.whatwg.org/multipage/canvas.html#concept-canvas-will-read-frequently @ webpack-internal:///(app-pages-browser)/./src/components/dice/DiceMesh.ts:191
[  662821ms] [WARNING] Canvas2D: Multiple readback operations using getImageData are faster with the willReadFrequently attribute set to true. See: https://html.spec.whatwg.org/multipage/canvas.html#concept-canvas-will-read-frequently @ webpack-internal:///(app-pages-browser)/./src/components/dice/DiceMesh.ts:191
[  662854ms] [WARNING] Canvas2D: Multiple readback operations using getImageData are faster with the willReadFrequently attribute set to true. See: https://html.spec.whatwg.org/multipage/canvas.html#concept-canvas-will-read-frequently @ webpack-internal:///(app-pages-browser)/./src/components/dice/DiceMesh.ts:191
[  662888ms] [WARNING] Canvas2D: Multiple readback operations using getImageData are faster with the willReadFrequently attribute set to true. See: https://html.spec.whatwg.org/multipage/canvas.html#concept-canvas-will-read-frequently @ webpack-internal:///(app-pages-browser)/./src/components/dice/DiceMesh.ts:191
[  662921ms] [WARNING] Canvas2D: Multiple readback operations using getImageData are faster with the willReadFrequently attribute set to true. See: https://html.spec.whatwg.org/multipage/canvas.html#concept-canvas-will-read-frequently @ webpack-internal:///(app-pages-browser)/./src/components/dice/DiceMesh.ts:191
[  662954ms] [WARNING] Canvas2D: Multiple readback operations using getImageData are faster with the willReadFrequently attribute set to true. See: https://html.spec.whatwg.org/multipage/canvas.html#concept-canvas-will-read-frequently @ webpack-internal:///(app-pages-browser)/./src/components/dice/DiceMesh.ts:191
[  662988ms] [WARNING] Canvas2D: Multiple readback operations using getImageData are faster with the willReadFrequently attribute set to true. See: https://html.spec.whatwg.org/multipage/canvas.html#concept-canvas-will-read-frequently @ webpack-internal:///(app-pages-browser)/./src/components/dice/DiceMesh.ts:191
[  663021ms] [WARNING] Canvas2D: Multiple readback operations using getImageData are faster with the willReadFrequently attribute set to true. See: https://html.spec.whatwg.org/multipage/canvas.html#concept-canvas-will-read-frequently @ webpack-internal:///(app-pages-browser)/./src/components/dice/DiceMesh.ts:191
[  663055ms] [WARNING] Canvas2D: Multiple readback operations using getImageData are faster with the willReadFrequently attribute set to true. See: https://html.spec.whatwg.org/multipage/canvas.html#concept-canvas-will-read-frequently @ webpack-internal:///(app-pages-browser)/./src/components/dice/DiceMesh.ts:191
[  663088ms] [WARNING] Canvas2D: Multiple readback operations using getImageData are faster with the willReadFrequently attribute set to true. See: https://html.spec.whatwg.org/multipage/canvas.html#concept-canvas-will-read-frequently @ webpack-internal:///(app-pages-browser)/./src/components/dice/DiceMesh.ts:191
[  663121ms] [WARNING] Canvas2D: Multiple readback operations using getImageData are faster with the willReadFrequently attribute set to true. See: https://html.spec.whatwg.org/multipage/canvas.html#concept-canvas-will-read-frequently @ webpack-internal:///(app-pages-browser)/./src/components/dice/DiceMesh.ts:191
[  663155ms] [WARNING] Canvas2D: Multiple readback operations using getImageData are faster with the willReadFrequently attribute set to true. See: https://html.spec.whatwg.org/multipage/canvas.html#concept-canvas-will-read-frequently @ webpack-internal:///(app-pages-browser)/./src/components/dice/DiceMesh.ts:191
[  663188ms] [WARNING] Canvas2D: Multiple readback operations using getImageData are faster with the willReadFrequently attribute set to true. See: https://html.spec.whatwg.org/multipage/canvas.html#concept-canvas-will-read-frequently @ webpack-internal:///(app-pages-browser)/./src/components/dice/DiceMesh.ts:191
[  663221ms] [WARNING] Canvas2D: Multiple readback operations using getImageData are faster with the willReadFrequently attribute set to true. See: https://html.spec.whatwg.org/multipage/canvas.html#concept-canvas-will-read-frequently @ webpack-internal:///(app-pages-browser)/./src/components/dice/DiceMesh.ts:191
[  663255ms] [WARNING] Canvas2D: Multiple readback operations using getImageData are faster with the willReadFrequently attribute set to true. See: https://html.spec.whatwg.org/multipage/canvas.html#concept-canvas-will-read-frequently @ webpack-internal:///(app-pages-browser)/./src/components/dice/DiceMesh.ts:191
[  663288ms] [WARNING] Canvas2D: Multiple readback operations using getImageData are faster with the willReadFrequently attribute set to true. See: https://html.spec.whatwg.org/multipage/canvas.html#concept-canvas-will-read-frequently @ webpack-internal:///(app-pages-browser)/./src/components/dice/DiceMesh.ts:191
[  663321ms] [WARNING] Canvas2D: Multiple readback operations using getImageData are faster with the willReadFrequently attribute set to true. See: https://html.spec.whatwg.org/multipage/canvas.html#concept-canvas-will-read-frequently @ webpack-internal:///(app-pages-browser)/./src/components/dice/DiceMesh.ts:191
[  663355ms] [WARNING] Canvas2D: Multiple readback operations using getImageData are faster with the willReadFrequently attribute set to true. See: https://html.spec.whatwg.org/multipage/canvas.html#concept-canvas-will-read-frequently @ webpack-internal:///(app-pages-browser)/./src/components/dice/DiceMesh.ts:191
[  663388ms] [WARNING] Canvas2D: Multiple readback operations using getImageData are faster with the willReadFrequently attribute set to true. See: https://html.spec.whatwg.org/multipage/canvas.html#concept-canvas-will-read-frequently @ webpack-internal:///(app-pages-browser)/./src/components/dice/DiceMesh.ts:191
[  663421ms] [WARNING] Canvas2D: Multiple readback operations using getImageData are faster with the willReadFrequently attribute set to true. See: https://html.spec.whatwg.org/multipage/canvas.html#concept-canvas-will-read-frequently @ webpack-internal:///(app-pages-browser)/./src/components/dice/DiceMesh.ts:191
[  663455ms] [WARNING] Canvas2D: Multiple readback operations using getImageData are faster with the willReadFrequently attribute set to true. See: https://html.spec.whatwg.org/multipage/canvas.html#concept-canvas-will-read-frequently @ webpack-internal:///(app-pages-browser)/./src/components/dice/DiceMesh.ts:191
[  663488ms] [WARNING] Canvas2D: Multiple readback operations using getImageData are faster with the willReadFrequently attribute set to true. See: https://html.spec.whatwg.org/multipage/canvas.html#concept-canvas-will-read-frequently @ webpack-internal:///(app-pages-browser)/./src/components/dice/DiceMesh.ts:191
[  663521ms] [WARNING] Canvas2D: Multiple readback operations using getImageData are faster with the willReadFrequently attribute set to true. See: https://html.spec.whatwg.org/multipage/canvas.html#concept-canvas-will-read-frequently @ webpack-internal:///(app-pages-browser)/./src/components/dice/DiceMesh.ts:191
[  663555ms] [WARNING] Canvas2D: Multiple readback operations using getImageData are faster with the willReadFrequently attribute set to true. See: https://html.spec.whatwg.org/multipage/canvas.html#concept-canvas-will-read-frequently @ webpack-internal:///(app-pages-browser)/./src/components/dice/DiceMesh.ts:191
[  663588ms] [WARNING] Canvas2D: Multiple readback operations using getImageData are faster with the willReadFrequently attribute set to true. See: https://html.spec.whatwg.org/multipage/canvas.html#concept-canvas-will-read-frequently @ webpack-internal:///(app-pages-browser)/./src/components/dice/DiceMesh.ts:191
[  663621ms] [WARNING] Canvas2D: Multiple readback operations using getImageData are faster with the willReadFrequently attribute set to true. See: https://html.spec.whatwg.org/multipage/canvas.html#concept-canvas-will-read-frequently @ webpack-internal:///(app-pages-browser)/./src/components/dice/DiceMesh.ts:191
[  663655ms] [WARNING] Canvas2D: Multiple readback operations using getImageData are faster with the willReadFrequently attribute set to true. See: https://html.spec.whatwg.org/multipage/canvas.html#concept-canvas-will-read-frequently @ webpack-internal:///(app-pages-browser)/./src/components/dice/DiceMesh.ts:191
[  663688ms] [WARNING] Canvas2D: Multiple readback operations using getImageData are faster with the willReadFrequently attribute set to true. See: https://html.spec.whatwg.org/multipage/canvas.html#concept-canvas-will-read-frequently @ webpack-internal:///(app-pages-browser)/./src/components/dice/DiceMesh.ts:191
[  663705ms] [WARNING] Canvas2D: Multiple readback operations using getImageData are faster with the willReadFrequently attribute set to true. See: https://html.spec.whatwg.org/multipage/canvas.html#concept-canvas-will-read-frequently @ webpack-internal:///(app-pages-browser)/./src/components/dice/DiceMesh.ts:191
[  663738ms] [WARNING] Canvas2D: Multiple readback operations using getImageData are faster with the willReadFrequently attribute set to true. See: https://html.spec.whatwg.org/multipage/canvas.html#concept-canvas-will-read-frequently @ webpack-internal:///(app-pages-browser)/./src/components/dice/DiceMesh.ts:191
[  663772ms] [WARNING] Canvas2D: Multiple readback operations using getImageData are faster with the willReadFrequently attribute set to true. See: https://html.spec.whatwg.org/multipage/canvas.html#concept-canvas-will-read-frequently @ webpack-internal:///(app-pages-browser)/./src/components/dice/DiceMesh.ts:191
[  663807ms] [WARNING] Canvas2D: Multiple readback operations using getImageData are faster with the willReadFrequently attribute set to true. See: https://html.spec.whatwg.org/multipage/canvas.html#concept-canvas-will-read-frequently @ webpack-internal:///(app-pages-browser)/./src/components/dice/DiceMesh.ts:191
[  663838ms] [WARNING] Canvas2D: Multiple readback operations using getImageData are faster with the willReadFrequently attribute set to true. See: https://html.spec.whatwg.org/multipage/canvas.html#concept-canvas-will-read-frequently @ webpack-internal:///(app-pages-browser)/./src/components/dice/DiceMesh.ts:191
[  663872ms] [WARNING] Canvas2D: Multiple readback operations using getImageData are faster with the willReadFrequently attribute set to true. See: https://html.spec.whatwg.org/multipage/canvas.html#concept-canvas-will-read-frequently @ webpack-internal:///(app-pages-browser)/./src/components/dice/DiceMesh.ts:191
[  663907ms] [WARNING] Canvas2D: Multiple readback operations using getImageData are faster with the willReadFrequently attribute set to true. See: https://html.spec.whatwg.org/multipage/canvas.html#concept-canvas-will-read-frequently @ webpack-internal:///(app-pages-browser)/./src/components/dice/DiceMesh.ts:191
[  663939ms] [WARNING] Canvas2D: Multiple readback operations using getImageData are faster with the willReadFrequently attribute set to true. See: https://html.spec.whatwg.org/multipage/canvas.html#concept-canvas-will-read-frequently @ webpack-internal:///(app-pages-browser)/./src/components/dice/DiceMesh.ts:191
[  663972ms] [WARNING] Canvas2D: Multiple readback operations using getImageData are faster with the willReadFrequently attribute set to true. See: https://html.spec.whatwg.org/multipage/canvas.html#concept-canvas-will-read-frequently @ webpack-internal:///(app-pages-browser)/./src/components/dice/DiceMesh.ts:191
[  664007ms] [WARNING] Canvas2D: Multiple readback operations using getImageData are faster with the willReadFrequently attribute set to true. See: https://html.spec.whatwg.org/multipage/canvas.html#concept-canvas-will-read-frequently @ webpack-internal:///(app-pages-browser)/./src/components/dice/DiceMesh.ts:191
[  664038ms] [WARNING] Canvas2D: Multiple readback operations using getImageData are faster with the willReadFrequently attribute set to true. See: https://html.spec.whatwg.org/multipage/canvas.html#concept-canvas-will-read-frequently @ webpack-internal:///(app-pages-browser)/./src/components/dice/DiceMesh.ts:191
[  664072ms] [WARNING] Canvas2D: Multiple readback operations using getImageData are faster with the willReadFrequently attribute set to true. See: https://html.spec.whatwg.org/multipage/canvas.html#concept-canvas-will-read-frequently @ webpack-internal:///(app-pages-browser)/./src/components/dice/DiceMesh.ts:191
[  664107ms] [WARNING] Canvas2D: Multiple readback operations using getImageData are faster with the willReadFrequently attribute set to true. See: https://html.spec.whatwg.org/multipage/canvas.html#concept-canvas-will-read-frequently @ webpack-internal:///(app-pages-browser)/./src/components/dice/DiceMesh.ts:191
[  664139ms] [WARNING] Canvas2D: Multiple readback operations using getImageData are faster with the willReadFrequently attribute set to true. See: https://html.spec.whatwg.org/multipage/canvas.html#concept-canvas-will-read-frequently @ webpack-internal:///(app-pages-browser)/./src/components/dice/DiceMesh.ts:191
[  664172ms] [WARNING] Canvas2D: Multiple readback operations using getImageData are faster with the willReadFrequently attribute set to true. See: https://html.spec.whatwg.org/multipage/canvas.html#concept-canvas-will-read-frequently @ webpack-internal:///(app-pages-browser)/./src/components/dice/DiceMesh.ts:191
[  664207ms] [WARNING] Canvas2D: Multiple readback operations using getImageData are faster with the willReadFrequently attribute set to true. See: https://html.spec.whatwg.org/multipage/canvas.html#concept-canvas-will-read-frequently @ webpack-internal:///(app-pages-browser)/./src/components/dice/DiceMesh.ts:191
[  664238ms] [WARNING] Canvas2D: Multiple readback operations using getImageData are faster with the willReadFrequently attribute set to true. See: https://html.spec.whatwg.org/multipage/canvas.html#concept-canvas-will-read-frequently @ webpack-internal:///(app-pages-browser)/./src/components/dice/DiceMesh.ts:191
[  664272ms] [WARNING] Canvas2D: Multiple readback operations using getImageData are faster with the willReadFrequently attribute set to true. See: https://html.spec.whatwg.org/multipage/canvas.html#concept-canvas-will-read-frequently @ webpack-internal:///(app-pages-browser)/./src/components/dice/DiceMesh.ts:191
[  664305ms] [WARNING] Canvas2D: Multiple readback operations using getImageData are faster with the willReadFrequently attribute set to true. See: https://html.spec.whatwg.org/multipage/canvas.html#concept-canvas-will-read-frequently @ webpack-internal:///(app-pages-browser)/./src/components/dice/DiceMesh.ts:191
[  664338ms] [WARNING] Canvas2D: Multiple readback operations using getImageData are faster with the willReadFrequently attribute set to true. See: https://html.spec.whatwg.org/multipage/canvas.html#concept-canvas-will-read-frequently @ webpack-internal:///(app-pages-browser)/./src/components/dice/DiceMesh.ts:191
[  664372ms] [WARNING] Canvas2D: Multiple readback operations using getImageData are faster with the willReadFrequently attribute set to true. See: https://html.spec.whatwg.org/multipage/canvas.html#concept-canvas-will-read-frequently @ webpack-internal:///(app-pages-browser)/./src/components/dice/DiceMesh.ts:191
[  664405ms] [WARNING] Canvas2D: Multiple readback operations using getImageData are faster with the willReadFrequently attribute set to true. See: https://html.spec.whatwg.org/multipage/canvas.html#concept-canvas-will-read-frequently @ webpack-internal:///(app-pages-browser)/./src/components/dice/DiceMesh.ts:191
[  664438ms] [WARNING] Canvas2D: Multiple readback operations using getImageData are faster with the willReadFrequently attribute set to true. See: https://html.spec.whatwg.org/multipage/canvas.html#concept-canvas-will-read-frequently @ webpack-internal:///(app-pages-browser)/./src/components/dice/DiceMesh.ts:191
[  664472ms] [WARNING] Canvas2D: Multiple readback operations using getImageData are faster with the willReadFrequently attribute set to true. See: https://html.spec.whatwg.org/multipage/canvas.html#concept-canvas-will-read-frequently @ webpack-internal:///(app-pages-browser)/./src/components/dice/DiceMesh.ts:191
[  664505ms] [WARNING] Canvas2D: Multiple readback operations using getImageData are faster with the willReadFrequently attribute set to true. See: https://html.spec.whatwg.org/multipage/canvas.html#concept-canvas-will-read-frequently @ webpack-internal:///(app-pages-browser)/./src/components/dice/DiceMesh.ts:191
[  664539ms] [WARNING] Canvas2D: Multiple readback operations using getImageData are faster with the willReadFrequently attribute set to true. See: https://html.spec.whatwg.org/multipage/canvas.html#concept-canvas-will-read-frequently @ webpack-internal:///(app-pages-browser)/./src/components/dice/DiceMesh.ts:191
[  664572ms] [WARNING] Canvas2D: Multiple readback operations using getImageData are faster with the willReadFrequently attribute set to true. See: https://html.spec.whatwg.org/multipage/canvas.html#concept-canvas-will-read-frequently @ webpack-internal:///(app-pages-browser)/./src/components/dice/DiceMesh.ts:191
[  664605ms] [WARNING] Canvas2D: Multiple readback operations using getImageData are faster with the willReadFrequently attribute set to true. See: https://html.spec.whatwg.org/multipage/canvas.html#concept-canvas-will-read-frequently @ webpack-internal:///(app-pages-browser)/./src/components/dice/DiceMesh.ts:191
[  664639ms] [WARNING] Canvas2D: Multiple readback operations using getImageData are faster with the willReadFrequently attribute set to true. See: https://html.spec.whatwg.org/multipage/canvas.html#concept-canvas-will-read-frequently @ webpack-internal:///(app-pages-browser)/./src/components/dice/DiceMesh.ts:191
[  664672ms] [WARNING] Canvas2D: Multiple readback operations using getImageData are faster with the willReadFrequently attribute set to true. See: https://html.spec.whatwg.org/multipage/canvas.html#concept-canvas-will-read-frequently @ webpack-internal:///(app-pages-browser)/./src/components/dice/DiceMesh.ts:191
[  664705ms] [WARNING] Canvas2D: Multiple readback operations using getImageData are faster with the willReadFrequently attribute set to true. See: https://html.spec.whatwg.org/multipage/canvas.html#concept-canvas-will-read-frequently @ webpack-internal:///(app-pages-browser)/./src/components/dice/DiceMesh.ts:191
[  664739ms] [WARNING] Canvas2D: Multiple readback operations using getImageData are faster with the willReadFrequently attribute set to true. See: https://html.spec.whatwg.org/multipage/canvas.html#concept-canvas-will-read-frequently @ webpack-internal:///(app-pages-browser)/./src/components/dice/DiceMesh.ts:191
[  664772ms] [WARNING] Canvas2D: Multiple readback operations using getImageData are faster with the willReadFrequently attribute set to true. See: https://html.spec.whatwg.org/multipage/canvas.html#concept-canvas-will-read-frequently @ webpack-internal:///(app-pages-browser)/./src/components/dice/DiceMesh.ts:191
[  664806ms] [WARNING] Canvas2D: Multiple readback operations using getImageData are faster with the willReadFrequently attribute set to true. See: https://html.spec.whatwg.org/multipage/canvas.html#concept-canvas-will-read-frequently @ webpack-internal:///(app-pages-browser)/./src/components/dice/DiceMesh.ts:191
[  664839ms] [WARNING] Canvas2D: Multiple readback operations using getImageData are faster with the willReadFrequently attribute set to true. See: https://html.spec.whatwg.org/multipage/canvas.html#concept-canvas-will-read-frequently @ webpack-internal:///(app-pages-browser)/./src/components/dice/DiceMesh.ts:191
[  664872ms] [WARNING] Canvas2D: Multiple readback operations using getImageData are faster with the willReadFrequently attribute set to true. See: https://html.spec.whatwg.org/multipage/canvas.html#concept-canvas-will-read-frequently @ webpack-internal:///(app-pages-browser)/./src/components/dice/DiceMesh.ts:191
[  664933ms] [LOG] [Fast Refresh] rebuilding @ webpack-internal:///(app-pages-browser)/./node_modules/next/dist/next-devtools/shared/forward-logs-shared.js:27
[  664933ms] [LOG] [Fast Refresh] done in 0ms @ webpack-internal:///(app-pages-browser)/./node_modules/next/dist/next-devtools/shared/forward-logs-shared.js:27
[  664933ms] [LOG] [Fast Refresh] rebuilding @ webpack-internal:///(app-pages-browser)/./node_modules/next/dist/next-devtools/shared/forward-logs-shared.js:27
[  664933ms] [LOG] [Fast Refresh] done in 1ms @ webpack-internal:///(app-pages-browser)/./node_modules/next/dist/next-devtools/shared/forward-logs-shared.js:27
[  666665ms] [WARNING] THREE.WebGLShadowMap: PCFSoftShadowMap has been deprecated. Using PCFShadowMap instead. @ webpack-internal:///(app-pages-browser)/./node_modules/next/dist/next-devtools/shared/forward-logs-shared.js:27
[  683295ms] [LOG] [Fast Refresh] rebuilding @ webpack-internal:///(app-pages-browser)/./node_modules/next/dist/next-devtools/shared/forward-logs-shared.js:27
[  683671ms] [LOG] [Fast Refresh] done in 376ms @ webpack-internal:///(app-pages-browser)/./node_modules/next/dist/next-devtools/shared/forward-logs-shared.js:27
