[    1255ms] [INFO] %cDownload the React DevTools for a better development experience: https://react.dev/link/react-devtools font-weight:bold @ webpack-internal:///(app-pages-browser)/./node_modules/next/dist/next-devtools/shared/forward-logs-shared.js:27
[    1410ms] [LOG] [HMR] connected @ webpack-internal:///(app-pages-browser)/./node_modules/next/dist/next-devtools/shared/forward-logs-shared.js:27
[    3560ms] [LOG] [Fast Refresh] rebuilding @ webpack-internal:///(app-pages-browser)/./node_modules/next/dist/next-devtools/shared/forward-logs-shared.js:27
[    4532ms] [LOG] [Fast Refresh] rebuilding @ webpack-internal:///(app-pages-browser)/./node_modules/next/dist/next-devtools/shared/forward-logs-shared.js:27
[    5142ms] [LOG] [Fast Refresh] done in 610ms @ webpack-internal:///(app-pages-browser)/./node_modules/next/dist/next-devtools/shared/forward-logs-shared.js:27
[    6316ms] [LOG] [Fast Refresh] done in 1785ms @ webpack-internal:///(app-pages-browser)/./node_modules/next/dist/next-devtools/shared/forward-logs-shared.js:27
[  961194ms] [LOG] [Fast Refresh] rebuilding @ webpack-internal:///(app-pages-browser)/./node_modules/next/dist/next-devtools/shared/forward-logs-shared.js:27
[  962082ms] [LOG] [Fast Refresh] rebuilding @ webpack-internal:///(app-pages-browser)/./node_modules/next/dist/next-devtools/shared/forward-logs-shared.js:27
[  963196ms] [LOG] [Fast Refresh] done in 1114ms @ webpack-internal:///(app-pages-browser)/./node_modules/next/dist/next-devtools/shared/forward-logs-shared.js:27
[  963266ms] [LOG] [Fast Refresh] rebuilding @ webpack-internal:///(app-pages-browser)/./node_modules/next/dist/next-devtools/shared/forward-logs-shared.js:27
[  963425ms] [LOG] [Fast Refresh] done in 158ms @ webpack-internal:///(app-pages-browser)/./node_modules/next/dist/next-devtools/shared/forward-logs-shared.js:27
[  964189ms] NotFoundError: Failed to execute 'insertBefore' on 'Node': The node before which the new node is to be inserted is not a child of this node.
    at insertOrAppendPlacementNodeIntoContainer (webpack-internal:///(app-pages-browser)/./node_modules/next/dist/compiled/react-dom/cjs/react-dom-client.development.js:14150:17)
    at insertOrAppendPlacementNodeIntoContainer (webpack-internal:///(app-pages-browser)/./node_modules/next/dist/compiled/react-dom/cjs/react-dom-client.development.js:14174:11)
    at commitPlacement (webpack-internal:///(app-pages-browser)/./node_modules/next/dist/compiled/react-dom/cjs/react-dom-client.development.js:14280:11)
    at runWithFiberInDEV (webpack-internal:///(app-pages-browser)/./node_modules/next/dist/compiled/react-dom/cjs/react-dom-client.development.js:987:30)
    at commitReconciliationEffects (webpack-internal:///(app-pages-browser)/./node_modules/next/dist/compiled/react-dom/cjs/react-dom-client.development.js:16224:11)
    at commitMutationEffectsOnFiber (webpack-internal:///(app-pages-browser)/./node_modules/next/dist/compiled/react-dom/cjs/react-dom-client.development.js:15747:11)
    at recursivelyTraverseMutationEffects (webpack-internal:///(app-pages-browser)/./node_modules/next/dist/compiled/react-dom/cjs/react-dom-client.development.js:15731:11)
    at commitMutationEffectsOnFiber (webpack-internal:///(app-pages-browser)/./node_modules/next/dist/compiled/react-dom/cjs/react-dom-client.development.js:15746:11)
    at recursivelyTraverseMutationEffects (webpack-internal:///(app-pages-browser)/./node_modules/next/dist/compiled/react-dom/cjs/react-dom-client.development.js:15731:11)
    at commitMutationEffectsOnFiber (webpack-internal:///(app-pages-browser)/./node_modules/next/dist/compiled/react-dom/cjs/react-dom-client.development.js:16187:11)
    at recursivelyTraverseMutationEffects (webpack-internal:///(app-pages-browser)/./node_modules/next/dist/compiled/react-dom/cjs/react-dom-client.development.js:15731:11)
    at commitMutationEffectsOnFiber (webpack-internal:///(app-pages-browser)/./node_modules/next/dist/compiled/react-dom/cjs/react-dom-client.development.js:16187:11)
    at recursivelyTraverseMutationEffects (webpack-internal:///(app-pages-browser)/./node_modules/next/dist/compiled/react-dom/cjs/react-dom-client.development.js:15731:11)
    at commitMutationEffectsOnFiber (webpack-internal:///(app-pages-browser)/./node_modules/next/dist/compiled/react-dom/cjs/react-dom-client.development.js:15746:11)
    at recursivelyTraverseMutationEffects (webpack-internal:///(app-pages-browser)/./node_modules/next/dist/compiled/react-dom/cjs/react-dom-client.development.js:15731:11)
    at commitMutationEffectsOnFiber (webpack-internal:///(app-pages-browser)/./node_modules/next/dist/compiled/react-dom/cjs/react-dom-client.development.js:15762:11)
    at recursivelyTraverseMutationEffects (webpack-internal:///(app-pages-browser)/./node_modules/next/dist/compiled/react-dom/cjs/react-dom-client.development.js:15731:11)
    at commitMutationEffectsOnFiber (webpack-internal:///(app-pages-browser)/./node_modules/next/dist/compiled/react-dom/cjs/react-dom-client.development.js:15746:11)
    at recursivelyTraverseMutationEffects (webpack-internal:///(app-pages-browser)/./node_modules/next/dist/compiled/react-dom/cjs/react-dom-client.development.js:15731:11)
    at commitMutationEffectsOnFiber (webpack-internal:///(app-pages-browser)/./node_modules/next/dist/compiled/react-dom/cjs/react-dom-client.development.js:15746:11)
    at recursivelyTraverseMutationEffects (webpack-internal:///(app-pages-browser)/./node_modules/next/dist/compiled/react-dom/cjs/react-dom-client.development.js:15731:11)
    at commitMutationEffectsOnFiber (webpack-internal:///(app-pages-browser)/./node_modules/next/dist/compiled/react-dom/cjs/react-dom-client.development.js:15746:11)
    at recursivelyTraverseMutationEffects (webpack-internal:///(app-pages-browser)/./node_modules/next/dist/compiled/react-dom/cjs/react-dom-client.development.js:15731:11)
    at commitMutationEffectsOnFiber (webpack-internal:///(app-pages-browser)/./node_modules/next/dist/compiled/react-dom/cjs/react-dom-client.development.js:15746:11)
    at recursivelyTraverseMutationEffects (webpack-internal:///(app-pages-browser)/./node_modules/next/dist/compiled/react-dom/cjs/react-dom-client.development.js:15731:11)
    at commitMutationEffectsOnFiber (webpack-internal:///(app-pages-browser)/./node_modules/next/dist/compiled/react-dom/cjs/react-dom-client.development.js:15762:11)
    at recursivelyTraverseMutationEffects (webpack-internal:///(app-pages-browser)/./node_modules/next/dist/compiled/react-dom/cjs/react-dom-client.development.js:15731:11)
    at commitMutationEffectsOnFiber (webpack-internal:///(app-pages-browser)/./node_modules/next/dist/compiled/react-dom/cjs/react-dom-client.development.js:15746:11)
    at recursivelyTraverseMutationEffects (webpack-internal:///(app-pages-browser)/./node_modules/next/dist/compiled/react-dom/cjs/react-dom-client.development.js:15731:11)
    at commitMutationEffectsOnFiber (webpack-internal:///(app-pages-browser)/./node_modules/next/dist/compiled/react-dom/cjs/react-dom-client.development.js:15746:11)
    at recursivelyTraverseMutationEffects (webpack-internal:///(app-pages-browser)/./node_modules/next/dist/compiled/react-dom/cjs/react-dom-client.development.js:15731:11)
    at commitMutationEffectsOnFiber (webpack-internal:///(app-pages-browser)/./node_modules/next/dist/compiled/react-dom/cjs/react-dom-client.development.js:16187:11)
    at recursivelyTraverseMutationEffects (webpack-internal:///(app-pages-browser)/./node_modules/next/dist/compiled/react-dom/cjs/react-dom-client.development.js:15731:11)
    at commitMutationEffectsOnFiber (webpack-internal:///(app-pages-browser)/./node_modules/next/dist/compiled/react-dom/cjs/react-dom-client.development.js:16187:11)
    at recursivelyTraverseMutationEffects (webpack-internal:///(app-pages-browser)/./node_modules/next/dist/compiled/react-dom/cjs/react-dom-client.development.js:15731:11)
    at commitMutationEffectsOnFiber (webpack-internal:///(app-pages-browser)/./node_modules/next/dist/compiled/react-dom/cjs/react-dom-client.development.js:15746:11)
    at recursivelyTraverseMutationEffects (webpack-internal:///(app-pages-browser)/./node_modules/next/dist/compiled/react-dom/cjs/react-dom-client.development.js:15731:11)
    at commitMutationEffectsOnFiber (webpack-internal:///(app-pages-browser)/./node_modules/next/dist/compiled/react-dom/cjs/react-dom-client.development.js:15746:11)
    at recursivelyTraverseMutationEffects (webpack-internal:///(app-pages-browser)/./node_modules/next/dist/compiled/react-dom/cjs/react-dom-client.development.js:15731:11)
    at commitMutationEffectsOnFiber (webpack-internal:///(app-pages-browser)/./node_modules/next/dist/compiled/react-dom/cjs/react-dom-client.development.js:16187:11)
    at recursivelyTraverseMutationEffects (webpack-internal:///(app-pages-browser)/./node_modules/next/dist/compiled/react-dom/cjs/react-dom-client.development.js:15731:11)
    at commitMutationEffectsOnFiber (webpack-internal:///(app-pages-browser)/./node_modules/next/dist/compiled/react-dom/cjs/react-dom-client.development.js:16187:11)
    at recursivelyTraverseMutationEffects (webpack-internal:///(app-pages-browser)/./node_modules/next/dist/compiled/react-dom/cjs/react-dom-client.development.js:15731:11)
    at commitMutationEffectsOnFiber (webpack-internal:///(app-pages-browser)/./node_modules/next/dist/compiled/react-dom/cjs/react-dom-client.development.js:16187:11)
    at recursivelyTraverseMutationEffects (webpack-internal:///(app-pages-browser)/./node_modules/next/dist/compiled/react-dom/cjs/react-dom-client.development.js:15731:11)
    at commitMutationEffectsOnFiber (webpack-internal:///(app-pages-browser)/./node_modules/next/dist/compiled/react-dom/cjs/react-dom-client.development.js:15746:11)
    at recursivelyTraverseMutationEffects (webpack-internal:///(app-pages-browser)/./node_modules/next/dist/compiled/react-dom/cjs/react-dom-client.development.js:15731:11)
    at commitMutationEffectsOnFiber (webpack-internal:///(app-pages-browser)/./node_modules/next/dist/compiled/react-dom/cjs/react-dom-client.development.js:15762:11)
    at recursivelyTraverseMutationEffects (webpack-internal:///(app-pages-browser)/./node_modules/next/dist/compiled/react-dom/cjs/react-dom-client.development.js:15731:11)
    at commitMutationEffectsOnFiber (webpack-internal:///(app-pages-browser)/./node_modules/next/dist/compiled/react-dom/cjs/react-dom-client.development.js:15746:11)
[  964197ms] NotFoundError: Failed to execute 'removeChild' on 'Node': The node to be removed is not a child of this node.
    at removeChildFromContainer (webpack-internal:///(app-pages-browser)/./node_modules/next/dist/compiled/react-dom/cjs/react-dom-client.development.js:23674:9)
    at runWithFiberInDEV (webpack-internal:///(app-pages-browser)/./node_modules/next/dist/compiled/react-dom/cjs/react-dom-client.development.js:987:30)
    at commitDeletionEffectsOnFiber (webpack-internal:///(app-pages-browser)/./node_modules/next/dist/compiled/react-dom/cjs/react-dom-client.development.js:15436:17)
    at recursivelyTraverseDeletionEffects (webpack-internal:///(app-pages-browser)/./node_modules/next/dist/compiled/react-dom/cjs/react-dom-client.development.js:15351:9)
    at commitDeletionEffectsOnFiber (webpack-internal:///(app-pages-browser)/./node_modules/next/dist/compiled/react-dom/cjs/react-dom-client.development.js:15510:11)
    at recursivelyTraverseDeletionEffects (webpack-internal:///(app-pages-browser)/./node_modules/next/dist/compiled/react-dom/cjs/react-dom-client.development.js:15351:9)
    at commitDeletionEffectsOnFiber (webpack-internal:///(app-pages-browser)/./node_modules/next/dist/compiled/react-dom/cjs/react-dom-client.development.js:15510:11)
    at recursivelyTraverseDeletionEffects (webpack-internal:///(app-pages-browser)/./node_modules/next/dist/compiled/react-dom/cjs/react-dom-client.development.js:15351:9)
    at commitDeletionEffectsOnFiber (webpack-internal:///(app-pages-browser)/./node_modules/next/dist/compiled/react-dom/cjs/react-dom-client.development.js:15563:11)
    at recursivelyTraverseDeletionEffects (webpack-internal:///(app-pages-browser)/./node_modules/next/dist/compiled/react-dom/cjs/react-dom-client.development.js:15351:9)
    at commitDeletionEffectsOnFiber (webpack-internal:///(app-pages-browser)/./node_modules/next/dist/compiled/react-dom/cjs/react-dom-client.development.js:15570:11)
    at recursivelyTraverseDeletionEffects (webpack-internal:///(app-pages-browser)/./node_modules/next/dist/compiled/react-dom/cjs/react-dom-client.development.js:15351:9)
    at commitDeletionEffectsOnFiber (webpack-internal:///(app-pages-browser)/./node_modules/next/dist/compiled/react-dom/cjs/react-dom-client.development.js:15510:11)
    at recursivelyTraverseDeletionEffects (webpack-internal:///(app-pages-browser)/./node_modules/next/dist/compiled/react-dom/cjs/react-dom-client.development.js:15351:9)
    at commitDeletionEffectsOnFiber (webpack-internal:///(app-pages-browser)/./node_modules/next/dist/compiled/react-dom/cjs/react-dom-client.development.js:15526:11)
    at recursivelyTraverseDeletionEffects (webpack-internal:///(app-pages-browser)/./node_modules/next/dist/compiled/react-dom/cjs/react-dom-client.development.js:15351:9)
    at commitDeletionEffectsOnFiber (webpack-internal:///(app-pages-browser)/./node_modules/next/dist/compiled/react-dom/cjs/react-dom-client.development.js:15510:11)
    at recursivelyTraverseDeletionEffects (webpack-internal:///(app-pages-browser)/./node_modules/next/dist/compiled/react-dom/cjs/react-dom-client.development.js:15351:9)
    at commitDeletionEffectsOnFiber (webpack-internal:///(app-pages-browser)/./node_modules/next/dist/compiled/react-dom/cjs/react-dom-client.development.js:15510:11)
    at recursivelyTraverseDeletionEffects (webpack-internal:///(app-pages-browser)/./node_modules/next/dist/compiled/react-dom/cjs/react-dom-client.development.js:15351:9)
    at commitDeletionEffectsOnFiber (webpack-internal:///(app-pages-browser)/./node_modules/next/dist/compiled/react-dom/cjs/react-dom-client.development.js:15510:11)
    at recursivelyTraverseDeletionEffects (webpack-internal:///(app-pages-browser)/./node_modules/next/dist/compiled/react-dom/cjs/react-dom-client.development.js:15351:9)
    at commitDeletionEffectsOnFiber (webpack-internal:///(app-pages-browser)/./node_modules/next/dist/compiled/react-dom/cjs/react-dom-client.development.js:15510:11)
    at recursivelyTraverseDeletionEffects (webpack-internal:///(app-pages-browser)/./node_modules/next/dist/compiled/react-dom/cjs/react-dom-client.development.js:15351:9)
    at commitDeletionEffectsOnFiber (webpack-internal:///(app-pages-browser)/./node_modules/next/dist/compiled/react-dom/cjs/react-dom-client.development.js:15526:11)
    at recursivelyTraverseDeletionEffects (webpack-internal:///(app-pages-browser)/./node_modules/next/dist/compiled/react-dom/cjs/react-dom-client.development.js:15351:9)
    at commitDeletionEffectsOnFiber (webpack-internal:///(app-pages-browser)/./node_modules/next/dist/compiled/react-dom/cjs/react-dom-client.development.js:15510:11)
    at recursivelyTraverseDeletionEffects (webpack-internal:///(app-pages-browser)/./node_modules/next/dist/compiled/react-dom/cjs/react-dom-client.development.js:15351:9)
    at commitDeletionEffectsOnFiber (webpack-internal:///(app-pages-browser)/./node_modules/next/dist/compiled/react-dom/cjs/react-dom-client.development.js:15510:11)
    at recursivelyTraverseDeletionEffects (webpack-internal:///(app-pages-browser)/./node_modules/next/dist/compiled/react-dom/cjs/react-dom-client.development.js:15351:9)
    at commitDeletionEffectsOnFiber (webpack-internal:///(app-pages-browser)/./node_modules/next/dist/compiled/react-dom/cjs/react-dom-client.development.js:15570:11)
    at recursivelyTraverseDeletionEffects (webpack-internal:///(app-pages-browser)/./node_modules/next/dist/compiled/react-dom/cjs/react-dom-client.development.js:15351:9)
    at commitDeletionEffectsOnFiber (webpack-internal:///(app-pages-browser)/./node_modules/next/dist/compiled/react-dom/cjs/react-dom-client.development.js:15570:11)
    at recursivelyTraverseDeletionEffects (webpack-internal:///(app-pages-browser)/./node_modules/next/dist/compiled/react-dom/cjs/react-dom-client.development.js:15351:9)
    at commitDeletionEffectsOnFiber (webpack-internal:///(app-pages-browser)/./node_modules/next/dist/compiled/react-dom/cjs/react-dom-client.development.js:15510:11)
    at recursivelyTraverseDeletionEffects (webpack-internal:///(app-pages-browser)/./node_modules/next/dist/compiled/react-dom/cjs/react-dom-client.development.js:15351:9)
    at commitDeletionEffectsOnFiber (webpack-internal:///(app-pages-browser)/./node_modules/next/dist/compiled/react-dom/cjs/react-dom-client.development.js:15510:11)
    at recursivelyTraverseDeletionEffects (webpack-internal:///(app-pages-browser)/./node_modules/next/dist/compiled/react-dom/cjs/react-dom-client.development.js:15351:9)
    at commitDeletionEffectsOnFiber (webpack-internal:///(app-pages-browser)/./node_modules/next/dist/compiled/react-dom/cjs/react-dom-client.development.js:15563:11)
    at recursivelyTraverseDeletionEffects (webpack-internal:///(app-pages-browser)/./node_modules/next/dist/compiled/react-dom/cjs/react-dom-client.development.js:15351:9)
    at commitDeletionEffectsOnFiber (webpack-internal:///(app-pages-browser)/./node_modules/next/dist/compiled/react-dom/cjs/react-dom-client.development.js:15570:11)
    at recursivelyTraverseDeletionEffects (webpack-internal:///(app-pages-browser)/./node_modules/next/dist/compiled/react-dom/cjs/react-dom-client.development.js:15351:9)
    at commitDeletionEffectsOnFiber (webpack-internal:///(app-pages-browser)/./node_modules/next/dist/compiled/react-dom/cjs/react-dom-client.development.js:15570:11)
    at recursivelyTraverseDeletionEffects (webpack-internal:///(app-pages-browser)/./node_modules/next/dist/compiled/react-dom/cjs/react-dom-client.development.js:15351:9)
    at commitDeletionEffectsOnFiber (webpack-internal:///(app-pages-browser)/./node_modules/next/dist/compiled/react-dom/cjs/react-dom-client.development.js:15510:11)
    at recursivelyTraverseDeletionEffects (webpack-internal:///(app-pages-browser)/./node_modules/next/dist/compiled/react-dom/cjs/react-dom-client.development.js:15351:9)
    at commitDeletionEffectsOnFiber (webpack-internal:///(app-pages-browser)/./node_modules/next/dist/compiled/react-dom/cjs/react-dom-client.development.js:15526:11)
    at recursivelyTraverseDeletionEffects (webpack-internal:///(app-pages-browser)/./node_modules/next/dist/compiled/react-dom/cjs/react-dom-client.development.js:15351:9)
    at commitDeletionEffectsOnFiber (webpack-internal:///(app-pages-browser)/./node_modules/next/dist/compiled/react-dom/cjs/react-dom-client.development.js:15510:11)
    at recursivelyTraverseDeletionEffects (webpack-internal:///(app-pages-browser)/./node_modules/next/dist/compiled/react-dom/cjs/react-dom-client.development.js:15351:9)
[  964199ms] NotFoundError: Failed to execute 'removeChild' on 'Node': The node to be removed is not a child of this node.
    at removeChildFromContainer (webpack-internal:///(app-pages-browser)/./node_modules/next/dist/compiled/react-dom/cjs/react-dom-client.development.js:23674:9)
    at runWithFiberInDEV (webpack-internal:///(app-pages-browser)/./node_modules/next/dist/compiled/react-dom/cjs/react-dom-client.development.js:987:30)
    at commitDeletionEffectsOnFiber (webpack-internal:///(app-pages-browser)/./node_modules/next/dist/compiled/react-dom/cjs/react-dom-client.development.js:15436:17)
    at recursivelyTraverseDeletionEffects (webpack-internal:///(app-pages-browser)/./node_modules/next/dist/compiled/react-dom/cjs/react-dom-client.development.js:15351:9)
    at commitDeletionEffectsOnFiber (webpack-internal:///(app-pages-browser)/./node_modules/next/dist/compiled/react-dom/cjs/react-dom-client.development.js:15510:11)
    at recursivelyTraverseDeletionEffects (webpack-internal:///(app-pages-browser)/./node_modules/next/dist/compiled/react-dom/cjs/react-dom-client.development.js:15351:9)
    at commitDeletionEffectsOnFiber (webpack-internal:///(app-pages-browser)/./node_modules/next/dist/compiled/react-dom/cjs/react-dom-client.development.js:15404:11)
    at recursivelyTraverseDeletionEffects (webpack-internal:///(app-pages-browser)/./node_modules/next/dist/compiled/react-dom/cjs/react-dom-client.development.js:15351:9)
    at commitDeletionEffectsOnFiber (webpack-internal:///(app-pages-browser)/./node_modules/next/dist/compiled/react-dom/cjs/react-dom-client.development.js:15404:11)
    at recursivelyTraverseDeletionEffects (webpack-internal:///(app-pages-browser)/./node_modules/next/dist/compiled/react-dom/cjs/react-dom-client.development.js:15351:9)
    at commitDeletionEffectsOnFiber (webpack-internal:///(app-pages-browser)/./node_modules/next/dist/compiled/react-dom/cjs/react-dom-client.development.js:15563:11)
    at recursivelyTraverseDeletionEffects (webpack-internal:///(app-pages-browser)/./node_modules/next/dist/compiled/react-dom/cjs/react-dom-client.development.js:15351:9)
    at commitDeletionEffectsOnFiber (webpack-internal:///(app-pages-browser)/./node_modules/next/dist/compiled/react-dom/cjs/react-dom-client.development.js:15510:11)
    at recursivelyTraverseDeletionEffects (webpack-internal:///(app-pages-browser)/./node_modules/next/dist/compiled/react-dom/cjs/react-dom-client.development.js:15351:9)
    at commitDeletionEffectsOnFiber (webpack-internal:///(app-pages-browser)/./node_modules/next/dist/compiled/react-dom/cjs/react-dom-client.development.js:15510:11)
    at recursivelyTraverseDeletionEffects (webpack-internal:///(app-pages-browser)/./node_modules/next/dist/compiled/react-dom/cjs/react-dom-client.development.js:15351:9)
    at commitDeletionEffectsOnFiber (webpack-internal:///(app-pages-browser)/./node_modules/next/dist/compiled/react-dom/cjs/react-dom-client.development.js:15526:11)
    at recursivelyTraverseDeletionEffects (webpack-internal:///(app-pages-browser)/./node_modules/next/dist/compiled/react-dom/cjs/react-dom-client.development.js:15351:9)
    at commitDeletionEffectsOnFiber (webpack-internal:///(app-pages-browser)/./node_modules/next/dist/compiled/react-dom/cjs/react-dom-client.development.js:15510:11)
    at recursivelyTraverseDeletionEffects (webpack-internal:///(app-pages-browser)/./node_modules/next/dist/compiled/react-dom/cjs/react-dom-client.development.js:15351:9)
    at commitDeletionEffectsOnFiber (webpack-internal:///(app-pages-browser)/./node_modules/next/dist/compiled/react-dom/cjs/react-dom-client.development.js:15526:11)
    at recursivelyTraverseDeletionEffects (webpack-internal:///(app-pages-browser)/./node_modules/next/dist/compiled/react-dom/cjs/react-dom-client.development.js:15351:9)
    at commitDeletionEffectsOnFiber (webpack-internal:///(app-pages-browser)/./node_modules/next/dist/compiled/react-dom/cjs/react-dom-client.development.js:15510:11)
    at recursivelyTraverseDeletionEffects (webpack-internal:///(app-pages-browser)/./node_modules/next/dist/compiled/react-dom/cjs/react-dom-client.development.js:15351:9)
    at commitDeletionEffectsOnFiber (webpack-internal:///(app-pages-browser)/./node_modules/next/dist/compiled/react-dom/cjs/react-dom-client.development.js:15510:11)
    at recursivelyTraverseMutationEffects (webpack-internal:///(app-pages-browser)/./node_modules/next/dist/compiled/react-dom/cjs/react-dom-client.development.js:15710:11)
    at commitMutationEffectsOnFiber (webpack-internal:///(app-pages-browser)/./node_modules/next/dist/compiled/react-dom/cjs/react-dom-client.development.js:15762:11)
    at recursivelyTraverseMutationEffects (webpack-internal:///(app-pages-browser)/./node_modules/next/dist/compiled/react-dom/cjs/react-dom-client.development.js:15731:11)
    at commitMutationEffectsOnFiber (webpack-internal:///(app-pages-browser)/./node_modules/next/dist/compiled/react-dom/cjs/react-dom-client.development.js:15746:11)
    at recursivelyTraverseMutationEffects (webpack-internal:///(app-pages-browser)/./node_modules/next/dist/compiled/react-dom/cjs/react-dom-client.development.js:15731:11)
    at commitMutationEffectsOnFiber (webpack-internal:///(app-pages-browser)/./node_modules/next/dist/compiled/react-dom/cjs/react-dom-client.development.js:16187:11)
    at recursivelyTraverseMutationEffects (webpack-internal:///(app-pages-browser)/./node_modules/next/dist/compiled/react-dom/cjs/react-dom-client.development.js:15731:11)
    at commitMutationEffectsOnFiber (webpack-internal:///(app-pages-browser)/./node_modules/next/dist/compiled/react-dom/cjs/react-dom-client.development.js:16187:11)
    at recursivelyTraverseMutationEffects (webpack-internal:///(app-pages-browser)/./node_modules/next/dist/compiled/react-dom/cjs/react-dom-client.development.js:15731:11)
    at commitMutationEffectsOnFiber (webpack-internal:///(app-pages-browser)/./node_modules/next/dist/compiled/react-dom/cjs/react-dom-client.development.js:16187:11)
    at recursivelyTraverseMutationEffects (webpack-internal:///(app-pages-browser)/./node_modules/next/dist/compiled/react-dom/cjs/react-dom-client.development.js:15731:11)
    at commitMutationEffectsOnFiber (webpack-internal:///(app-pages-browser)/./node_modules/next/dist/compiled/react-dom/cjs/react-dom-client.development.js:16187:11)
    at recursivelyTraverseMutationEffects (webpack-internal:///(app-pages-browser)/./node_modules/next/dist/compiled/react-dom/cjs/react-dom-client.development.js:15731:11)
    at commitMutationEffectsOnFiber (webpack-internal:///(app-pages-browser)/./node_modules/next/dist/compiled/react-dom/cjs/react-dom-client.development.js:16187:11)
    at recursivelyTraverseMutationEffects (webpack-internal:///(app-pages-browser)/./node_modules/next/dist/compiled/react-dom/cjs/react-dom-client.development.js:15731:11)
    at commitMutationEffectsOnFiber (webpack-internal:///(app-pages-browser)/./node_modules/next/dist/compiled/react-dom/cjs/react-dom-client.development.js:16187:11)
    at recursivelyTraverseMutationEffects (webpack-internal:///(app-pages-browser)/./node_modules/next/dist/compiled/react-dom/cjs/react-dom-client.development.js:15731:11)
    at commitMutationEffectsOnFiber (webpack-internal:///(app-pages-browser)/./node_modules/next/dist/compiled/react-dom/cjs/react-dom-client.development.js:16187:11)
    at recursivelyTraverseMutationEffects (webpack-internal:///(app-pages-browser)/./node_modules/next/dist/compiled/react-dom/cjs/react-dom-client.development.js:15731:11)
    at commitMutationEffectsOnFiber (webpack-internal:///(app-pages-browser)/./node_modules/next/dist/compiled/react-dom/cjs/react-dom-client.development.js:15746:11)
    at recursivelyTraverseMutationEffects (webpack-internal:///(app-pages-browser)/./node_modules/next/dist/compiled/react-dom/cjs/react-dom-client.development.js:15731:11)
    at commitMutationEffectsOnFiber (webpack-internal:///(app-pages-browser)/./node_modules/next/dist/compiled/react-dom/cjs/react-dom-client.development.js:15762:11)
    at recursivelyTraverseMutationEffects (webpack-internal:///(app-pages-browser)/./node_modules/next/dist/compiled/react-dom/cjs/react-dom-client.development.js:15731:11)
    at commitMutationEffectsOnFiber (webpack-internal:///(app-pages-browser)/./node_modules/next/dist/compiled/react-dom/cjs/react-dom-client.development.js:15746:11)
    at recursivelyTraverseMutationEffects (webpack-internal:///(app-pages-browser)/./node_modules/next/dist/compiled/react-dom/cjs/react-dom-client.development.js:15731:11)
[  964199ms] [WARNING] [Fast Refresh] performing full reload because your application had an unrecoverable error @ webpack-internal:///(app-pages-browser)/./node_modules/next/dist/next-devtools/shared/forward-logs-shared.js:27
[  964281ms] [LOG] [Fast Refresh] rebuilding @ webpack-internal:///(app-pages-browser)/./node_modules/next/dist/next-devtools/shared/forward-logs-shared.js:27
[  964515ms] [LOG] [Fast Refresh] done in 235ms @ webpack-internal:///(app-pages-browser)/./node_modules/next/dist/next-devtools/shared/forward-logs-shared.js:27
[  964585ms] [LOG] [Fast Refresh] rebuilding @ webpack-internal:///(app-pages-browser)/./node_modules/next/dist/next-devtools/shared/forward-logs-shared.js:27
[  964787ms] [LOG] [Fast Refresh] done in 203ms @ webpack-internal:///(app-pages-browser)/./node_modules/next/dist/next-devtools/shared/forward-logs-shared.js:27
[  966449ms] [INFO] %cDownload the React DevTools for a better development experience: https://react.dev/link/react-devtools font-weight:bold @ webpack-internal:///(app-pages-browser)/./node_modules/next/dist/next-devtools/shared/forward-logs-shared.js:27
[  966547ms] [LOG] [HMR] connected @ webpack-internal:///(app-pages-browser)/./node_modules/next/dist/next-devtools/shared/forward-logs-shared.js:27
[  967250ms] [LOG] [Fast Refresh] rebuilding @ webpack-internal:///(app-pages-browser)/./node_modules/next/dist/next-devtools/shared/forward-logs-shared.js:27
[  967751ms] [LOG] [Fast Refresh] done in 502ms @ webpack-internal:///(app-pages-browser)/./node_modules/next/dist/next-devtools/shared/forward-logs-shared.js:27
[  975384ms] [LOG] [Fast Refresh] rebuilding @ webpack-internal:///(app-pages-browser)/./node_modules/next/dist/next-devtools/shared/forward-logs-shared.js:27
[  975971ms] [LOG] [Fast Refresh] rebuilding @ webpack-internal:///(app-pages-browser)/./node_modules/next/dist/next-devtools/shared/forward-logs-shared.js:27
[  976046ms] [LOG] [Fast Refresh] done in 74ms @ webpack-internal:///(app-pages-browser)/./node_modules/next/dist/next-devtools/shared/forward-logs-shared.js:27
[  977103ms] [LOG] [Fast Refresh] done in 1131ms @ webpack-internal:///(app-pages-browser)/./node_modules/next/dist/next-devtools/shared/forward-logs-shared.js:27
[  977296ms] [LOG] [Fast Refresh] rebuilding @ webpack-internal:///(app-pages-browser)/./node_modules/next/dist/next-devtools/shared/forward-logs-shared.js:27
[  977724ms] [LOG] [Fast Refresh] rebuilding @ webpack-internal:///(app-pages-browser)/./node_modules/next/dist/next-devtools/shared/forward-logs-shared.js:27
[  977963ms] [LOG] [Fast Refresh] done in 238ms @ webpack-internal:///(app-pages-browser)/./node_modules/next/dist/next-devtools/shared/forward-logs-shared.js:27
[  978451ms] [LOG] [Fast Refresh] rebuilding @ webpack-internal:///(app-pages-browser)/./node_modules/next/dist/next-devtools/shared/forward-logs-shared.js:27
[  978636ms] [LOG] [Fast Refresh] done in 185ms @ webpack-internal:///(app-pages-browser)/./node_modules/next/dist/next-devtools/shared/forward-logs-shared.js:27
[  978714ms] [LOG] [Fast Refresh] rebuilding @ webpack-internal:///(app-pages-browser)/./node_modules/next/dist/next-devtools/shared/forward-logs-shared.js:27
[  978977ms] [LOG] [Fast Refresh] done in 262ms @ webpack-internal:///(app-pages-browser)/./node_modules/next/dist/next-devtools/shared/forward-logs-shared.js:27
[  979826ms] [LOG] [Fast Refresh] done in 1112ms @ webpack-internal:///(app-pages-browser)/./node_modules/next/dist/next-devtools/shared/forward-logs-shared.js:27
[  980171ms] [LOG] [Fast Refresh] rebuilding @ webpack-internal:///(app-pages-browser)/./node_modules/next/dist/next-devtools/shared/forward-logs-shared.js:27
[  981317ms] [LOG] [Fast Refresh] rebuilding @ webpack-internal:///(app-pages-browser)/./node_modules/next/dist/next-devtools/shared/forward-logs-shared.js:27
[  983133ms] [LOG] [Fast Refresh] rebuilding @ webpack-internal:///(app-pages-browser)/./node_modules/next/dist/next-devtools/shared/forward-logs-shared.js:27
[  983137ms] [LOG] [Fast Refresh] done in 4ms @ webpack-internal:///(app-pages-browser)/./node_modules/next/dist/next-devtools/shared/forward-logs-shared.js:27
[  984356ms] [LOG] [Fast Refresh] done in 1224ms @ webpack-internal:///(app-pages-browser)/./node_modules/next/dist/next-devtools/shared/forward-logs-shared.js:27
[  984699ms] [ERROR] Failed to load resource: the server responded with a status of 500 (Internal Server Error) @ http://localhost:3000/api/campaigns/cms5z4j6z0000zg48z5vzl2jn/clock:0
[  984699ms] [ERROR] Failed to load resource: the server responded with a status of 500 (Internal Server Error) @ http://localhost:3000/campaign/cms5z4j6z0000zg48z5vzl2jn?_rsc=21sfs:0
[  985936ms] [INFO] %cDownload the React DevTools for a better development experience: https://react.dev/link/react-devtools font-weight:bold @ webpack-internal:///(app-pages-browser)/./node_modules/next/dist/next-devtools/shared/forward-logs-shared.js:27
[  986024ms] [LOG] [HMR] connected @ webpack-internal:///(app-pages-browser)/./node_modules/next/dist/next-devtools/shared/forward-logs-shared.js:27
[ 1005236ms] [LOG] [Fast Refresh] rebuilding @ webpack-internal:///(app-pages-browser)/./node_modules/next/dist/next-devtools/shared/forward-logs-shared.js:27
[ 1005588ms] [LOG] [Fast Refresh] rebuilding @ webpack-internal:///(app-pages-browser)/./node_modules/next/dist/next-devtools/shared/forward-logs-shared.js:27
[ 1005633ms] [LOG] [Fast Refresh] done in 41ms @ webpack-internal:///(app-pages-browser)/./node_modules/next/dist/next-devtools/shared/forward-logs-shared.js:27
[ 1006990ms] [LOG] [Fast Refresh] done in 1402ms @ webpack-internal:///(app-pages-browser)/./node_modules/next/dist/next-devtools/shared/forward-logs-shared.js:27
[ 1023620ms] [LOG] [Fast Refresh] rebuilding @ webpack-internal:///(app-pages-browser)/./node_modules/next/dist/next-devtools/shared/forward-logs-shared.js:27
[ 1023927ms] [LOG] [Fast Refresh] rebuilding @ webpack-internal:///(app-pages-browser)/./node_modules/next/dist/next-devtools/shared/forward-logs-shared.js:27
[ 1023965ms] [LOG] [Fast Refresh] done in 38ms @ webpack-internal:///(app-pages-browser)/./node_modules/next/dist/next-devtools/shared/forward-logs-shared.js:27
[ 1025720ms] [LOG] [Fast Refresh] done in 1794ms @ webpack-internal:///(app-pages-browser)/./node_modules/next/dist/next-devtools/shared/forward-logs-shared.js:27
[ 1036922ms] [LOG] [Fast Refresh] rebuilding @ webpack-internal:///(app-pages-browser)/./node_modules/next/dist/next-devtools/shared/forward-logs-shared.js:27
[ 1037817ms] [LOG] [Fast Refresh] rebuilding @ webpack-internal:///(app-pages-browser)/./node_modules/next/dist/next-devtools/shared/forward-logs-shared.js:27
[ 1037957ms] [LOG] [Fast Refresh] done in 139ms @ webpack-internal:///(app-pages-browser)/./node_modules/next/dist/next-devtools/shared/forward-logs-shared.js:27
[ 1038039ms] [LOG] [Fast Refresh] done in 222ms @ webpack-internal:///(app-pages-browser)/./node_modules/next/dist/next-devtools/shared/forward-logs-shared.js:27
[ 1065526ms] [LOG] [Fast Refresh] rebuilding @ webpack-internal:///(app-pages-browser)/./node_modules/next/dist/next-devtools/shared/forward-logs-shared.js:27
[ 1067247ms] [LOG] [Fast Refresh] done in 1720ms @ webpack-internal:///(app-pages-browser)/./node_modules/next/dist/next-devtools/shared/forward-logs-shared.js:27
[ 1099150ms] [LOG] [Fast Refresh] rebuilding @ webpack-internal:///(app-pages-browser)/./node_modules/next/dist/next-devtools/shared/forward-logs-shared.js:27
[ 1099759ms] [LOG] [Fast Refresh] rebuilding @ webpack-internal:///(app-pages-browser)/./node_modules/next/dist/next-devtools/shared/forward-logs-shared.js:27
[ 1099993ms] [LOG] [Fast Refresh] done in 234ms @ webpack-internal:///(app-pages-browser)/./node_modules/next/dist/next-devtools/shared/forward-logs-shared.js:27
[ 1100917ms] [LOG] [Fast Refresh] done in 1158ms @ webpack-internal:///(app-pages-browser)/./node_modules/next/dist/next-devtools/shared/forward-logs-shared.js:27
[ 1121511ms] [LOG] [Fast Refresh] rebuilding @ webpack-internal:///(app-pages-browser)/./node_modules/next/dist/next-devtools/shared/forward-logs-shared.js:27
[ 1122658ms] [LOG] [Fast Refresh] done in 1147ms @ webpack-internal:///(app-pages-browser)/./node_modules/next/dist/next-devtools/shared/forward-logs-shared.js:27
[78149427ms] [LOG] [Fast Refresh] rebuilding @ webpack-internal:///(app-pages-browser)/./node_modules/next/dist/next-devtools/shared/forward-logs-shared.js:27
[78150971ms] [LOG] [Fast Refresh] rebuilding @ webpack-internal:///(app-pages-browser)/./node_modules/next/dist/next-devtools/shared/forward-logs-shared.js:27
[78151676ms] [LOG] [Fast Refresh] done in 704ms @ webpack-internal:///(app-pages-browser)/./node_modules/next/dist/next-devtools/shared/forward-logs-shared.js:27
[78151677ms] [LOG] [Fast Refresh] rebuilding @ webpack-internal:///(app-pages-browser)/./node_modules/next/dist/next-devtools/shared/forward-logs-shared.js:27
[78152014ms] [LOG] [Fast Refresh] done in 337ms @ webpack-internal:///(app-pages-browser)/./node_modules/next/dist/next-devtools/shared/forward-logs-shared.js:27
[78152312ms] [LOG] [Fast Refresh] done in 634ms @ webpack-internal:///(app-pages-browser)/./node_modules/next/dist/next-devtools/shared/forward-logs-shared.js:27
[78155597ms] [WARNING] The resource http://localhost:3000/_next/static/css/app/layout.css?v=1785890780299 was preloaded using link preload but not used within a few seconds from the window's load event. Please make sure it has an appropriate `as` value and it is preloaded intentionally. @ http://localhost:3000/campaign/cms5z4j6z0000zg48z5vzl2jn:0
[78155598ms] [WARNING] The resource http://localhost:3000/_next/static/css/app/layout.css?v=1785890780751 was preloaded using link preload but not used within a few seconds from the window's load event. Please make sure it has an appropriate `as` value and it is preloaded intentionally. @ http://localhost:3000/campaign/cms5z4j6z0000zg48z5vzl2jn:0
[78160552ms] [WARNING] The resource http://localhost:3000/_next/static/css/app/layout.css?v=1785890780299 was preloaded using link preload but not used within a few seconds from the window's load event. Please make sure it has an appropriate `as` value and it is preloaded intentionally. @ http://localhost:3000/campaign/cms5z4j6z0000zg48z5vzl2jn:0
[78160552ms] [WARNING] The resource http://localhost:3000/_next/static/css/app/layout.css?v=1785890780751 was preloaded using link preload but not used within a few seconds from the window's load event. Please make sure it has an appropriate `as` value and it is preloaded intentionally. @ http://localhost:3000/campaign/cms5z4j6z0000zg48z5vzl2jn:0
[78171786ms] [WARNING] The resource http://localhost:3000/_next/static/css/app/layout.css?v=1785890780299 was preloaded using link preload but not used within a few seconds from the window's load event. Please make sure it has an appropriate `as` value and it is preloaded intentionally. @ http://localhost:3000/campaign/cms5z4j6z0000zg48z5vzl2jn:0
[78171787ms] [WARNING] The resource http://localhost:3000/_next/static/css/app/layout.css?v=1785890780751 was preloaded using link preload but not used within a few seconds from the window's load event. Please make sure it has an appropriate `as` value and it is preloaded intentionally. @ http://localhost:3000/campaign/cms5z4j6z0000zg48z5vzl2jn:0
[78175445ms] [WARNING] The resource http://localhost:3000/_next/static/css/app/layout.css?v=1785890780299 was preloaded using link preload but not used within a few seconds from the window's load event. Please make sure it has an appropriate `as` value and it is preloaded intentionally. @ http://localhost:3000/campaign/cms5z4j6z0000zg48z5vzl2jn:0
[78175445ms] [WARNING] The resource http://localhost:3000/_next/static/css/app/layout.css?v=1785890780751 was preloaded using link preload but not used within a few seconds from the window's load event. Please make sure it has an appropriate `as` value and it is preloaded intentionally. @ http://localhost:3000/campaign/cms5z4j6z0000zg48z5vzl2jn:0
[78190434ms] [WARNING] The resource http://localhost:3000/_next/static/css/app/layout.css?v=1785890780299 was preloaded using link preload but not used within a few seconds from the window's load event. Please make sure it has an appropriate `as` value and it is preloaded intentionally. @ http://localhost:3000/campaign/cms5z4j6z0000zg48z5vzl2jn:0
[78190434ms] [WARNING] The resource http://localhost:3000/_next/static/css/app/layout.css?v=1785890780751 was preloaded using link preload but not used within a few seconds from the window's load event. Please make sure it has an appropriate `as` value and it is preloaded intentionally. @ http://localhost:3000/campaign/cms5z4j6z0000zg48z5vzl2jn:0
[78206350ms] [WARNING] The resource http://localhost:3000/_next/static/css/app/layout.css?v=1785890780299 was preloaded using link preload but not used within a few seconds from the window's load event. Please make sure it has an appropriate `as` value and it is preloaded intentionally. @ http://localhost:3000/campaign/cms5z4j6z0000zg48z5vzl2jn:0
[78206350ms] [WARNING] The resource http://localhost:3000/_next/static/css/app/layout.css?v=1785890780751 was preloaded using link preload but not used within a few seconds from the window's load event. Please make sure it has an appropriate `as` value and it is preloaded intentionally. @ http://localhost:3000/campaign/cms5z4j6z0000zg48z5vzl2jn:0
[78215827ms] [WARNING] The resource http://localhost:3000/_next/static/css/app/layout.css?v=1785890780299 was preloaded using link preload but not used within a few seconds from the window's load event. Please make sure it has an appropriate `as` value and it is preloaded intentionally. @ http://localhost:3000/campaign/cms5z4j6z0000zg48z5vzl2jn:0
[78215827ms] [WARNING] The resource http://localhost:3000/_next/static/css/app/layout.css?v=1785890780751 was preloaded using link preload but not used within a few seconds from the window's load event. Please make sure it has an appropriate `as` value and it is preloaded intentionally. @ http://localhost:3000/campaign/cms5z4j6z0000zg48z5vzl2jn:0
[78220632ms] [WARNING] The resource http://localhost:3000/_next/static/css/app/layout.css?v=1785890780299 was preloaded using link preload but not used within a few seconds from the window's load event. Please make sure it has an appropriate `as` value and it is preloaded intentionally. @ http://localhost:3000/campaign/cms5z4j6z0000zg48z5vzl2jn:0
[78220632ms] [WARNING] The resource http://localhost:3000/_next/static/css/app/layout.css?v=1785890780751 was preloaded using link preload but not used within a few seconds from the window's load event. Please make sure it has an appropriate `as` value and it is preloaded intentionally. @ http://localhost:3000/campaign/cms5z4j6z0000zg48z5vzl2jn:0
[78231725ms] [WARNING] The resource http://localhost:3000/_next/static/css/app/layout.css?v=1785890780299 was preloaded using link preload but not used within a few seconds from the window's load event. Please make sure it has an appropriate `as` value and it is preloaded intentionally. @ http://localhost:3000/campaign/cms5z4j6z0000zg48z5vzl2jn:0
[78231725ms] [WARNING] The resource http://localhost:3000/_next/static/css/app/layout.css?v=1785890780751 was preloaded using link preload but not used within a few seconds from the window's load event. Please make sure it has an appropriate `as` value and it is preloaded intentionally. @ http://localhost:3000/campaign/cms5z4j6z0000zg48z5vzl2jn:0
[78235435ms] [WARNING] The resource http://localhost:3000/_next/static/css/app/layout.css?v=1785890780299 was preloaded using link preload but not used within a few seconds from the window's load event. Please make sure it has an appropriate `as` value and it is preloaded intentionally. @ http://localhost:3000/campaign/cms5z4j6z0000zg48z5vzl2jn:0
[78235435ms] [WARNING] The resource http://localhost:3000/_next/static/css/app/layout.css?v=1785890780751 was preloaded using link preload but not used within a few seconds from the window's load event. Please make sure it has an appropriate `as` value and it is preloaded intentionally. @ http://localhost:3000/campaign/cms5z4j6z0000zg48z5vzl2jn:0
[78250435ms] [WARNING] The resource http://localhost:3000/_next/static/css/app/layout.css?v=1785890780299 was preloaded using link preload but not used within a few seconds from the window's load event. Please make sure it has an appropriate `as` value and it is preloaded intentionally. @ http://localhost:3000/campaign/cms5z4j6z0000zg48z5vzl2jn:0
[78250435ms] [WARNING] The resource http://localhost:3000/_next/static/css/app/layout.css?v=1785890780751 was preloaded using link preload but not used within a few seconds from the window's load event. Please make sure it has an appropriate `as` value and it is preloaded intentionally. @ http://localhost:3000/campaign/cms5z4j6z0000zg48z5vzl2jn:0
[78261753ms] [WARNING] The resource http://localhost:3000/_next/static/css/app/layout.css?v=1785890780299 was preloaded using link preload but not used within a few seconds from the window's load event. Please make sure it has an appropriate `as` value and it is preloaded intentionally. @ http://localhost:3000/campaign/cms5z4j6z0000zg48z5vzl2jn:0
[78261754ms] [WARNING] The resource http://localhost:3000/_next/static/css/app/layout.css?v=1785890780751 was preloaded using link preload but not used within a few seconds from the window's load event. Please make sure it has an appropriate `as` value and it is preloaded intentionally. @ http://localhost:3000/campaign/cms5z4j6z0000zg48z5vzl2jn:0
[78265472ms] [WARNING] The resource http://localhost:3000/_next/static/css/app/layout.css?v=1785890780299 was preloaded using link preload but not used within a few seconds from the window's load event. Please make sure it has an appropriate `as` value and it is preloaded intentionally. @ http://localhost:3000/campaign/cms5z4j6z0000zg48z5vzl2jn:0
[78265472ms] [WARNING] The resource http://localhost:3000/_next/static/css/app/layout.css?v=1785890780751 was preloaded using link preload but not used within a few seconds from the window's load event. Please make sure it has an appropriate `as` value and it is preloaded intentionally. @ http://localhost:3000/campaign/cms5z4j6z0000zg48z5vzl2jn:0
[78280474ms] [WARNING] The resource http://localhost:3000/_next/static/css/app/layout.css?v=1785890780299 was preloaded using link preload but not used within a few seconds from the window's load event. Please make sure it has an appropriate `as` value and it is preloaded intentionally. @ http://localhost:3000/campaign/cms5z4j6z0000zg48z5vzl2jn:0
[78280475ms] [WARNING] The resource http://localhost:3000/_next/static/css/app/layout.css?v=1785890780751 was preloaded using link preload but not used within a few seconds from the window's load event. Please make sure it has an appropriate `as` value and it is preloaded intentionally. @ http://localhost:3000/campaign/cms5z4j6z0000zg48z5vzl2jn:0
[78291724ms] [WARNING] The resource http://localhost:3000/_next/static/css/app/layout.css?v=1785890780299 was preloaded using link preload but not used within a few seconds from the window's load event. Please make sure it has an appropriate `as` value and it is preloaded intentionally. @ http://localhost:3000/campaign/cms5z4j6z0000zg48z5vzl2jn:0
[78291724ms] [WARNING] The resource http://localhost:3000/_next/static/css/app/layout.css?v=1785890780751 was preloaded using link preload but not used within a few seconds from the window's load event. Please make sure it has an appropriate `as` value and it is preloaded intentionally. @ http://localhost:3000/campaign/cms5z4j6z0000zg48z5vzl2jn:0
[78295502ms] [WARNING] The resource http://localhost:3000/_next/static/css/app/layout.css?v=1785890780299 was preloaded using link preload but not used within a few seconds from the window's load event. Please make sure it has an appropriate `as` value and it is preloaded intentionally. @ http://localhost:3000/campaign/cms5z4j6z0000zg48z5vzl2jn:0
[78295502ms] [WARNING] The resource http://localhost:3000/_next/static/css/app/layout.css?v=1785890780751 was preloaded using link preload but not used within a few seconds from the window's load event. Please make sure it has an appropriate `as` value and it is preloaded intentionally. @ http://localhost:3000/campaign/cms5z4j6z0000zg48z5vzl2jn:0
[78310440ms] [WARNING] The resource http://localhost:3000/_next/static/css/app/layout.css?v=1785890780299 was preloaded using link preload but not used within a few seconds from the window's load event. Please make sure it has an appropriate `as` value and it is preloaded intentionally. @ http://localhost:3000/campaign/cms5z4j6z0000zg48z5vzl2jn:0
[78310440ms] [WARNING] The resource http://localhost:3000/_next/static/css/app/layout.css?v=1785890780751 was preloaded using link preload but not used within a few seconds from the window's load event. Please make sure it has an appropriate `as` value and it is preloaded intentionally. @ http://localhost:3000/campaign/cms5z4j6z0000zg48z5vzl2jn:0
[78321758ms] [WARNING] The resource http://localhost:3000/_next/static/css/app/layout.css?v=1785890780299 was preloaded using link preload but not used within a few seconds from the window's load event. Please make sure it has an appropriate `as` value and it is preloaded intentionally. @ http://localhost:3000/campaign/cms5z4j6z0000zg48z5vzl2jn:0
[78321759ms] [WARNING] The resource http://localhost:3000/_next/static/css/app/layout.css?v=1785890780751 was preloaded using link preload but not used within a few seconds from the window's load event. Please make sure it has an appropriate `as` value and it is preloaded intentionally. @ http://localhost:3000/campaign/cms5z4j6z0000zg48z5vzl2jn:0
[78325449ms] [WARNING] The resource http://localhost:3000/_next/static/css/app/layout.css?v=1785890780299 was preloaded using link preload but not used within a few seconds from the window's load event. Please make sure it has an appropriate `as` value and it is preloaded intentionally. @ http://localhost:3000/campaign/cms5z4j6z0000zg48z5vzl2jn:0
[78325449ms] [WARNING] The resource http://localhost:3000/_next/static/css/app/layout.css?v=1785890780751 was preloaded using link preload but not used within a few seconds from the window's load event. Please make sure it has an appropriate `as` value and it is preloaded intentionally. @ http://localhost:3000/campaign/cms5z4j6z0000zg48z5vzl2jn:0
[78340435ms] [WARNING] The resource http://localhost:3000/_next/static/css/app/layout.css?v=1785890780299 was preloaded using link preload but not used within a few seconds from the window's load event. Please make sure it has an appropriate `as` value and it is preloaded intentionally. @ http://localhost:3000/campaign/cms5z4j6z0000zg48z5vzl2jn:0
[78340435ms] [WARNING] The resource http://localhost:3000/_next/static/css/app/layout.css?v=1785890780751 was preloaded using link preload but not used within a few seconds from the window's load event. Please make sure it has an appropriate `as` value and it is preloaded intentionally. @ http://localhost:3000/campaign/cms5z4j6z0000zg48z5vzl2jn:0
[78346562ms] [LOG] [Fast Refresh] rebuilding @ webpack-internal:///(app-pages-browser)/./node_modules/next/dist/next-devtools/shared/forward-logs-shared.js:27
[78347038ms] [LOG] [Fast Refresh] rebuilding @ webpack-internal:///(app-pages-browser)/./node_modules/next/dist/next-devtools/shared/forward-logs-shared.js:27
[78347175ms] [LOG] [Fast Refresh] done in 136ms @ webpack-internal:///(app-pages-browser)/./node_modules/next/dist/next-devtools/shared/forward-logs-shared.js:27
[78347476ms] [LOG] [Fast Refresh] done in 437ms @ webpack-internal:///(app-pages-browser)/./node_modules/next/dist/next-devtools/shared/forward-logs-shared.js:27
[78351763ms] [WARNING] The resource http://localhost:3000/_next/static/css/app/layout.css?v=1785890780299 was preloaded using link preload but not used within a few seconds from the window's load event. Please make sure it has an appropriate `as` value and it is preloaded intentionally. @ http://localhost:3000/campaign/cms5z4j6z0000zg48z5vzl2jn:0
[78351763ms] [WARNING] The resource http://localhost:3000/_next/static/css/app/layout.css?v=1785890780751 was preloaded using link preload but not used within a few seconds from the window's load event. Please make sure it has an appropriate `as` value and it is preloaded intentionally. @ http://localhost:3000/campaign/cms5z4j6z0000zg48z5vzl2jn:0
[78355449ms] [WARNING] The resource http://localhost:3000/_next/static/css/app/layout.css?v=1785890780299 was preloaded using link preload but not used within a few seconds from the window's load event. Please make sure it has an appropriate `as` value and it is preloaded intentionally. @ http://localhost:3000/campaign/cms5z4j6z0000zg48z5vzl2jn:0
[78355449ms] [WARNING] The resource http://localhost:3000/_next/static/css/app/layout.css?v=1785890780751 was preloaded using link preload but not used within a few seconds from the window's load event. Please make sure it has an appropriate `as` value and it is preloaded intentionally. @ http://localhost:3000/campaign/cms5z4j6z0000zg48z5vzl2jn:0
[78370471ms] [WARNING] The resource http://localhost:3000/_next/static/css/app/layout.css?v=1785890780299 was preloaded using link preload but not used within a few seconds from the window's load event. Please make sure it has an appropriate `as` value and it is preloaded intentionally. @ http://localhost:3000/campaign/cms5z4j6z0000zg48z5vzl2jn:0
[78370471ms] [WARNING] The resource http://localhost:3000/_next/static/css/app/layout.css?v=1785890780751 was preloaded using link preload but not used within a few seconds from the window's load event. Please make sure it has an appropriate `as` value and it is preloaded intentionally. @ http://localhost:3000/campaign/cms5z4j6z0000zg48z5vzl2jn:0
[78381731ms] [WARNING] The resource http://localhost:3000/_next/static/css/app/layout.css?v=1785890780299 was preloaded using link preload but not used within a few seconds from the window's load event. Please make sure it has an appropriate `as` value and it is preloaded intentionally. @ http://localhost:3000/campaign/cms5z4j6z0000zg48z5vzl2jn:0
[78381732ms] [WARNING] The resource http://localhost:3000/_next/static/css/app/layout.css?v=1785890780751 was preloaded using link preload but not used within a few seconds from the window's load event. Please make sure it has an appropriate `as` value and it is preloaded intentionally. @ http://localhost:3000/campaign/cms5z4j6z0000zg48z5vzl2jn:0
[78381882ms] [LOG] [Fast Refresh] rebuilding @ webpack-internal:///(app-pages-browser)/./node_modules/next/dist/next-devtools/shared/forward-logs-shared.js:27
[78382567ms] [LOG] [Fast Refresh] rebuilding @ webpack-internal:///(app-pages-browser)/./node_modules/next/dist/next-devtools/shared/forward-logs-shared.js:27
[78382792ms] [LOG] [Fast Refresh] done in 226ms @ webpack-internal:///(app-pages-browser)/./node_modules/next/dist/next-devtools/shared/forward-logs-shared.js:27
[78383826ms] [LOG] [Fast Refresh] done in 1260ms @ webpack-internal:///(app-pages-browser)/./node_modules/next/dist/next-devtools/shared/forward-logs-shared.js:27
[78387301ms] [WARNING] The resource http://localhost:3000/_next/static/css/app/layout.css?v=1785890780299 was preloaded using link preload but not used within a few seconds from the window's load event. Please make sure it has an appropriate `as` value and it is preloaded intentionally. @ http://localhost:3000/campaign/cms5z4j6z0000zg48z5vzl2jn:0
[78387301ms] [WARNING] The resource http://localhost:3000/_next/static/css/app/layout.css?v=1785890780751 was preloaded using link preload but not used within a few seconds from the window's load event. Please make sure it has an appropriate `as` value and it is preloaded intentionally. @ http://localhost:3000/campaign/cms5z4j6z0000zg48z5vzl2jn:0
[78400481ms] [WARNING] The resource http://localhost:3000/_next/static/css/app/layout.css?v=1785890780299 was preloaded using link preload but not used within a few seconds from the window's load event. Please make sure it has an appropriate `as` value and it is preloaded intentionally. @ http://localhost:3000/campaign/cms5z4j6z0000zg48z5vzl2jn:0
[78400481ms] [WARNING] The resource http://localhost:3000/_next/static/css/app/layout.css?v=1785890780751 was preloaded using link preload but not used within a few seconds from the window's load event. Please make sure it has an appropriate `as` value and it is preloaded intentionally. @ http://localhost:3000/campaign/cms5z4j6z0000zg48z5vzl2jn:0
[78404451ms] [WARNING] The resource http://localhost:3000/_next/static/css/app/layout.css?v=1785890780299 was preloaded using link preload but not used within a few seconds from the window's load event. Please make sure it has an appropriate `as` value and it is preloaded intentionally. @ http://localhost:3000/campaign/cms5z4j6z0000zg48z5vzl2jn:0
[78404451ms] [WARNING] The resource http://localhost:3000/_next/static/css/app/layout.css?v=1785890780751 was preloaded using link preload but not used within a few seconds from the window's load event. Please make sure it has an appropriate `as` value and it is preloaded intentionally. @ http://localhost:3000/campaign/cms5z4j6z0000zg48z5vzl2jn:0
[78412160ms] [LOG] [Fast Refresh] rebuilding @ webpack-internal:///(app-pages-browser)/./node_modules/next/dist/next-devtools/shared/forward-logs-shared.js:27
[78412813ms] [LOG] [Fast Refresh] done in 652ms @ webpack-internal:///(app-pages-browser)/./node_modules/next/dist/next-devtools/shared/forward-logs-shared.js:27
[78414745ms] [LOG] [Fast Refresh] rebuilding @ webpack-internal:///(app-pages-browser)/./node_modules/next/dist/next-devtools/shared/forward-logs-shared.js:27
[78416114ms] [LOG] [Fast Refresh] done in 1368ms @ webpack-internal:///(app-pages-browser)/./node_modules/next/dist/next-devtools/shared/forward-logs-shared.js:27
[78419884ms] [WARNING] The resource http://localhost:3000/_next/static/css/app/layout.css?v=1785890780299 was preloaded using link preload but not used within a few seconds from the window's load event. Please make sure it has an appropriate `as` value and it is preloaded intentionally. @ http://localhost:3000/campaign/cms5z4j6z0000zg48z5vzl2jn:0
[78419884ms] [WARNING] The resource http://localhost:3000/_next/static/css/app/layout.css?v=1785890780751 was preloaded using link preload but not used within a few seconds from the window's load event. Please make sure it has an appropriate `as` value and it is preloaded intentionally. @ http://localhost:3000/campaign/cms5z4j6z0000zg48z5vzl2jn:0
[78430680ms] [WARNING] The resource http://localhost:3000/_next/static/css/app/layout.css?v=1785890780299 was preloaded using link preload but not used within a few seconds from the window's load event. Please make sure it has an appropriate `as` value and it is preloaded intentionally. @ http://localhost:3000/campaign/cms5z4j6z0000zg48z5vzl2jn:0
[78430680ms] [WARNING] The resource http://localhost:3000/_next/static/css/app/layout.css?v=1785890780751 was preloaded using link preload but not used within a few seconds from the window's load event. Please make sure it has an appropriate `as` value and it is preloaded intentionally. @ http://localhost:3000/campaign/cms5z4j6z0000zg48z5vzl2jn:0
[78441762ms] [WARNING] The resource http://localhost:3000/_next/static/css/app/layout.css?v=1785890780299 was preloaded using link preload but not used within a few seconds from the window's load event. Please make sure it has an appropriate `as` value and it is preloaded intentionally. @ http://localhost:3000/campaign/cms5z4j6z0000zg48z5vzl2jn:0
[78441762ms] [WARNING] The resource http://localhost:3000/_next/static/css/app/layout.css?v=1785890780751 was preloaded using link preload but not used within a few seconds from the window's load event. Please make sure it has an appropriate `as` value and it is preloaded intentionally. @ http://localhost:3000/campaign/cms5z4j6z0000zg48z5vzl2jn:0
[78445643ms] [WARNING] The resource http://localhost:3000/_next/static/css/app/layout.css?v=1785890780299 was preloaded using link preload but not used within a few seconds from the window's load event. Please make sure it has an appropriate `as` value and it is preloaded intentionally. @ http://localhost:3000/campaign/cms5z4j6z0000zg48z5vzl2jn:0
[78445643ms] [WARNING] The resource http://localhost:3000/_next/static/css/app/layout.css?v=1785890780751 was preloaded using link preload but not used within a few seconds from the window's load event. Please make sure it has an appropriate `as` value and it is preloaded intentionally. @ http://localhost:3000/campaign/cms5z4j6z0000zg48z5vzl2jn:0
[78460700ms] [WARNING] The resource http://localhost:3000/_next/static/css/app/layout.css?v=1785890780299 was preloaded using link preload but not used within a few seconds from the window's load event. Please make sure it has an appropriate `as` value and it is preloaded intentionally. @ http://localhost:3000/campaign/cms5z4j6z0000zg48z5vzl2jn:0
[78460700ms] [WARNING] The resource http://localhost:3000/_next/static/css/app/layout.css?v=1785890780751 was preloaded using link preload but not used within a few seconds from the window's load event. Please make sure it has an appropriate `as` value and it is preloaded intentionally. @ http://localhost:3000/campaign/cms5z4j6z0000zg48z5vzl2jn:0
[78461972ms] [LOG] [Fast Refresh] rebuilding @ webpack-internal:///(app-pages-browser)/./node_modules/next/dist/next-devtools/shared/forward-logs-shared.js:27
[78462598ms] [LOG] [Fast Refresh] done in 626ms @ webpack-internal:///(app-pages-browser)/./node_modules/next/dist/next-devtools/shared/forward-logs-shared.js:27
[78467188ms] [WARNING] The resource http://localhost:3000/_next/static/css/app/layout.css?v=1785890780299 was preloaded using link preload but not used within a few seconds from the window's load event. Please make sure it has an appropriate `as` value and it is preloaded intentionally. @ http://localhost:3000/campaign/cms5z4j6z0000zg48z5vzl2jn:0
[78467188ms] [WARNING] The resource http://localhost:3000/_next/static/css/app/layout.css?v=1785890780751 was preloaded using link preload but not used within a few seconds from the window's load event. Please make sure it has an appropriate `as` value and it is preloaded intentionally. @ http://localhost:3000/campaign/cms5z4j6z0000zg48z5vzl2jn:0
[78471735ms] [WARNING] The resource http://localhost:3000/_next/static/css/app/layout.css?v=1785890780299 was preloaded using link preload but not used within a few seconds from the window's load event. Please make sure it has an appropriate `as` value and it is preloaded intentionally. @ http://localhost:3000/campaign/cms5z4j6z0000zg48z5vzl2jn:0
[78471735ms] [WARNING] The resource http://localhost:3000/_next/static/css/app/layout.css?v=1785890780751 was preloaded using link preload but not used within a few seconds from the window's load event. Please make sure it has an appropriate `as` value and it is preloaded intentionally. @ http://localhost:3000/campaign/cms5z4j6z0000zg48z5vzl2jn:0
[78475664ms] [WARNING] The resource http://localhost:3000/_next/static/css/app/layout.css?v=1785890780299 was preloaded using link preload but not used within a few seconds from the window's load event. Please make sure it has an appropriate `as` value and it is preloaded intentionally. @ http://localhost:3000/campaign/cms5z4j6z0000zg48z5vzl2jn:0
[78475664ms] [WARNING] The resource http://localhost:3000/_next/static/css/app/layout.css?v=1785890780751 was preloaded using link preload but not used within a few seconds from the window's load event. Please make sure it has an appropriate `as` value and it is preloaded intentionally. @ http://localhost:3000/campaign/cms5z4j6z0000zg48z5vzl2jn:0
[78490660ms] [WARNING] The resource http://localhost:3000/_next/static/css/app/layout.css?v=1785890780299 was preloaded using link preload but not used within a few seconds from the window's load event. Please make sure it has an appropriate `as` value and it is preloaded intentionally. @ http://localhost:3000/campaign/cms5z4j6z0000zg48z5vzl2jn:0
[78490661ms] [WARNING] The resource http://localhost:3000/_next/static/css/app/layout.css?v=1785890780751 was preloaded using link preload but not used within a few seconds from the window's load event. Please make sure it has an appropriate `as` value and it is preloaded intentionally. @ http://localhost:3000/campaign/cms5z4j6z0000zg48z5vzl2jn:0
[78501751ms] [WARNING] The resource http://localhost:3000/_next/static/css/app/layout.css?v=1785890780299 was preloaded using link preload but not used within a few seconds from the window's load event. Please make sure it has an appropriate `as` value and it is preloaded intentionally. @ http://localhost:3000/campaign/cms5z4j6z0000zg48z5vzl2jn:0
[78501751ms] [WARNING] The resource http://localhost:3000/_next/static/css/app/layout.css?v=1785890780751 was preloaded using link preload but not used within a few seconds from the window's load event. Please make sure it has an appropriate `as` value and it is preloaded intentionally. @ http://localhost:3000/campaign/cms5z4j6z0000zg48z5vzl2jn:0
[78505641ms] [WARNING] The resource http://localhost:3000/_next/static/css/app/layout.css?v=1785890780299 was preloaded using link preload but not used within a few seconds from the window's load event. Please make sure it has an appropriate `as` value and it is preloaded intentionally. @ http://localhost:3000/campaign/cms5z4j6z0000zg48z5vzl2jn:0
[78505641ms] [WARNING] The resource http://localhost:3000/_next/static/css/app/layout.css?v=1785890780751 was preloaded using link preload but not used within a few seconds from the window's load event. Please make sure it has an appropriate `as` value and it is preloaded intentionally. @ http://localhost:3000/campaign/cms5z4j6z0000zg48z5vzl2jn:0
[78520648ms] [WARNING] The resource http://localhost:3000/_next/static/css/app/layout.css?v=1785890780299 was preloaded using link preload but not used within a few seconds from the window's load event. Please make sure it has an appropriate `as` value and it is preloaded intentionally. @ http://localhost:3000/campaign/cms5z4j6z0000zg48z5vzl2jn:0
[78520648ms] [WARNING] The resource http://localhost:3000/_next/static/css/app/layout.css?v=1785890780751 was preloaded using link preload but not used within a few seconds from the window's load event. Please make sure it has an appropriate `as` value and it is preloaded intentionally. @ http://localhost:3000/campaign/cms5z4j6z0000zg48z5vzl2jn:0
[78531737ms] [WARNING] The resource http://localhost:3000/_next/static/css/app/layout.css?v=1785890780299 was preloaded using link preload but not used within a few seconds from the window's load event. Please make sure it has an appropriate `as` value and it is preloaded intentionally. @ http://localhost:3000/campaign/cms5z4j6z0000zg48z5vzl2jn:0
[78531737ms] [WARNING] The resource http://localhost:3000/_next/static/css/app/layout.css?v=1785890780751 was preloaded using link preload but not used within a few seconds from the window's load event. Please make sure it has an appropriate `as` value and it is preloaded intentionally. @ http://localhost:3000/campaign/cms5z4j6z0000zg48z5vzl2jn:0
[78535645ms] [WARNING] The resource http://localhost:3000/_next/static/css/app/layout.css?v=1785890780299 was preloaded using link preload but not used within a few seconds from the window's load event. Please make sure it has an appropriate `as` value and it is preloaded intentionally. @ http://localhost:3000/campaign/cms5z4j6z0000zg48z5vzl2jn:0
[78535645ms] [WARNING] The resource http://localhost:3000/_next/static/css/app/layout.css?v=1785890780751 was preloaded using link preload but not used within a few seconds from the window's load event. Please make sure it has an appropriate `as` value and it is preloaded intentionally. @ http://localhost:3000/campaign/cms5z4j6z0000zg48z5vzl2jn:0
[78550649ms] [WARNING] The resource http://localhost:3000/_next/static/css/app/layout.css?v=1785890780299 was preloaded using link preload but not used within a few seconds from the window's load event. Please make sure it has an appropriate `as` value and it is preloaded intentionally. @ http://localhost:3000/campaign/cms5z4j6z0000zg48z5vzl2jn:0
[78550649ms] [WARNING] The resource http://localhost:3000/_next/static/css/app/layout.css?v=1785890780751 was preloaded using link preload but not used within a few seconds from the window's load event. Please make sure it has an appropriate `as` value and it is preloaded intentionally. @ http://localhost:3000/campaign/cms5z4j6z0000zg48z5vzl2jn:0
[78561738ms] [WARNING] The resource http://localhost:3000/_next/static/css/app/layout.css?v=1785890780299 was preloaded using link preload but not used within a few seconds from the window's load event. Please make sure it has an appropriate `as` value and it is preloaded intentionally. @ http://localhost:3000/campaign/cms5z4j6z0000zg48z5vzl2jn:0
[78561738ms] [WARNING] The resource http://localhost:3000/_next/static/css/app/layout.css?v=1785890780751 was preloaded using link preload but not used within a few seconds from the window's load event. Please make sure it has an appropriate `as` value and it is preloaded intentionally. @ http://localhost:3000/campaign/cms5z4j6z0000zg48z5vzl2jn:0
[78565638ms] [WARNING] The resource http://localhost:3000/_next/static/css/app/layout.css?v=1785890780299 was preloaded using link preload but not used within a few seconds from the window's load event. Please make sure it has an appropriate `as` value and it is preloaded intentionally. @ http://localhost:3000/campaign/cms5z4j6z0000zg48z5vzl2jn:0
[78565638ms] [WARNING] The resource http://localhost:3000/_next/static/css/app/layout.css?v=1785890780751 was preloaded using link preload but not used within a few seconds from the window's load event. Please make sure it has an appropriate `as` value and it is preloaded intentionally. @ http://localhost:3000/campaign/cms5z4j6z0000zg48z5vzl2jn:0
[78580633ms] [WARNING] The resource http://localhost:3000/_next/static/css/app/layout.css?v=1785890780299 was preloaded using link preload but not used within a few seconds from the window's load event. Please make sure it has an appropriate `as` value and it is preloaded intentionally. @ http://localhost:3000/campaign/cms5z4j6z0000zg48z5vzl2jn:0
[78580634ms] [WARNING] The resource http://localhost:3000/_next/static/css/app/layout.css?v=1785890780751 was preloaded using link preload but not used within a few seconds from the window's load event. Please make sure it has an appropriate `as` value and it is preloaded intentionally. @ http://localhost:3000/campaign/cms5z4j6z0000zg48z5vzl2jn:0
[78591739ms] [WARNING] The resource http://localhost:3000/_next/static/css/app/layout.css?v=1785890780299 was preloaded using link preload but not used within a few seconds from the window's load event. Please make sure it has an appropriate `as` value and it is preloaded intentionally. @ http://localhost:3000/campaign/cms5z4j6z0000zg48z5vzl2jn:0
[78591739ms] [WARNING] The resource http://localhost:3000/_next/static/css/app/layout.css?v=1785890780751 was preloaded using link preload but not used within a few seconds from the window's load event. Please make sure it has an appropriate `as` value and it is preloaded intentionally. @ http://localhost:3000/campaign/cms5z4j6z0000zg48z5vzl2jn:0
[78595643ms] [WARNING] The resource http://localhost:3000/_next/static/css/app/layout.css?v=1785890780299 was preloaded using link preload but not used within a few seconds from the window's load event. Please make sure it has an appropriate `as` value and it is preloaded intentionally. @ http://localhost:3000/campaign/cms5z4j6z0000zg48z5vzl2jn:0
[78595643ms] [WARNING] The resource http://localhost:3000/_next/static/css/app/layout.css?v=1785890780751 was preloaded using link preload but not used within a few seconds from the window's load event. Please make sure it has an appropriate `as` value and it is preloaded intentionally. @ http://localhost:3000/campaign/cms5z4j6z0000zg48z5vzl2jn:0
[78610631ms] [WARNING] The resource http://localhost:3000/_next/static/css/app/layout.css?v=1785890780299 was preloaded using link preload but not used within a few seconds from the window's load event. Please make sure it has an appropriate `as` value and it is preloaded intentionally. @ http://localhost:3000/campaign/cms5z4j6z0000zg48z5vzl2jn:0
[78610631ms] [WARNING] The resource http://localhost:3000/_next/static/css/app/layout.css?v=1785890780751 was preloaded using link preload but not used within a few seconds from the window's load event. Please make sure it has an appropriate `as` value and it is preloaded intentionally. @ http://localhost:3000/campaign/cms5z4j6z0000zg48z5vzl2jn:0
[78621737ms] [WARNING] The resource http://localhost:3000/_next/static/css/app/layout.css?v=1785890780299 was preloaded using link preload but not used within a few seconds from the window's load event. Please make sure it has an appropriate `as` value and it is preloaded intentionally. @ http://localhost:3000/campaign/cms5z4j6z0000zg48z5vzl2jn:0
[78621737ms] [WARNING] The resource http://localhost:3000/_next/static/css/app/layout.css?v=1785890780751 was preloaded using link preload but not used within a few seconds from the window's load event. Please make sure it has an appropriate `as` value and it is preloaded intentionally. @ http://localhost:3000/campaign/cms5z4j6z0000zg48z5vzl2jn:0
[78625654ms] [WARNING] The resource http://localhost:3000/_next/static/css/app/layout.css?v=1785890780299 was preloaded using link preload but not used within a few seconds from the window's load event. Please make sure it has an appropriate `as` value and it is preloaded intentionally. @ http://localhost:3000/campaign/cms5z4j6z0000zg48z5vzl2jn:0
[78625655ms] [WARNING] The resource http://localhost:3000/_next/static/css/app/layout.css?v=1785890780751 was preloaded using link preload but not used within a few seconds from the window's load event. Please make sure it has an appropriate `as` value and it is preloaded intentionally. @ http://localhost:3000/campaign/cms5z4j6z0000zg48z5vzl2jn:0
[78640636ms] [WARNING] The resource http://localhost:3000/_next/static/css/app/layout.css?v=1785890780299 was preloaded using link preload but not used within a few seconds from the window's load event. Please make sure it has an appropriate `as` value and it is preloaded intentionally. @ http://localhost:3000/campaign/cms5z4j6z0000zg48z5vzl2jn:0
[78640636ms] [WARNING] The resource http://localhost:3000/_next/static/css/app/layout.css?v=1785890780751 was preloaded using link preload but not used within a few seconds from the window's load event. Please make sure it has an appropriate `as` value and it is preloaded intentionally. @ http://localhost:3000/campaign/cms5z4j6z0000zg48z5vzl2jn:0
[78651741ms] [WARNING] The resource http://localhost:3000/_next/static/css/app/layout.css?v=1785890780299 was preloaded using link preload but not used within a few seconds from the window's load event. Please make sure it has an appropriate `as` value and it is preloaded intentionally. @ http://localhost:3000/campaign/cms5z4j6z0000zg48z5vzl2jn:0
[78651741ms] [WARNING] The resource http://localhost:3000/_next/static/css/app/layout.css?v=1785890780751 was preloaded using link preload but not used within a few seconds from the window's load event. Please make sure it has an appropriate `as` value and it is preloaded intentionally. @ http://localhost:3000/campaign/cms5z4j6z0000zg48z5vzl2jn:0
[78655637ms] [WARNING] The resource http://localhost:3000/_next/static/css/app/layout.css?v=1785890780299 was preloaded using link preload but not used within a few seconds from the window's load event. Please make sure it has an appropriate `as` value and it is preloaded intentionally. @ http://localhost:3000/campaign/cms5z4j6z0000zg48z5vzl2jn:0
[78655637ms] [WARNING] The resource http://localhost:3000/_next/static/css/app/layout.css?v=1785890780751 was preloaded using link preload but not used within a few seconds from the window's load event. Please make sure it has an appropriate `as` value and it is preloaded intentionally. @ http://localhost:3000/campaign/cms5z4j6z0000zg48z5vzl2jn:0
[78670639ms] [WARNING] The resource http://localhost:3000/_next/static/css/app/layout.css?v=1785890780299 was preloaded using link preload but not used within a few seconds from the window's load event. Please make sure it has an appropriate `as` value and it is preloaded intentionally. @ http://localhost:3000/campaign/cms5z4j6z0000zg48z5vzl2jn:0
[78670639ms] [WARNING] The resource http://localhost:3000/_next/static/css/app/layout.css?v=1785890780751 was preloaded using link preload but not used within a few seconds from the window's load event. Please make sure it has an appropriate `as` value and it is preloaded intentionally. @ http://localhost:3000/campaign/cms5z4j6z0000zg48z5vzl2jn:0
[78681734ms] [WARNING] The resource http://localhost:3000/_next/static/css/app/layout.css?v=1785890780299 was preloaded using link preload but not used within a few seconds from the window's load event. Please make sure it has an appropriate `as` value and it is preloaded intentionally. @ http://localhost:3000/campaign/cms5z4j6z0000zg48z5vzl2jn:0
[78681734ms] [WARNING] The resource http://localhost:3000/_next/static/css/app/layout.css?v=1785890780751 was preloaded using link preload but not used within a few seconds from the window's load event. Please make sure it has an appropriate `as` value and it is preloaded intentionally. @ http://localhost:3000/campaign/cms5z4j6z0000zg48z5vzl2jn:0
[78685646ms] [WARNING] The resource http://localhost:3000/_next/static/css/app/layout.css?v=1785890780299 was preloaded using link preload but not used within a few seconds from the window's load event. Please make sure it has an appropriate `as` value and it is preloaded intentionally. @ http://localhost:3000/campaign/cms5z4j6z0000zg48z5vzl2jn:0
[78685646ms] [WARNING] The resource http://localhost:3000/_next/static/css/app/layout.css?v=1785890780751 was preloaded using link preload but not used within a few seconds from the window's load event. Please make sure it has an appropriate `as` value and it is preloaded intentionally. @ http://localhost:3000/campaign/cms5z4j6z0000zg48z5vzl2jn:0
[78700639ms] [WARNING] The resource http://localhost:3000/_next/static/css/app/layout.css?v=1785890780299 was preloaded using link preload but not used within a few seconds from the window's load event. Please make sure it has an appropriate `as` value and it is preloaded intentionally. @ http://localhost:3000/campaign/cms5z4j6z0000zg48z5vzl2jn:0
[78700640ms] [WARNING] The resource http://localhost:3000/_next/static/css/app/layout.css?v=1785890780751 was preloaded using link preload but not used within a few seconds from the window's load event. Please make sure it has an appropriate `as` value and it is preloaded intentionally. @ http://localhost:3000/campaign/cms5z4j6z0000zg48z5vzl2jn:0
[78711723ms] [WARNING] The resource http://localhost:3000/_next/static/css/app/layout.css?v=1785890780299 was preloaded using link preload but not used within a few seconds from the window's load event. Please make sure it has an appropriate `as` value and it is preloaded intentionally. @ http://localhost:3000/campaign/cms5z4j6z0000zg48z5vzl2jn:0
[78711723ms] [WARNING] The resource http://localhost:3000/_next/static/css/app/layout.css?v=1785890780751 was preloaded using link preload but not used within a few seconds from the window's load event. Please make sure it has an appropriate `as` value and it is preloaded intentionally. @ http://localhost:3000/campaign/cms5z4j6z0000zg48z5vzl2jn:0
[78715645ms] [WARNING] The resource http://localhost:3000/_next/static/css/app/layout.css?v=1785890780299 was preloaded using link preload but not used within a few seconds from the window's load event. Please make sure it has an appropriate `as` value and it is preloaded intentionally. @ http://localhost:3000/campaign/cms5z4j6z0000zg48z5vzl2jn:0
[78715645ms] [WARNING] The resource http://localhost:3000/_next/static/css/app/layout.css?v=1785890780751 was preloaded using link preload but not used within a few seconds from the window's load event. Please make sure it has an appropriate `as` value and it is preloaded intentionally. @ http://localhost:3000/campaign/cms5z4j6z0000zg48z5vzl2jn:0
[78730653ms] [WARNING] The resource http://localhost:3000/_next/static/css/app/layout.css?v=1785890780299 was preloaded using link preload but not used within a few seconds from the window's load event. Please make sure it has an appropriate `as` value and it is preloaded intentionally. @ http://localhost:3000/campaign/cms5z4j6z0000zg48z5vzl2jn:0
[78730653ms] [WARNING] The resource http://localhost:3000/_next/static/css/app/layout.css?v=1785890780751 was preloaded using link preload but not used within a few seconds from the window's load event. Please make sure it has an appropriate `as` value and it is preloaded intentionally. @ http://localhost:3000/campaign/cms5z4j6z0000zg48z5vzl2jn:0
[78741738ms] [WARNING] The resource http://localhost:3000/_next/static/css/app/layout.css?v=1785890780299 was preloaded using link preload but not used within a few seconds from the window's load event. Please make sure it has an appropriate `as` value and it is preloaded intentionally. @ http://localhost:3000/campaign/cms5z4j6z0000zg48z5vzl2jn:0
[78741738ms] [WARNING] The resource http://localhost:3000/_next/static/css/app/layout.css?v=1785890780751 was preloaded using link preload but not used within a few seconds from the window's load event. Please make sure it has an appropriate `as` value and it is preloaded intentionally. @ http://localhost:3000/campaign/cms5z4j6z0000zg48z5vzl2jn:0
[78745644ms] [WARNING] The resource http://localhost:3000/_next/static/css/app/layout.css?v=1785890780299 was preloaded using link preload but not used within a few seconds from the window's load event. Please make sure it has an appropriate `as` value and it is preloaded intentionally. @ http://localhost:3000/campaign/cms5z4j6z0000zg48z5vzl2jn:0
[78745644ms] [WARNING] The resource http://localhost:3000/_next/static/css/app/layout.css?v=1785890780751 was preloaded using link preload but not used within a few seconds from the window's load event. Please make sure it has an appropriate `as` value and it is preloaded intentionally. @ http://localhost:3000/campaign/cms5z4j6z0000zg48z5vzl2jn:0
[78760631ms] [WARNING] The resource http://localhost:3000/_next/static/css/app/layout.css?v=1785890780299 was preloaded using link preload but not used within a few seconds from the window's load event. Please make sure it has an appropriate `as` value and it is preloaded intentionally. @ http://localhost:3000/campaign/cms5z4j6z0000zg48z5vzl2jn:0
[78760631ms] [WARNING] The resource http://localhost:3000/_next/static/css/app/layout.css?v=1785890780751 was preloaded using link preload but not used within a few seconds from the window's load event. Please make sure it has an appropriate `as` value and it is preloaded intentionally. @ http://localhost:3000/campaign/cms5z4j6z0000zg48z5vzl2jn:0
[78771738ms] [WARNING] The resource http://localhost:3000/_next/static/css/app/layout.css?v=1785890780299 was preloaded using link preload but not used within a few seconds from the window's load event. Please make sure it has an appropriate `as` value and it is preloaded intentionally. @ http://localhost:3000/campaign/cms5z4j6z0000zg48z5vzl2jn:0
[78771738ms] [WARNING] The resource http://localhost:3000/_next/static/css/app/layout.css?v=1785890780751 was preloaded using link preload but not used within a few seconds from the window's load event. Please make sure it has an appropriate `as` value and it is preloaded intentionally. @ http://localhost:3000/campaign/cms5z4j6z0000zg48z5vzl2jn:0
[78775645ms] [WARNING] The resource http://localhost:3000/_next/static/css/app/layout.css?v=1785890780299 was preloaded using link preload but not used within a few seconds from the window's load event. Please make sure it has an appropriate `as` value and it is preloaded intentionally. @ http://localhost:3000/campaign/cms5z4j6z0000zg48z5vzl2jn:0
[78775645ms] [WARNING] The resource http://localhost:3000/_next/static/css/app/layout.css?v=1785890780751 was preloaded using link preload but not used within a few seconds from the window's load event. Please make sure it has an appropriate `as` value and it is preloaded intentionally. @ http://localhost:3000/campaign/cms5z4j6z0000zg48z5vzl2jn:0
[78790636ms] [WARNING] The resource http://localhost:3000/_next/static/css/app/layout.css?v=1785890780299 was preloaded using link preload but not used within a few seconds from the window's load event. Please make sure it has an appropriate `as` value and it is preloaded intentionally. @ http://localhost:3000/campaign/cms5z4j6z0000zg48z5vzl2jn:0
[78790636ms] [WARNING] The resource http://localhost:3000/_next/static/css/app/layout.css?v=1785890780751 was preloaded using link preload but not used within a few seconds from the window's load event. Please make sure it has an appropriate `as` value and it is preloaded intentionally. @ http://localhost:3000/campaign/cms5z4j6z0000zg48z5vzl2jn:0
[78801740ms] [WARNING] The resource http://localhost:3000/_next/static/css/app/layout.css?v=1785890780299 was preloaded using link preload but not used within a few seconds from the window's load event. Please make sure it has an appropriate `as` value and it is preloaded intentionally. @ http://localhost:3000/campaign/cms5z4j6z0000zg48z5vzl2jn:0
[78801740ms] [WARNING] The resource http://localhost:3000/_next/static/css/app/layout.css?v=1785890780751 was preloaded using link preload but not used within a few seconds from the window's load event. Please make sure it has an appropriate `as` value and it is preloaded intentionally. @ http://localhost:3000/campaign/cms5z4j6z0000zg48z5vzl2jn:0
[78805649ms] [WARNING] The resource http://localhost:3000/_next/static/css/app/layout.css?v=1785890780299 was preloaded using link preload but not used within a few seconds from the window's load event. Please make sure it has an appropriate `as` value and it is preloaded intentionally. @ http://localhost:3000/campaign/cms5z4j6z0000zg48z5vzl2jn:0
[78805650ms] [WARNING] The resource http://localhost:3000/_next/static/css/app/layout.css?v=1785890780751 was preloaded using link preload but not used within a few seconds from the window's load event. Please make sure it has an appropriate `as` value and it is preloaded intentionally. @ http://localhost:3000/campaign/cms5z4j6z0000zg48z5vzl2jn:0
[78816461ms] [WARNING] The resource http://localhost:3000/_next/static/css/app/layout.css?v=1785890780299 was preloaded using link preload but not used within a few seconds from the window's load event. Please make sure it has an appropriate `as` value and it is preloaded intentionally. @ http://localhost:3000/campaign/cms5z4j6z0000zg48z5vzl2jn:0
[78816461ms] [WARNING] The resource http://localhost:3000/_next/static/css/app/layout.css?v=1785890780751 was preloaded using link preload but not used within a few seconds from the window's load event. Please make sure it has an appropriate `as` value and it is preloaded intentionally. @ http://localhost:3000/campaign/cms5z4j6z0000zg48z5vzl2jn:0
[78820626ms] [WARNING] The resource http://localhost:3000/_next/static/css/app/layout.css?v=1785890780299 was preloaded using link preload but not used within a few seconds from the window's load event. Please make sure it has an appropriate `as` value and it is preloaded intentionally. @ http://localhost:3000/campaign/cms5z4j6z0000zg48z5vzl2jn:0
[78820626ms] [WARNING] The resource http://localhost:3000/_next/static/css/app/layout.css?v=1785890780751 was preloaded using link preload but not used within a few seconds from the window's load event. Please make sure it has an appropriate `as` value and it is preloaded intentionally. @ http://localhost:3000/campaign/cms5z4j6z0000zg48z5vzl2jn:0
[78831727ms] [WARNING] The resource http://localhost:3000/_next/static/css/app/layout.css?v=1785890780299 was preloaded using link preload but not used within a few seconds from the window's load event. Please make sure it has an appropriate `as` value and it is preloaded intentionally. @ http://localhost:3000/campaign/cms5z4j6z0000zg48z5vzl2jn:0
[78831727ms] [WARNING] The resource http://localhost:3000/_next/static/css/app/layout.css?v=1785890780751 was preloaded using link preload but not used within a few seconds from the window's load event. Please make sure it has an appropriate `as` value and it is preloaded intentionally. @ http://localhost:3000/campaign/cms5z4j6z0000zg48z5vzl2jn:0
[78835639ms] [WARNING] The resource http://localhost:3000/_next/static/css/app/layout.css?v=1785890780299 was preloaded using link preload but not used within a few seconds from the window's load event. Please make sure it has an appropriate `as` value and it is preloaded intentionally. @ http://localhost:3000/campaign/cms5z4j6z0000zg48z5vzl2jn:0
[78835639ms] [WARNING] The resource http://localhost:3000/_next/static/css/app/layout.css?v=1785890780751 was preloaded using link preload but not used within a few seconds from the window's load event. Please make sure it has an appropriate `as` value and it is preloaded intentionally. @ http://localhost:3000/campaign/cms5z4j6z0000zg48z5vzl2jn:0
[78850676ms] [WARNING] The resource http://localhost:3000/_next/static/css/app/layout.css?v=1785890780299 was preloaded using link preload but not used within a few seconds from the window's load event. Please make sure it has an appropriate `as` value and it is preloaded intentionally. @ http://localhost:3000/campaign/cms5z4j6z0000zg48z5vzl2jn:0
[78850676ms] [WARNING] The resource http://localhost:3000/_next/static/css/app/layout.css?v=1785890780751 was preloaded using link preload but not used within a few seconds from the window's load event. Please make sure it has an appropriate `as` value and it is preloaded intentionally. @ http://localhost:3000/campaign/cms5z4j6z0000zg48z5vzl2jn:0
[78861753ms] [WARNING] The resource http://localhost:3000/_next/static/css/app/layout.css?v=1785890780299 was preloaded using link preload but not used within a few seconds from the window's load event. Please make sure it has an appropriate `as` value and it is preloaded intentionally. @ http://localhost:3000/campaign/cms5z4j6z0000zg48z5vzl2jn:0
[78861753ms] [WARNING] The resource http://localhost:3000/_next/static/css/app/layout.css?v=1785890780751 was preloaded using link preload but not used within a few seconds from the window's load event. Please make sure it has an appropriate `as` value and it is preloaded intentionally. @ http://localhost:3000/campaign/cms5z4j6z0000zg48z5vzl2jn:0
[78865638ms] [WARNING] The resource http://localhost:3000/_next/static/css/app/layout.css?v=1785890780299 was preloaded using link preload but not used within a few seconds from the window's load event. Please make sure it has an appropriate `as` value and it is preloaded intentionally. @ http://localhost:3000/campaign/cms5z4j6z0000zg48z5vzl2jn:0
[78865639ms] [WARNING] The resource http://localhost:3000/_next/static/css/app/layout.css?v=1785890780751 was preloaded using link preload but not used within a few seconds from the window's load event. Please make sure it has an appropriate `as` value and it is preloaded intentionally. @ http://localhost:3000/campaign/cms5z4j6z0000zg48z5vzl2jn:0
[78880631ms] [WARNING] The resource http://localhost:3000/_next/static/css/app/layout.css?v=1785890780299 was preloaded using link preload but not used within a few seconds from the window's load event. Please make sure it has an appropriate `as` value and it is preloaded intentionally. @ http://localhost:3000/campaign/cms5z4j6z0000zg48z5vzl2jn:0
[78880631ms] [WARNING] The resource http://localhost:3000/_next/static/css/app/layout.css?v=1785890780751 was preloaded using link preload but not used within a few seconds from the window's load event. Please make sure it has an appropriate `as` value and it is preloaded intentionally. @ http://localhost:3000/campaign/cms5z4j6z0000zg48z5vzl2jn:0
[78889836ms] [LOG] [Fast Refresh] rebuilding @ webpack-internal:///(app-pages-browser)/./node_modules/next/dist/next-devtools/shared/forward-logs-shared.js:27
[78890228ms] [LOG] [Fast Refresh] rebuilding @ webpack-internal:///(app-pages-browser)/./node_modules/next/dist/next-devtools/shared/forward-logs-shared.js:27
[78890378ms] [LOG] [Fast Refresh] done in 149ms @ webpack-internal:///(app-pages-browser)/./node_modules/next/dist/next-devtools/shared/forward-logs-shared.js:27
[78890521ms] [LOG] [Fast Refresh] done in 292ms @ webpack-internal:///(app-pages-browser)/./node_modules/next/dist/next-devtools/shared/forward-logs-shared.js:27
[78895629ms] [WARNING] The resource http://localhost:3000/_next/static/css/app/layout.css?v=1785891519225 was preloaded using link preload but not used within a few seconds from the window's load event. Please make sure it has an appropriate `as` value and it is preloaded intentionally. @ http://localhost:3000/campaign/cms5z4j6z0000zg48z5vzl2jn:0
[78895629ms] [WARNING] The resource http://localhost:3000/_next/static/css/app/layout.css?v=1785890780299 was preloaded using link preload but not used within a few seconds from the window's load event. Please make sure it has an appropriate `as` value and it is preloaded intentionally. @ http://localhost:3000/campaign/cms5z4j6z0000zg48z5vzl2jn:0
[78895629ms] [WARNING] The resource http://localhost:3000/_next/static/css/app/layout.css?v=1785890780751 was preloaded using link preload but not used within a few seconds from the window's load event. Please make sure it has an appropriate `as` value and it is preloaded intentionally. @ http://localhost:3000/campaign/cms5z4j6z0000zg48z5vzl2jn:0
[78910657ms] [WARNING] The resource http://localhost:3000/_next/static/css/app/layout.css?v=1785891519225 was preloaded using link preload but not used within a few seconds from the window's load event. Please make sure it has an appropriate `as` value and it is preloaded intentionally. @ http://localhost:3000/campaign/cms5z4j6z0000zg48z5vzl2jn:0
[78910657ms] [WARNING] The resource http://localhost:3000/_next/static/css/app/layout.css?v=1785890780299 was preloaded using link preload but not used within a few seconds from the window's load event. Please make sure it has an appropriate `as` value and it is preloaded intentionally. @ http://localhost:3000/campaign/cms5z4j6z0000zg48z5vzl2jn:0
[78910657ms] [WARNING] The resource http://localhost:3000/_next/static/css/app/layout.css?v=1785890780751 was preloaded using link preload but not used within a few seconds from the window's load event. Please make sure it has an appropriate `as` value and it is preloaded intentionally. @ http://localhost:3000/campaign/cms5z4j6z0000zg48z5vzl2jn:0
[78921778ms] [WARNING] The resource http://localhost:3000/_next/static/css/app/layout.css?v=1785891519225 was preloaded using link preload but not used within a few seconds from the window's load event. Please make sure it has an appropriate `as` value and it is preloaded intentionally. @ http://localhost:3000/campaign/cms5z4j6z0000zg48z5vzl2jn:0
[78921778ms] [WARNING] The resource http://localhost:3000/_next/static/css/app/layout.css?v=1785890780299 was preloaded using link preload but not used within a few seconds from the window's load event. Please make sure it has an appropriate `as` value and it is preloaded intentionally. @ http://localhost:3000/campaign/cms5z4j6z0000zg48z5vzl2jn:0
[78921778ms] [WARNING] The resource http://localhost:3000/_next/static/css/app/layout.css?v=1785890780751 was preloaded using link preload but not used within a few seconds from the window's load event. Please make sure it has an appropriate `as` value and it is preloaded intentionally. @ http://localhost:3000/campaign/cms5z4j6z0000zg48z5vzl2jn:0
[78925658ms] [WARNING] The resource http://localhost:3000/_next/static/css/app/layout.css?v=1785891519225 was preloaded using link preload but not used within a few seconds from the window's load event. Please make sure it has an appropriate `as` value and it is preloaded intentionally. @ http://localhost:3000/campaign/cms5z4j6z0000zg48z5vzl2jn:0
[78925658ms] [WARNING] The resource http://localhost:3000/_next/static/css/app/layout.css?v=1785890780299 was preloaded using link preload but not used within a few seconds from the window's load event. Please make sure it has an appropriate `as` value and it is preloaded intentionally. @ http://localhost:3000/campaign/cms5z4j6z0000zg48z5vzl2jn:0
[78925658ms] [WARNING] The resource http://localhost:3000/_next/static/css/app/layout.css?v=1785890780751 was preloaded using link preload but not used within a few seconds from the window's load event. Please make sure it has an appropriate `as` value and it is preloaded intentionally. @ http://localhost:3000/campaign/cms5z4j6z0000zg48z5vzl2jn:0
[78940656ms] [WARNING] The resource http://localhost:3000/_next/static/css/app/layout.css?v=1785891519225 was preloaded using link preload but not used within a few seconds from the window's load event. Please make sure it has an appropriate `as` value and it is preloaded intentionally. @ http://localhost:3000/campaign/cms5z4j6z0000zg48z5vzl2jn:0
[78940656ms] [WARNING] The resource http://localhost:3000/_next/static/css/app/layout.css?v=1785890780299 was preloaded using link preload but not used within a few seconds from the window's load event. Please make sure it has an appropriate `as` value and it is preloaded intentionally. @ http://localhost:3000/campaign/cms5z4j6z0000zg48z5vzl2jn:0
[78940656ms] [WARNING] The resource http://localhost:3000/_next/static/css/app/layout.css?v=1785890780751 was preloaded using link preload but not used within a few seconds from the window's load event. Please make sure it has an appropriate `as` value and it is preloaded intentionally. @ http://localhost:3000/campaign/cms5z4j6z0000zg48z5vzl2jn:0
[78946652ms] [LOG] [Fast Refresh] rebuilding @ webpack-internal:///(app-pages-browser)/./node_modules/next/dist/next-devtools/shared/forward-logs-shared.js:27
[78947274ms] [LOG] [Fast Refresh] rebuilding @ webpack-internal:///(app-pages-browser)/./node_modules/next/dist/next-devtools/shared/forward-logs-shared.js:27
[78947568ms] [LOG] [Fast Refresh] done in 294ms @ webpack-internal:///(app-pages-browser)/./node_modules/next/dist/next-devtools/shared/forward-logs-shared.js:27
[78947951ms] [LOG] [Fast Refresh] rebuilding @ webpack-internal:///(app-pages-browser)/./node_modules/next/dist/next-devtools/shared/forward-logs-shared.js:27
[78948664ms] [LOG] [Fast Refresh] done in 713ms @ webpack-internal:///(app-pages-browser)/./node_modules/next/dist/next-devtools/shared/forward-logs-shared.js:27
[78950080ms] [LOG] [Fast Refresh] rebuilding @ webpack-internal:///(app-pages-browser)/./node_modules/next/dist/next-devtools/shared/forward-logs-shared.js:27
[78950170ms] [LOG] [Fast Refresh] done in 90ms @ webpack-internal:///(app-pages-browser)/./node_modules/next/dist/next-devtools/shared/forward-logs-shared.js:27
[78950380ms] [LOG] [Fast Refresh] rebuilding @ webpack-internal:///(app-pages-browser)/./node_modules/next/dist/next-devtools/shared/forward-logs-shared.js:27
[78950380ms] [LOG] [Fast Refresh] done in 1ms @ webpack-internal:///(app-pages-browser)/./node_modules/next/dist/next-devtools/shared/forward-logs-shared.js:27
[78950784ms] [LOG] [Fast Refresh] done in 405ms @ webpack-internal:///(app-pages-browser)/./node_modules/next/dist/next-devtools/shared/forward-logs-shared.js:27
[78950897ms] [ERROR] Failed to load resource: the server responded with a status of 500 (Internal Server Error) @ http://localhost:3000/campaign/cms5z4j6z0000zg48z5vzl2jn?_rsc=21sfs:0
[78952226ms] [INFO] %cDownload the React DevTools for a better development experience: https://react.dev/link/react-devtools font-weight:bold @ webpack-internal:///(app-pages-browser)/./node_modules/next/dist/next-devtools/shared/forward-logs-shared.js:27
[78952361ms] [LOG] [HMR] connected @ webpack-internal:///(app-pages-browser)/./node_modules/next/dist/next-devtools/shared/forward-logs-shared.js:27
[78953083ms] [LOG] [Fast Refresh] rebuilding @ webpack-internal:///(app-pages-browser)/./node_modules/next/dist/next-devtools/shared/forward-logs-shared.js:27
[78953362ms] [LOG] [Fast Refresh] done in 279ms @ webpack-internal:///(app-pages-browser)/./node_modules/next/dist/next-devtools/shared/forward-logs-shared.js:27
[78954163ms] [LOG] [Fast Refresh] rebuilding @ webpack-internal:///(app-pages-browser)/./node_modules/next/dist/next-devtools/shared/forward-logs-shared.js:27
[78955040ms] [LOG] [Fast Refresh] done in 878ms @ webpack-internal:///(app-pages-browser)/./node_modules/next/dist/next-devtools/shared/forward-logs-shared.js:27
[78983668ms] [LOG] [Fast Refresh] rebuilding @ webpack-internal:///(app-pages-browser)/./node_modules/next/dist/next-devtools/shared/forward-logs-shared.js:27
[78984260ms] [LOG] [Fast Refresh] rebuilding @ webpack-internal:///(app-pages-browser)/./node_modules/next/dist/next-devtools/shared/forward-logs-shared.js:27
[78984766ms] [LOG] [Fast Refresh] done in 506ms @ webpack-internal:///(app-pages-browser)/./node_modules/next/dist/next-devtools/shared/forward-logs-shared.js:27
[78984924ms] [LOG] [Fast Refresh] done in 665ms @ webpack-internal:///(app-pages-browser)/./node_modules/next/dist/next-devtools/shared/forward-logs-shared.js:27
[78986856ms] [LOG] [Fast Refresh] rebuilding @ webpack-internal:///(app-pages-browser)/./node_modules/next/dist/next-devtools/shared/forward-logs-shared.js:27
[78987514ms] [LOG] [Fast Refresh] rebuilding @ webpack-internal:///(app-pages-browser)/./node_modules/next/dist/next-devtools/shared/forward-logs-shared.js:27
[78988522ms] [LOG] [Fast Refresh] done in 1009ms @ webpack-internal:///(app-pages-browser)/./node_modules/next/dist/next-devtools/shared/forward-logs-shared.js:27
[78988880ms] [LOG] [Fast Refresh] done in 1366ms @ webpack-internal:///(app-pages-browser)/./node_modules/next/dist/next-devtools/shared/forward-logs-shared.js:27
[78992146ms] [WARNING] The resource http://localhost:3000/_next/static/css/app/layout.css?v=1785891616718 was preloaded using link preload but not used within a few seconds from the window's load event. Please make sure it has an appropriate `as` value and it is preloaded intentionally. @ http://localhost:3000/campaign/cms5z4j6z0000zg48z5vzl2jn:0
[78992146ms] [WARNING] The resource http://localhost:3000/_next/static/css/app/layout.css?v=1785891613456 was preloaded using link preload but not used within a few seconds from the window's load event. Please make sure it has an appropriate `as` value and it is preloaded intentionally. @ http://localhost:3000/campaign/cms5z4j6z0000zg48z5vzl2jn:0
[79000507ms] [WARNING] The resource http://localhost:3000/_next/static/css/app/layout.css?v=1785891616718 was preloaded using link preload but not used within a few seconds from the window's load event. Please make sure it has an appropriate `as` value and it is preloaded intentionally. @ http://localhost:3000/campaign/cms5z4j6z0000zg48z5vzl2jn:0
[79000507ms] [WARNING] The resource http://localhost:3000/_next/static/css/app/layout.css?v=1785891613456 was preloaded using link preload but not used within a few seconds from the window's load event. Please make sure it has an appropriate `as` value and it is preloaded intentionally. @ http://localhost:3000/campaign/cms5z4j6z0000zg48z5vzl2jn:0
[79004778ms] [LOG] [Fast Refresh] rebuilding @ webpack-internal:///(app-pages-browser)/./node_modules/next/dist/next-devtools/shared/forward-logs-shared.js:27
[79005752ms] [LOG] [Fast Refresh] rebuilding @ webpack-internal:///(app-pages-browser)/./node_modules/next/dist/next-devtools/shared/forward-logs-shared.js:27
[79005966ms] [LOG] [Fast Refresh] done in 214ms @ webpack-internal:///(app-pages-browser)/./node_modules/next/dist/next-devtools/shared/forward-logs-shared.js:27
[79006444ms] [LOG] [Fast Refresh] rebuilding @ webpack-internal:///(app-pages-browser)/./node_modules/next/dist/next-devtools/shared/forward-logs-shared.js:27
[79006515ms] [LOG] [Fast Refresh] done in 71ms @ webpack-internal:///(app-pages-browser)/./node_modules/next/dist/next-devtools/shared/forward-logs-shared.js:27
[79008636ms] [LOG] [Fast Refresh] done in 2192ms @ webpack-internal:///(app-pages-browser)/./node_modules/next/dist/next-devtools/shared/forward-logs-shared.js:27
[79012092ms] [WARNING] The resource http://localhost:3000/_next/static/css/app/layout.css?v=1785891616718 was preloaded using link preload but not used within a few seconds from the window's load event. Please make sure it has an appropriate `as` value and it is preloaded intentionally. @ http://localhost:3000/campaign/cms5z4j6z0000zg48z5vzl2jn:0
[79012092ms] [WARNING] The resource http://localhost:3000/_next/static/css/app/layout.css?v=1785891613456 was preloaded using link preload but not used within a few seconds from the window's load event. Please make sure it has an appropriate `as` value and it is preloaded intentionally. @ http://localhost:3000/campaign/cms5z4j6z0000zg48z5vzl2jn:0
[79015617ms] [WARNING] The resource http://localhost:3000/_next/static/css/app/layout.css?v=1785891616718 was preloaded using link preload but not used within a few seconds from the window's load event. Please make sure it has an appropriate `as` value and it is preloaded intentionally. @ http://localhost:3000/campaign/cms5z4j6z0000zg48z5vzl2jn:0
[79015617ms] [WARNING] The resource http://localhost:3000/_next/static/css/app/layout.css?v=1785891613456 was preloaded using link preload but not used within a few seconds from the window's load event. Please make sure it has an appropriate `as` value and it is preloaded intentionally. @ http://localhost:3000/campaign/cms5z4j6z0000zg48z5vzl2jn:0
[79030507ms] [WARNING] The resource http://localhost:3000/_next/static/css/app/layout.css?v=1785891616718 was preloaded using link preload but not used within a few seconds from the window's load event. Please make sure it has an appropriate `as` value and it is preloaded intentionally. @ http://localhost:3000/campaign/cms5z4j6z0000zg48z5vzl2jn:0
[79030507ms] [WARNING] The resource http://localhost:3000/_next/static/css/app/layout.css?v=1785891613456 was preloaded using link preload but not used within a few seconds from the window's load event. Please make sure it has an appropriate `as` value and it is preloaded intentionally. @ http://localhost:3000/campaign/cms5z4j6z0000zg48z5vzl2jn:0
[79045566ms] [WARNING] The resource http://localhost:3000/_next/static/css/app/layout.css?v=1785891616718 was preloaded using link preload but not used within a few seconds from the window's load event. Please make sure it has an appropriate `as` value and it is preloaded intentionally. @ http://localhost:3000/campaign/cms5z4j6z0000zg48z5vzl2jn:0
[79045566ms] [WARNING] The resource http://localhost:3000/_next/static/css/app/layout.css?v=1785891613456 was preloaded using link preload but not used within a few seconds from the window's load event. Please make sure it has an appropriate `as` value and it is preloaded intentionally. @ http://localhost:3000/campaign/cms5z4j6z0000zg48z5vzl2jn:0
[79060482ms] [WARNING] The resource http://localhost:3000/_next/static/css/app/layout.css?v=1785891616718 was preloaded using link preload but not used within a few seconds from the window's load event. Please make sure it has an appropriate `as` value and it is preloaded intentionally. @ http://localhost:3000/campaign/cms5z4j6z0000zg48z5vzl2jn:0
[79060482ms] [WARNING] The resource http://localhost:3000/_next/static/css/app/layout.css?v=1785891613456 was preloaded using link preload but not used within a few seconds from the window's load event. Please make sure it has an appropriate `as` value and it is preloaded intentionally. @ http://localhost:3000/campaign/cms5z4j6z0000zg48z5vzl2jn:0
[79075523ms] [WARNING] The resource http://localhost:3000/_next/static/css/app/layout.css?v=1785891616718 was preloaded using link preload but not used within a few seconds from the window's load event. Please make sure it has an appropriate `as` value and it is preloaded intentionally. @ http://localhost:3000/campaign/cms5z4j6z0000zg48z5vzl2jn:0
[79075523ms] [WARNING] The resource http://localhost:3000/_next/static/css/app/layout.css?v=1785891613456 was preloaded using link preload but not used within a few seconds from the window's load event. Please make sure it has an appropriate `as` value and it is preloaded intentionally. @ http://localhost:3000/campaign/cms5z4j6z0000zg48z5vzl2jn:0
[79076684ms] [ERROR] Maximum update depth exceeded. This can happen when a component calls setState inside useEffect, but useEffect either doesn't have a dependency array, or one of the dependencies changes on every render. @ webpack-internal:///(app-pages-browser)/./node_modules/next/dist/next-devtools/userspace/app/errors/intercept-console-error.js:51
[79079924ms] [WARNING] The resource http://localhost:3000/_next/static/css/app/layout.css?v=1785891616718 was preloaded using link preload but not used within a few seconds from the window's load event. Please make sure it has an appropriate `as` value and it is preloaded intentionally. @ http://localhost:3000/campaign/cms5z4j6z0000zg48z5vzl2jn:0
[79079924ms] [WARNING] The resource http://localhost:3000/_next/static/css/app/layout.css?v=1785891613456 was preloaded using link preload but not used within a few seconds from the window's load event. Please make sure it has an appropriate `as` value and it is preloaded intentionally. @ http://localhost:3000/campaign/cms5z4j6z0000zg48z5vzl2jn:0
[79090509ms] [WARNING] The resource http://localhost:3000/_next/static/css/app/layout.css?v=1785891616718 was preloaded using link preload but not used within a few seconds from the window's load event. Please make sure it has an appropriate `as` value and it is preloaded intentionally. @ http://localhost:3000/campaign/cms5z4j6z0000zg48z5vzl2jn:0
[79090509ms] [WARNING] The resource http://localhost:3000/_next/static/css/app/layout.css?v=1785891613456 was preloaded using link preload but not used within a few seconds from the window's load event. Please make sure it has an appropriate `as` value and it is preloaded intentionally. @ http://localhost:3000/campaign/cms5z4j6z0000zg48z5vzl2jn:0
[79103193ms] [LOG] [Fast Refresh] rebuilding @ webpack-internal:///(app-pages-browser)/./node_modules/next/dist/next-devtools/shared/forward-logs-shared.js:27
[79104100ms] [LOG] [Fast Refresh] done in 907ms @ webpack-internal:///(app-pages-browser)/./node_modules/next/dist/next-devtools/shared/forward-logs-shared.js:27
[79107248ms] [WARNING] The resource http://localhost:3000/_next/static/css/app/layout.css?v=1785891616718 was preloaded using link preload but not used within a few seconds from the window's load event. Please make sure it has an appropriate `as` value and it is preloaded intentionally. @ http://localhost:3000/campaign/cms5z4j6z0000zg48z5vzl2jn:0
[79107248ms] [WARNING] The resource http://localhost:3000/_next/static/css/app/layout.css?v=1785891613456 was preloaded using link preload but not used within a few seconds from the window's load event. Please make sure it has an appropriate `as` value and it is preloaded intentionally. @ http://localhost:3000/campaign/cms5z4j6z0000zg48z5vzl2jn:0
[79120490ms] [WARNING] The resource http://localhost:3000/_next/static/css/app/layout.css?v=1785891616718 was preloaded using link preload but not used within a few seconds from the window's load event. Please make sure it has an appropriate `as` value and it is preloaded intentionally. @ http://localhost:3000/campaign/cms5z4j6z0000zg48z5vzl2jn:0
[79120490ms] [WARNING] The resource http://localhost:3000/_next/static/css/app/layout.css?v=1785891613456 was preloaded using link preload but not used within a few seconds from the window's load event. Please make sure it has an appropriate `as` value and it is preloaded intentionally. @ http://localhost:3000/campaign/cms5z4j6z0000zg48z5vzl2jn:0
[79135535ms] [WARNING] The resource http://localhost:3000/_next/static/css/app/layout.css?v=1785891616718 was preloaded using link preload but not used within a few seconds from the window's load event. Please make sure it has an appropriate `as` value and it is preloaded intentionally. @ http://localhost:3000/campaign/cms5z4j6z0000zg48z5vzl2jn:0
[79135535ms] [WARNING] The resource http://localhost:3000/_next/static/css/app/layout.css?v=1785891613456 was preloaded using link preload but not used within a few seconds from the window's load event. Please make sure it has an appropriate `as` value and it is preloaded intentionally. @ http://localhost:3000/campaign/cms5z4j6z0000zg48z5vzl2jn:0
[79150547ms] [WARNING] The resource http://localhost:3000/_next/static/css/app/layout.css?v=1785891616718 was preloaded using link preload but not used within a few seconds from the window's load event. Please make sure it has an appropriate `as` value and it is preloaded intentionally. @ http://localhost:3000/campaign/cms5z4j6z0000zg48z5vzl2jn:0
[79150547ms] [WARNING] The resource http://localhost:3000/_next/static/css/app/layout.css?v=1785891613456 was preloaded using link preload but not used within a few seconds from the window's load event. Please make sure it has an appropriate `as` value and it is preloaded intentionally. @ http://localhost:3000/campaign/cms5z4j6z0000zg48z5vzl2jn:0
[79165517ms] [WARNING] The resource http://localhost:3000/_next/static/css/app/layout.css?v=1785891616718 was preloaded using link preload but not used within a few seconds from the window's load event. Please make sure it has an appropriate `as` value and it is preloaded intentionally. @ http://localhost:3000/campaign/cms5z4j6z0000zg48z5vzl2jn:0
[79165517ms] [WARNING] The resource http://localhost:3000/_next/static/css/app/layout.css?v=1785891613456 was preloaded using link preload but not used within a few seconds from the window's load event. Please make sure it has an appropriate `as` value and it is preloaded intentionally. @ http://localhost:3000/campaign/cms5z4j6z0000zg48z5vzl2jn:0
[79180512ms] [WARNING] The resource http://localhost:3000/_next/static/css/app/layout.css?v=1785891616718 was preloaded using link preload but not used within a few seconds from the window's load event. Please make sure it has an appropriate `as` value and it is preloaded intentionally. @ http://localhost:3000/campaign/cms5z4j6z0000zg48z5vzl2jn:0
[79180512ms] [WARNING] The resource http://localhost:3000/_next/static/css/app/layout.css?v=1785891613456 was preloaded using link preload but not used within a few seconds from the window's load event. Please make sure it has an appropriate `as` value and it is preloaded intentionally. @ http://localhost:3000/campaign/cms5z4j6z0000zg48z5vzl2jn:0
[79195514ms] [WARNING] The resource http://localhost:3000/_next/static/css/app/layout.css?v=1785891616718 was preloaded using link preload but not used within a few seconds from the window's load event. Please make sure it has an appropriate `as` value and it is preloaded intentionally. @ http://localhost:3000/campaign/cms5z4j6z0000zg48z5vzl2jn:0
[79195514ms] [WARNING] The resource http://localhost:3000/_next/static/css/app/layout.css?v=1785891613456 was preloaded using link preload but not used within a few seconds from the window's load event. Please make sure it has an appropriate `as` value and it is preloaded intentionally. @ http://localhost:3000/campaign/cms5z4j6z0000zg48z5vzl2jn:0
[79210479ms] [WARNING] The resource http://localhost:3000/_next/static/css/app/layout.css?v=1785891616718 was preloaded using link preload but not used within a few seconds from the window's load event. Please make sure it has an appropriate `as` value and it is preloaded intentionally. @ http://localhost:3000/campaign/cms5z4j6z0000zg48z5vzl2jn:0
[79210479ms] [WARNING] The resource http://localhost:3000/_next/static/css/app/layout.css?v=1785891613456 was preloaded using link preload but not used within a few seconds from the window's load event. Please make sure it has an appropriate `as` value and it is preloaded intentionally. @ http://localhost:3000/campaign/cms5z4j6z0000zg48z5vzl2jn:0
[79225501ms] [WARNING] The resource http://localhost:3000/_next/static/css/app/layout.css?v=1785891616718 was preloaded using link preload but not used within a few seconds from the window's load event. Please make sure it has an appropriate `as` value and it is preloaded intentionally. @ http://localhost:3000/campaign/cms5z4j6z0000zg48z5vzl2jn:0
[79225501ms] [WARNING] The resource http://localhost:3000/_next/static/css/app/layout.css?v=1785891613456 was preloaded using link preload but not used within a few seconds from the window's load event. Please make sure it has an appropriate `as` value and it is preloaded intentionally. @ http://localhost:3000/campaign/cms5z4j6z0000zg48z5vzl2jn:0
[79240475ms] [WARNING] The resource http://localhost:3000/_next/static/css/app/layout.css?v=1785891616718 was preloaded using link preload but not used within a few seconds from the window's load event. Please make sure it has an appropriate `as` value and it is preloaded intentionally. @ http://localhost:3000/campaign/cms5z4j6z0000zg48z5vzl2jn:0
[79240475ms] [WARNING] The resource http://localhost:3000/_next/static/css/app/layout.css?v=1785891613456 was preloaded using link preload but not used within a few seconds from the window's load event. Please make sure it has an appropriate `as` value and it is preloaded intentionally. @ http://localhost:3000/campaign/cms5z4j6z0000zg48z5vzl2jn:0
[79255497ms] [WARNING] The resource http://localhost:3000/_next/static/css/app/layout.css?v=1785891616718 was preloaded using link preload but not used within a few seconds from the window's load event. Please make sure it has an appropriate `as` value and it is preloaded intentionally. @ http://localhost:3000/campaign/cms5z4j6z0000zg48z5vzl2jn:0
[79255497ms] [WARNING] The resource http://localhost:3000/_next/static/css/app/layout.css?v=1785891613456 was preloaded using link preload but not used within a few seconds from the window's load event. Please make sure it has an appropriate `as` value and it is preloaded intentionally. @ http://localhost:3000/campaign/cms5z4j6z0000zg48z5vzl2jn:0
[79270488ms] [WARNING] The resource http://localhost:3000/_next/static/css/app/layout.css?v=1785891616718 was preloaded using link preload but not used within a few seconds from the window's load event. Please make sure it has an appropriate `as` value and it is preloaded intentionally. @ http://localhost:3000/campaign/cms5z4j6z0000zg48z5vzl2jn:0
[79270488ms] [WARNING] The resource http://localhost:3000/_next/static/css/app/layout.css?v=1785891613456 was preloaded using link preload but not used within a few seconds from the window's load event. Please make sure it has an appropriate `as` value and it is preloaded intentionally. @ http://localhost:3000/campaign/cms5z4j6z0000zg48z5vzl2jn:0
[79285500ms] [WARNING] The resource http://localhost:3000/_next/static/css/app/layout.css?v=1785891616718 was preloaded using link preload but not used within a few seconds from the window's load event. Please make sure it has an appropriate `as` value and it is preloaded intentionally. @ http://localhost:3000/campaign/cms5z4j6z0000zg48z5vzl2jn:0
[79285500ms] [WARNING] The resource http://localhost:3000/_next/static/css/app/layout.css?v=1785891613456 was preloaded using link preload but not used within a few seconds from the window's load event. Please make sure it has an appropriate `as` value and it is preloaded intentionally. @ http://localhost:3000/campaign/cms5z4j6z0000zg48z5vzl2jn:0
[79300480ms] [WARNING] The resource http://localhost:3000/_next/static/css/app/layout.css?v=1785891616718 was preloaded using link preload but not used within a few seconds from the window's load event. Please make sure it has an appropriate `as` value and it is preloaded intentionally. @ http://localhost:3000/campaign/cms5z4j6z0000zg48z5vzl2jn:0
[79300480ms] [WARNING] The resource http://localhost:3000/_next/static/css/app/layout.css?v=1785891613456 was preloaded using link preload but not used within a few seconds from the window's load event. Please make sure it has an appropriate `as` value and it is preloaded intentionally. @ http://localhost:3000/campaign/cms5z4j6z0000zg48z5vzl2jn:0
[79315505ms] [WARNING] The resource http://localhost:3000/_next/static/css/app/layout.css?v=1785891616718 was preloaded using link preload but not used within a few seconds from the window's load event. Please make sure it has an appropriate `as` value and it is preloaded intentionally. @ http://localhost:3000/campaign/cms5z4j6z0000zg48z5vzl2jn:0
[79315505ms] [WARNING] The resource http://localhost:3000/_next/static/css/app/layout.css?v=1785891613456 was preloaded using link preload but not used within a few seconds from the window's load event. Please make sure it has an appropriate `as` value and it is preloaded intentionally. @ http://localhost:3000/campaign/cms5z4j6z0000zg48z5vzl2jn:0
[79330546ms] [WARNING] The resource http://localhost:3000/_next/static/css/app/layout.css?v=1785891616718 was preloaded using link preload but not used within a few seconds from the window's load event. Please make sure it has an appropriate `as` value and it is preloaded intentionally. @ http://localhost:3000/campaign/cms5z4j6z0000zg48z5vzl2jn:0
[79330546ms] [WARNING] The resource http://localhost:3000/_next/static/css/app/layout.css?v=1785891613456 was preloaded using link preload but not used within a few seconds from the window's load event. Please make sure it has an appropriate `as` value and it is preloaded intentionally. @ http://localhost:3000/campaign/cms5z4j6z0000zg48z5vzl2jn:0
[79345551ms] [WARNING] The resource http://localhost:3000/_next/static/css/app/layout.css?v=1785891616718 was preloaded using link preload but not used within a few seconds from the window's load event. Please make sure it has an appropriate `as` value and it is preloaded intentionally. @ http://localhost:3000/campaign/cms5z4j6z0000zg48z5vzl2jn:0
[79345551ms] [WARNING] The resource http://localhost:3000/_next/static/css/app/layout.css?v=1785891613456 was preloaded using link preload but not used within a few seconds from the window's load event. Please make sure it has an appropriate `as` value and it is preloaded intentionally. @ http://localhost:3000/campaign/cms5z4j6z0000zg48z5vzl2jn:0
[79360488ms] [WARNING] The resource http://localhost:3000/_next/static/css/app/layout.css?v=1785891616718 was preloaded using link preload but not used within a few seconds from the window's load event. Please make sure it has an appropriate `as` value and it is preloaded intentionally. @ http://localhost:3000/campaign/cms5z4j6z0000zg48z5vzl2jn:0
[79360488ms] [WARNING] The resource http://localhost:3000/_next/static/css/app/layout.css?v=1785891613456 was preloaded using link preload but not used within a few seconds from the window's load event. Please make sure it has an appropriate `as` value and it is preloaded intentionally. @ http://localhost:3000/campaign/cms5z4j6z0000zg48z5vzl2jn:0
[79375502ms] [WARNING] The resource http://localhost:3000/_next/static/css/app/layout.css?v=1785891616718 was preloaded using link preload but not used within a few seconds from the window's load event. Please make sure it has an appropriate `as` value and it is preloaded intentionally. @ http://localhost:3000/campaign/cms5z4j6z0000zg48z5vzl2jn:0
[79375502ms] [WARNING] The resource http://localhost:3000/_next/static/css/app/layout.css?v=1785891613456 was preloaded using link preload but not used within a few seconds from the window's load event. Please make sure it has an appropriate `as` value and it is preloaded intentionally. @ http://localhost:3000/campaign/cms5z4j6z0000zg48z5vzl2jn:0
[79390516ms] [WARNING] The resource http://localhost:3000/_next/static/css/app/layout.css?v=1785891616718 was preloaded using link preload but not used within a few seconds from the window's load event. Please make sure it has an appropriate `as` value and it is preloaded intentionally. @ http://localhost:3000/campaign/cms5z4j6z0000zg48z5vzl2jn:0
[79390516ms] [WARNING] The resource http://localhost:3000/_next/static/css/app/layout.css?v=1785891613456 was preloaded using link preload but not used within a few seconds from the window's load event. Please make sure it has an appropriate `as` value and it is preloaded intentionally. @ http://localhost:3000/campaign/cms5z4j6z0000zg48z5vzl2jn:0
[79405515ms] [WARNING] The resource http://localhost:3000/_next/static/css/app/layout.css?v=1785891616718 was preloaded using link preload but not used within a few seconds from the window's load event. Please make sure it has an appropriate `as` value and it is preloaded intentionally. @ http://localhost:3000/campaign/cms5z4j6z0000zg48z5vzl2jn:0
[79405515ms] [WARNING] The resource http://localhost:3000/_next/static/css/app/layout.css?v=1785891613456 was preloaded using link preload but not used within a few seconds from the window's load event. Please make sure it has an appropriate `as` value and it is preloaded intentionally. @ http://localhost:3000/campaign/cms5z4j6z0000zg48z5vzl2jn:0
[79420491ms] [WARNING] The resource http://localhost:3000/_next/static/css/app/layout.css?v=1785891616718 was preloaded using link preload but not used within a few seconds from the window's load event. Please make sure it has an appropriate `as` value and it is preloaded intentionally. @ http://localhost:3000/campaign/cms5z4j6z0000zg48z5vzl2jn:0
[79420491ms] [WARNING] The resource http://localhost:3000/_next/static/css/app/layout.css?v=1785891613456 was preloaded using link preload but not used within a few seconds from the window's load event. Please make sure it has an appropriate `as` value and it is preloaded intentionally. @ http://localhost:3000/campaign/cms5z4j6z0000zg48z5vzl2jn:0
[79435535ms] [WARNING] The resource http://localhost:3000/_next/static/css/app/layout.css?v=1785891616718 was preloaded using link preload but not used within a few seconds from the window's load event. Please make sure it has an appropriate `as` value and it is preloaded intentionally. @ http://localhost:3000/campaign/cms5z4j6z0000zg48z5vzl2jn:0
[79435535ms] [WARNING] The resource http://localhost:3000/_next/static/css/app/layout.css?v=1785891613456 was preloaded using link preload but not used within a few seconds from the window's load event. Please make sure it has an appropriate `as` value and it is preloaded intentionally. @ http://localhost:3000/campaign/cms5z4j6z0000zg48z5vzl2jn:0
[79450506ms] [WARNING] The resource http://localhost:3000/_next/static/css/app/layout.css?v=1785891616718 was preloaded using link preload but not used within a few seconds from the window's load event. Please make sure it has an appropriate `as` value and it is preloaded intentionally. @ http://localhost:3000/campaign/cms5z4j6z0000zg48z5vzl2jn:0
[79450506ms] [WARNING] The resource http://localhost:3000/_next/static/css/app/layout.css?v=1785891613456 was preloaded using link preload but not used within a few seconds from the window's load event. Please make sure it has an appropriate `as` value and it is preloaded intentionally. @ http://localhost:3000/campaign/cms5z4j6z0000zg48z5vzl2jn:0
[79465522ms] [WARNING] The resource http://localhost:3000/_next/static/css/app/layout.css?v=1785891616718 was preloaded using link preload but not used within a few seconds from the window's load event. Please make sure it has an appropriate `as` value and it is preloaded intentionally. @ http://localhost:3000/campaign/cms5z4j6z0000zg48z5vzl2jn:0
[79465522ms] [WARNING] The resource http://localhost:3000/_next/static/css/app/layout.css?v=1785891613456 was preloaded using link preload but not used within a few seconds from the window's load event. Please make sure it has an appropriate `as` value and it is preloaded intentionally. @ http://localhost:3000/campaign/cms5z4j6z0000zg48z5vzl2jn:0
[79480544ms] [WARNING] The resource http://localhost:3000/_next/static/css/app/layout.css?v=1785891616718 was preloaded using link preload but not used within a few seconds from the window's load event. Please make sure it has an appropriate `as` value and it is preloaded intentionally. @ http://localhost:3000/campaign/cms5z4j6z0000zg48z5vzl2jn:0
[79480544ms] [WARNING] The resource http://localhost:3000/_next/static/css/app/layout.css?v=1785891613456 was preloaded using link preload but not used within a few seconds from the window's load event. Please make sure it has an appropriate `as` value and it is preloaded intentionally. @ http://localhost:3000/campaign/cms5z4j6z0000zg48z5vzl2jn:0
[79495588ms] [WARNING] The resource http://localhost:3000/_next/static/css/app/layout.css?v=1785891616718 was preloaded using link preload but not used within a few seconds from the window's load event. Please make sure it has an appropriate `as` value and it is preloaded intentionally. @ http://localhost:3000/campaign/cms5z4j6z0000zg48z5vzl2jn:0
[79495588ms] [WARNING] The resource http://localhost:3000/_next/static/css/app/layout.css?v=1785891613456 was preloaded using link preload but not used within a few seconds from the window's load event. Please make sure it has an appropriate `as` value and it is preloaded intentionally. @ http://localhost:3000/campaign/cms5z4j6z0000zg48z5vzl2jn:0
[79510492ms] [WARNING] The resource http://localhost:3000/_next/static/css/app/layout.css?v=1785891616718 was preloaded using link preload but not used within a few seconds from the window's load event. Please make sure it has an appropriate `as` value and it is preloaded intentionally. @ http://localhost:3000/campaign/cms5z4j6z0000zg48z5vzl2jn:0
[79510492ms] [WARNING] The resource http://localhost:3000/_next/static/css/app/layout.css?v=1785891613456 was preloaded using link preload but not used within a few seconds from the window's load event. Please make sure it has an appropriate `as` value and it is preloaded intentionally. @ http://localhost:3000/campaign/cms5z4j6z0000zg48z5vzl2jn:0
[79525554ms] [WARNING] The resource http://localhost:3000/_next/static/css/app/layout.css?v=1785891616718 was preloaded using link preload but not used within a few seconds from the window's load event. Please make sure it has an appropriate `as` value and it is preloaded intentionally. @ http://localhost:3000/campaign/cms5z4j6z0000zg48z5vzl2jn:0
[79525554ms] [WARNING] The resource http://localhost:3000/_next/static/css/app/layout.css?v=1785891613456 was preloaded using link preload but not used within a few seconds from the window's load event. Please make sure it has an appropriate `as` value and it is preloaded intentionally. @ http://localhost:3000/campaign/cms5z4j6z0000zg48z5vzl2jn:0
[79540493ms] [WARNING] The resource http://localhost:3000/_next/static/css/app/layout.css?v=1785891616718 was preloaded using link preload but not used within a few seconds from the window's load event. Please make sure it has an appropriate `as` value and it is preloaded intentionally. @ http://localhost:3000/campaign/cms5z4j6z0000zg48z5vzl2jn:0
[79540493ms] [WARNING] The resource http://localhost:3000/_next/static/css/app/layout.css?v=1785891613456 was preloaded using link preload but not used within a few seconds from the window's load event. Please make sure it has an appropriate `as` value and it is preloaded intentionally. @ http://localhost:3000/campaign/cms5z4j6z0000zg48z5vzl2jn:0
[79555503ms] [WARNING] The resource http://localhost:3000/_next/static/css/app/layout.css?v=1785891616718 was preloaded using link preload but not used within a few seconds from the window's load event. Please make sure it has an appropriate `as` value and it is preloaded intentionally. @ http://localhost:3000/campaign/cms5z4j6z0000zg48z5vzl2jn:0
[79555503ms] [WARNING] The resource http://localhost:3000/_next/static/css/app/layout.css?v=1785891613456 was preloaded using link preload but not used within a few seconds from the window's load event. Please make sure it has an appropriate `as` value and it is preloaded intentionally. @ http://localhost:3000/campaign/cms5z4j6z0000zg48z5vzl2jn:0
[79570483ms] [WARNING] The resource http://localhost:3000/_next/static/css/app/layout.css?v=1785891616718 was preloaded using link preload but not used within a few seconds from the window's load event. Please make sure it has an appropriate `as` value and it is preloaded intentionally. @ http://localhost:3000/campaign/cms5z4j6z0000zg48z5vzl2jn:0
[79570483ms] [WARNING] The resource http://localhost:3000/_next/static/css/app/layout.css?v=1785891613456 was preloaded using link preload but not used within a few seconds from the window's load event. Please make sure it has an appropriate `as` value and it is preloaded intentionally. @ http://localhost:3000/campaign/cms5z4j6z0000zg48z5vzl2jn:0
[79585529ms] [WARNING] The resource http://localhost:3000/_next/static/css/app/layout.css?v=1785891616718 was preloaded using link preload but not used within a few seconds from the window's load event. Please make sure it has an appropriate `as` value and it is preloaded intentionally. @ http://localhost:3000/campaign/cms5z4j6z0000zg48z5vzl2jn:0
[79585529ms] [WARNING] The resource http://localhost:3000/_next/static/css/app/layout.css?v=1785891613456 was preloaded using link preload but not used within a few seconds from the window's load event. Please make sure it has an appropriate `as` value and it is preloaded intentionally. @ http://localhost:3000/campaign/cms5z4j6z0000zg48z5vzl2jn:0
[79600506ms] [WARNING] The resource http://localhost:3000/_next/static/css/app/layout.css?v=1785891616718 was preloaded using link preload but not used within a few seconds from the window's load event. Please make sure it has an appropriate `as` value and it is preloaded intentionally. @ http://localhost:3000/campaign/cms5z4j6z0000zg48z5vzl2jn:0
[79600506ms] [WARNING] The resource http://localhost:3000/_next/static/css/app/layout.css?v=1785891613456 was preloaded using link preload but not used within a few seconds from the window's load event. Please make sure it has an appropriate `as` value and it is preloaded intentionally. @ http://localhost:3000/campaign/cms5z4j6z0000zg48z5vzl2jn:0
[79615522ms] [WARNING] The resource http://localhost:3000/_next/static/css/app/layout.css?v=1785891616718 was preloaded using link preload but not used within a few seconds from the window's load event. Please make sure it has an appropriate `as` value and it is preloaded intentionally. @ http://localhost:3000/campaign/cms5z4j6z0000zg48z5vzl2jn:0
[79615522ms] [WARNING] The resource http://localhost:3000/_next/static/css/app/layout.css?v=1785891613456 was preloaded using link preload but not used within a few seconds from the window's load event. Please make sure it has an appropriate `as` value and it is preloaded intentionally. @ http://localhost:3000/campaign/cms5z4j6z0000zg48z5vzl2jn:0
[79630471ms] [WARNING] The resource http://localhost:3000/_next/static/css/app/layout.css?v=1785891616718 was preloaded using link preload but not used within a few seconds from the window's load event. Please make sure it has an appropriate `as` value and it is preloaded intentionally. @ http://localhost:3000/campaign/cms5z4j6z0000zg48z5vzl2jn:0
[79630471ms] [WARNING] The resource http://localhost:3000/_next/static/css/app/layout.css?v=1785891613456 was preloaded using link preload but not used within a few seconds from the window's load event. Please make sure it has an appropriate `as` value and it is preloaded intentionally. @ http://localhost:3000/campaign/cms5z4j6z0000zg48z5vzl2jn:0
[79645527ms] [WARNING] The resource http://localhost:3000/_next/static/css/app/layout.css?v=1785891616718 was preloaded using link preload but not used within a few seconds from the window's load event. Please make sure it has an appropriate `as` value and it is preloaded intentionally. @ http://localhost:3000/campaign/cms5z4j6z0000zg48z5vzl2jn:0
[79645527ms] [WARNING] The resource http://localhost:3000/_next/static/css/app/layout.css?v=1785891613456 was preloaded using link preload but not used within a few seconds from the window's load event. Please make sure it has an appropriate `as` value and it is preloaded intentionally. @ http://localhost:3000/campaign/cms5z4j6z0000zg48z5vzl2jn:0
[79660544ms] [WARNING] The resource http://localhost:3000/_next/static/css/app/layout.css?v=1785891616718 was preloaded using link preload but not used within a few seconds from the window's load event. Please make sure it has an appropriate `as` value and it is preloaded intentionally. @ http://localhost:3000/campaign/cms5z4j6z0000zg48z5vzl2jn:0
[79660544ms] [WARNING] The resource http://localhost:3000/_next/static/css/app/layout.css?v=1785891613456 was preloaded using link preload but not used within a few seconds from the window's load event. Please make sure it has an appropriate `as` value and it is preloaded intentionally. @ http://localhost:3000/campaign/cms5z4j6z0000zg48z5vzl2jn:0
[79675535ms] [WARNING] The resource http://localhost:3000/_next/static/css/app/layout.css?v=1785891616718 was preloaded using link preload but not used within a few seconds from the window's load event. Please make sure it has an appropriate `as` value and it is preloaded intentionally. @ http://localhost:3000/campaign/cms5z4j6z0000zg48z5vzl2jn:0
[79675535ms] [WARNING] The resource http://localhost:3000/_next/static/css/app/layout.css?v=1785891613456 was preloaded using link preload but not used within a few seconds from the window's load event. Please make sure it has an appropriate `as` value and it is preloaded intentionally. @ http://localhost:3000/campaign/cms5z4j6z0000zg48z5vzl2jn:0
[79690563ms] [WARNING] The resource http://localhost:3000/_next/static/css/app/layout.css?v=1785891616718 was preloaded using link preload but not used within a few seconds from the window's load event. Please make sure it has an appropriate `as` value and it is preloaded intentionally. @ http://localhost:3000/campaign/cms5z4j6z0000zg48z5vzl2jn:0
[79690563ms] [WARNING] The resource http://localhost:3000/_next/static/css/app/layout.css?v=1785891613456 was preloaded using link preload but not used within a few seconds from the window's load event. Please make sure it has an appropriate `as` value and it is preloaded intentionally. @ http://localhost:3000/campaign/cms5z4j6z0000zg48z5vzl2jn:0
[79705600ms] [WARNING] The resource http://localhost:3000/_next/static/css/app/layout.css?v=1785891616718 was preloaded using link preload but not used within a few seconds from the window's load event. Please make sure it has an appropriate `as` value and it is preloaded intentionally. @ http://localhost:3000/campaign/cms5z4j6z0000zg48z5vzl2jn:0
[79705600ms] [WARNING] The resource http://localhost:3000/_next/static/css/app/layout.css?v=1785891613456 was preloaded using link preload but not used within a few seconds from the window's load event. Please make sure it has an appropriate `as` value and it is preloaded intentionally. @ http://localhost:3000/campaign/cms5z4j6z0000zg48z5vzl2jn:0
[79720501ms] [WARNING] The resource http://localhost:3000/_next/static/css/app/layout.css?v=1785891616718 was preloaded using link preload but not used within a few seconds from the window's load event. Please make sure it has an appropriate `as` value and it is preloaded intentionally. @ http://localhost:3000/campaign/cms5z4j6z0000zg48z5vzl2jn:0
[79720501ms] [WARNING] The resource http://localhost:3000/_next/static/css/app/layout.css?v=1785891613456 was preloaded using link preload but not used within a few seconds from the window's load event. Please make sure it has an appropriate `as` value and it is preloaded intentionally. @ http://localhost:3000/campaign/cms5z4j6z0000zg48z5vzl2jn:0
[79735488ms] [WARNING] The resource http://localhost:3000/_next/static/css/app/layout.css?v=1785891616718 was preloaded using link preload but not used within a few seconds from the window's load event. Please make sure it has an appropriate `as` value and it is preloaded intentionally. @ http://localhost:3000/campaign/cms5z4j6z0000zg48z5vzl2jn:0
[79735488ms] [WARNING] The resource http://localhost:3000/_next/static/css/app/layout.css?v=1785891613456 was preloaded using link preload but not used within a few seconds from the window's load event. Please make sure it has an appropriate `as` value and it is preloaded intentionally. @ http://localhost:3000/campaign/cms5z4j6z0000zg48z5vzl2jn:0
[79750489ms] [WARNING] The resource http://localhost:3000/_next/static/css/app/layout.css?v=1785891616718 was preloaded using link preload but not used within a few seconds from the window's load event. Please make sure it has an appropriate `as` value and it is preloaded intentionally. @ http://localhost:3000/campaign/cms5z4j6z0000zg48z5vzl2jn:0
[79750489ms] [WARNING] The resource http://localhost:3000/_next/static/css/app/layout.css?v=1785891613456 was preloaded using link preload but not used within a few seconds from the window's load event. Please make sure it has an appropriate `as` value and it is preloaded intentionally. @ http://localhost:3000/campaign/cms5z4j6z0000zg48z5vzl2jn:0
[79765524ms] [WARNING] The resource http://localhost:3000/_next/static/css/app/layout.css?v=1785891616718 was preloaded using link preload but not used within a few seconds from the window's load event. Please make sure it has an appropriate `as` value and it is preloaded intentionally. @ http://localhost:3000/campaign/cms5z4j6z0000zg48z5vzl2jn:0
[79765524ms] [WARNING] The resource http://localhost:3000/_next/static/css/app/layout.css?v=1785891613456 was preloaded using link preload but not used within a few seconds from the window's load event. Please make sure it has an appropriate `as` value and it is preloaded intentionally. @ http://localhost:3000/campaign/cms5z4j6z0000zg48z5vzl2jn:0
[79780478ms] [WARNING] The resource http://localhost:3000/_next/static/css/app/layout.css?v=1785891616718 was preloaded using link preload but not used within a few seconds from the window's load event. Please make sure it has an appropriate `as` value and it is preloaded intentionally. @ http://localhost:3000/campaign/cms5z4j6z0000zg48z5vzl2jn:0
[79780478ms] [WARNING] The resource http://localhost:3000/_next/static/css/app/layout.css?v=1785891613456 was preloaded using link preload but not used within a few seconds from the window's load event. Please make sure it has an appropriate `as` value and it is preloaded intentionally. @ http://localhost:3000/campaign/cms5z4j6z0000zg48z5vzl2jn:0
[79795506ms] [WARNING] The resource http://localhost:3000/_next/static/css/app/layout.css?v=1785891616718 was preloaded using link preload but not used within a few seconds from the window's load event. Please make sure it has an appropriate `as` value and it is preloaded intentionally. @ http://localhost:3000/campaign/cms5z4j6z0000zg48z5vzl2jn:0
[79795506ms] [WARNING] The resource http://localhost:3000/_next/static/css/app/layout.css?v=1785891613456 was preloaded using link preload but not used within a few seconds from the window's load event. Please make sure it has an appropriate `as` value and it is preloaded intentionally. @ http://localhost:3000/campaign/cms5z4j6z0000zg48z5vzl2jn:0
[79810490ms] [WARNING] The resource http://localhost:3000/_next/static/css/app/layout.css?v=1785891616718 was preloaded using link preload but not used within a few seconds from the window's load event. Please make sure it has an appropriate `as` value and it is preloaded intentionally. @ http://localhost:3000/campaign/cms5z4j6z0000zg48z5vzl2jn:0
[79810490ms] [WARNING] The resource http://localhost:3000/_next/static/css/app/layout.css?v=1785891613456 was preloaded using link preload but not used within a few seconds from the window's load event. Please make sure it has an appropriate `as` value and it is preloaded intentionally. @ http://localhost:3000/campaign/cms5z4j6z0000zg48z5vzl2jn:0
[79825518ms] [WARNING] The resource http://localhost:3000/_next/static/css/app/layout.css?v=1785891616718 was preloaded using link preload but not used within a few seconds from the window's load event. Please make sure it has an appropriate `as` value and it is preloaded intentionally. @ http://localhost:3000/campaign/cms5z4j6z0000zg48z5vzl2jn:0
[79825518ms] [WARNING] The resource http://localhost:3000/_next/static/css/app/layout.css?v=1785891613456 was preloaded using link preload but not used within a few seconds from the window's load event. Please make sure it has an appropriate `as` value and it is preloaded intentionally. @ http://localhost:3000/campaign/cms5z4j6z0000zg48z5vzl2jn:0
[79840499ms] [WARNING] The resource http://localhost:3000/_next/static/css/app/layout.css?v=1785891616718 was preloaded using link preload but not used within a few seconds from the window's load event. Please make sure it has an appropriate `as` value and it is preloaded intentionally. @ http://localhost:3000/campaign/cms5z4j6z0000zg48z5vzl2jn:0
[79840499ms] [WARNING] The resource http://localhost:3000/_next/static/css/app/layout.css?v=1785891613456 was preloaded using link preload but not used within a few seconds from the window's load event. Please make sure it has an appropriate `as` value and it is preloaded intentionally. @ http://localhost:3000/campaign/cms5z4j6z0000zg48z5vzl2jn:0
[79850293ms] [LOG] [Fast Refresh] rebuilding @ webpack-internal:///(app-pages-browser)/./node_modules/next/dist/next-devtools/shared/forward-logs-shared.js:27
[79850807ms] [LOG] [Fast Refresh] done in 515ms @ webpack-internal:///(app-pages-browser)/./node_modules/next/dist/next-devtools/shared/forward-logs-shared.js:27
[79851000ms] [LOG] [Fast Refresh] rebuilding @ webpack-internal:///(app-pages-browser)/./node_modules/next/dist/next-devtools/shared/forward-logs-shared.js:27
[79851453ms] [LOG] [Fast Refresh] done in 453ms @ webpack-internal:///(app-pages-browser)/./node_modules/next/dist/next-devtools/shared/forward-logs-shared.js:27
[79855832ms] [WARNING] The resource http://localhost:3000/_next/static/css/app/layout.css?v=1785892480948 was preloaded using link preload but not used within a few seconds from the window's load event. Please make sure it has an appropriate `as` value and it is preloaded intentionally. @ http://localhost:3000/campaign/cms5z4j6z0000zg48z5vzl2jn:0
[79855832ms] [WARNING] The resource http://localhost:3000/_next/static/css/app/layout.css?v=1785891613456 was preloaded using link preload but not used within a few seconds from the window's load event. Please make sure it has an appropriate `as` value and it is preloaded intentionally. @ http://localhost:3000/campaign/cms5z4j6z0000zg48z5vzl2jn:0
[79855832ms] [WARNING] The resource http://localhost:3000/_next/static/css/app/layout.css?v=1785891616718 was preloaded using link preload but not used within a few seconds from the window's load event. Please make sure it has an appropriate `as` value and it is preloaded intentionally. @ http://localhost:3000/campaign/cms5z4j6z0000zg48z5vzl2jn:0
[79860241ms] [WARNING] The resource http://localhost:3000/_next/static/css/app/layout.css?v=1785892480948 was preloaded using link preload but not used within a few seconds from the window's load event. Please make sure it has an appropriate `as` value and it is preloaded intentionally. @ http://localhost:3000/campaign/cms5z4j6z0000zg48z5vzl2jn:0
[79860241ms] [WARNING] The resource http://localhost:3000/_next/static/css/app/layout.css?v=1785891613456 was preloaded using link preload but not used within a few seconds from the window's load event. Please make sure it has an appropriate `as` value and it is preloaded intentionally. @ http://localhost:3000/campaign/cms5z4j6z0000zg48z5vzl2jn:0
[79860241ms] [WARNING] The resource http://localhost:3000/_next/static/css/app/layout.css?v=1785891616718 was preloaded using link preload but not used within a few seconds from the window's load event. Please make sure it has an appropriate `as` value and it is preloaded intentionally. @ http://localhost:3000/campaign/cms5z4j6z0000zg48z5vzl2jn:0
[79865238ms] [WARNING] The resource http://localhost:3000/_next/static/css/app/layout.css?v=1785892480948 was preloaded using link preload but not used within a few seconds from the window's load event. Please make sure it has an appropriate `as` value and it is preloaded intentionally. @ http://localhost:3000/campaign/cms5z4j6z0000zg48z5vzl2jn:0
[79865238ms] [WARNING] The resource http://localhost:3000/_next/static/css/app/layout.css?v=1785891613456 was preloaded using link preload but not used within a few seconds from the window's load event. Please make sure it has an appropriate `as` value and it is preloaded intentionally. @ http://localhost:3000/campaign/cms5z4j6z0000zg48z5vzl2jn:0
[79865238ms] [WARNING] The resource http://localhost:3000/_next/static/css/app/layout.css?v=1785891616718 was preloaded using link preload but not used within a few seconds from the window's load event. Please make sure it has an appropriate `as` value and it is preloaded intentionally. @ http://localhost:3000/campaign/cms5z4j6z0000zg48z5vzl2jn:0
[79885521ms] [WARNING] The resource http://localhost:3000/_next/static/css/app/layout.css?v=1785892480948 was preloaded using link preload but not used within a few seconds from the window's load event. Please make sure it has an appropriate `as` value and it is preloaded intentionally. @ http://localhost:3000/campaign/cms5z4j6z0000zg48z5vzl2jn:0
[79885521ms] [WARNING] The resource http://localhost:3000/_next/static/css/app/layout.css?v=1785891613456 was preloaded using link preload but not used within a few seconds from the window's load event. Please make sure it has an appropriate `as` value and it is preloaded intentionally. @ http://localhost:3000/campaign/cms5z4j6z0000zg48z5vzl2jn:0
[79885521ms] [WARNING] The resource http://localhost:3000/_next/static/css/app/layout.css?v=1785891616718 was preloaded using link preload but not used within a few seconds from the window's load event. Please make sure it has an appropriate `as` value and it is preloaded intentionally. @ http://localhost:3000/campaign/cms5z4j6z0000zg48z5vzl2jn:0
[79899026ms] [WARNING] The resource http://localhost:3000/_next/static/css/app/layout.css?v=1785892480948 was preloaded using link preload but not used within a few seconds from the window's load event. Please make sure it has an appropriate `as` value and it is preloaded intentionally. @ http://localhost:3000/campaign/cms5z4j6z0000zg48z5vzl2jn:0
[79899026ms] [WARNING] The resource http://localhost:3000/_next/static/css/app/layout.css?v=1785891613456 was preloaded using link preload but not used within a few seconds from the window's load event. Please make sure it has an appropriate `as` value and it is preloaded intentionally. @ http://localhost:3000/campaign/cms5z4j6z0000zg48z5vzl2jn:0
[79899026ms] [WARNING] The resource http://localhost:3000/_next/static/css/app/layout.css?v=1785891616718 was preloaded using link preload but not used within a few seconds from the window's load event. Please make sure it has an appropriate `as` value and it is preloaded intentionally. @ http://localhost:3000/campaign/cms5z4j6z0000zg48z5vzl2jn:0
[79915512ms] [WARNING] The resource http://localhost:3000/_next/static/css/app/layout.css?v=1785892480948 was preloaded using link preload but not used within a few seconds from the window's load event. Please make sure it has an appropriate `as` value and it is preloaded intentionally. @ http://localhost:3000/campaign/cms5z4j6z0000zg48z5vzl2jn:0
[79915512ms] [WARNING] The resource http://localhost:3000/_next/static/css/app/layout.css?v=1785891613456 was preloaded using link preload but not used within a few seconds from the window's load event. Please make sure it has an appropriate `as` value and it is preloaded intentionally. @ http://localhost:3000/campaign/cms5z4j6z0000zg48z5vzl2jn:0
[79915512ms] [WARNING] The resource http://localhost:3000/_next/static/css/app/layout.css?v=1785891616718 was preloaded using link preload but not used within a few seconds from the window's load event. Please make sure it has an appropriate `as` value and it is preloaded intentionally. @ http://localhost:3000/campaign/cms5z4j6z0000zg48z5vzl2jn:0
[79929000ms] [WARNING] The resource http://localhost:3000/_next/static/css/app/layout.css?v=1785892480948 was preloaded using link preload but not used within a few seconds from the window's load event. Please make sure it has an appropriate `as` value and it is preloaded intentionally. @ http://localhost:3000/campaign/cms5z4j6z0000zg48z5vzl2jn:0
[79929000ms] [WARNING] The resource http://localhost:3000/_next/static/css/app/layout.css?v=1785891613456 was preloaded using link preload but not used within a few seconds from the window's load event. Please make sure it has an appropriate `as` value and it is preloaded intentionally. @ http://localhost:3000/campaign/cms5z4j6z0000zg48z5vzl2jn:0
[79929000ms] [WARNING] The resource http://localhost:3000/_next/static/css/app/layout.css?v=1785891616718 was preloaded using link preload but not used within a few seconds from the window's load event. Please make sure it has an appropriate `as` value and it is preloaded intentionally. @ http://localhost:3000/campaign/cms5z4j6z0000zg48z5vzl2jn:0
[79945479ms] [WARNING] The resource http://localhost:3000/_next/static/css/app/layout.css?v=1785892480948 was preloaded using link preload but not used within a few seconds from the window's load event. Please make sure it has an appropriate `as` value and it is preloaded intentionally. @ http://localhost:3000/campaign/cms5z4j6z0000zg48z5vzl2jn:0
[79945479ms] [WARNING] The resource http://localhost:3000/_next/static/css/app/layout.css?v=1785891613456 was preloaded using link preload but not used within a few seconds from the window's load event. Please make sure it has an appropriate `as` value and it is preloaded intentionally. @ http://localhost:3000/campaign/cms5z4j6z0000zg48z5vzl2jn:0
[79945479ms] [WARNING] The resource http://localhost:3000/_next/static/css/app/layout.css?v=1785891616718 was preloaded using link preload but not used within a few seconds from the window's load event. Please make sure it has an appropriate `as` value and it is preloaded intentionally. @ http://localhost:3000/campaign/cms5z4j6z0000zg48z5vzl2jn:0
[79958986ms] [WARNING] The resource http://localhost:3000/_next/static/css/app/layout.css?v=1785892480948 was preloaded using link preload but not used within a few seconds from the window's load event. Please make sure it has an appropriate `as` value and it is preloaded intentionally. @ http://localhost:3000/campaign/cms5z4j6z0000zg48z5vzl2jn:0
[79958986ms] [WARNING] The resource http://localhost:3000/_next/static/css/app/layout.css?v=1785891613456 was preloaded using link preload but not used within a few seconds from the window's load event. Please make sure it has an appropriate `as` value and it is preloaded intentionally. @ http://localhost:3000/campaign/cms5z4j6z0000zg48z5vzl2jn:0
[79958987ms] [WARNING] The resource http://localhost:3000/_next/static/css/app/layout.css?v=1785891616718 was preloaded using link preload but not used within a few seconds from the window's load event. Please make sure it has an appropriate `as` value and it is preloaded intentionally. @ http://localhost:3000/campaign/cms5z4j6z0000zg48z5vzl2jn:0
[79975500ms] [WARNING] The resource http://localhost:3000/_next/static/css/app/layout.css?v=1785892480948 was preloaded using link preload but not used within a few seconds from the window's load event. Please make sure it has an appropriate `as` value and it is preloaded intentionally. @ http://localhost:3000/campaign/cms5z4j6z0000zg48z5vzl2jn:0
[79975500ms] [WARNING] The resource http://localhost:3000/_next/static/css/app/layout.css?v=1785891613456 was preloaded using link preload but not used within a few seconds from the window's load event. Please make sure it has an appropriate `as` value and it is preloaded intentionally. @ http://localhost:3000/campaign/cms5z4j6z0000zg48z5vzl2jn:0
[79975500ms] [WARNING] The resource http://localhost:3000/_next/static/css/app/layout.css?v=1785891616718 was preloaded using link preload but not used within a few seconds from the window's load event. Please make sure it has an appropriate `as` value and it is preloaded intentionally. @ http://localhost:3000/campaign/cms5z4j6z0000zg48z5vzl2jn:0
[79988976ms] [WARNING] The resource http://localhost:3000/_next/static/css/app/layout.css?v=1785892480948 was preloaded using link preload but not used within a few seconds from the window's load event. Please make sure it has an appropriate `as` value and it is preloaded intentionally. @ http://localhost:3000/campaign/cms5z4j6z0000zg48z5vzl2jn:0
[79988976ms] [WARNING] The resource http://localhost:3000/_next/static/css/app/layout.css?v=1785891613456 was preloaded using link preload but not used within a few seconds from the window's load event. Please make sure it has an appropriate `as` value and it is preloaded intentionally. @ http://localhost:3000/campaign/cms5z4j6z0000zg48z5vzl2jn:0
[79988976ms] [WARNING] The resource http://localhost:3000/_next/static/css/app/layout.css?v=1785891616718 was preloaded using link preload but not used within a few seconds from the window's load event. Please make sure it has an appropriate `as` value and it is preloaded intentionally. @ http://localhost:3000/campaign/cms5z4j6z0000zg48z5vzl2jn:0
[80005494ms] [WARNING] The resource http://localhost:3000/_next/static/css/app/layout.css?v=1785892480948 was preloaded using link preload but not used within a few seconds from the window's load event. Please make sure it has an appropriate `as` value and it is preloaded intentionally. @ http://localhost:3000/campaign/cms5z4j6z0000zg48z5vzl2jn:0
[80005494ms] [WARNING] The resource http://localhost:3000/_next/static/css/app/layout.css?v=1785891613456 was preloaded using link preload but not used within a few seconds from the window's load event. Please make sure it has an appropriate `as` value and it is preloaded intentionally. @ http://localhost:3000/campaign/cms5z4j6z0000zg48z5vzl2jn:0
[80005494ms] [WARNING] The resource http://localhost:3000/_next/static/css/app/layout.css?v=1785891616718 was preloaded using link preload but not used within a few seconds from the window's load event. Please make sure it has an appropriate `as` value and it is preloaded intentionally. @ http://localhost:3000/campaign/cms5z4j6z0000zg48z5vzl2jn:0
[80018985ms] [WARNING] The resource http://localhost:3000/_next/static/css/app/layout.css?v=1785892480948 was preloaded using link preload but not used within a few seconds from the window's load event. Please make sure it has an appropriate `as` value and it is preloaded intentionally. @ http://localhost:3000/campaign/cms5z4j6z0000zg48z5vzl2jn:0
[80018986ms] [WARNING] The resource http://localhost:3000/_next/static/css/app/layout.css?v=1785891613456 was preloaded using link preload but not used within a few seconds from the window's load event. Please make sure it has an appropriate `as` value and it is preloaded intentionally. @ http://localhost:3000/campaign/cms5z4j6z0000zg48z5vzl2jn:0
[80018986ms] [WARNING] The resource http://localhost:3000/_next/static/css/app/layout.css?v=1785891616718 was preloaded using link preload but not used within a few seconds from the window's load event. Please make sure it has an appropriate `as` value and it is preloaded intentionally. @ http://localhost:3000/campaign/cms5z4j6z0000zg48z5vzl2jn:0
[80035524ms] [WARNING] The resource http://localhost:3000/_next/static/css/app/layout.css?v=1785892480948 was preloaded using link preload but not used within a few seconds from the window's load event. Please make sure it has an appropriate `as` value and it is preloaded intentionally. @ http://localhost:3000/campaign/cms5z4j6z0000zg48z5vzl2jn:0
[80035524ms] [WARNING] The resource http://localhost:3000/_next/static/css/app/layout.css?v=1785891613456 was preloaded using link preload but not used within a few seconds from the window's load event. Please make sure it has an appropriate `as` value and it is preloaded intentionally. @ http://localhost:3000/campaign/cms5z4j6z0000zg48z5vzl2jn:0
[80035524ms] [WARNING] The resource http://localhost:3000/_next/static/css/app/layout.css?v=1785891616718 was preloaded using link preload but not used within a few seconds from the window's load event. Please make sure it has an appropriate `as` value and it is preloaded intentionally. @ http://localhost:3000/campaign/cms5z4j6z0000zg48z5vzl2jn:0
[80048966ms] [WARNING] The resource http://localhost:3000/_next/static/css/app/layout.css?v=1785892480948 was preloaded using link preload but not used within a few seconds from the window's load event. Please make sure it has an appropriate `as` value and it is preloaded intentionally. @ http://localhost:3000/campaign/cms5z4j6z0000zg48z5vzl2jn:0
[80048966ms] [WARNING] The resource http://localhost:3000/_next/static/css/app/layout.css?v=1785891613456 was preloaded using link preload but not used within a few seconds from the window's load event. Please make sure it has an appropriate `as` value and it is preloaded intentionally. @ http://localhost:3000/campaign/cms5z4j6z0000zg48z5vzl2jn:0
[80048966ms] [WARNING] The resource http://localhost:3000/_next/static/css/app/layout.css?v=1785891616718 was preloaded using link preload but not used within a few seconds from the window's load event. Please make sure it has an appropriate `as` value and it is preloaded intentionally. @ http://localhost:3000/campaign/cms5z4j6z0000zg48z5vzl2jn:0
[80065485ms] [WARNING] The resource http://localhost:3000/_next/static/css/app/layout.css?v=1785892480948 was preloaded using link preload but not used within a few seconds from the window's load event. Please make sure it has an appropriate `as` value and it is preloaded intentionally. @ http://localhost:3000/campaign/cms5z4j6z0000zg48z5vzl2jn:0
[80065485ms] [WARNING] The resource http://localhost:3000/_next/static/css/app/layout.css?v=1785891613456 was preloaded using link preload but not used within a few seconds from the window's load event. Please make sure it has an appropriate `as` value and it is preloaded intentionally. @ http://localhost:3000/campaign/cms5z4j6z0000zg48z5vzl2jn:0
[80065485ms] [WARNING] The resource http://localhost:3000/_next/static/css/app/layout.css?v=1785891616718 was preloaded using link preload but not used within a few seconds from the window's load event. Please make sure it has an appropriate `as` value and it is preloaded intentionally. @ http://localhost:3000/campaign/cms5z4j6z0000zg48z5vzl2jn:0
[80078972ms] [WARNING] The resource http://localhost:3000/_next/static/css/app/layout.css?v=1785892480948 was preloaded using link preload but not used within a few seconds from the window's load event. Please make sure it has an appropriate `as` value and it is preloaded intentionally. @ http://localhost:3000/campaign/cms5z4j6z0000zg48z5vzl2jn:0
[80078972ms] [WARNING] The resource http://localhost:3000/_next/static/css/app/layout.css?v=1785891613456 was preloaded using link preload but not used within a few seconds from the window's load event. Please make sure it has an appropriate `as` value and it is preloaded intentionally. @ http://localhost:3000/campaign/cms5z4j6z0000zg48z5vzl2jn:0
[80078972ms] [WARNING] The resource http://localhost:3000/_next/static/css/app/layout.css?v=1785891616718 was preloaded using link preload but not used within a few seconds from the window's load event. Please make sure it has an appropriate `as` value and it is preloaded intentionally. @ http://localhost:3000/campaign/cms5z4j6z0000zg48z5vzl2jn:0
[80095467ms] [WARNING] The resource http://localhost:3000/_next/static/css/app/layout.css?v=1785892480948 was preloaded using link preload but not used within a few seconds from the window's load event. Please make sure it has an appropriate `as` value and it is preloaded intentionally. @ http://localhost:3000/campaign/cms5z4j6z0000zg48z5vzl2jn:0
[80095467ms] [WARNING] The resource http://localhost:3000/_next/static/css/app/layout.css?v=1785891613456 was preloaded using link preload but not used within a few seconds from the window's load event. Please make sure it has an appropriate `as` value and it is preloaded intentionally. @ http://localhost:3000/campaign/cms5z4j6z0000zg48z5vzl2jn:0
[80095467ms] [WARNING] The resource http://localhost:3000/_next/static/css/app/layout.css?v=1785891616718 was preloaded using link preload but not used within a few seconds from the window's load event. Please make sure it has an appropriate `as` value and it is preloaded intentionally. @ http://localhost:3000/campaign/cms5z4j6z0000zg48z5vzl2jn:0
[80108958ms] [WARNING] The resource http://localhost:3000/_next/static/css/app/layout.css?v=1785892480948 was preloaded using link preload but not used within a few seconds from the window's load event. Please make sure it has an appropriate `as` value and it is preloaded intentionally. @ http://localhost:3000/campaign/cms5z4j6z0000zg48z5vzl2jn:0
[80108958ms] [WARNING] The resource http://localhost:3000/_next/static/css/app/layout.css?v=1785891613456 was preloaded using link preload but not used within a few seconds from the window's load event. Please make sure it has an appropriate `as` value and it is preloaded intentionally. @ http://localhost:3000/campaign/cms5z4j6z0000zg48z5vzl2jn:0
[80108958ms] [WARNING] The resource http://localhost:3000/_next/static/css/app/layout.css?v=1785891616718 was preloaded using link preload but not used within a few seconds from the window's load event. Please make sure it has an appropriate `as` value and it is preloaded intentionally. @ http://localhost:3000/campaign/cms5z4j6z0000zg48z5vzl2jn:0
[80125470ms] [WARNING] The resource http://localhost:3000/_next/static/css/app/layout.css?v=1785892480948 was preloaded using link preload but not used within a few seconds from the window's load event. Please make sure it has an appropriate `as` value and it is preloaded intentionally. @ http://localhost:3000/campaign/cms5z4j6z0000zg48z5vzl2jn:0
[80125470ms] [WARNING] The resource http://localhost:3000/_next/static/css/app/layout.css?v=1785891613456 was preloaded using link preload but not used within a few seconds from the window's load event. Please make sure it has an appropriate `as` value and it is preloaded intentionally. @ http://localhost:3000/campaign/cms5z4j6z0000zg48z5vzl2jn:0
[80125470ms] [WARNING] The resource http://localhost:3000/_next/static/css/app/layout.css?v=1785891616718 was preloaded using link preload but not used within a few seconds from the window's load event. Please make sure it has an appropriate `as` value and it is preloaded intentionally. @ http://localhost:3000/campaign/cms5z4j6z0000zg48z5vzl2jn:0
[80138964ms] [WARNING] The resource http://localhost:3000/_next/static/css/app/layout.css?v=1785892480948 was preloaded using link preload but not used within a few seconds from the window's load event. Please make sure it has an appropriate `as` value and it is preloaded intentionally. @ http://localhost:3000/campaign/cms5z4j6z0000zg48z5vzl2jn:0
[80138964ms] [WARNING] The resource http://localhost:3000/_next/static/css/app/layout.css?v=1785891613456 was preloaded using link preload but not used within a few seconds from the window's load event. Please make sure it has an appropriate `as` value and it is preloaded intentionally. @ http://localhost:3000/campaign/cms5z4j6z0000zg48z5vzl2jn:0
[80138964ms] [WARNING] The resource http://localhost:3000/_next/static/css/app/layout.css?v=1785891616718 was preloaded using link preload but not used within a few seconds from the window's load event. Please make sure it has an appropriate `as` value and it is preloaded intentionally. @ http://localhost:3000/campaign/cms5z4j6z0000zg48z5vzl2jn:0
[80155488ms] [WARNING] The resource http://localhost:3000/_next/static/css/app/layout.css?v=1785892480948 was preloaded using link preload but not used within a few seconds from the window's load event. Please make sure it has an appropriate `as` value and it is preloaded intentionally. @ http://localhost:3000/campaign/cms5z4j6z0000zg48z5vzl2jn:0
[80155488ms] [WARNING] The resource http://localhost:3000/_next/static/css/app/layout.css?v=1785891613456 was preloaded using link preload but not used within a few seconds from the window's load event. Please make sure it has an appropriate `as` value and it is preloaded intentionally. @ http://localhost:3000/campaign/cms5z4j6z0000zg48z5vzl2jn:0
[80155488ms] [WARNING] The resource http://localhost:3000/_next/static/css/app/layout.css?v=1785891616718 was preloaded using link preload but not used within a few seconds from the window's load event. Please make sure it has an appropriate `as` value and it is preloaded intentionally. @ http://localhost:3000/campaign/cms5z4j6z0000zg48z5vzl2jn:0
[80168999ms] [WARNING] The resource http://localhost:3000/_next/static/css/app/layout.css?v=1785892480948 was preloaded using link preload but not used within a few seconds from the window's load event. Please make sure it has an appropriate `as` value and it is preloaded intentionally. @ http://localhost:3000/campaign/cms5z4j6z0000zg48z5vzl2jn:0
[80168999ms] [WARNING] The resource http://localhost:3000/_next/static/css/app/layout.css?v=1785891613456 was preloaded using link preload but not used within a few seconds from the window's load event. Please make sure it has an appropriate `as` value and it is preloaded intentionally. @ http://localhost:3000/campaign/cms5z4j6z0000zg48z5vzl2jn:0
[80168999ms] [WARNING] The resource http://localhost:3000/_next/static/css/app/layout.css?v=1785891616718 was preloaded using link preload but not used within a few seconds from the window's load event. Please make sure it has an appropriate `as` value and it is preloaded intentionally. @ http://localhost:3000/campaign/cms5z4j6z0000zg48z5vzl2jn:0
[80185511ms] [WARNING] The resource http://localhost:3000/_next/static/css/app/layout.css?v=1785892480948 was preloaded using link preload but not used within a few seconds from the window's load event. Please make sure it has an appropriate `as` value and it is preloaded intentionally. @ http://localhost:3000/campaign/cms5z4j6z0000zg48z5vzl2jn:0
[80185511ms] [WARNING] The resource http://localhost:3000/_next/static/css/app/layout.css?v=1785891613456 was preloaded using link preload but not used within a few seconds from the window's load event. Please make sure it has an appropriate `as` value and it is preloaded intentionally. @ http://localhost:3000/campaign/cms5z4j6z0000zg48z5vzl2jn:0
[80185511ms] [WARNING] The resource http://localhost:3000/_next/static/css/app/layout.css?v=1785891616718 was preloaded using link preload but not used within a few seconds from the window's load event. Please make sure it has an appropriate `as` value and it is preloaded intentionally. @ http://localhost:3000/campaign/cms5z4j6z0000zg48z5vzl2jn:0
[80198984ms] [WARNING] The resource http://localhost:3000/_next/static/css/app/layout.css?v=1785892480948 was preloaded using link preload but not used within a few seconds from the window's load event. Please make sure it has an appropriate `as` value and it is preloaded intentionally. @ http://localhost:3000/campaign/cms5z4j6z0000zg48z5vzl2jn:0
[80198984ms] [WARNING] The resource http://localhost:3000/_next/static/css/app/layout.css?v=1785891613456 was preloaded using link preload but not used within a few seconds from the window's load event. Please make sure it has an appropriate `as` value and it is preloaded intentionally. @ http://localhost:3000/campaign/cms5z4j6z0000zg48z5vzl2jn:0
[80198984ms] [WARNING] The resource http://localhost:3000/_next/static/css/app/layout.css?v=1785891616718 was preloaded using link preload but not used within a few seconds from the window's load event. Please make sure it has an appropriate `as` value and it is preloaded intentionally. @ http://localhost:3000/campaign/cms5z4j6z0000zg48z5vzl2jn:0
[80215537ms] [WARNING] The resource http://localhost:3000/_next/static/css/app/layout.css?v=1785892480948 was preloaded using link preload but not used within a few seconds from the window's load event. Please make sure it has an appropriate `as` value and it is preloaded intentionally. @ http://localhost:3000/campaign/cms5z4j6z0000zg48z5vzl2jn:0
[80215537ms] [WARNING] The resource http://localhost:3000/_next/static/css/app/layout.css?v=1785891613456 was preloaded using link preload but not used within a few seconds from the window's load event. Please make sure it has an appropriate `as` value and it is preloaded intentionally. @ http://localhost:3000/campaign/cms5z4j6z0000zg48z5vzl2jn:0
[80215537ms] [WARNING] The resource http://localhost:3000/_next/static/css/app/layout.css?v=1785891616718 was preloaded using link preload but not used within a few seconds from the window's load event. Please make sure it has an appropriate `as` value and it is preloaded intentionally. @ http://localhost:3000/campaign/cms5z4j6z0000zg48z5vzl2jn:0
[80229021ms] [WARNING] The resource http://localhost:3000/_next/static/css/app/layout.css?v=1785892480948 was preloaded using link preload but not used within a few seconds from the window's load event. Please make sure it has an appropriate `as` value and it is preloaded intentionally. @ http://localhost:3000/campaign/cms5z4j6z0000zg48z5vzl2jn:0
[80229021ms] [WARNING] The resource http://localhost:3000/_next/static/css/app/layout.css?v=1785891613456 was preloaded using link preload but not used within a few seconds from the window's load event. Please make sure it has an appropriate `as` value and it is preloaded intentionally. @ http://localhost:3000/campaign/cms5z4j6z0000zg48z5vzl2jn:0
[80229021ms] [WARNING] The resource http://localhost:3000/_next/static/css/app/layout.css?v=1785891616718 was preloaded using link preload but not used within a few seconds from the window's load event. Please make sure it has an appropriate `as` value and it is preloaded intentionally. @ http://localhost:3000/campaign/cms5z4j6z0000zg48z5vzl2jn:0
[80245514ms] [WARNING] The resource http://localhost:3000/_next/static/css/app/layout.css?v=1785892480948 was preloaded using link preload but not used within a few seconds from the window's load event. Please make sure it has an appropriate `as` value and it is preloaded intentionally. @ http://localhost:3000/campaign/cms5z4j6z0000zg48z5vzl2jn:0
[80245514ms] [WARNING] The resource http://localhost:3000/_next/static/css/app/layout.css?v=1785891613456 was preloaded using link preload but not used within a few seconds from the window's load event. Please make sure it has an appropriate `as` value and it is preloaded intentionally. @ http://localhost:3000/campaign/cms5z4j6z0000zg48z5vzl2jn:0
[80245514ms] [WARNING] The resource http://localhost:3000/_next/static/css/app/layout.css?v=1785891616718 was preloaded using link preload but not used within a few seconds from the window's load event. Please make sure it has an appropriate `as` value and it is preloaded intentionally. @ http://localhost:3000/campaign/cms5z4j6z0000zg48z5vzl2jn:0
[80258968ms] [WARNING] The resource http://localhost:3000/_next/static/css/app/layout.css?v=1785892480948 was preloaded using link preload but not used within a few seconds from the window's load event. Please make sure it has an appropriate `as` value and it is preloaded intentionally. @ http://localhost:3000/campaign/cms5z4j6z0000zg48z5vzl2jn:0
[80258968ms] [WARNING] The resource http://localhost:3000/_next/static/css/app/layout.css?v=1785891613456 was preloaded using link preload but not used within a few seconds from the window's load event. Please make sure it has an appropriate `as` value and it is preloaded intentionally. @ http://localhost:3000/campaign/cms5z4j6z0000zg48z5vzl2jn:0
[80258968ms] [WARNING] The resource http://localhost:3000/_next/static/css/app/layout.css?v=1785891616718 was preloaded using link preload but not used within a few seconds from the window's load event. Please make sure it has an appropriate `as` value and it is preloaded intentionally. @ http://localhost:3000/campaign/cms5z4j6z0000zg48z5vzl2jn:0
[80269269ms] [WARNING] The resource http://localhost:3000/_next/static/css/app/layout.css?v=1785892480948 was preloaded using link preload but not used within a few seconds from the window's load event. Please make sure it has an appropriate `as` value and it is preloaded intentionally. @ http://localhost:3000/campaign/cms5z4j6z0000zg48z5vzl2jn:0
[80269269ms] [WARNING] The resource http://localhost:3000/_next/static/css/app/layout.css?v=1785891613456 was preloaded using link preload but not used within a few seconds from the window's load event. Please make sure it has an appropriate `as` value and it is preloaded intentionally. @ http://localhost:3000/campaign/cms5z4j6z0000zg48z5vzl2jn:0
[80269269ms] [WARNING] The resource http://localhost:3000/_next/static/css/app/layout.css?v=1785891616718 was preloaded using link preload but not used within a few seconds from the window's load event. Please make sure it has an appropriate `as` value and it is preloaded intentionally. @ http://localhost:3000/campaign/cms5z4j6z0000zg48z5vzl2jn:0
[80275517ms] [WARNING] The resource http://localhost:3000/_next/static/css/app/layout.css?v=1785892480948 was preloaded using link preload but not used within a few seconds from the window's load event. Please make sure it has an appropriate `as` value and it is preloaded intentionally. @ http://localhost:3000/campaign/cms5z4j6z0000zg48z5vzl2jn:0
[80275517ms] [WARNING] The resource http://localhost:3000/_next/static/css/app/layout.css?v=1785891613456 was preloaded using link preload but not used within a few seconds from the window's load event. Please make sure it has an appropriate `as` value and it is preloaded intentionally. @ http://localhost:3000/campaign/cms5z4j6z0000zg48z5vzl2jn:0
[80275517ms] [WARNING] The resource http://localhost:3000/_next/static/css/app/layout.css?v=1785891616718 was preloaded using link preload but not used within a few seconds from the window's load event. Please make sure it has an appropriate `as` value and it is preloaded intentionally. @ http://localhost:3000/campaign/cms5z4j6z0000zg48z5vzl2jn:0
[80279293ms] [WARNING] The resource http://localhost:3000/_next/static/css/app/layout.css?v=1785892480948 was preloaded using link preload but not used within a few seconds from the window's load event. Please make sure it has an appropriate `as` value and it is preloaded intentionally. @ http://localhost:3000/campaign/cms5z4j6z0000zg48z5vzl2jn:0
[80279293ms] [WARNING] The resource http://localhost:3000/_next/static/css/app/layout.css?v=1785891613456 was preloaded using link preload but not used within a few seconds from the window's load event. Please make sure it has an appropriate `as` value and it is preloaded intentionally. @ http://localhost:3000/campaign/cms5z4j6z0000zg48z5vzl2jn:0
[80279293ms] [WARNING] The resource http://localhost:3000/_next/static/css/app/layout.css?v=1785891616718 was preloaded using link preload but not used within a few seconds from the window's load event. Please make sure it has an appropriate `as` value and it is preloaded intentionally. @ http://localhost:3000/campaign/cms5z4j6z0000zg48z5vzl2jn:0
[80284265ms] [WARNING] The resource http://localhost:3000/_next/static/css/app/layout.css?v=1785892480948 was preloaded using link preload but not used within a few seconds from the window's load event. Please make sure it has an appropriate `as` value and it is preloaded intentionally. @ http://localhost:3000/campaign/cms5z4j6z0000zg48z5vzl2jn:0
[80284266ms] [WARNING] The resource http://localhost:3000/_next/static/css/app/layout.css?v=1785891613456 was preloaded using link preload but not used within a few seconds from the window's load event. Please make sure it has an appropriate `as` value and it is preloaded intentionally. @ http://localhost:3000/campaign/cms5z4j6z0000zg48z5vzl2jn:0
[80284266ms] [WARNING] The resource http://localhost:3000/_next/static/css/app/layout.css?v=1785891616718 was preloaded using link preload but not used within a few seconds from the window's load event. Please make sure it has an appropriate `as` value and it is preloaded intentionally. @ http://localhost:3000/campaign/cms5z4j6z0000zg48z5vzl2jn:0
[80289267ms] [WARNING] The resource http://localhost:3000/_next/static/css/app/layout.css?v=1785892480948 was preloaded using link preload but not used within a few seconds from the window's load event. Please make sure it has an appropriate `as` value and it is preloaded intentionally. @ http://localhost:3000/campaign/cms5z4j6z0000zg48z5vzl2jn:0
[80289267ms] [WARNING] The resource http://localhost:3000/_next/static/css/app/layout.css?v=1785891613456 was preloaded using link preload but not used within a few seconds from the window's load event. Please make sure it has an appropriate `as` value and it is preloaded intentionally. @ http://localhost:3000/campaign/cms5z4j6z0000zg48z5vzl2jn:0
[80289267ms] [WARNING] The resource http://localhost:3000/_next/static/css/app/layout.css?v=1785891616718 was preloaded using link preload but not used within a few seconds from the window's load event. Please make sure it has an appropriate `as` value and it is preloaded intentionally. @ http://localhost:3000/campaign/cms5z4j6z0000zg48z5vzl2jn:0
[80294304ms] [WARNING] The resource http://localhost:3000/_next/static/css/app/layout.css?v=1785892480948 was preloaded using link preload but not used within a few seconds from the window's load event. Please make sure it has an appropriate `as` value and it is preloaded intentionally. @ http://localhost:3000/campaign/cms5z4j6z0000zg48z5vzl2jn:0
[80294304ms] [WARNING] The resource http://localhost:3000/_next/static/css/app/layout.css?v=1785891613456 was preloaded using link preload but not used within a few seconds from the window's load event. Please make sure it has an appropriate `as` value and it is preloaded intentionally. @ http://localhost:3000/campaign/cms5z4j6z0000zg48z5vzl2jn:0
[80294304ms] [WARNING] The resource http://localhost:3000/_next/static/css/app/layout.css?v=1785891616718 was preloaded using link preload but not used within a few seconds from the window's load event. Please make sure it has an appropriate `as` value and it is preloaded intentionally. @ http://localhost:3000/campaign/cms5z4j6z0000zg48z5vzl2jn:0
[80299263ms] [WARNING] The resource http://localhost:3000/_next/static/css/app/layout.css?v=1785892480948 was preloaded using link preload but not used within a few seconds from the window's load event. Please make sure it has an appropriate `as` value and it is preloaded intentionally. @ http://localhost:3000/campaign/cms5z4j6z0000zg48z5vzl2jn:0
[80299263ms] [WARNING] The resource http://localhost:3000/_next/static/css/app/layout.css?v=1785891613456 was preloaded using link preload but not used within a few seconds from the window's load event. Please make sure it has an appropriate `as` value and it is preloaded intentionally. @ http://localhost:3000/campaign/cms5z4j6z0000zg48z5vzl2jn:0
[80299263ms] [WARNING] The resource http://localhost:3000/_next/static/css/app/layout.css?v=1785891616718 was preloaded using link preload but not used within a few seconds from the window's load event. Please make sure it has an appropriate `as` value and it is preloaded intentionally. @ http://localhost:3000/campaign/cms5z4j6z0000zg48z5vzl2jn:0
[80305516ms] [WARNING] The resource http://localhost:3000/_next/static/css/app/layout.css?v=1785892480948 was preloaded using link preload but not used within a few seconds from the window's load event. Please make sure it has an appropriate `as` value and it is preloaded intentionally. @ http://localhost:3000/campaign/cms5z4j6z0000zg48z5vzl2jn:0
[80305516ms] [WARNING] The resource http://localhost:3000/_next/static/css/app/layout.css?v=1785891613456 was preloaded using link preload but not used within a few seconds from the window's load event. Please make sure it has an appropriate `as` value and it is preloaded intentionally. @ http://localhost:3000/campaign/cms5z4j6z0000zg48z5vzl2jn:0
[80305516ms] [WARNING] The resource http://localhost:3000/_next/static/css/app/layout.css?v=1785891616718 was preloaded using link preload but not used within a few seconds from the window's load event. Please make sure it has an appropriate `as` value and it is preloaded intentionally. @ http://localhost:3000/campaign/cms5z4j6z0000zg48z5vzl2jn:0
[80309292ms] [WARNING] The resource http://localhost:3000/_next/static/css/app/layout.css?v=1785892480948 was preloaded using link preload but not used within a few seconds from the window's load event. Please make sure it has an appropriate `as` value and it is preloaded intentionally. @ http://localhost:3000/campaign/cms5z4j6z0000zg48z5vzl2jn:0
[80309292ms] [WARNING] The resource http://localhost:3000/_next/static/css/app/layout.css?v=1785891613456 was preloaded using link preload but not used within a few seconds from the window's load event. Please make sure it has an appropriate `as` value and it is preloaded intentionally. @ http://localhost:3000/campaign/cms5z4j6z0000zg48z5vzl2jn:0
[80309292ms] [WARNING] The resource http://localhost:3000/_next/static/css/app/layout.css?v=1785891616718 was preloaded using link preload but not used within a few seconds from the window's load event. Please make sure it has an appropriate `as` value and it is preloaded intentionally. @ http://localhost:3000/campaign/cms5z4j6z0000zg48z5vzl2jn:0
[80312555ms] [LOG] [Fast Refresh] rebuilding @ webpack-internal:///(app-pages-browser)/./node_modules/next/dist/next-devtools/shared/forward-logs-shared.js:27
[80312989ms] [LOG] [Fast Refresh] rebuilding @ webpack-internal:///(app-pages-browser)/./node_modules/next/dist/next-devtools/shared/forward-logs-shared.js:27
[80313094ms] [LOG] [Fast Refresh] done in 105ms @ webpack-internal:///(app-pages-browser)/./node_modules/next/dist/next-devtools/shared/forward-logs-shared.js:27
[80314783ms] [LOG] [Fast Refresh] rebuilding @ webpack-internal:///(app-pages-browser)/./node_modules/next/dist/next-devtools/shared/forward-logs-shared.js:27
[80314877ms] [LOG] [Fast Refresh] done in 95ms @ webpack-internal:///(app-pages-browser)/./node_modules/next/dist/next-devtools/shared/forward-logs-shared.js:27
[80315101ms] [LOG] [Fast Refresh] done in 319ms @ webpack-internal:///(app-pages-browser)/./node_modules/next/dist/next-devtools/shared/forward-logs-shared.js:27
[80319061ms] [LOG] [Fast Refresh] rebuilding @ webpack-internal:///(app-pages-browser)/./node_modules/next/dist/next-devtools/shared/forward-logs-shared.js:27
[80319266ms] [LOG] [Fast Refresh] rebuilding @ webpack-internal:///(app-pages-browser)/./node_modules/next/dist/next-devtools/shared/forward-logs-shared.js:27
[80319372ms] [LOG] [Fast Refresh] done in 107ms @ webpack-internal:///(app-pages-browser)/./node_modules/next/dist/next-devtools/shared/forward-logs-shared.js:27
[80320108ms] [LOG] [Fast Refresh] done in 843ms @ webpack-internal:///(app-pages-browser)/./node_modules/next/dist/next-devtools/shared/forward-logs-shared.js:27
[80321545ms] [LOG] [Fast Refresh] rebuilding @ webpack-internal:///(app-pages-browser)/./node_modules/next/dist/next-devtools/shared/forward-logs-shared.js:27
[80321961ms] [LOG] [Fast Refresh] rebuilding @ webpack-internal:///(app-pages-browser)/./node_modules/next/dist/next-devtools/shared/forward-logs-shared.js:27
[80322151ms] [LOG] [Fast Refresh] done in 189ms @ webpack-internal:///(app-pages-browser)/./node_modules/next/dist/next-devtools/shared/forward-logs-shared.js:27
[80322248ms] [LOG] [Fast Refresh] done in 287ms @ webpack-internal:///(app-pages-browser)/./node_modules/next/dist/next-devtools/shared/forward-logs-shared.js:27
[80323706ms] [LOG] [Fast Refresh] rebuilding @ webpack-internal:///(app-pages-browser)/./node_modules/next/dist/next-devtools/shared/forward-logs-shared.js:27
[80324063ms] [LOG] [Fast Refresh] rebuilding @ webpack-internal:///(app-pages-browser)/./node_modules/next/dist/next-devtools/shared/forward-logs-shared.js:27
[80324237ms] [LOG] [Fast Refresh] done in 173ms @ webpack-internal:///(app-pages-browser)/./node_modules/next/dist/next-devtools/shared/forward-logs-shared.js:27
[80324758ms] [LOG] [Fast Refresh] done in 694ms @ webpack-internal:///(app-pages-browser)/./node_modules/next/dist/next-devtools/shared/forward-logs-shared.js:27
[80330393ms] [WARNING] The resource http://localhost:3000/_next/static/css/app/layout.css?v=1785892480948 was preloaded using link preload but not used within a few seconds from the window's load event. Please make sure it has an appropriate `as` value and it is preloaded intentionally. @ http://localhost:3000/campaign/cms5z4j6z0000zg48z5vzl2jn:0
[80330393ms] [WARNING] The resource http://localhost:3000/_next/static/css/app/layout.css?v=1785891613456 was preloaded using link preload but not used within a few seconds from the window's load event. Please make sure it has an appropriate `as` value and it is preloaded intentionally. @ http://localhost:3000/campaign/cms5z4j6z0000zg48z5vzl2jn:0
[80330393ms] [WARNING] The resource http://localhost:3000/_next/static/css/app/layout.css?v=1785892951196 was preloaded using link preload but not used within a few seconds from the window's load event. Please make sure it has an appropriate `as` value and it is preloaded intentionally. @ http://localhost:3000/campaign/cms5z4j6z0000zg48z5vzl2jn:0
[80330393ms] [WARNING] The resource http://localhost:3000/_next/static/css/app/layout.css?v=1785891616718 was preloaded using link preload but not used within a few seconds from the window's load event. Please make sure it has an appropriate `as` value and it is preloaded intentionally. @ http://localhost:3000/campaign/cms5z4j6z0000zg48z5vzl2jn:0
[80330393ms] [WARNING] The resource http://localhost:3000/_next/static/css/app/layout.css?v=1785892948727 was preloaded using link preload but not used within a few seconds from the window's load event. Please make sure it has an appropriate `as` value and it is preloaded intentionally. @ http://localhost:3000/campaign/cms5z4j6z0000zg48z5vzl2jn:0
[80333609ms] [LOG] [Fast Refresh] rebuilding @ webpack-internal:///(app-pages-browser)/./node_modules/next/dist/next-devtools/shared/forward-logs-shared.js:27
[80334405ms] [LOG] [Fast Refresh] rebuilding @ webpack-internal:///(app-pages-browser)/./node_modules/next/dist/next-devtools/shared/forward-logs-shared.js:27
[80334519ms] [LOG] [Fast Refresh] done in 114ms @ webpack-internal:///(app-pages-browser)/./node_modules/next/dist/next-devtools/shared/forward-logs-shared.js:27
[80335274ms] [LOG] [Fast Refresh] done in 869ms @ webpack-internal:///(app-pages-browser)/./node_modules/next/dist/next-devtools/shared/forward-logs-shared.js:27
[80339891ms] [WARNING] The resource http://localhost:3000/_next/static/css/app/layout.css?v=1785892480948 was preloaded using link preload but not used within a few seconds from the window's load event. Please make sure it has an appropriate `as` value and it is preloaded intentionally. @ http://localhost:3000/campaign/cms5z4j6z0000zg48z5vzl2jn:0
[80339891ms] [WARNING] The resource http://localhost:3000/_next/static/css/app/layout.css?v=1785891613456 was preloaded using link preload but not used within a few seconds from the window's load event. Please make sure it has an appropriate `as` value and it is preloaded intentionally. @ http://localhost:3000/campaign/cms5z4j6z0000zg48z5vzl2jn:0
[80339892ms] [WARNING] The resource http://localhost:3000/_next/static/css/app/layout.css?v=1785892951196 was preloaded using link preload but not used within a few seconds from the window's load event. Please make sure it has an appropriate `as` value and it is preloaded intentionally. @ http://localhost:3000/campaign/cms5z4j6z0000zg48z5vzl2jn:0
[80339892ms] [WARNING] The resource http://localhost:3000/_next/static/css/app/layout.css?v=1785891616718 was preloaded using link preload but not used within a few seconds from the window's load event. Please make sure it has an appropriate `as` value and it is preloaded intentionally. @ http://localhost:3000/campaign/cms5z4j6z0000zg48z5vzl2jn:0
[80339892ms] [WARNING] The resource http://localhost:3000/_next/static/css/app/layout.css?v=1785892948727 was preloaded using link preload but not used within a few seconds from the window's load event. Please make sure it has an appropriate `as` value and it is preloaded intentionally. @ http://localhost:3000/campaign/cms5z4j6z0000zg48z5vzl2jn:0
[80344323ms] [WARNING] The resource http://localhost:3000/_next/static/css/app/layout.css?v=1785892480948 was preloaded using link preload but not used within a few seconds from the window's load event. Please make sure it has an appropriate `as` value and it is preloaded intentionally. @ http://localhost:3000/campaign/cms5z4j6z0000zg48z5vzl2jn:0
[80344323ms] [WARNING] The resource http://localhost:3000/_next/static/css/app/layout.css?v=1785891613456 was preloaded using link preload but not used within a few seconds from the window's load event. Please make sure it has an appropriate `as` value and it is preloaded intentionally. @ http://localhost:3000/campaign/cms5z4j6z0000zg48z5vzl2jn:0
[80344323ms] [WARNING] The resource http://localhost:3000/_next/static/css/app/layout.css?v=1785892951196 was preloaded using link preload but not used within a few seconds from the window's load event. Please make sure it has an appropriate `as` value and it is preloaded intentionally. @ http://localhost:3000/campaign/cms5z4j6z0000zg48z5vzl2jn:0
[80344323ms] [WARNING] The resource http://localhost:3000/_next/static/css/app/layout.css?v=1785891616718 was preloaded using link preload but not used within a few seconds from the window's load event. Please make sure it has an appropriate `as` value and it is preloaded intentionally. @ http://localhost:3000/campaign/cms5z4j6z0000zg48z5vzl2jn:0
[80344323ms] [WARNING] The resource http://localhost:3000/_next/static/css/app/layout.css?v=1785892948727 was preloaded using link preload but not used within a few seconds from the window's load event. Please make sure it has an appropriate `as` value and it is preloaded intentionally. @ http://localhost:3000/campaign/cms5z4j6z0000zg48z5vzl2jn:0
[80349358ms] [WARNING] The resource http://localhost:3000/_next/static/css/app/layout.css?v=1785892480948 was preloaded using link preload but not used within a few seconds from the window's load event. Please make sure it has an appropriate `as` value and it is preloaded intentionally. @ http://localhost:3000/campaign/cms5z4j6z0000zg48z5vzl2jn:0
[80349358ms] [WARNING] The resource http://localhost:3000/_next/static/css/app/layout.css?v=1785891613456 was preloaded using link preload but not used within a few seconds from the window's load event. Please make sure it has an appropriate `as` value and it is preloaded intentionally. @ http://localhost:3000/campaign/cms5z4j6z0000zg48z5vzl2jn:0
[80349358ms] [WARNING] The resource http://localhost:3000/_next/static/css/app/layout.css?v=1785892951196 was preloaded using link preload but not used within a few seconds from the window's load event. Please make sure it has an appropriate `as` value and it is preloaded intentionally. @ http://localhost:3000/campaign/cms5z4j6z0000zg48z5vzl2jn:0
[80349358ms] [WARNING] The resource http://localhost:3000/_next/static/css/app/layout.css?v=1785891616718 was preloaded using link preload but not used within a few seconds from the window's load event. Please make sure it has an appropriate `as` value and it is preloaded intentionally. @ http://localhost:3000/campaign/cms5z4j6z0000zg48z5vzl2jn:0
[80349358ms] [WARNING] The resource http://localhost:3000/_next/static/css/app/layout.css?v=1785892948727 was preloaded using link preload but not used within a few seconds from the window's load event. Please make sure it has an appropriate `as` value and it is preloaded intentionally. @ http://localhost:3000/campaign/cms5z4j6z0000zg48z5vzl2jn:0
[80351141ms] [LOG] [Fast Refresh] rebuilding @ webpack-internal:///(app-pages-browser)/./node_modules/next/dist/next-devtools/shared/forward-logs-shared.js:27
[80352201ms] [LOG] [Fast Refresh] rebuilding @ webpack-internal:///(app-pages-browser)/./node_modules/next/dist/next-devtools/shared/forward-logs-shared.js:27
[80352339ms] [LOG] [Fast Refresh] done in 139ms @ webpack-internal:///(app-pages-browser)/./node_modules/next/dist/next-devtools/shared/forward-logs-shared.js:27
[80353083ms] [LOG] [Fast Refresh] done in 882ms @ webpack-internal:///(app-pages-browser)/./node_modules/next/dist/next-devtools/shared/forward-logs-shared.js:27
[80356158ms] [WARNING] The resource http://localhost:3000/_next/static/css/app/layout.css?v=1785892480948 was preloaded using link preload but not used within a few seconds from the window's load event. Please make sure it has an appropriate `as` value and it is preloaded intentionally. @ http://localhost:3000/campaign/cms5z4j6z0000zg48z5vzl2jn:0
[80356158ms] [WARNING] The resource http://localhost:3000/_next/static/css/app/layout.css?v=1785891613456 was preloaded using link preload but not used within a few seconds from the window's load event. Please make sure it has an appropriate `as` value and it is preloaded intentionally. @ http://localhost:3000/campaign/cms5z4j6z0000zg48z5vzl2jn:0
[80356158ms] [WARNING] The resource http://localhost:3000/_next/static/css/app/layout.css?v=1785892951196 was preloaded using link preload but not used within a few seconds from the window's load event. Please make sure it has an appropriate `as` value and it is preloaded intentionally. @ http://localhost:3000/campaign/cms5z4j6z0000zg48z5vzl2jn:0
[80356158ms] [WARNING] The resource http://localhost:3000/_next/static/css/app/layout.css?v=1785891616718 was preloaded using link preload but not used within a few seconds from the window's load event. Please make sure it has an appropriate `as` value and it is preloaded intentionally. @ http://localhost:3000/campaign/cms5z4j6z0000zg48z5vzl2jn:0
[80356158ms] [WARNING] The resource http://localhost:3000/_next/static/css/app/layout.css?v=1785892948727 was preloaded using link preload but not used within a few seconds from the window's load event. Please make sure it has an appropriate `as` value and it is preloaded intentionally. @ http://localhost:3000/campaign/cms5z4j6z0000zg48z5vzl2jn:0
[80359537ms] [WARNING] The resource http://localhost:3000/_next/static/css/app/layout.css?v=1785892480948 was preloaded using link preload but not used within a few seconds from the window's load event. Please make sure it has an appropriate `as` value and it is preloaded intentionally. @ http://localhost:3000/campaign/cms5z4j6z0000zg48z5vzl2jn:0
[80359537ms] [WARNING] The resource http://localhost:3000/_next/static/css/app/layout.css?v=1785891613456 was preloaded using link preload but not used within a few seconds from the window's load event. Please make sure it has an appropriate `as` value and it is preloaded intentionally. @ http://localhost:3000/campaign/cms5z4j6z0000zg48z5vzl2jn:0
[80359537ms] [WARNING] The resource http://localhost:3000/_next/static/css/app/layout.css?v=1785892951196 was preloaded using link preload but not used within a few seconds from the window's load event. Please make sure it has an appropriate `as` value and it is preloaded intentionally. @ http://localhost:3000/campaign/cms5z4j6z0000zg48z5vzl2jn:0
[80359537ms] [WARNING] The resource http://localhost:3000/_next/static/css/app/layout.css?v=1785891616718 was preloaded using link preload but not used within a few seconds from the window's load event. Please make sure it has an appropriate `as` value and it is preloaded intentionally. @ http://localhost:3000/campaign/cms5z4j6z0000zg48z5vzl2jn:0
[80359537ms] [WARNING] The resource http://localhost:3000/_next/static/css/app/layout.css?v=1785892948727 was preloaded using link preload but not used within a few seconds from the window's load event. Please make sure it has an appropriate `as` value and it is preloaded intentionally. @ http://localhost:3000/campaign/cms5z4j6z0000zg48z5vzl2jn:0
[80364359ms] [LOG] [Fast Refresh] rebuilding @ webpack-internal:///(app-pages-browser)/./node_modules/next/dist/next-devtools/shared/forward-logs-shared.js:27
[80364663ms] [LOG] [Fast Refresh] rebuilding @ webpack-internal:///(app-pages-browser)/./node_modules/next/dist/next-devtools/shared/forward-logs-shared.js:27
[80364788ms] [LOG] [Fast Refresh] done in 125ms @ webpack-internal:///(app-pages-browser)/./node_modules/next/dist/next-devtools/shared/forward-logs-shared.js:27
[80365464ms] [LOG] [Fast Refresh] done in 801ms @ webpack-internal:///(app-pages-browser)/./node_modules/next/dist/next-devtools/shared/forward-logs-shared.js:27
[80369574ms] [WARNING] The resource http://localhost:3000/_next/static/css/app/layout.css?v=1785892480948 was preloaded using link preload but not used within a few seconds from the window's load event. Please make sure it has an appropriate `as` value and it is preloaded intentionally. @ http://localhost:3000/campaign/cms5z4j6z0000zg48z5vzl2jn:0
[80369574ms] [WARNING] The resource http://localhost:3000/_next/static/css/app/layout.css?v=1785891613456 was preloaded using link preload but not used within a few seconds from the window's load event. Please make sure it has an appropriate `as` value and it is preloaded intentionally. @ http://localhost:3000/campaign/cms5z4j6z0000zg48z5vzl2jn:0
[80369574ms] [WARNING] The resource http://localhost:3000/_next/static/css/app/layout.css?v=1785892951196 was preloaded using link preload but not used within a few seconds from the window's load event. Please make sure it has an appropriate `as` value and it is preloaded intentionally. @ http://localhost:3000/campaign/cms5z4j6z0000zg48z5vzl2jn:0
[80369574ms] [WARNING] The resource http://localhost:3000/_next/static/css/app/layout.css?v=1785891616718 was preloaded using link preload but not used within a few seconds from the window's load event. Please make sure it has an appropriate `as` value and it is preloaded intentionally. @ http://localhost:3000/campaign/cms5z4j6z0000zg48z5vzl2jn:0
[80369574ms] [WARNING] The resource http://localhost:3000/_next/static/css/app/layout.css?v=1785892948727 was preloaded using link preload but not used within a few seconds from the window's load event. Please make sure it has an appropriate `as` value and it is preloaded intentionally. @ http://localhost:3000/campaign/cms5z4j6z0000zg48z5vzl2jn:0
[80374289ms] [WARNING] The resource http://localhost:3000/_next/static/css/app/layout.css?v=1785892480948 was preloaded using link preload but not used within a few seconds from the window's load event. Please make sure it has an appropriate `as` value and it is preloaded intentionally. @ http://localhost:3000/campaign/cms5z4j6z0000zg48z5vzl2jn:0
[80374289ms] [WARNING] The resource http://localhost:3000/_next/static/css/app/layout.css?v=1785891613456 was preloaded using link preload but not used within a few seconds from the window's load event. Please make sure it has an appropriate `as` value and it is preloaded intentionally. @ http://localhost:3000/campaign/cms5z4j6z0000zg48z5vzl2jn:0
[80374289ms] [WARNING] The resource http://localhost:3000/_next/static/css/app/layout.css?v=1785892951196 was preloaded using link preload but not used within a few seconds from the window's load event. Please make sure it has an appropriate `as` value and it is preloaded intentionally. @ http://localhost:3000/campaign/cms5z4j6z0000zg48z5vzl2jn:0
[80374289ms] [WARNING] The resource http://localhost:3000/_next/static/css/app/layout.css?v=1785891616718 was preloaded using link preload but not used within a few seconds from the window's load event. Please make sure it has an appropriate `as` value and it is preloaded intentionally. @ http://localhost:3000/campaign/cms5z4j6z0000zg48z5vzl2jn:0
[80374289ms] [WARNING] The resource http://localhost:3000/_next/static/css/app/layout.css?v=1785892948727 was preloaded using link preload but not used within a few seconds from the window's load event. Please make sure it has an appropriate `as` value and it is preloaded intentionally. @ http://localhost:3000/campaign/cms5z4j6z0000zg48z5vzl2jn:0
[80379283ms] [WARNING] The resource http://localhost:3000/_next/static/css/app/layout.css?v=1785892480948 was preloaded using link preload but not used within a few seconds from the window's load event. Please make sure it has an appropriate `as` value and it is preloaded intentionally. @ http://localhost:3000/campaign/cms5z4j6z0000zg48z5vzl2jn:0
[80379283ms] [WARNING] The resource http://localhost:3000/_next/static/css/app/layout.css?v=1785891613456 was preloaded using link preload but not used within a few seconds from the window's load event. Please make sure it has an appropriate `as` value and it is preloaded intentionally. @ http://localhost:3000/campaign/cms5z4j6z0000zg48z5vzl2jn:0
[80379283ms] [WARNING] The resource http://localhost:3000/_next/static/css/app/layout.css?v=1785892951196 was preloaded using link preload but not used within a few seconds from the window's load event. Please make sure it has an appropriate `as` value and it is preloaded intentionally. @ http://localhost:3000/campaign/cms5z4j6z0000zg48z5vzl2jn:0
[80379283ms] [WARNING] The resource http://localhost:3000/_next/static/css/app/layout.css?v=1785891616718 was preloaded using link preload but not used within a few seconds from the window's load event. Please make sure it has an appropriate `as` value and it is preloaded intentionally. @ http://localhost:3000/campaign/cms5z4j6z0000zg48z5vzl2jn:0
[80379283ms] [WARNING] The resource http://localhost:3000/_next/static/css/app/layout.css?v=1785892948727 was preloaded using link preload but not used within a few seconds from the window's load event. Please make sure it has an appropriate `as` value and it is preloaded intentionally. @ http://localhost:3000/campaign/cms5z4j6z0000zg48z5vzl2jn:0
[80384276ms] [WARNING] The resource http://localhost:3000/_next/static/css/app/layout.css?v=1785892480948 was preloaded using link preload but not used within a few seconds from the window's load event. Please make sure it has an appropriate `as` value and it is preloaded intentionally. @ http://localhost:3000/campaign/cms5z4j6z0000zg48z5vzl2jn:0
[80384276ms] [WARNING] The resource http://localhost:3000/_next/static/css/app/layout.css?v=1785891613456 was preloaded using link preload but not used within a few seconds from the window's load event. Please make sure it has an appropriate `as` value and it is preloaded intentionally. @ http://localhost:3000/campaign/cms5z4j6z0000zg48z5vzl2jn:0
[80384276ms] [WARNING] The resource http://localhost:3000/_next/static/css/app/layout.css?v=1785892951196 was preloaded using link preload but not used within a few seconds from the window's load event. Please make sure it has an appropriate `as` value and it is preloaded intentionally. @ http://localhost:3000/campaign/cms5z4j6z0000zg48z5vzl2jn:0
[80384276ms] [WARNING] The resource http://localhost:3000/_next/static/css/app/layout.css?v=1785891616718 was preloaded using link preload but not used within a few seconds from the window's load event. Please make sure it has an appropriate `as` value and it is preloaded intentionally. @ http://localhost:3000/campaign/cms5z4j6z0000zg48z5vzl2jn:0
[80384276ms] [WARNING] The resource http://localhost:3000/_next/static/css/app/layout.css?v=1785892948727 was preloaded using link preload but not used within a few seconds from the window's load event. Please make sure it has an appropriate `as` value and it is preloaded intentionally. @ http://localhost:3000/campaign/cms5z4j6z0000zg48z5vzl2jn:0
[80389338ms] [WARNING] The resource http://localhost:3000/_next/static/css/app/layout.css?v=1785892480948 was preloaded using link preload but not used within a few seconds from the window's load event. Please make sure it has an appropriate `as` value and it is preloaded intentionally. @ http://localhost:3000/campaign/cms5z4j6z0000zg48z5vzl2jn:0
[80389338ms] [WARNING] The resource http://localhost:3000/_next/static/css/app/layout.css?v=1785891613456 was preloaded using link preload but not used within a few seconds from the window's load event. Please make sure it has an appropriate `as` value and it is preloaded intentionally. @ http://localhost:3000/campaign/cms5z4j6z0000zg48z5vzl2jn:0
[80389338ms] [WARNING] The resource http://localhost:3000/_next/static/css/app/layout.css?v=1785892951196 was preloaded using link preload but not used within a few seconds from the window's load event. Please make sure it has an appropriate `as` value and it is preloaded intentionally. @ http://localhost:3000/campaign/cms5z4j6z0000zg48z5vzl2jn:0
[80389338ms] [WARNING] The resource http://localhost:3000/_next/static/css/app/layout.css?v=1785891616718 was preloaded using link preload but not used within a few seconds from the window's load event. Please make sure it has an appropriate `as` value and it is preloaded intentionally. @ http://localhost:3000/campaign/cms5z4j6z0000zg48z5vzl2jn:0
[80389338ms] [WARNING] The resource http://localhost:3000/_next/static/css/app/layout.css?v=1785892948727 was preloaded using link preload but not used within a few seconds from the window's load event. Please make sure it has an appropriate `as` value and it is preloaded intentionally. @ http://localhost:3000/campaign/cms5z4j6z0000zg48z5vzl2jn:0
[80395562ms] [WARNING] The resource http://localhost:3000/_next/static/css/app/layout.css?v=1785892480948 was preloaded using link preload but not used within a few seconds from the window's load event. Please make sure it has an appropriate `as` value and it is preloaded intentionally. @ http://localhost:3000/campaign/cms5z4j6z0000zg48z5vzl2jn:0
[80395562ms] [WARNING] The resource http://localhost:3000/_next/static/css/app/layout.css?v=1785891613456 was preloaded using link preload but not used within a few seconds from the window's load event. Please make sure it has an appropriate `as` value and it is preloaded intentionally. @ http://localhost:3000/campaign/cms5z4j6z0000zg48z5vzl2jn:0
[80395562ms] [WARNING] The resource http://localhost:3000/_next/static/css/app/layout.css?v=1785892951196 was preloaded using link preload but not used within a few seconds from the window's load event. Please make sure it has an appropriate `as` value and it is preloaded intentionally. @ http://localhost:3000/campaign/cms5z4j6z0000zg48z5vzl2jn:0
[80395562ms] [WARNING] The resource http://localhost:3000/_next/static/css/app/layout.css?v=1785891616718 was preloaded using link preload but not used within a few seconds from the window's load event. Please make sure it has an appropriate `as` value and it is preloaded intentionally. @ http://localhost:3000/campaign/cms5z4j6z0000zg48z5vzl2jn:0
[80395562ms] [WARNING] The resource http://localhost:3000/_next/static/css/app/layout.css?v=1785892948727 was preloaded using link preload but not used within a few seconds from the window's load event. Please make sure it has an appropriate `as` value and it is preloaded intentionally. @ http://localhost:3000/campaign/cms5z4j6z0000zg48z5vzl2jn:0
[80399280ms] [WARNING] The resource http://localhost:3000/_next/static/css/app/layout.css?v=1785892480948 was preloaded using link preload but not used within a few seconds from the window's load event. Please make sure it has an appropriate `as` value and it is preloaded intentionally. @ http://localhost:3000/campaign/cms5z4j6z0000zg48z5vzl2jn:0
[80399280ms] [WARNING] The resource http://localhost:3000/_next/static/css/app/layout.css?v=1785891613456 was preloaded using link preload but not used within a few seconds from the window's load event. Please make sure it has an appropriate `as` value and it is preloaded intentionally. @ http://localhost:3000/campaign/cms5z4j6z0000zg48z5vzl2jn:0
[80399280ms] [WARNING] The resource http://localhost:3000/_next/static/css/app/layout.css?v=1785892951196 was preloaded using link preload but not used within a few seconds from the window's load event. Please make sure it has an appropriate `as` value and it is preloaded intentionally. @ http://localhost:3000/campaign/cms5z4j6z0000zg48z5vzl2jn:0
[80399280ms] [WARNING] The resource http://localhost:3000/_next/static/css/app/layout.css?v=1785891616718 was preloaded using link preload but not used within a few seconds from the window's load event. Please make sure it has an appropriate `as` value and it is preloaded intentionally. @ http://localhost:3000/campaign/cms5z4j6z0000zg48z5vzl2jn:0
[80399280ms] [WARNING] The resource http://localhost:3000/_next/static/css/app/layout.css?v=1785892948727 was preloaded using link preload but not used within a few seconds from the window's load event. Please make sure it has an appropriate `as` value and it is preloaded intentionally. @ http://localhost:3000/campaign/cms5z4j6z0000zg48z5vzl2jn:0
[80404285ms] [WARNING] The resource http://localhost:3000/_next/static/css/app/layout.css?v=1785892480948 was preloaded using link preload but not used within a few seconds from the window's load event. Please make sure it has an appropriate `as` value and it is preloaded intentionally. @ http://localhost:3000/campaign/cms5z4j6z0000zg48z5vzl2jn:0
[80404285ms] [WARNING] The resource http://localhost:3000/_next/static/css/app/layout.css?v=1785891613456 was preloaded using link preload but not used within a few seconds from the window's load event. Please make sure it has an appropriate `as` value and it is preloaded intentionally. @ http://localhost:3000/campaign/cms5z4j6z0000zg48z5vzl2jn:0
[80404285ms] [WARNING] The resource http://localhost:3000/_next/static/css/app/layout.css?v=1785892951196 was preloaded using link preload but not used within a few seconds from the window's load event. Please make sure it has an appropriate `as` value and it is preloaded intentionally. @ http://localhost:3000/campaign/cms5z4j6z0000zg48z5vzl2jn:0
[80404285ms] [WARNING] The resource http://localhost:3000/_next/static/css/app/layout.css?v=1785891616718 was preloaded using link preload but not used within a few seconds from the window's load event. Please make sure it has an appropriate `as` value and it is preloaded intentionally. @ http://localhost:3000/campaign/cms5z4j6z0000zg48z5vzl2jn:0
[80404285ms] [WARNING] The resource http://localhost:3000/_next/static/css/app/layout.css?v=1785892948727 was preloaded using link preload but not used within a few seconds from the window's load event. Please make sure it has an appropriate `as` value and it is preloaded intentionally. @ http://localhost:3000/campaign/cms5z4j6z0000zg48z5vzl2jn:0
[80409299ms] [WARNING] The resource http://localhost:3000/_next/static/css/app/layout.css?v=1785892480948 was preloaded using link preload but not used within a few seconds from the window's load event. Please make sure it has an appropriate `as` value and it is preloaded intentionally. @ http://localhost:3000/campaign/cms5z4j6z0000zg48z5vzl2jn:0
[80409299ms] [WARNING] The resource http://localhost:3000/_next/static/css/app/layout.css?v=1785891613456 was preloaded using link preload but not used within a few seconds from the window's load event. Please make sure it has an appropriate `as` value and it is preloaded intentionally. @ http://localhost:3000/campaign/cms5z4j6z0000zg48z5vzl2jn:0
[80409299ms] [WARNING] The resource http://localhost:3000/_next/static/css/app/layout.css?v=1785892951196 was preloaded using link preload but not used within a few seconds from the window's load event. Please make sure it has an appropriate `as` value and it is preloaded intentionally. @ http://localhost:3000/campaign/cms5z4j6z0000zg48z5vzl2jn:0
[80409299ms] [WARNING] The resource http://localhost:3000/_next/static/css/app/layout.css?v=1785891616718 was preloaded using link preload but not used within a few seconds from the window's load event. Please make sure it has an appropriate `as` value and it is preloaded intentionally. @ http://localhost:3000/campaign/cms5z4j6z0000zg48z5vzl2jn:0
[80409299ms] [WARNING] The resource http://localhost:3000/_next/static/css/app/layout.css?v=1785892948727 was preloaded using link preload but not used within a few seconds from the window's load event. Please make sure it has an appropriate `as` value and it is preloaded intentionally. @ http://localhost:3000/campaign/cms5z4j6z0000zg48z5vzl2jn:0
[80414313ms] [WARNING] The resource http://localhost:3000/_next/static/css/app/layout.css?v=1785892480948 was preloaded using link preload but not used within a few seconds from the window's load event. Please make sure it has an appropriate `as` value and it is preloaded intentionally. @ http://localhost:3000/campaign/cms5z4j6z0000zg48z5vzl2jn:0
[80414313ms] [WARNING] The resource http://localhost:3000/_next/static/css/app/layout.css?v=1785891613456 was preloaded using link preload but not used within a few seconds from the window's load event. Please make sure it has an appropriate `as` value and it is preloaded intentionally. @ http://localhost:3000/campaign/cms5z4j6z0000zg48z5vzl2jn:0
[80414313ms] [WARNING] The resource http://localhost:3000/_next/static/css/app/layout.css?v=1785892951196 was preloaded using link preload but not used within a few seconds from the window's load event. Please make sure it has an appropriate `as` value and it is preloaded intentionally. @ http://localhost:3000/campaign/cms5z4j6z0000zg48z5vzl2jn:0
[80414313ms] [WARNING] The resource http://localhost:3000/_next/static/css/app/layout.css?v=1785891616718 was preloaded using link preload but not used within a few seconds from the window's load event. Please make sure it has an appropriate `as` value and it is preloaded intentionally. @ http://localhost:3000/campaign/cms5z4j6z0000zg48z5vzl2jn:0
[80414313ms] [WARNING] The resource http://localhost:3000/_next/static/css/app/layout.css?v=1785892948727 was preloaded using link preload but not used within a few seconds from the window's load event. Please make sure it has an appropriate `as` value and it is preloaded intentionally. @ http://localhost:3000/campaign/cms5z4j6z0000zg48z5vzl2jn:0
[80419346ms] [WARNING] The resource http://localhost:3000/_next/static/css/app/layout.css?v=1785892480948 was preloaded using link preload but not used within a few seconds from the window's load event. Please make sure it has an appropriate `as` value and it is preloaded intentionally. @ http://localhost:3000/campaign/cms5z4j6z0000zg48z5vzl2jn:0
[80419346ms] [WARNING] The resource http://localhost:3000/_next/static/css/app/layout.css?v=1785891613456 was preloaded using link preload but not used within a few seconds from the window's load event. Please make sure it has an appropriate `as` value and it is preloaded intentionally. @ http://localhost:3000/campaign/cms5z4j6z0000zg48z5vzl2jn:0
[80419346ms] [WARNING] The resource http://localhost:3000/_next/static/css/app/layout.css?v=1785892951196 was preloaded using link preload but not used within a few seconds from the window's load event. Please make sure it has an appropriate `as` value and it is preloaded intentionally. @ http://localhost:3000/campaign/cms5z4j6z0000zg48z5vzl2jn:0
[80419346ms] [WARNING] The resource http://localhost:3000/_next/static/css/app/layout.css?v=1785891616718 was preloaded using link preload but not used within a few seconds from the window's load event. Please make sure it has an appropriate `as` value and it is preloaded intentionally. @ http://localhost:3000/campaign/cms5z4j6z0000zg48z5vzl2jn:0
[80419346ms] [WARNING] The resource http://localhost:3000/_next/static/css/app/layout.css?v=1785892948727 was preloaded using link preload but not used within a few seconds from the window's load event. Please make sure it has an appropriate `as` value and it is preloaded intentionally. @ http://localhost:3000/campaign/cms5z4j6z0000zg48z5vzl2jn:0
[80425555ms] [WARNING] The resource http://localhost:3000/_next/static/css/app/layout.css?v=1785892480948 was preloaded using link preload but not used within a few seconds from the window's load event. Please make sure it has an appropriate `as` value and it is preloaded intentionally. @ http://localhost:3000/campaign/cms5z4j6z0000zg48z5vzl2jn:0
[80425555ms] [WARNING] The resource http://localhost:3000/_next/static/css/app/layout.css?v=1785891613456 was preloaded using link preload but not used within a few seconds from the window's load event. Please make sure it has an appropriate `as` value and it is preloaded intentionally. @ http://localhost:3000/campaign/cms5z4j6z0000zg48z5vzl2jn:0
[80425555ms] [WARNING] The resource http://localhost:3000/_next/static/css/app/layout.css?v=1785892951196 was preloaded using link preload but not used within a few seconds from the window's load event. Please make sure it has an appropriate `as` value and it is preloaded intentionally. @ http://localhost:3000/campaign/cms5z4j6z0000zg48z5vzl2jn:0
[80425555ms] [WARNING] The resource http://localhost:3000/_next/static/css/app/layout.css?v=1785891616718 was preloaded using link preload but not used within a few seconds from the window's load event. Please make sure it has an appropriate `as` value and it is preloaded intentionally. @ http://localhost:3000/campaign/cms5z4j6z0000zg48z5vzl2jn:0
[80425555ms] [WARNING] The resource http://localhost:3000/_next/static/css/app/layout.css?v=1785892948727 was preloaded using link preload but not used within a few seconds from the window's load event. Please make sure it has an appropriate `as` value and it is preloaded intentionally. @ http://localhost:3000/campaign/cms5z4j6z0000zg48z5vzl2jn:0
[80430499ms] [WARNING] The resource http://localhost:3000/_next/static/css/app/layout.css?v=1785892480948 was preloaded using link preload but not used within a few seconds from the window's load event. Please make sure it has an appropriate `as` value and it is preloaded intentionally. @ http://localhost:3000/campaign/cms5z4j6z0000zg48z5vzl2jn:0
[80430499ms] [WARNING] The resource http://localhost:3000/_next/static/css/app/layout.css?v=1785891613456 was preloaded using link preload but not used within a few seconds from the window's load event. Please make sure it has an appropriate `as` value and it is preloaded intentionally. @ http://localhost:3000/campaign/cms5z4j6z0000zg48z5vzl2jn:0
[80430499ms] [WARNING] The resource http://localhost:3000/_next/static/css/app/layout.css?v=1785892951196 was preloaded using link preload but not used within a few seconds from the window's load event. Please make sure it has an appropriate `as` value and it is preloaded intentionally. @ http://localhost:3000/campaign/cms5z4j6z0000zg48z5vzl2jn:0
[80430499ms] [WARNING] The resource http://localhost:3000/_next/static/css/app/layout.css?v=1785891616718 was preloaded using link preload but not used within a few seconds from the window's load event. Please make sure it has an appropriate `as` value and it is preloaded intentionally. @ http://localhost:3000/campaign/cms5z4j6z0000zg48z5vzl2jn:0
[80430499ms] [WARNING] The resource http://localhost:3000/_next/static/css/app/layout.css?v=1785892948727 was preloaded using link preload but not used within a few seconds from the window's load event. Please make sure it has an appropriate `as` value and it is preloaded intentionally. @ http://localhost:3000/campaign/cms5z4j6z0000zg48z5vzl2jn:0
[80434338ms] [WARNING] The resource http://localhost:3000/_next/static/css/app/layout.css?v=1785892480948 was preloaded using link preload but not used within a few seconds from the window's load event. Please make sure it has an appropriate `as` value and it is preloaded intentionally. @ http://localhost:3000/campaign/cms5z4j6z0000zg48z5vzl2jn:0
[80434338ms] [WARNING] The resource http://localhost:3000/_next/static/css/app/layout.css?v=1785891613456 was preloaded using link preload but not used within a few seconds from the window's load event. Please make sure it has an appropriate `as` value and it is preloaded intentionally. @ http://localhost:3000/campaign/cms5z4j6z0000zg48z5vzl2jn:0
[80434338ms] [WARNING] The resource http://localhost:3000/_next/static/css/app/layout.css?v=1785892951196 was preloaded using link preload but not used within a few seconds from the window's load event. Please make sure it has an appropriate `as` value and it is preloaded intentionally. @ http://localhost:3000/campaign/cms5z4j6z0000zg48z5vzl2jn:0
[80434338ms] [WARNING] The resource http://localhost:3000/_next/static/css/app/layout.css?v=1785891616718 was preloaded using link preload but not used within a few seconds from the window's load event. Please make sure it has an appropriate `as` value and it is preloaded intentionally. @ http://localhost:3000/campaign/cms5z4j6z0000zg48z5vzl2jn:0
[80434338ms] [WARNING] The resource http://localhost:3000/_next/static/css/app/layout.css?v=1785892948727 was preloaded using link preload but not used within a few seconds from the window's load event. Please make sure it has an appropriate `as` value and it is preloaded intentionally. @ http://localhost:3000/campaign/cms5z4j6z0000zg48z5vzl2jn:0
[80439291ms] [WARNING] The resource http://localhost:3000/_next/static/css/app/layout.css?v=1785892480948 was preloaded using link preload but not used within a few seconds from the window's load event. Please make sure it has an appropriate `as` value and it is preloaded intentionally. @ http://localhost:3000/campaign/cms5z4j6z0000zg48z5vzl2jn:0
[80439291ms] [WARNING] The resource http://localhost:3000/_next/static/css/app/layout.css?v=1785891613456 was preloaded using link preload but not used within a few seconds from the window's load event. Please make sure it has an appropriate `as` value and it is preloaded intentionally. @ http://localhost:3000/campaign/cms5z4j6z0000zg48z5vzl2jn:0
[80439291ms] [WARNING] The resource http://localhost:3000/_next/static/css/app/layout.css?v=1785892951196 was preloaded using link preload but not used within a few seconds from the window's load event. Please make sure it has an appropriate `as` value and it is preloaded intentionally. @ http://localhost:3000/campaign/cms5z4j6z0000zg48z5vzl2jn:0
[80439291ms] [WARNING] The resource http://localhost:3000/_next/static/css/app/layout.css?v=1785891616718 was preloaded using link preload but not used within a few seconds from the window's load event. Please make sure it has an appropriate `as` value and it is preloaded intentionally. @ http://localhost:3000/campaign/cms5z4j6z0000zg48z5vzl2jn:0
[80439291ms] [WARNING] The resource http://localhost:3000/_next/static/css/app/layout.css?v=1785892948727 was preloaded using link preload but not used within a few seconds from the window's load event. Please make sure it has an appropriate `as` value and it is preloaded intentionally. @ http://localhost:3000/campaign/cms5z4j6z0000zg48z5vzl2jn:0
[80442325ms] [LOG] [Fast Refresh] rebuilding @ webpack-internal:///(app-pages-browser)/./node_modules/next/dist/next-devtools/shared/forward-logs-shared.js:27
[80444589ms] [LOG] [Fast Refresh] done in 2264ms @ webpack-internal:///(app-pages-browser)/./node_modules/next/dist/next-devtools/shared/forward-logs-shared.js:27
[80449935ms] [WARNING] The resource http://localhost:3000/_next/static/css/app/layout.css?v=1785892480948 was preloaded using link preload but not used within a few seconds from the window's load event. Please make sure it has an appropriate `as` value and it is preloaded intentionally. @ http://localhost:3000/campaign/cms5z4j6z0000zg48z5vzl2jn:0
[80449935ms] [WARNING] The resource http://localhost:3000/_next/static/css/app/layout.css?v=1785891613456 was preloaded using link preload but not used within a few seconds from the window's load event. Please make sure it has an appropriate `as` value and it is preloaded intentionally. @ http://localhost:3000/campaign/cms5z4j6z0000zg48z5vzl2jn:0
[80449935ms] [WARNING] The resource http://localhost:3000/_next/static/css/app/layout.css?v=1785892951196 was preloaded using link preload but not used within a few seconds from the window's load event. Please make sure it has an appropriate `as` value and it is preloaded intentionally. @ http://localhost:3000/campaign/cms5z4j6z0000zg48z5vzl2jn:0
[80449935ms] [WARNING] The resource http://localhost:3000/_next/static/css/app/layout.css?v=1785891616718 was preloaded using link preload but not used within a few seconds from the window's load event. Please make sure it has an appropriate `as` value and it is preloaded intentionally. @ http://localhost:3000/campaign/cms5z4j6z0000zg48z5vzl2jn:0
[80449935ms] [WARNING] The resource http://localhost:3000/_next/static/css/app/layout.css?v=1785892948727 was preloaded using link preload but not used within a few seconds from the window's load event. Please make sure it has an appropriate `as` value and it is preloaded intentionally. @ http://localhost:3000/campaign/cms5z4j6z0000zg48z5vzl2jn:0
[80455538ms] [WARNING] The resource http://localhost:3000/_next/static/css/app/layout.css?v=1785892480948 was preloaded using link preload but not used within a few seconds from the window's load event. Please make sure it has an appropriate `as` value and it is preloaded intentionally. @ http://localhost:3000/campaign/cms5z4j6z0000zg48z5vzl2jn:0
[80455538ms] [WARNING] The resource http://localhost:3000/_next/static/css/app/layout.css?v=1785891613456 was preloaded using link preload but not used within a few seconds from the window's load event. Please make sure it has an appropriate `as` value and it is preloaded intentionally. @ http://localhost:3000/campaign/cms5z4j6z0000zg48z5vzl2jn:0
[80455538ms] [WARNING] The resource http://localhost:3000/_next/static/css/app/layout.css?v=1785892951196 was preloaded using link preload but not used within a few seconds from the window's load event. Please make sure it has an appropriate `as` value and it is preloaded intentionally. @ http://localhost:3000/campaign/cms5z4j6z0000zg48z5vzl2jn:0
[80455538ms] [WARNING] The resource http://localhost:3000/_next/static/css/app/layout.css?v=1785891616718 was preloaded using link preload but not used within a few seconds from the window's load event. Please make sure it has an appropriate `as` value and it is preloaded intentionally. @ http://localhost:3000/campaign/cms5z4j6z0000zg48z5vzl2jn:0
[80455538ms] [WARNING] The resource http://localhost:3000/_next/static/css/app/layout.css?v=1785892948727 was preloaded using link preload but not used within a few seconds from the window's load event. Please make sure it has an appropriate `as` value and it is preloaded intentionally. @ http://localhost:3000/campaign/cms5z4j6z0000zg48z5vzl2jn:0
[80459319ms] [WARNING] The resource http://localhost:3000/_next/static/css/app/layout.css?v=1785892480948 was preloaded using link preload but not used within a few seconds from the window's load event. Please make sure it has an appropriate `as` value and it is preloaded intentionally. @ http://localhost:3000/campaign/cms5z4j6z0000zg48z5vzl2jn:0
[80459319ms] [WARNING] The resource http://localhost:3000/_next/static/css/app/layout.css?v=1785891613456 was preloaded using link preload but not used within a few seconds from the window's load event. Please make sure it has an appropriate `as` value and it is preloaded intentionally. @ http://localhost:3000/campaign/cms5z4j6z0000zg48z5vzl2jn:0
[80459319ms] [WARNING] The resource http://localhost:3000/_next/static/css/app/layout.css?v=1785892951196 was preloaded using link preload but not used within a few seconds from the window's load event. Please make sure it has an appropriate `as` value and it is preloaded intentionally. @ http://localhost:3000/campaign/cms5z4j6z0000zg48z5vzl2jn:0
[80459319ms] [WARNING] The resource http://localhost:3000/_next/static/css/app/layout.css?v=1785891616718 was preloaded using link preload but not used within a few seconds from the window's load event. Please make sure it has an appropriate `as` value and it is preloaded intentionally. @ http://localhost:3000/campaign/cms5z4j6z0000zg48z5vzl2jn:0
[80459319ms] [WARNING] The resource http://localhost:3000/_next/static/css/app/layout.css?v=1785892948727 was preloaded using link preload but not used within a few seconds from the window's load event. Please make sure it has an appropriate `as` value and it is preloaded intentionally. @ http://localhost:3000/campaign/cms5z4j6z0000zg48z5vzl2jn:0
[80464329ms] [WARNING] The resource http://localhost:3000/_next/static/css/app/layout.css?v=1785892480948 was preloaded using link preload but not used within a few seconds from the window's load event. Please make sure it has an appropriate `as` value and it is preloaded intentionally. @ http://localhost:3000/campaign/cms5z4j6z0000zg48z5vzl2jn:0
[80464330ms] [WARNING] The resource http://localhost:3000/_next/static/css/app/layout.css?v=1785891613456 was preloaded using link preload but not used within a few seconds from the window's load event. Please make sure it has an appropriate `as` value and it is preloaded intentionally. @ http://localhost:3000/campaign/cms5z4j6z0000zg48z5vzl2jn:0
[80464330ms] [WARNING] The resource http://localhost:3000/_next/static/css/app/layout.css?v=1785892951196 was preloaded using link preload but not used within a few seconds from the window's load event. Please make sure it has an appropriate `as` value and it is preloaded intentionally. @ http://localhost:3000/campaign/cms5z4j6z0000zg48z5vzl2jn:0
[80464330ms] [WARNING] The resource http://localhost:3000/_next/static/css/app/layout.css?v=1785891616718 was preloaded using link preload but not used within a few seconds from the window's load event. Please make sure it has an appropriate `as` value and it is preloaded intentionally. @ http://localhost:3000/campaign/cms5z4j6z0000zg48z5vzl2jn:0
[80464330ms] [WARNING] The resource http://localhost:3000/_next/static/css/app/layout.css?v=1785892948727 was preloaded using link preload but not used within a few seconds from the window's load event. Please make sure it has an appropriate `as` value and it is preloaded intentionally. @ http://localhost:3000/campaign/cms5z4j6z0000zg48z5vzl2jn:0
[80469304ms] [WARNING] The resource http://localhost:3000/_next/static/css/app/layout.css?v=1785892480948 was preloaded using link preload but not used within a few seconds from the window's load event. Please make sure it has an appropriate `as` value and it is preloaded intentionally. @ http://localhost:3000/campaign/cms5z4j6z0000zg48z5vzl2jn:0
[80469304ms] [WARNING] The resource http://localhost:3000/_next/static/css/app/layout.css?v=1785891613456 was preloaded using link preload but not used within a few seconds from the window's load event. Please make sure it has an appropriate `as` value and it is preloaded intentionally. @ http://localhost:3000/campaign/cms5z4j6z0000zg48z5vzl2jn:0
[80469304ms] [WARNING] The resource http://localhost:3000/_next/static/css/app/layout.css?v=1785892951196 was preloaded using link preload but not used within a few seconds from the window's load event. Please make sure it has an appropriate `as` value and it is preloaded intentionally. @ http://localhost:3000/campaign/cms5z4j6z0000zg48z5vzl2jn:0
[80469304ms] [WARNING] The resource http://localhost:3000/_next/static/css/app/layout.css?v=1785891616718 was preloaded using link preload but not used within a few seconds from the window's load event. Please make sure it has an appropriate `as` value and it is preloaded intentionally. @ http://localhost:3000/campaign/cms5z4j6z0000zg48z5vzl2jn:0
[80469304ms] [WARNING] The resource http://localhost:3000/_next/static/css/app/layout.css?v=1785892948727 was preloaded using link preload but not used within a few seconds from the window's load event. Please make sure it has an appropriate `as` value and it is preloaded intentionally. @ http://localhost:3000/campaign/cms5z4j6z0000zg48z5vzl2jn:0
[80474347ms] [WARNING] The resource http://localhost:3000/_next/static/css/app/layout.css?v=1785892480948 was preloaded using link preload but not used within a few seconds from the window's load event. Please make sure it has an appropriate `as` value and it is preloaded intentionally. @ http://localhost:3000/campaign/cms5z4j6z0000zg48z5vzl2jn:0
[80474347ms] [WARNING] The resource http://localhost:3000/_next/static/css/app/layout.css?v=1785891613456 was preloaded using link preload but not used within a few seconds from the window's load event. Please make sure it has an appropriate `as` value and it is preloaded intentionally. @ http://localhost:3000/campaign/cms5z4j6z0000zg48z5vzl2jn:0
[80474347ms] [WARNING] The resource http://localhost:3000/_next/static/css/app/layout.css?v=1785892951196 was preloaded using link preload but not used within a few seconds from the window's load event. Please make sure it has an appropriate `as` value and it is preloaded intentionally. @ http://localhost:3000/campaign/cms5z4j6z0000zg48z5vzl2jn:0
[80474347ms] [WARNING] The resource http://localhost:3000/_next/static/css/app/layout.css?v=1785891616718 was preloaded using link preload but not used within a few seconds from the window's load event. Please make sure it has an appropriate `as` value and it is preloaded intentionally. @ http://localhost:3000/campaign/cms5z4j6z0000zg48z5vzl2jn:0
[80474347ms] [WARNING] The resource http://localhost:3000/_next/static/css/app/layout.css?v=1785892948727 was preloaded using link preload but not used within a few seconds from the window's load event. Please make sure it has an appropriate `as` value and it is preloaded intentionally. @ http://localhost:3000/campaign/cms5z4j6z0000zg48z5vzl2jn:0
[80479321ms] [WARNING] The resource http://localhost:3000/_next/static/css/app/layout.css?v=1785892480948 was preloaded using link preload but not used within a few seconds from the window's load event. Please make sure it has an appropriate `as` value and it is preloaded intentionally. @ http://localhost:3000/campaign/cms5z4j6z0000zg48z5vzl2jn:0
[80479321ms] [WARNING] The resource http://localhost:3000/_next/static/css/app/layout.css?v=1785891613456 was preloaded using link preload but not used within a few seconds from the window's load event. Please make sure it has an appropriate `as` value and it is preloaded intentionally. @ http://localhost:3000/campaign/cms5z4j6z0000zg48z5vzl2jn:0
[80479321ms] [WARNING] The resource http://localhost:3000/_next/static/css/app/layout.css?v=1785892951196 was preloaded using link preload but not used within a few seconds from the window's load event. Please make sure it has an appropriate `as` value and it is preloaded intentionally. @ http://localhost:3000/campaign/cms5z4j6z0000zg48z5vzl2jn:0
[80479321ms] [WARNING] The resource http://localhost:3000/_next/static/css/app/layout.css?v=1785891616718 was preloaded using link preload but not used within a few seconds from the window's load event. Please make sure it has an appropriate `as` value and it is preloaded intentionally. @ http://localhost:3000/campaign/cms5z4j6z0000zg48z5vzl2jn:0
[80479321ms] [WARNING] The resource http://localhost:3000/_next/static/css/app/layout.css?v=1785892948727 was preloaded using link preload but not used within a few seconds from the window's load event. Please make sure it has an appropriate `as` value and it is preloaded intentionally. @ http://localhost:3000/campaign/cms5z4j6z0000zg48z5vzl2jn:0
[80485535ms] [WARNING] The resource http://localhost:3000/_next/static/css/app/layout.css?v=1785892480948 was preloaded using link preload but not used within a few seconds from the window's load event. Please make sure it has an appropriate `as` value and it is preloaded intentionally. @ http://localhost:3000/campaign/cms5z4j6z0000zg48z5vzl2jn:0
[80485535ms] [WARNING] The resource http://localhost:3000/_next/static/css/app/layout.css?v=1785891613456 was preloaded using link preload but not used within a few seconds from the window's load event. Please make sure it has an appropriate `as` value and it is preloaded intentionally. @ http://localhost:3000/campaign/cms5z4j6z0000zg48z5vzl2jn:0
[80485535ms] [WARNING] The resource http://localhost:3000/_next/static/css/app/layout.css?v=1785892951196 was preloaded using link preload but not used within a few seconds from the window's load event. Please make sure it has an appropriate `as` value and it is preloaded intentionally. @ http://localhost:3000/campaign/cms5z4j6z0000zg48z5vzl2jn:0
[80485535ms] [WARNING] The resource http://localhost:3000/_next/static/css/app/layout.css?v=1785891616718 was preloaded using link preload but not used within a few seconds from the window's load event. Please make sure it has an appropriate `as` value and it is preloaded intentionally. @ http://localhost:3000/campaign/cms5z4j6z0000zg48z5vzl2jn:0
[80485535ms] [WARNING] The resource http://localhost:3000/_next/static/css/app/layout.css?v=1785892948727 was preloaded using link preload but not used within a few seconds from the window's load event. Please make sure it has an appropriate `as` value and it is preloaded intentionally. @ http://localhost:3000/campaign/cms5z4j6z0000zg48z5vzl2jn:0
[80489379ms] [WARNING] The resource http://localhost:3000/_next/static/css/app/layout.css?v=1785892480948 was preloaded using link preload but not used within a few seconds from the window's load event. Please make sure it has an appropriate `as` value and it is preloaded intentionally. @ http://localhost:3000/campaign/cms5z4j6z0000zg48z5vzl2jn:0
[80489379ms] [WARNING] The resource http://localhost:3000/_next/static/css/app/layout.css?v=1785891613456 was preloaded using link preload but not used within a few seconds from the window's load event. Please make sure it has an appropriate `as` value and it is preloaded intentionally. @ http://localhost:3000/campaign/cms5z4j6z0000zg48z5vzl2jn:0
[80489379ms] [WARNING] The resource http://localhost:3000/_next/static/css/app/layout.css?v=1785892951196 was preloaded using link preload but not used within a few seconds from the window's load event. Please make sure it has an appropriate `as` value and it is preloaded intentionally. @ http://localhost:3000/campaign/cms5z4j6z0000zg48z5vzl2jn:0
[80489379ms] [WARNING] The resource http://localhost:3000/_next/static/css/app/layout.css?v=1785891616718 was preloaded using link preload but not used within a few seconds from the window's load event. Please make sure it has an appropriate `as` value and it is preloaded intentionally. @ http://localhost:3000/campaign/cms5z4j6z0000zg48z5vzl2jn:0
[80489379ms] [WARNING] The resource http://localhost:3000/_next/static/css/app/layout.css?v=1785892948727 was preloaded using link preload but not used within a few seconds from the window's load event. Please make sure it has an appropriate `as` value and it is preloaded intentionally. @ http://localhost:3000/campaign/cms5z4j6z0000zg48z5vzl2jn:0
[80494353ms] [WARNING] The resource http://localhost:3000/_next/static/css/app/layout.css?v=1785892480948 was preloaded using link preload but not used within a few seconds from the window's load event. Please make sure it has an appropriate `as` value and it is preloaded intentionally. @ http://localhost:3000/campaign/cms5z4j6z0000zg48z5vzl2jn:0
[80494353ms] [WARNING] The resource http://localhost:3000/_next/static/css/app/layout.css?v=1785891613456 was preloaded using link preload but not used within a few seconds from the window's load event. Please make sure it has an appropriate `as` value and it is preloaded intentionally. @ http://localhost:3000/campaign/cms5z4j6z0000zg48z5vzl2jn:0
[80494353ms] [WARNING] The resource http://localhost:3000/_next/static/css/app/layout.css?v=1785892951196 was preloaded using link preload but not used within a few seconds from the window's load event. Please make sure it has an appropriate `as` value and it is preloaded intentionally. @ http://localhost:3000/campaign/cms5z4j6z0000zg48z5vzl2jn:0
[80494353ms] [WARNING] The resource http://localhost:3000/_next/static/css/app/layout.css?v=1785891616718 was preloaded using link preload but not used within a few seconds from the window's load event. Please make sure it has an appropriate `as` value and it is preloaded intentionally. @ http://localhost:3000/campaign/cms5z4j6z0000zg48z5vzl2jn:0
[80494353ms] [WARNING] The resource http://localhost:3000/_next/static/css/app/layout.css?v=1785892948727 was preloaded using link preload but not used within a few seconds from the window's load event. Please make sure it has an appropriate `as` value and it is preloaded intentionally. @ http://localhost:3000/campaign/cms5z4j6z0000zg48z5vzl2jn:0
[80499365ms] [WARNING] The resource http://localhost:3000/_next/static/css/app/layout.css?v=1785892480948 was preloaded using link preload but not used within a few seconds from the window's load event. Please make sure it has an appropriate `as` value and it is preloaded intentionally. @ http://localhost:3000/campaign/cms5z4j6z0000zg48z5vzl2jn:0
[80499365ms] [WARNING] The resource http://localhost:3000/_next/static/css/app/layout.css?v=1785891613456 was preloaded using link preload but not used within a few seconds from the window's load event. Please make sure it has an appropriate `as` value and it is preloaded intentionally. @ http://localhost:3000/campaign/cms5z4j6z0000zg48z5vzl2jn:0
[80499365ms] [WARNING] The resource http://localhost:3000/_next/static/css/app/layout.css?v=1785892951196 was preloaded using link preload but not used within a few seconds from the window's load event. Please make sure it has an appropriate `as` value and it is preloaded intentionally. @ http://localhost:3000/campaign/cms5z4j6z0000zg48z5vzl2jn:0
[80499365ms] [WARNING] The resource http://localhost:3000/_next/static/css/app/layout.css?v=1785891616718 was preloaded using link preload but not used within a few seconds from the window's load event. Please make sure it has an appropriate `as` value and it is preloaded intentionally. @ http://localhost:3000/campaign/cms5z4j6z0000zg48z5vzl2jn:0
[80499365ms] [WARNING] The resource http://localhost:3000/_next/static/css/app/layout.css?v=1785892948727 was preloaded using link preload but not used within a few seconds from the window's load event. Please make sure it has an appropriate `as` value and it is preloaded intentionally. @ http://localhost:3000/campaign/cms5z4j6z0000zg48z5vzl2jn:0
[80504285ms] [WARNING] The resource http://localhost:3000/_next/static/css/app/layout.css?v=1785892480948 was preloaded using link preload but not used within a few seconds from the window's load event. Please make sure it has an appropriate `as` value and it is preloaded intentionally. @ http://localhost:3000/campaign/cms5z4j6z0000zg48z5vzl2jn:0
[80504285ms] [WARNING] The resource http://localhost:3000/_next/static/css/app/layout.css?v=1785891613456 was preloaded using link preload but not used within a few seconds from the window's load event. Please make sure it has an appropriate `as` value and it is preloaded intentionally. @ http://localhost:3000/campaign/cms5z4j6z0000zg48z5vzl2jn:0
[80504285ms] [WARNING] The resource http://localhost:3000/_next/static/css/app/layout.css?v=1785892951196 was preloaded using link preload but not used within a few seconds from the window's load event. Please make sure it has an appropriate `as` value and it is preloaded intentionally. @ http://localhost:3000/campaign/cms5z4j6z0000zg48z5vzl2jn:0
[80504285ms] [WARNING] The resource http://localhost:3000/_next/static/css/app/layout.css?v=1785891616718 was preloaded using link preload but not used within a few seconds from the window's load event. Please make sure it has an appropriate `as` value and it is preloaded intentionally. @ http://localhost:3000/campaign/cms5z4j6z0000zg48z5vzl2jn:0
[80504285ms] [WARNING] The resource http://localhost:3000/_next/static/css/app/layout.css?v=1785892948727 was preloaded using link preload but not used within a few seconds from the window's load event. Please make sure it has an appropriate `as` value and it is preloaded intentionally. @ http://localhost:3000/campaign/cms5z4j6z0000zg48z5vzl2jn:0
[80509286ms] [WARNING] The resource http://localhost:3000/_next/static/css/app/layout.css?v=1785892480948 was preloaded using link preload but not used within a few seconds from the window's load event. Please make sure it has an appropriate `as` value and it is preloaded intentionally. @ http://localhost:3000/campaign/cms5z4j6z0000zg48z5vzl2jn:0
[80509286ms] [WARNING] The resource http://localhost:3000/_next/static/css/app/layout.css?v=1785891613456 was preloaded using link preload but not used within a few seconds from the window's load event. Please make sure it has an appropriate `as` value and it is preloaded intentionally. @ http://localhost:3000/campaign/cms5z4j6z0000zg48z5vzl2jn:0
[80509286ms] [WARNING] The resource http://localhost:3000/_next/static/css/app/layout.css?v=1785892951196 was preloaded using link preload but not used within a few seconds from the window's load event. Please make sure it has an appropriate `as` value and it is preloaded intentionally. @ http://localhost:3000/campaign/cms5z4j6z0000zg48z5vzl2jn:0
[80509286ms] [WARNING] The resource http://localhost:3000/_next/static/css/app/layout.css?v=1785891616718 was preloaded using link preload but not used within a few seconds from the window's load event. Please make sure it has an appropriate `as` value and it is preloaded intentionally. @ http://localhost:3000/campaign/cms5z4j6z0000zg48z5vzl2jn:0
[80509286ms] [WARNING] The resource http://localhost:3000/_next/static/css/app/layout.css?v=1785892948727 was preloaded using link preload but not used within a few seconds from the window's load event. Please make sure it has an appropriate `as` value and it is preloaded intentionally. @ http://localhost:3000/campaign/cms5z4j6z0000zg48z5vzl2jn:0
[80515555ms] [WARNING] The resource http://localhost:3000/_next/static/css/app/layout.css?v=1785892480948 was preloaded using link preload but not used within a few seconds from the window's load event. Please make sure it has an appropriate `as` value and it is preloaded intentionally. @ http://localhost:3000/campaign/cms5z4j6z0000zg48z5vzl2jn:0
[80515555ms] [WARNING] The resource http://localhost:3000/_next/static/css/app/layout.css?v=1785891613456 was preloaded using link preload but not used within a few seconds from the window's load event. Please make sure it has an appropriate `as` value and it is preloaded intentionally. @ http://localhost:3000/campaign/cms5z4j6z0000zg48z5vzl2jn:0
[80515555ms] [WARNING] The resource http://localhost:3000/_next/static/css/app/layout.css?v=1785892951196 was preloaded using link preload but not used within a few seconds from the window's load event. Please make sure it has an appropriate `as` value and it is preloaded intentionally. @ http://localhost:3000/campaign/cms5z4j6z0000zg48z5vzl2jn:0
[80515555ms] [WARNING] The resource http://localhost:3000/_next/static/css/app/layout.css?v=1785891616718 was preloaded using link preload but not used within a few seconds from the window's load event. Please make sure it has an appropriate `as` value and it is preloaded intentionally. @ http://localhost:3000/campaign/cms5z4j6z0000zg48z5vzl2jn:0
[80515555ms] [WARNING] The resource http://localhost:3000/_next/static/css/app/layout.css?v=1785892948727 was preloaded using link preload but not used within a few seconds from the window's load event. Please make sure it has an appropriate `as` value and it is preloaded intentionally. @ http://localhost:3000/campaign/cms5z4j6z0000zg48z5vzl2jn:0
[80519284ms] [WARNING] The resource http://localhost:3000/_next/static/css/app/layout.css?v=1785892480948 was preloaded using link preload but not used within a few seconds from the window's load event. Please make sure it has an appropriate `as` value and it is preloaded intentionally. @ http://localhost:3000/campaign/cms5z4j6z0000zg48z5vzl2jn:0
[80519284ms] [WARNING] The resource http://localhost:3000/_next/static/css/app/layout.css?v=1785891613456 was preloaded using link preload but not used within a few seconds from the window's load event. Please make sure it has an appropriate `as` value and it is preloaded intentionally. @ http://localhost:3000/campaign/cms5z4j6z0000zg48z5vzl2jn:0
[80519284ms] [WARNING] The resource http://localhost:3000/_next/static/css/app/layout.css?v=1785892951196 was preloaded using link preload but not used within a few seconds from the window's load event. Please make sure it has an appropriate `as` value and it is preloaded intentionally. @ http://localhost:3000/campaign/cms5z4j6z0000zg48z5vzl2jn:0
[80519284ms] [WARNING] The resource http://localhost:3000/_next/static/css/app/layout.css?v=1785891616718 was preloaded using link preload but not used within a few seconds from the window's load event. Please make sure it has an appropriate `as` value and it is preloaded intentionally. @ http://localhost:3000/campaign/cms5z4j6z0000zg48z5vzl2jn:0
[80519284ms] [WARNING] The resource http://localhost:3000/_next/static/css/app/layout.css?v=1785892948727 was preloaded using link preload but not used within a few seconds from the window's load event. Please make sure it has an appropriate `as` value and it is preloaded intentionally. @ http://localhost:3000/campaign/cms5z4j6z0000zg48z5vzl2jn:0
[80524288ms] [WARNING] The resource http://localhost:3000/_next/static/css/app/layout.css?v=1785892480948 was preloaded using link preload but not used within a few seconds from the window's load event. Please make sure it has an appropriate `as` value and it is preloaded intentionally. @ http://localhost:3000/campaign/cms5z4j6z0000zg48z5vzl2jn:0
[80524288ms] [WARNING] The resource http://localhost:3000/_next/static/css/app/layout.css?v=1785891613456 was preloaded using link preload but not used within a few seconds from the window's load event. Please make sure it has an appropriate `as` value and it is preloaded intentionally. @ http://localhost:3000/campaign/cms5z4j6z0000zg48z5vzl2jn:0
[80524288ms] [WARNING] The resource http://localhost:3000/_next/static/css/app/layout.css?v=1785892951196 was preloaded using link preload but not used within a few seconds from the window's load event. Please make sure it has an appropriate `as` value and it is preloaded intentionally. @ http://localhost:3000/campaign/cms5z4j6z0000zg48z5vzl2jn:0
[80524288ms] [WARNING] The resource http://localhost:3000/_next/static/css/app/layout.css?v=1785891616718 was preloaded using link preload but not used within a few seconds from the window's load event. Please make sure it has an appropriate `as` value and it is preloaded intentionally. @ http://localhost:3000/campaign/cms5z4j6z0000zg48z5vzl2jn:0
[80524288ms] [WARNING] The resource http://localhost:3000/_next/static/css/app/layout.css?v=1785892948727 was preloaded using link preload but not used within a few seconds from the window's load event. Please make sure it has an appropriate `as` value and it is preloaded intentionally. @ http://localhost:3000/campaign/cms5z4j6z0000zg48z5vzl2jn:0
[80529306ms] [WARNING] The resource http://localhost:3000/_next/static/css/app/layout.css?v=1785892480948 was preloaded using link preload but not used within a few seconds from the window's load event. Please make sure it has an appropriate `as` value and it is preloaded intentionally. @ http://localhost:3000/campaign/cms5z4j6z0000zg48z5vzl2jn:0
[80529306ms] [WARNING] The resource http://localhost:3000/_next/static/css/app/layout.css?v=1785891613456 was preloaded using link preload but not used within a few seconds from the window's load event. Please make sure it has an appropriate `as` value and it is preloaded intentionally. @ http://localhost:3000/campaign/cms5z4j6z0000zg48z5vzl2jn:0
[80529306ms] [WARNING] The resource http://localhost:3000/_next/static/css/app/layout.css?v=1785892951196 was preloaded using link preload but not used within a few seconds from the window's load event. Please make sure it has an appropriate `as` value and it is preloaded intentionally. @ http://localhost:3000/campaign/cms5z4j6z0000zg48z5vzl2jn:0
[80529306ms] [WARNING] The resource http://localhost:3000/_next/static/css/app/layout.css?v=1785891616718 was preloaded using link preload but not used within a few seconds from the window's load event. Please make sure it has an appropriate `as` value and it is preloaded intentionally. @ http://localhost:3000/campaign/cms5z4j6z0000zg48z5vzl2jn:0
[80529306ms] [WARNING] The resource http://localhost:3000/_next/static/css/app/layout.css?v=1785892948727 was preloaded using link preload but not used within a few seconds from the window's load event. Please make sure it has an appropriate `as` value and it is preloaded intentionally. @ http://localhost:3000/campaign/cms5z4j6z0000zg48z5vzl2jn:0
[80534301ms] [WARNING] The resource http://localhost:3000/_next/static/css/app/layout.css?v=1785892480948 was preloaded using link preload but not used within a few seconds from the window's load event. Please make sure it has an appropriate `as` value and it is preloaded intentionally. @ http://localhost:3000/campaign/cms5z4j6z0000zg48z5vzl2jn:0
[80534301ms] [WARNING] The resource http://localhost:3000/_next/static/css/app/layout.css?v=1785891613456 was preloaded using link preload but not used within a few seconds from the window's load event. Please make sure it has an appropriate `as` value and it is preloaded intentionally. @ http://localhost:3000/campaign/cms5z4j6z0000zg48z5vzl2jn:0
[80534301ms] [WARNING] The resource http://localhost:3000/_next/static/css/app/layout.css?v=1785892951196 was preloaded using link preload but not used within a few seconds from the window's load event. Please make sure it has an appropriate `as` value and it is preloaded intentionally. @ http://localhost:3000/campaign/cms5z4j6z0000zg48z5vzl2jn:0
[80534301ms] [WARNING] The resource http://localhost:3000/_next/static/css/app/layout.css?v=1785891616718 was preloaded using link preload but not used within a few seconds from the window's load event. Please make sure it has an appropriate `as` value and it is preloaded intentionally. @ http://localhost:3000/campaign/cms5z4j6z0000zg48z5vzl2jn:0
[80534301ms] [WARNING] The resource http://localhost:3000/_next/static/css/app/layout.css?v=1785892948727 was preloaded using link preload but not used within a few seconds from the window's load event. Please make sure it has an appropriate `as` value and it is preloaded intentionally. @ http://localhost:3000/campaign/cms5z4j6z0000zg48z5vzl2jn:0
[80539339ms] [WARNING] The resource http://localhost:3000/_next/static/css/app/layout.css?v=1785892480948 was preloaded using link preload but not used within a few seconds from the window's load event. Please make sure it has an appropriate `as` value and it is preloaded intentionally. @ http://localhost:3000/campaign/cms5z4j6z0000zg48z5vzl2jn:0
[80539339ms] [WARNING] The resource http://localhost:3000/_next/static/css/app/layout.css?v=1785891613456 was preloaded using link preload but not used within a few seconds from the window's load event. Please make sure it has an appropriate `as` value and it is preloaded intentionally. @ http://localhost:3000/campaign/cms5z4j6z0000zg48z5vzl2jn:0
[80539339ms] [WARNING] The resource http://localhost:3000/_next/static/css/app/layout.css?v=1785892951196 was preloaded using link preload but not used within a few seconds from the window's load event. Please make sure it has an appropriate `as` value and it is preloaded intentionally. @ http://localhost:3000/campaign/cms5z4j6z0000zg48z5vzl2jn:0
[80539339ms] [WARNING] The resource http://localhost:3000/_next/static/css/app/layout.css?v=1785891616718 was preloaded using link preload but not used within a few seconds from the window's load event. Please make sure it has an appropriate `as` value and it is preloaded intentionally. @ http://localhost:3000/campaign/cms5z4j6z0000zg48z5vzl2jn:0
[80539339ms] [WARNING] The resource http://localhost:3000/_next/static/css/app/layout.css?v=1785892948727 was preloaded using link preload but not used within a few seconds from the window's load event. Please make sure it has an appropriate `as` value and it is preloaded intentionally. @ http://localhost:3000/campaign/cms5z4j6z0000zg48z5vzl2jn:0
[80545511ms] [WARNING] The resource http://localhost:3000/_next/static/css/app/layout.css?v=1785892480948 was preloaded using link preload but not used within a few seconds from the window's load event. Please make sure it has an appropriate `as` value and it is preloaded intentionally. @ http://localhost:3000/campaign/cms5z4j6z0000zg48z5vzl2jn:0
[80545511ms] [WARNING] The resource http://localhost:3000/_next/static/css/app/layout.css?v=1785891613456 was preloaded using link preload but not used within a few seconds from the window's load event. Please make sure it has an appropriate `as` value and it is preloaded intentionally. @ http://localhost:3000/campaign/cms5z4j6z0000zg48z5vzl2jn:0
[80545511ms] [WARNING] The resource http://localhost:3000/_next/static/css/app/layout.css?v=1785892951196 was preloaded using link preload but not used within a few seconds from the window's load event. Please make sure it has an appropriate `as` value and it is preloaded intentionally. @ http://localhost:3000/campaign/cms5z4j6z0000zg48z5vzl2jn:0
[80545511ms] [WARNING] The resource http://localhost:3000/_next/static/css/app/layout.css?v=1785891616718 was preloaded using link preload but not used within a few seconds from the window's load event. Please make sure it has an appropriate `as` value and it is preloaded intentionally. @ http://localhost:3000/campaign/cms5z4j6z0000zg48z5vzl2jn:0
[80545511ms] [WARNING] The resource http://localhost:3000/_next/static/css/app/layout.css?v=1785892948727 was preloaded using link preload but not used within a few seconds from the window's load event. Please make sure it has an appropriate `as` value and it is preloaded intentionally. @ http://localhost:3000/campaign/cms5z4j6z0000zg48z5vzl2jn:0
[80549307ms] [WARNING] The resource http://localhost:3000/_next/static/css/app/layout.css?v=1785892480948 was preloaded using link preload but not used within a few seconds from the window's load event. Please make sure it has an appropriate `as` value and it is preloaded intentionally. @ http://localhost:3000/campaign/cms5z4j6z0000zg48z5vzl2jn:0
[80549307ms] [WARNING] The resource http://localhost:3000/_next/static/css/app/layout.css?v=1785891613456 was preloaded using link preload but not used within a few seconds from the window's load event. Please make sure it has an appropriate `as` value and it is preloaded intentionally. @ http://localhost:3000/campaign/cms5z4j6z0000zg48z5vzl2jn:0
[80549307ms] [WARNING] The resource http://localhost:3000/_next/static/css/app/layout.css?v=1785892951196 was preloaded using link preload but not used within a few seconds from the window's load event. Please make sure it has an appropriate `as` value and it is preloaded intentionally. @ http://localhost:3000/campaign/cms5z4j6z0000zg48z5vzl2jn:0
[80549307ms] [WARNING] The resource http://localhost:3000/_next/static/css/app/layout.css?v=1785891616718 was preloaded using link preload but not used within a few seconds from the window's load event. Please make sure it has an appropriate `as` value and it is preloaded intentionally. @ http://localhost:3000/campaign/cms5z4j6z0000zg48z5vzl2jn:0
[80549307ms] [WARNING] The resource http://localhost:3000/_next/static/css/app/layout.css?v=1785892948727 was preloaded using link preload but not used within a few seconds from the window's load event. Please make sure it has an appropriate `as` value and it is preloaded intentionally. @ http://localhost:3000/campaign/cms5z4j6z0000zg48z5vzl2jn:0
