[     654ms] [INFO] %cDownload the React DevTools for a better development experience: https://react.dev/link/react-devtools font-weight:bold @ webpack-internal:///(app-pages-browser)/./node_modules/next/dist/next-devtools/shared/forward-logs-shared.js:27
[     715ms] [LOG] [HMR] connected @ webpack-internal:///(app-pages-browser)/./node_modules/next/dist/next-devtools/shared/forward-logs-shared.js:27
[    2555ms] [WARNING] Canvas2D: Multiple readback operations using getImageData are faster with the willReadFrequently attribute set to true. See: https://html.spec.whatwg.org/multipage/canvas.html#concept-canvas-will-read-frequently @ webpack-internal:///(app-pages-browser)/./src/components/dice/DiceMesh.ts:191
[    2617ms] [WARNING] Canvas2D: Multiple readback operations using getImageData are faster with the willReadFrequently attribute set to true. See: https://html.spec.whatwg.org/multipage/canvas.html#concept-canvas-will-read-frequently @ webpack-internal:///(app-pages-browser)/./src/components/dice/DiceMesh.ts:191
[    2667ms] [WARNING] Canvas2D: Multiple readback operations using getImageData are faster with the willReadFrequently attribute set to true. See: https://html.spec.whatwg.org/multipage/canvas.html#concept-canvas-will-read-frequently @ webpack-internal:///(app-pages-browser)/./src/components/dice/DiceMesh.ts:191
[    2700ms] [WARNING] Canvas2D: Multiple readback operations using getImageData are faster with the willReadFrequently attribute set to true. See: https://html.spec.whatwg.org/multipage/canvas.html#concept-canvas-will-read-frequently @ webpack-internal:///(app-pages-browser)/./src/components/dice/DiceMesh.ts:191
[    2750ms] [WARNING] Canvas2D: Multiple readback operations using getImageData are faster with the willReadFrequently attribute set to true. See: https://html.spec.whatwg.org/multipage/canvas.html#concept-canvas-will-read-frequently @ webpack-internal:///(app-pages-browser)/./src/components/dice/DiceMesh.ts:191
[    2800ms] [WARNING] Canvas2D: Multiple readback operations using getImageData are faster with the willReadFrequently attribute set to true. See: https://html.spec.whatwg.org/multipage/canvas.html#concept-canvas-will-read-frequently @ webpack-internal:///(app-pages-browser)/./src/components/dice/DiceMesh.ts:191
[    2850ms] [WARNING] Canvas2D: Multiple readback operations using getImageData are faster with the willReadFrequently attribute set to true. See: https://html.spec.whatwg.org/multipage/canvas.html#concept-canvas-will-read-frequently @ webpack-internal:///(app-pages-browser)/./src/components/dice/DiceMesh.ts:191
[    2900ms] [WARNING] Canvas2D: Multiple readback operations using getImageData are faster with the willReadFrequently attribute set to true. See: https://html.spec.whatwg.org/multipage/canvas.html#concept-canvas-will-read-frequently @ webpack-internal:///(app-pages-browser)/./src/components/dice/DiceMesh.ts:191
[    2950ms] [WARNING] Canvas2D: Multiple readback operations using getImageData are faster with the willReadFrequently attribute set to true. See: https://html.spec.whatwg.org/multipage/canvas.html#concept-canvas-will-read-frequently @ webpack-internal:///(app-pages-browser)/./src/components/dice/DiceMesh.ts:191
[    3000ms] [WARNING] Canvas2D: Multiple readback operations using getImageData are faster with the willReadFrequently attribute set to true. See: https://html.spec.whatwg.org/multipage/canvas.html#concept-canvas-will-read-frequently @ webpack-internal:///(app-pages-browser)/./src/components/dice/DiceMesh.ts:191
[    3051ms] [WARNING] Canvas2D: Multiple readback operations using getImageData are faster with the willReadFrequently attribute set to true. See: https://html.spec.whatwg.org/multipage/canvas.html#concept-canvas-will-read-frequently @ webpack-internal:///(app-pages-browser)/./src/components/dice/DiceMesh.ts:191
[    3118ms] [WARNING] Canvas2D: Multiple readback operations using getImageData are faster with the willReadFrequently attribute set to true. See: https://html.spec.whatwg.org/multipage/canvas.html#concept-canvas-will-read-frequently @ webpack-internal:///(app-pages-browser)/./src/components/dice/DiceMesh.ts:191
[    3151ms] [WARNING] Canvas2D: Multiple readback operations using getImageData are faster with the willReadFrequently attribute set to true. See: https://html.spec.whatwg.org/multipage/canvas.html#concept-canvas-will-read-frequently @ webpack-internal:///(app-pages-browser)/./src/components/dice/DiceMesh.ts:191
[    3184ms] [WARNING] Canvas2D: Multiple readback operations using getImageData are faster with the willReadFrequently attribute set to true. See: https://html.spec.whatwg.org/multipage/canvas.html#concept-canvas-will-read-frequently @ webpack-internal:///(app-pages-browser)/./src/components/dice/DiceMesh.ts:191
[    3218ms] [WARNING] Canvas2D: Multiple readback operations using getImageData are faster with the willReadFrequently attribute set to true. See: https://html.spec.whatwg.org/multipage/canvas.html#concept-canvas-will-read-frequently @ webpack-internal:///(app-pages-browser)/./src/components/dice/DiceMesh.ts:191
[    3251ms] [WARNING] Canvas2D: Multiple readback operations using getImageData are faster with the willReadFrequently attribute set to true. See: https://html.spec.whatwg.org/multipage/canvas.html#concept-canvas-will-read-frequently @ webpack-internal:///(app-pages-browser)/./src/components/dice/DiceMesh.ts:191
[    3301ms] [WARNING] Canvas2D: Multiple readback operations using getImageData are faster with the willReadFrequently attribute set to true. See: https://html.spec.whatwg.org/multipage/canvas.html#concept-canvas-will-read-frequently @ webpack-internal:///(app-pages-browser)/./src/components/dice/DiceMesh.ts:191
[    3334ms] [WARNING] Canvas2D: Multiple readback operations using getImageData are faster with the willReadFrequently attribute set to true. See: https://html.spec.whatwg.org/multipage/canvas.html#concept-canvas-will-read-frequently @ webpack-internal:///(app-pages-browser)/./src/components/dice/DiceMesh.ts:191
[    3367ms] [WARNING] Canvas2D: Multiple readback operations using getImageData are faster with the willReadFrequently attribute set to true. See: https://html.spec.whatwg.org/multipage/canvas.html#concept-canvas-will-read-frequently @ webpack-internal:///(app-pages-browser)/./src/components/dice/DiceMesh.ts:191
[    3401ms] [WARNING] Canvas2D: Multiple readback operations using getImageData are faster with the willReadFrequently attribute set to true. See: https://html.spec.whatwg.org/multipage/canvas.html#concept-canvas-will-read-frequently @ webpack-internal:///(app-pages-browser)/./src/components/dice/DiceMesh.ts:191
[    3434ms] [WARNING] Canvas2D: Multiple readback operations using getImageData are faster with the willReadFrequently attribute set to true. See: https://html.spec.whatwg.org/multipage/canvas.html#concept-canvas-will-read-frequently @ webpack-internal:///(app-pages-browser)/./src/components/dice/DiceMesh.ts:191
[    3467ms] [WARNING] Canvas2D: Multiple readback operations using getImageData are faster with the willReadFrequently attribute set to true. See: https://html.spec.whatwg.org/multipage/canvas.html#concept-canvas-will-read-frequently @ webpack-internal:///(app-pages-browser)/./src/components/dice/DiceMesh.ts:191
[    3517ms] [WARNING] Canvas2D: Multiple readback operations using getImageData are faster with the willReadFrequently attribute set to true. See: https://html.spec.whatwg.org/multipage/canvas.html#concept-canvas-will-read-frequently @ webpack-internal:///(app-pages-browser)/./src/components/dice/DiceMesh.ts:191
[    3551ms] [WARNING] Canvas2D: Multiple readback operations using getImageData are faster with the willReadFrequently attribute set to true. See: https://html.spec.whatwg.org/multipage/canvas.html#concept-canvas-will-read-frequently @ webpack-internal:///(app-pages-browser)/./src/components/dice/DiceMesh.ts:191
[    3584ms] [WARNING] Canvas2D: Multiple readback operations using getImageData are faster with the willReadFrequently attribute set to true. See: https://html.spec.whatwg.org/multipage/canvas.html#concept-canvas-will-read-frequently @ webpack-internal:///(app-pages-browser)/./src/components/dice/DiceMesh.ts:191
[    3634ms] [WARNING] Canvas2D: Multiple readback operations using getImageData are faster with the willReadFrequently attribute set to true. See: https://html.spec.whatwg.org/multipage/canvas.html#concept-canvas-will-read-frequently @ webpack-internal:///(app-pages-browser)/./src/components/dice/DiceMesh.ts:191
[    3668ms] [WARNING] Canvas2D: Multiple readback operations using getImageData are faster with the willReadFrequently attribute set to true. See: https://html.spec.whatwg.org/multipage/canvas.html#concept-canvas-will-read-frequently @ webpack-internal:///(app-pages-browser)/./src/components/dice/DiceMesh.ts:191
[    3718ms] [WARNING] Canvas2D: Multiple readback operations using getImageData are faster with the willReadFrequently attribute set to true. See: https://html.spec.whatwg.org/multipage/canvas.html#concept-canvas-will-read-frequently @ webpack-internal:///(app-pages-browser)/./src/components/dice/DiceMesh.ts:191
[    3751ms] [WARNING] Canvas2D: Multiple readback operations using getImageData are faster with the willReadFrequently attribute set to true. See: https://html.spec.whatwg.org/multipage/canvas.html#concept-canvas-will-read-frequently @ webpack-internal:///(app-pages-browser)/./src/components/dice/DiceMesh.ts:191
[    3801ms] [WARNING] Canvas2D: Multiple readback operations using getImageData are faster with the willReadFrequently attribute set to true. See: https://html.spec.whatwg.org/multipage/canvas.html#concept-canvas-will-read-frequently @ webpack-internal:///(app-pages-browser)/./src/components/dice/DiceMesh.ts:191
[    3834ms] [WARNING] Canvas2D: Multiple readback operations using getImageData are faster with the willReadFrequently attribute set to true. See: https://html.spec.whatwg.org/multipage/canvas.html#concept-canvas-will-read-frequently @ webpack-internal:///(app-pages-browser)/./src/components/dice/DiceMesh.ts:191
[    3884ms] [WARNING] Canvas2D: Multiple readback operations using getImageData are faster with the willReadFrequently attribute set to true. See: https://html.spec.whatwg.org/multipage/canvas.html#concept-canvas-will-read-frequently @ webpack-internal:///(app-pages-browser)/./src/components/dice/DiceMesh.ts:191
[    3918ms] [WARNING] Canvas2D: Multiple readback operations using getImageData are faster with the willReadFrequently attribute set to true. See: https://html.spec.whatwg.org/multipage/canvas.html#concept-canvas-will-read-frequently @ webpack-internal:///(app-pages-browser)/./src/components/dice/DiceMesh.ts:191
[    3951ms] [WARNING] Canvas2D: Multiple readback operations using getImageData are faster with the willReadFrequently attribute set to true. See: https://html.spec.whatwg.org/multipage/canvas.html#concept-canvas-will-read-frequently @ webpack-internal:///(app-pages-browser)/./src/components/dice/DiceMesh.ts:191
[    4001ms] [WARNING] Canvas2D: Multiple readback operations using getImageData are faster with the willReadFrequently attribute set to true. See: https://html.spec.whatwg.org/multipage/canvas.html#concept-canvas-will-read-frequently @ webpack-internal:///(app-pages-browser)/./src/components/dice/DiceMesh.ts:191
[    4034ms] [WARNING] Canvas2D: Multiple readback operations using getImageData are faster with the willReadFrequently attribute set to true. See: https://html.spec.whatwg.org/multipage/canvas.html#concept-canvas-will-read-frequently @ webpack-internal:///(app-pages-browser)/./src/components/dice/DiceMesh.ts:191
[    4067ms] [WARNING] Canvas2D: Multiple readback operations using getImageData are faster with the willReadFrequently attribute set to true. See: https://html.spec.whatwg.org/multipage/canvas.html#concept-canvas-will-read-frequently @ webpack-internal:///(app-pages-browser)/./src/components/dice/DiceMesh.ts:191
[    4118ms] [WARNING] Canvas2D: Multiple readback operations using getImageData are faster with the willReadFrequently attribute set to true. See: https://html.spec.whatwg.org/multipage/canvas.html#concept-canvas-will-read-frequently @ webpack-internal:///(app-pages-browser)/./src/components/dice/DiceMesh.ts:191
[    4151ms] [WARNING] Canvas2D: Multiple readback operations using getImageData are faster with the willReadFrequently attribute set to true. See: https://html.spec.whatwg.org/multipage/canvas.html#concept-canvas-will-read-frequently @ webpack-internal:///(app-pages-browser)/./src/components/dice/DiceMesh.ts:191
[    4185ms] [WARNING] Canvas2D: Multiple readback operations using getImageData are faster with the willReadFrequently attribute set to true. See: https://html.spec.whatwg.org/multipage/canvas.html#concept-canvas-will-read-frequently @ webpack-internal:///(app-pages-browser)/./src/components/dice/DiceMesh.ts:191
[    4236ms] [WARNING] Canvas2D: Multiple readback operations using getImageData are faster with the willReadFrequently attribute set to true. See: https://html.spec.whatwg.org/multipage/canvas.html#concept-canvas-will-read-frequently @ webpack-internal:///(app-pages-browser)/./src/components/dice/DiceMesh.ts:191
[    4285ms] [WARNING] Canvas2D: Multiple readback operations using getImageData are faster with the willReadFrequently attribute set to true. See: https://html.spec.whatwg.org/multipage/canvas.html#concept-canvas-will-read-frequently @ webpack-internal:///(app-pages-browser)/./src/components/dice/DiceMesh.ts:191
[    4335ms] [WARNING] Canvas2D: Multiple readback operations using getImageData are faster with the willReadFrequently attribute set to true. See: https://html.spec.whatwg.org/multipage/canvas.html#concept-canvas-will-read-frequently @ webpack-internal:///(app-pages-browser)/./src/components/dice/DiceMesh.ts:191
[    4385ms] [WARNING] Canvas2D: Multiple readback operations using getImageData are faster with the willReadFrequently attribute set to true. See: https://html.spec.whatwg.org/multipage/canvas.html#concept-canvas-will-read-frequently @ webpack-internal:///(app-pages-browser)/./src/components/dice/DiceMesh.ts:191
[    4418ms] [WARNING] Canvas2D: Multiple readback operations using getImageData are faster with the willReadFrequently attribute set to true. See: https://html.spec.whatwg.org/multipage/canvas.html#concept-canvas-will-read-frequently @ webpack-internal:///(app-pages-browser)/./src/components/dice/DiceMesh.ts:191
[    4451ms] [WARNING] Canvas2D: Multiple readback operations using getImageData are faster with the willReadFrequently attribute set to true. See: https://html.spec.whatwg.org/multipage/canvas.html#concept-canvas-will-read-frequently @ webpack-internal:///(app-pages-browser)/./src/components/dice/DiceMesh.ts:191
[    4485ms] [WARNING] Canvas2D: Multiple readback operations using getImageData are faster with the willReadFrequently attribute set to true. See: https://html.spec.whatwg.org/multipage/canvas.html#concept-canvas-will-read-frequently @ webpack-internal:///(app-pages-browser)/./src/components/dice/DiceMesh.ts:191
[    4518ms] [WARNING] Canvas2D: Multiple readback operations using getImageData are faster with the willReadFrequently attribute set to true. See: https://html.spec.whatwg.org/multipage/canvas.html#concept-canvas-will-read-frequently @ webpack-internal:///(app-pages-browser)/./src/components/dice/DiceMesh.ts:191
[    4551ms] [WARNING] Canvas2D: Multiple readback operations using getImageData are faster with the willReadFrequently attribute set to true. See: https://html.spec.whatwg.org/multipage/canvas.html#concept-canvas-will-read-frequently @ webpack-internal:///(app-pages-browser)/./src/components/dice/DiceMesh.ts:191
[    4602ms] [WARNING] Canvas2D: Multiple readback operations using getImageData are faster with the willReadFrequently attribute set to true. See: https://html.spec.whatwg.org/multipage/canvas.html#concept-canvas-will-read-frequently @ webpack-internal:///(app-pages-browser)/./src/components/dice/DiceMesh.ts:191
[    4635ms] [WARNING] Canvas2D: Multiple readback operations using getImageData are faster with the willReadFrequently attribute set to true. See: https://html.spec.whatwg.org/multipage/canvas.html#concept-canvas-will-read-frequently @ webpack-internal:///(app-pages-browser)/./src/components/dice/DiceMesh.ts:191
[    4685ms] [WARNING] Canvas2D: Multiple readback operations using getImageData are faster with the willReadFrequently attribute set to true. See: https://html.spec.whatwg.org/multipage/canvas.html#concept-canvas-will-read-frequently @ webpack-internal:///(app-pages-browser)/./src/components/dice/DiceMesh.ts:191
[    4735ms] [WARNING] Canvas2D: Multiple readback operations using getImageData are faster with the willReadFrequently attribute set to true. See: https://html.spec.whatwg.org/multipage/canvas.html#concept-canvas-will-read-frequently @ webpack-internal:///(app-pages-browser)/./src/components/dice/DiceMesh.ts:191
[    4768ms] [WARNING] Canvas2D: Multiple readback operations using getImageData are faster with the willReadFrequently attribute set to true. See: https://html.spec.whatwg.org/multipage/canvas.html#concept-canvas-will-read-frequently @ webpack-internal:///(app-pages-browser)/./src/components/dice/DiceMesh.ts:191
[    4818ms] [WARNING] Canvas2D: Multiple readback operations using getImageData are faster with the willReadFrequently attribute set to true. See: https://html.spec.whatwg.org/multipage/canvas.html#concept-canvas-will-read-frequently @ webpack-internal:///(app-pages-browser)/./src/components/dice/DiceMesh.ts:191
[    4868ms] [WARNING] Canvas2D: Multiple readback operations using getImageData are faster with the willReadFrequently attribute set to true. See: https://html.spec.whatwg.org/multipage/canvas.html#concept-canvas-will-read-frequently @ webpack-internal:///(app-pages-browser)/./src/components/dice/DiceMesh.ts:191
[    4902ms] [WARNING] Canvas2D: Multiple readback operations using getImageData are faster with the willReadFrequently attribute set to true. See: https://html.spec.whatwg.org/multipage/canvas.html#concept-canvas-will-read-frequently @ webpack-internal:///(app-pages-browser)/./src/components/dice/DiceMesh.ts:191
[    4935ms] [WARNING] Canvas2D: Multiple readback operations using getImageData are faster with the willReadFrequently attribute set to true. See: https://html.spec.whatwg.org/multipage/canvas.html#concept-canvas-will-read-frequently @ webpack-internal:///(app-pages-browser)/./src/components/dice/DiceMesh.ts:191
[    4985ms] [WARNING] Canvas2D: Multiple readback operations using getImageData are faster with the willReadFrequently attribute set to true. See: https://html.spec.whatwg.org/multipage/canvas.html#concept-canvas-will-read-frequently @ webpack-internal:///(app-pages-browser)/./src/components/dice/DiceMesh.ts:191
[    5019ms] [WARNING] Canvas2D: Multiple readback operations using getImageData are faster with the willReadFrequently attribute set to true. See: https://html.spec.whatwg.org/multipage/canvas.html#concept-canvas-will-read-frequently @ webpack-internal:///(app-pages-browser)/./src/components/dice/DiceMesh.ts:191
[    5068ms] [WARNING] Canvas2D: Multiple readback operations using getImageData are faster with the willReadFrequently attribute set to true. See: https://html.spec.whatwg.org/multipage/canvas.html#concept-canvas-will-read-frequently @ webpack-internal:///(app-pages-browser)/./src/components/dice/DiceMesh.ts:191
[    5118ms] [WARNING] Canvas2D: Multiple readback operations using getImageData are faster with the willReadFrequently attribute set to true. See: https://html.spec.whatwg.org/multipage/canvas.html#concept-canvas-will-read-frequently @ webpack-internal:///(app-pages-browser)/./src/components/dice/DiceMesh.ts:191
[    5152ms] [WARNING] Canvas2D: Multiple readback operations using getImageData are faster with the willReadFrequently attribute set to true. See: https://html.spec.whatwg.org/multipage/canvas.html#concept-canvas-will-read-frequently @ webpack-internal:///(app-pages-browser)/./src/components/dice/DiceMesh.ts:191
[    5185ms] [WARNING] Canvas2D: Multiple readback operations using getImageData are faster with the willReadFrequently attribute set to true. See: https://html.spec.whatwg.org/multipage/canvas.html#concept-canvas-will-read-frequently @ webpack-internal:///(app-pages-browser)/./src/components/dice/DiceMesh.ts:191
[    5235ms] [WARNING] Canvas2D: Multiple readback operations using getImageData are faster with the willReadFrequently attribute set to true. See: https://html.spec.whatwg.org/multipage/canvas.html#concept-canvas-will-read-frequently @ webpack-internal:///(app-pages-browser)/./src/components/dice/DiceMesh.ts:191
[    5269ms] [WARNING] Canvas2D: Multiple readback operations using getImageData are faster with the willReadFrequently attribute set to true. See: https://html.spec.whatwg.org/multipage/canvas.html#concept-canvas-will-read-frequently @ webpack-internal:///(app-pages-browser)/./src/components/dice/DiceMesh.ts:191
[    5302ms] [WARNING] Canvas2D: Multiple readback operations using getImageData are faster with the willReadFrequently attribute set to true. See: https://html.spec.whatwg.org/multipage/canvas.html#concept-canvas-will-read-frequently @ webpack-internal:///(app-pages-browser)/./src/components/dice/DiceMesh.ts:191
[    5335ms] [WARNING] Canvas2D: Multiple readback operations using getImageData are faster with the willReadFrequently attribute set to true. See: https://html.spec.whatwg.org/multipage/canvas.html#concept-canvas-will-read-frequently @ webpack-internal:///(app-pages-browser)/./src/components/dice/DiceMesh.ts:191
[    5368ms] [WARNING] Canvas2D: Multiple readback operations using getImageData are faster with the willReadFrequently attribute set to true. See: https://html.spec.whatwg.org/multipage/canvas.html#concept-canvas-will-read-frequently @ webpack-internal:///(app-pages-browser)/./src/components/dice/DiceMesh.ts:191
[    5402ms] [WARNING] Canvas2D: Multiple readback operations using getImageData are faster with the willReadFrequently attribute set to true. See: https://html.spec.whatwg.org/multipage/canvas.html#concept-canvas-will-read-frequently @ webpack-internal:///(app-pages-browser)/./src/components/dice/DiceMesh.ts:191
[    5435ms] [WARNING] Canvas2D: Multiple readback operations using getImageData are faster with the willReadFrequently attribute set to true. See: https://html.spec.whatwg.org/multipage/canvas.html#concept-canvas-will-read-frequently @ webpack-internal:///(app-pages-browser)/./src/components/dice/DiceMesh.ts:191
[    5468ms] [WARNING] Canvas2D: Multiple readback operations using getImageData are faster with the willReadFrequently attribute set to true. See: https://html.spec.whatwg.org/multipage/canvas.html#concept-canvas-will-read-frequently @ webpack-internal:///(app-pages-browser)/./src/components/dice/DiceMesh.ts:191
[    5502ms] [WARNING] Canvas2D: Multiple readback operations using getImageData are faster with the willReadFrequently attribute set to true. See: https://html.spec.whatwg.org/multipage/canvas.html#concept-canvas-will-read-frequently @ webpack-internal:///(app-pages-browser)/./src/components/dice/DiceMesh.ts:191
[    5536ms] [WARNING] Canvas2D: Multiple readback operations using getImageData are faster with the willReadFrequently attribute set to true. See: https://html.spec.whatwg.org/multipage/canvas.html#concept-canvas-will-read-frequently @ webpack-internal:///(app-pages-browser)/./src/components/dice/DiceMesh.ts:191
[    5569ms] [WARNING] Canvas2D: Multiple readback operations using getImageData are faster with the willReadFrequently attribute set to true. See: https://html.spec.whatwg.org/multipage/canvas.html#concept-canvas-will-read-frequently @ webpack-internal:///(app-pages-browser)/./src/components/dice/DiceMesh.ts:191
[    5619ms] [WARNING] Canvas2D: Multiple readback operations using getImageData are faster with the willReadFrequently attribute set to true. See: https://html.spec.whatwg.org/multipage/canvas.html#concept-canvas-will-read-frequently @ webpack-internal:///(app-pages-browser)/./src/components/dice/DiceMesh.ts:191
[   67861ms] [LOG] [Fast Refresh] rebuilding @ webpack-internal:///(app-pages-browser)/./node_modules/next/dist/next-devtools/shared/forward-logs-shared.js:27
[   68397ms] [LOG] [Fast Refresh] done in 537ms @ webpack-internal:///(app-pages-browser)/./node_modules/next/dist/next-devtools/shared/forward-logs-shared.js:27
[   68428ms] [LOG] [Fast Refresh] rebuilding @ webpack-internal:///(app-pages-browser)/./node_modules/next/dist/next-devtools/shared/forward-logs-shared.js:27
[   68772ms] [LOG] [Fast Refresh] done in 343ms @ webpack-internal:///(app-pages-browser)/./node_modules/next/dist/next-devtools/shared/forward-logs-shared.js:27
[   91044ms] [LOG] [Fast Refresh] rebuilding @ webpack-internal:///(app-pages-browser)/./node_modules/next/dist/next-devtools/shared/forward-logs-shared.js:27
[   91240ms] [LOG] [Fast Refresh] done in 196ms @ webpack-internal:///(app-pages-browser)/./node_modules/next/dist/next-devtools/shared/forward-logs-shared.js:27
[  143918ms] [LOG] [Fast Refresh] rebuilding @ webpack-internal:///(app-pages-browser)/./node_modules/next/dist/next-devtools/shared/forward-logs-shared.js:27
[  144118ms] [LOG] [Fast Refresh] done in 200ms @ webpack-internal:///(app-pages-browser)/./node_modules/next/dist/next-devtools/shared/forward-logs-shared.js:27
[  144138ms] [LOG] [Fast Refresh] rebuilding @ webpack-internal:///(app-pages-browser)/./node_modules/next/dist/next-devtools/shared/forward-logs-shared.js:27
[  144311ms] [LOG] [Fast Refresh] done in 174ms @ webpack-internal:///(app-pages-browser)/./node_modules/next/dist/next-devtools/shared/forward-logs-shared.js:27
[  273316ms] [LOG] [Fast Refresh] rebuilding @ webpack-internal:///(app-pages-browser)/./node_modules/next/dist/next-devtools/shared/forward-logs-shared.js:27
[  273852ms] [ERROR] Failed to load resource: the server responded with a status of 404 (Not Found) @ http://localhost:3000/api/campaigns/cmmr6djjy0000ws482a52nc1y/skill-check/wager:0
[  273855ms] [ERROR] [Wager] Check not found or already resolved @ webpack-internal:///(app-pages-browser)/./node_modules/next/dist/next-devtools/userspace/app/errors/intercept-console-error.js:51
[  273922ms] [LOG] [Fast Refresh] done in 606ms @ webpack-internal:///(app-pages-browser)/./node_modules/next/dist/next-devtools/shared/forward-logs-shared.js:27
[  275758ms] [ERROR] Unable to preventDefault inside passive event listener invocation. @ webpack-internal:///(app-pages-browser)/./node_modules/next/dist/compiled/react-dom/cjs/react-dom-client.development.js:3511
[  275790ms] [ERROR] Unable to preventDefault inside passive event listener invocation. @ webpack-internal:///(app-pages-browser)/./node_modules/next/dist/compiled/react-dom/cjs/react-dom-client.development.js:3511
[  275824ms] [ERROR] Unable to preventDefault inside passive event listener invocation. @ webpack-internal:///(app-pages-browser)/./node_modules/next/dist/compiled/react-dom/cjs/react-dom-client.development.js:3511
[  276124ms] [ERROR] Unable to preventDefault inside passive event listener invocation. @ webpack-internal:///(app-pages-browser)/./node_modules/next/dist/compiled/react-dom/cjs/react-dom-client.development.js:3511
[  277913ms] [INFO] %cDownload the React DevTools for a better development experience: https://react.dev/link/react-devtools font-weight:bold @ webpack-internal:///(app-pages-browser)/./node_modules/next/dist/next-devtools/shared/forward-logs-shared.js:27
[  277970ms] [LOG] [HMR] connected @ webpack-internal:///(app-pages-browser)/./node_modules/next/dist/next-devtools/shared/forward-logs-shared.js:27
[  278141ms] [LOG] [Fast Refresh] rebuilding @ webpack-internal:///(app-pages-browser)/./node_modules/next/dist/next-devtools/shared/forward-logs-shared.js:27
[  278482ms] [LOG] [Fast Refresh] done in 342ms @ webpack-internal:///(app-pages-browser)/./node_modules/next/dist/next-devtools/shared/forward-logs-shared.js:27
[  279360ms] [WARNING] Canvas2D: Multiple readback operations using getImageData are faster with the willReadFrequently attribute set to true. See: https://html.spec.whatwg.org/multipage/canvas.html#concept-canvas-will-read-frequently @ webpack-internal:///(app-pages-browser)/./src/components/dice/DiceMesh.ts:191
[  279408ms] [WARNING] Canvas2D: Multiple readback operations using getImageData are faster with the willReadFrequently attribute set to true. See: https://html.spec.whatwg.org/multipage/canvas.html#concept-canvas-will-read-frequently @ webpack-internal:///(app-pages-browser)/./src/components/dice/DiceMesh.ts:191
[  279458ms] [WARNING] Canvas2D: Multiple readback operations using getImageData are faster with the willReadFrequently attribute set to true. See: https://html.spec.whatwg.org/multipage/canvas.html#concept-canvas-will-read-frequently @ webpack-internal:///(app-pages-browser)/./src/components/dice/DiceMesh.ts:191
[  279508ms] [WARNING] Canvas2D: Multiple readback operations using getImageData are faster with the willReadFrequently attribute set to true. See: https://html.spec.whatwg.org/multipage/canvas.html#concept-canvas-will-read-frequently @ webpack-internal:///(app-pages-browser)/./src/components/dice/DiceMesh.ts:191
[  279541ms] [WARNING] Canvas2D: Multiple readback operations using getImageData are faster with the willReadFrequently attribute set to true. See: https://html.spec.whatwg.org/multipage/canvas.html#concept-canvas-will-read-frequently @ webpack-internal:///(app-pages-browser)/./src/components/dice/DiceMesh.ts:191
[  279592ms] [WARNING] Canvas2D: Multiple readback operations using getImageData are faster with the willReadFrequently attribute set to true. See: https://html.spec.whatwg.org/multipage/canvas.html#concept-canvas-will-read-frequently @ webpack-internal:///(app-pages-browser)/./src/components/dice/DiceMesh.ts:191
[  279641ms] [WARNING] Canvas2D: Multiple readback operations using getImageData are faster with the willReadFrequently attribute set to true. See: https://html.spec.whatwg.org/multipage/canvas.html#concept-canvas-will-read-frequently @ webpack-internal:///(app-pages-browser)/./src/components/dice/DiceMesh.ts:191
[  279691ms] [WARNING] Canvas2D: Multiple readback operations using getImageData are faster with the willReadFrequently attribute set to true. See: https://html.spec.whatwg.org/multipage/canvas.html#concept-canvas-will-read-frequently @ webpack-internal:///(app-pages-browser)/./src/components/dice/DiceMesh.ts:191
[  279725ms] [WARNING] Canvas2D: Multiple readback operations using getImageData are faster with the willReadFrequently attribute set to true. See: https://html.spec.whatwg.org/multipage/canvas.html#concept-canvas-will-read-frequently @ webpack-internal:///(app-pages-browser)/./src/components/dice/DiceMesh.ts:191
[  279796ms] [WARNING] Canvas2D: Multiple readback operations using getImageData are faster with the willReadFrequently attribute set to true. See: https://html.spec.whatwg.org/multipage/canvas.html#concept-canvas-will-read-frequently @ webpack-internal:///(app-pages-browser)/./src/components/dice/DiceMesh.ts:191
[  279846ms] [WARNING] Canvas2D: Multiple readback operations using getImageData are faster with the willReadFrequently attribute set to true. See: https://html.spec.whatwg.org/multipage/canvas.html#concept-canvas-will-read-frequently @ webpack-internal:///(app-pages-browser)/./src/components/dice/DiceMesh.ts:191
[  279897ms] [WARNING] Canvas2D: Multiple readback operations using getImageData are faster with the willReadFrequently attribute set to true. See: https://html.spec.whatwg.org/multipage/canvas.html#concept-canvas-will-read-frequently @ webpack-internal:///(app-pages-browser)/./src/components/dice/DiceMesh.ts:191
[  279930ms] [WARNING] Canvas2D: Multiple readback operations using getImageData are faster with the willReadFrequently attribute set to true. See: https://html.spec.whatwg.org/multipage/canvas.html#concept-canvas-will-read-frequently @ webpack-internal:///(app-pages-browser)/./src/components/dice/DiceMesh.ts:191
[  279963ms] [WARNING] Canvas2D: Multiple readback operations using getImageData are faster with the willReadFrequently attribute set to true. See: https://html.spec.whatwg.org/multipage/canvas.html#concept-canvas-will-read-frequently @ webpack-internal:///(app-pages-browser)/./src/components/dice/DiceMesh.ts:191
[  279996ms] [WARNING] Canvas2D: Multiple readback operations using getImageData are faster with the willReadFrequently attribute set to true. See: https://html.spec.whatwg.org/multipage/canvas.html#concept-canvas-will-read-frequently @ webpack-internal:///(app-pages-browser)/./src/components/dice/DiceMesh.ts:191
[  280030ms] [WARNING] Canvas2D: Multiple readback operations using getImageData are faster with the willReadFrequently attribute set to true. See: https://html.spec.whatwg.org/multipage/canvas.html#concept-canvas-will-read-frequently @ webpack-internal:///(app-pages-browser)/./src/components/dice/DiceMesh.ts:191
[  280063ms] [WARNING] Canvas2D: Multiple readback operations using getImageData are faster with the willReadFrequently attribute set to true. See: https://html.spec.whatwg.org/multipage/canvas.html#concept-canvas-will-read-frequently @ webpack-internal:///(app-pages-browser)/./src/components/dice/DiceMesh.ts:191
[  280096ms] [WARNING] Canvas2D: Multiple readback operations using getImageData are faster with the willReadFrequently attribute set to true. See: https://html.spec.whatwg.org/multipage/canvas.html#concept-canvas-will-read-frequently @ webpack-internal:///(app-pages-browser)/./src/components/dice/DiceMesh.ts:191
[  280130ms] [WARNING] Canvas2D: Multiple readback operations using getImageData are faster with the willReadFrequently attribute set to true. See: https://html.spec.whatwg.org/multipage/canvas.html#concept-canvas-will-read-frequently @ webpack-internal:///(app-pages-browser)/./src/components/dice/DiceMesh.ts:191
[  280163ms] [WARNING] Canvas2D: Multiple readback operations using getImageData are faster with the willReadFrequently attribute set to true. See: https://html.spec.whatwg.org/multipage/canvas.html#concept-canvas-will-read-frequently @ webpack-internal:///(app-pages-browser)/./src/components/dice/DiceMesh.ts:191
[  280196ms] [WARNING] Canvas2D: Multiple readback operations using getImageData are faster with the willReadFrequently attribute set to true. See: https://html.spec.whatwg.org/multipage/canvas.html#concept-canvas-will-read-frequently @ webpack-internal:///(app-pages-browser)/./src/components/dice/DiceMesh.ts:191
[  280230ms] [WARNING] Canvas2D: Multiple readback operations using getImageData are faster with the willReadFrequently attribute set to true. See: https://html.spec.whatwg.org/multipage/canvas.html#concept-canvas-will-read-frequently @ webpack-internal:///(app-pages-browser)/./src/components/dice/DiceMesh.ts:191
[  280278ms] [WARNING] Canvas2D: Multiple readback operations using getImageData are faster with the willReadFrequently attribute set to true. See: https://html.spec.whatwg.org/multipage/canvas.html#concept-canvas-will-read-frequently @ webpack-internal:///(app-pages-browser)/./src/components/dice/DiceMesh.ts:191
[  280313ms] [WARNING] Canvas2D: Multiple readback operations using getImageData are faster with the willReadFrequently attribute set to true. See: https://html.spec.whatwg.org/multipage/canvas.html#concept-canvas-will-read-frequently @ webpack-internal:///(app-pages-browser)/./src/components/dice/DiceMesh.ts:191
[  280347ms] [WARNING] Canvas2D: Multiple readback operations using getImageData are faster with the willReadFrequently attribute set to true. See: https://html.spec.whatwg.org/multipage/canvas.html#concept-canvas-will-read-frequently @ webpack-internal:///(app-pages-browser)/./src/components/dice/DiceMesh.ts:191
[  280379ms] [WARNING] Canvas2D: Multiple readback operations using getImageData are faster with the willReadFrequently attribute set to true. See: https://html.spec.whatwg.org/multipage/canvas.html#concept-canvas-will-read-frequently @ webpack-internal:///(app-pages-browser)/./src/components/dice/DiceMesh.ts:191
[  280413ms] [WARNING] Canvas2D: Multiple readback operations using getImageData are faster with the willReadFrequently attribute set to true. See: https://html.spec.whatwg.org/multipage/canvas.html#concept-canvas-will-read-frequently @ webpack-internal:///(app-pages-browser)/./src/components/dice/DiceMesh.ts:191
[  280446ms] [WARNING] Canvas2D: Multiple readback operations using getImageData are faster with the willReadFrequently attribute set to true. See: https://html.spec.whatwg.org/multipage/canvas.html#concept-canvas-will-read-frequently @ webpack-internal:///(app-pages-browser)/./src/components/dice/DiceMesh.ts:191
[  280496ms] [WARNING] Canvas2D: Multiple readback operations using getImageData are faster with the willReadFrequently attribute set to true. See: https://html.spec.whatwg.org/multipage/canvas.html#concept-canvas-will-read-frequently @ webpack-internal:///(app-pages-browser)/./src/components/dice/DiceMesh.ts:191
[  280530ms] [WARNING] Canvas2D: Multiple readback operations using getImageData are faster with the willReadFrequently attribute set to true. See: https://html.spec.whatwg.org/multipage/canvas.html#concept-canvas-will-read-frequently @ webpack-internal:///(app-pages-browser)/./src/components/dice/DiceMesh.ts:191
[  280563ms] [WARNING] Canvas2D: Multiple readback operations using getImageData are faster with the willReadFrequently attribute set to true. See: https://html.spec.whatwg.org/multipage/canvas.html#concept-canvas-will-read-frequently @ webpack-internal:///(app-pages-browser)/./src/components/dice/DiceMesh.ts:191
[  280613ms] [WARNING] Canvas2D: Multiple readback operations using getImageData are faster with the willReadFrequently attribute set to true. See: https://html.spec.whatwg.org/multipage/canvas.html#concept-canvas-will-read-frequently @ webpack-internal:///(app-pages-browser)/./src/components/dice/DiceMesh.ts:191
[  280646ms] [WARNING] Canvas2D: Multiple readback operations using getImageData are faster with the willReadFrequently attribute set to true. See: https://html.spec.whatwg.org/multipage/canvas.html#concept-canvas-will-read-frequently @ webpack-internal:///(app-pages-browser)/./src/components/dice/DiceMesh.ts:191
[  280681ms] [WARNING] Canvas2D: Multiple readback operations using getImageData are faster with the willReadFrequently attribute set to true. See: https://html.spec.whatwg.org/multipage/canvas.html#concept-canvas-will-read-frequently @ webpack-internal:///(app-pages-browser)/./src/components/dice/DiceMesh.ts:191
[  280709ms] [WARNING] Canvas2D: Multiple readback operations using getImageData are faster with the willReadFrequently attribute set to true. See: https://html.spec.whatwg.org/multipage/canvas.html#concept-canvas-will-read-frequently @ webpack-internal:///(app-pages-browser)/./src/components/dice/DiceMesh.ts:191
[  280742ms] [WARNING] Canvas2D: Multiple readback operations using getImageData are faster with the willReadFrequently attribute set to true. See: https://html.spec.whatwg.org/multipage/canvas.html#concept-canvas-will-read-frequently @ webpack-internal:///(app-pages-browser)/./src/components/dice/DiceMesh.ts:191
[  280776ms] [WARNING] Canvas2D: Multiple readback operations using getImageData are faster with the willReadFrequently attribute set to true. See: https://html.spec.whatwg.org/multipage/canvas.html#concept-canvas-will-read-frequently @ webpack-internal:///(app-pages-browser)/./src/components/dice/DiceMesh.ts:191
[  280842ms] [WARNING] Canvas2D: Multiple readback operations using getImageData are faster with the willReadFrequently attribute set to true. See: https://html.spec.whatwg.org/multipage/canvas.html#concept-canvas-will-read-frequently @ webpack-internal:///(app-pages-browser)/./src/components/dice/DiceMesh.ts:191
[  280892ms] [WARNING] Canvas2D: Multiple readback operations using getImageData are faster with the willReadFrequently attribute set to true. See: https://html.spec.whatwg.org/multipage/canvas.html#concept-canvas-will-read-frequently @ webpack-internal:///(app-pages-browser)/./src/components/dice/DiceMesh.ts:191
[  280942ms] [WARNING] Canvas2D: Multiple readback operations using getImageData are faster with the willReadFrequently attribute set to true. See: https://html.spec.whatwg.org/multipage/canvas.html#concept-canvas-will-read-frequently @ webpack-internal:///(app-pages-browser)/./src/components/dice/DiceMesh.ts:191
[  280992ms] [WARNING] Canvas2D: Multiple readback operations using getImageData are faster with the willReadFrequently attribute set to true. See: https://html.spec.whatwg.org/multipage/canvas.html#concept-canvas-will-read-frequently @ webpack-internal:///(app-pages-browser)/./src/components/dice/DiceMesh.ts:191
[  281025ms] [WARNING] Canvas2D: Multiple readback operations using getImageData are faster with the willReadFrequently attribute set to true. See: https://html.spec.whatwg.org/multipage/canvas.html#concept-canvas-will-read-frequently @ webpack-internal:///(app-pages-browser)/./src/components/dice/DiceMesh.ts:191
[  281059ms] [WARNING] Canvas2D: Multiple readback operations using getImageData are faster with the willReadFrequently attribute set to true. See: https://html.spec.whatwg.org/multipage/canvas.html#concept-canvas-will-read-frequently @ webpack-internal:///(app-pages-browser)/./src/components/dice/DiceMesh.ts:191
[  281109ms] [WARNING] Canvas2D: Multiple readback operations using getImageData are faster with the willReadFrequently attribute set to true. See: https://html.spec.whatwg.org/multipage/canvas.html#concept-canvas-will-read-frequently @ webpack-internal:///(app-pages-browser)/./src/components/dice/DiceMesh.ts:191
[  281142ms] [WARNING] Canvas2D: Multiple readback operations using getImageData are faster with the willReadFrequently attribute set to true. See: https://html.spec.whatwg.org/multipage/canvas.html#concept-canvas-will-read-frequently @ webpack-internal:///(app-pages-browser)/./src/components/dice/DiceMesh.ts:191
[  281176ms] [WARNING] Canvas2D: Multiple readback operations using getImageData are faster with the willReadFrequently attribute set to true. See: https://html.spec.whatwg.org/multipage/canvas.html#concept-canvas-will-read-frequently @ webpack-internal:///(app-pages-browser)/./src/components/dice/DiceMesh.ts:191
[  281209ms] [WARNING] Canvas2D: Multiple readback operations using getImageData are faster with the willReadFrequently attribute set to true. See: https://html.spec.whatwg.org/multipage/canvas.html#concept-canvas-will-read-frequently @ webpack-internal:///(app-pages-browser)/./src/components/dice/DiceMesh.ts:191
[  281242ms] [WARNING] Canvas2D: Multiple readback operations using getImageData are faster with the willReadFrequently attribute set to true. See: https://html.spec.whatwg.org/multipage/canvas.html#concept-canvas-will-read-frequently @ webpack-internal:///(app-pages-browser)/./src/components/dice/DiceMesh.ts:191
[  281275ms] [WARNING] Canvas2D: Multiple readback operations using getImageData are faster with the willReadFrequently attribute set to true. See: https://html.spec.whatwg.org/multipage/canvas.html#concept-canvas-will-read-frequently @ webpack-internal:///(app-pages-browser)/./src/components/dice/DiceMesh.ts:191
[  281309ms] [WARNING] Canvas2D: Multiple readback operations using getImageData are faster with the willReadFrequently attribute set to true. See: https://html.spec.whatwg.org/multipage/canvas.html#concept-canvas-will-read-frequently @ webpack-internal:///(app-pages-browser)/./src/components/dice/DiceMesh.ts:191
[  281342ms] [WARNING] Canvas2D: Multiple readback operations using getImageData are faster with the willReadFrequently attribute set to true. See: https://html.spec.whatwg.org/multipage/canvas.html#concept-canvas-will-read-frequently @ webpack-internal:///(app-pages-browser)/./src/components/dice/DiceMesh.ts:191
[  281375ms] [WARNING] Canvas2D: Multiple readback operations using getImageData are faster with the willReadFrequently attribute set to true. See: https://html.spec.whatwg.org/multipage/canvas.html#concept-canvas-will-read-frequently @ webpack-internal:///(app-pages-browser)/./src/components/dice/DiceMesh.ts:191
[  281425ms] [WARNING] Canvas2D: Multiple readback operations using getImageData are faster with the willReadFrequently attribute set to true. See: https://html.spec.whatwg.org/multipage/canvas.html#concept-canvas-will-read-frequently @ webpack-internal:///(app-pages-browser)/./src/components/dice/DiceMesh.ts:191
[  281459ms] [WARNING] Canvas2D: Multiple readback operations using getImageData are faster with the willReadFrequently attribute set to true. See: https://html.spec.whatwg.org/multipage/canvas.html#concept-canvas-will-read-frequently @ webpack-internal:///(app-pages-browser)/./src/components/dice/DiceMesh.ts:191
[  281492ms] [WARNING] Canvas2D: Multiple readback operations using getImageData are faster with the willReadFrequently attribute set to true. See: https://html.spec.whatwg.org/multipage/canvas.html#concept-canvas-will-read-frequently @ webpack-internal:///(app-pages-browser)/./src/components/dice/DiceMesh.ts:191
[  281526ms] [WARNING] Canvas2D: Multiple readback operations using getImageData are faster with the willReadFrequently attribute set to true. See: https://html.spec.whatwg.org/multipage/canvas.html#concept-canvas-will-read-frequently @ webpack-internal:///(app-pages-browser)/./src/components/dice/DiceMesh.ts:191
[  281576ms] [WARNING] Canvas2D: Multiple readback operations using getImageData are faster with the willReadFrequently attribute set to true. See: https://html.spec.whatwg.org/multipage/canvas.html#concept-canvas-will-read-frequently @ webpack-internal:///(app-pages-browser)/./src/components/dice/DiceMesh.ts:191
[  281609ms] [WARNING] Canvas2D: Multiple readback operations using getImageData are faster with the willReadFrequently attribute set to true. See: https://html.spec.whatwg.org/multipage/canvas.html#concept-canvas-will-read-frequently @ webpack-internal:///(app-pages-browser)/./src/components/dice/DiceMesh.ts:191
[  281642ms] [WARNING] Canvas2D: Multiple readback operations using getImageData are faster with the willReadFrequently attribute set to true. See: https://html.spec.whatwg.org/multipage/canvas.html#concept-canvas-will-read-frequently @ webpack-internal:///(app-pages-browser)/./src/components/dice/DiceMesh.ts:191
[  281675ms] [WARNING] Canvas2D: Multiple readback operations using getImageData are faster with the willReadFrequently attribute set to true. See: https://html.spec.whatwg.org/multipage/canvas.html#concept-canvas-will-read-frequently @ webpack-internal:///(app-pages-browser)/./src/components/dice/DiceMesh.ts:191
[  281709ms] [WARNING] Canvas2D: Multiple readback operations using getImageData are faster with the willReadFrequently attribute set to true. See: https://html.spec.whatwg.org/multipage/canvas.html#concept-canvas-will-read-frequently @ webpack-internal:///(app-pages-browser)/./src/components/dice/DiceMesh.ts:191
[  281759ms] [WARNING] Canvas2D: Multiple readback operations using getImageData are faster with the willReadFrequently attribute set to true. See: https://html.spec.whatwg.org/multipage/canvas.html#concept-canvas-will-read-frequently @ webpack-internal:///(app-pages-browser)/./src/components/dice/DiceMesh.ts:191
[  281792ms] [WARNING] Canvas2D: Multiple readback operations using getImageData are faster with the willReadFrequently attribute set to true. See: https://html.spec.whatwg.org/multipage/canvas.html#concept-canvas-will-read-frequently @ webpack-internal:///(app-pages-browser)/./src/components/dice/DiceMesh.ts:191
[  281826ms] [WARNING] Canvas2D: Multiple readback operations using getImageData are faster with the willReadFrequently attribute set to true. See: https://html.spec.whatwg.org/multipage/canvas.html#concept-canvas-will-read-frequently @ webpack-internal:///(app-pages-browser)/./src/components/dice/DiceMesh.ts:191
[  281876ms] [WARNING] Canvas2D: Multiple readback operations using getImageData are faster with the willReadFrequently attribute set to true. See: https://html.spec.whatwg.org/multipage/canvas.html#concept-canvas-will-read-frequently @ webpack-internal:///(app-pages-browser)/./src/components/dice/DiceMesh.ts:191
[  281926ms] [WARNING] Canvas2D: Multiple readback operations using getImageData are faster with the willReadFrequently attribute set to true. See: https://html.spec.whatwg.org/multipage/canvas.html#concept-canvas-will-read-frequently @ webpack-internal:///(app-pages-browser)/./src/components/dice/DiceMesh.ts:191
[  281976ms] [WARNING] Canvas2D: Multiple readback operations using getImageData are faster with the willReadFrequently attribute set to true. See: https://html.spec.whatwg.org/multipage/canvas.html#concept-canvas-will-read-frequently @ webpack-internal:///(app-pages-browser)/./src/components/dice/DiceMesh.ts:191
[  282042ms] [WARNING] Canvas2D: Multiple readback operations using getImageData are faster with the willReadFrequently attribute set to true. See: https://html.spec.whatwg.org/multipage/canvas.html#concept-canvas-will-read-frequently @ webpack-internal:///(app-pages-browser)/./src/components/dice/DiceMesh.ts:191
[  282076ms] [WARNING] Canvas2D: Multiple readback operations using getImageData are faster with the willReadFrequently attribute set to true. See: https://html.spec.whatwg.org/multipage/canvas.html#concept-canvas-will-read-frequently @ webpack-internal:///(app-pages-browser)/./src/components/dice/DiceMesh.ts:191
[  282126ms] [WARNING] Canvas2D: Multiple readback operations using getImageData are faster with the willReadFrequently attribute set to true. See: https://html.spec.whatwg.org/multipage/canvas.html#concept-canvas-will-read-frequently @ webpack-internal:///(app-pages-browser)/./src/components/dice/DiceMesh.ts:191
[  282176ms] [WARNING] Canvas2D: Multiple readback operations using getImageData are faster with the willReadFrequently attribute set to true. See: https://html.spec.whatwg.org/multipage/canvas.html#concept-canvas-will-read-frequently @ webpack-internal:///(app-pages-browser)/./src/components/dice/DiceMesh.ts:191
[  282226ms] [WARNING] Canvas2D: Multiple readback operations using getImageData are faster with the willReadFrequently attribute set to true. See: https://html.spec.whatwg.org/multipage/canvas.html#concept-canvas-will-read-frequently @ webpack-internal:///(app-pages-browser)/./src/components/dice/DiceMesh.ts:191
[  282293ms] [WARNING] Canvas2D: Multiple readback operations using getImageData are faster with the willReadFrequently attribute set to true. See: https://html.spec.whatwg.org/multipage/canvas.html#concept-canvas-will-read-frequently @ webpack-internal:///(app-pages-browser)/./src/components/dice/DiceMesh.ts:191
[  282359ms] [WARNING] Canvas2D: Multiple readback operations using getImageData are faster with the willReadFrequently attribute set to true. See: https://html.spec.whatwg.org/multipage/canvas.html#concept-canvas-will-read-frequently @ webpack-internal:///(app-pages-browser)/./src/components/dice/DiceMesh.ts:191
[  282392ms] [WARNING] Canvas2D: Multiple readback operations using getImageData are faster with the willReadFrequently attribute set to true. See: https://html.spec.whatwg.org/multipage/canvas.html#concept-canvas-will-read-frequently @ webpack-internal:///(app-pages-browser)/./src/components/dice/DiceMesh.ts:191
[  282442ms] [WARNING] Canvas2D: Multiple readback operations using getImageData are faster with the willReadFrequently attribute set to true. See: https://html.spec.whatwg.org/multipage/canvas.html#concept-canvas-will-read-frequently @ webpack-internal:///(app-pages-browser)/./src/components/dice/DiceMesh.ts:191
[  282502ms] [LOG] [Fast Refresh] rebuilding @ webpack-internal:///(app-pages-browser)/./node_modules/next/dist/next-devtools/shared/forward-logs-shared.js:27
[  282502ms] [LOG] [Fast Refresh] done in 0ms @ webpack-internal:///(app-pages-browser)/./node_modules/next/dist/next-devtools/shared/forward-logs-shared.js:27
[  282502ms] [LOG] [Fast Refresh] rebuilding @ webpack-internal:///(app-pages-browser)/./node_modules/next/dist/next-devtools/shared/forward-logs-shared.js:27
[  282502ms] [LOG] [Fast Refresh] done in 0ms @ webpack-internal:///(app-pages-browser)/./node_modules/next/dist/next-devtools/shared/forward-logs-shared.js:27
[  288760ms] [LOG] [Fast Refresh] rebuilding @ webpack-internal:///(app-pages-browser)/./node_modules/next/dist/next-devtools/shared/forward-logs-shared.js:27
[  289116ms] [LOG] [Fast Refresh] done in 357ms @ webpack-internal:///(app-pages-browser)/./node_modules/next/dist/next-devtools/shared/forward-logs-shared.js:27
[  381529ms] [LOG] [Fast Refresh] rebuilding @ webpack-internal:///(app-pages-browser)/./node_modules/next/dist/next-devtools/shared/forward-logs-shared.js:27
[  381852ms] [LOG] [Fast Refresh] done in 324ms @ webpack-internal:///(app-pages-browser)/./node_modules/next/dist/next-devtools/shared/forward-logs-shared.js:27
[  381885ms] [LOG] [Fast Refresh] rebuilding @ webpack-internal:///(app-pages-browser)/./node_modules/next/dist/next-devtools/shared/forward-logs-shared.js:27
[  382213ms] [LOG] [Fast Refresh] done in 329ms @ webpack-internal:///(app-pages-browser)/./node_modules/next/dist/next-devtools/shared/forward-logs-shared.js:27
[  520493ms] [LOG] [Fast Refresh] rebuilding @ webpack-internal:///(app-pages-browser)/./node_modules/next/dist/next-devtools/shared/forward-logs-shared.js:27
[  520750ms] [LOG] [Fast Refresh] done in 257ms @ webpack-internal:///(app-pages-browser)/./node_modules/next/dist/next-devtools/shared/forward-logs-shared.js:27
[  520765ms] [LOG] [Fast Refresh] rebuilding @ webpack-internal:///(app-pages-browser)/./node_modules/next/dist/next-devtools/shared/forward-logs-shared.js:27
[  521138ms] [LOG] [Fast Refresh] done in 372ms @ webpack-internal:///(app-pages-browser)/./node_modules/next/dist/next-devtools/shared/forward-logs-shared.js:27
[  530275ms] [LOG] [Fast Refresh] rebuilding @ webpack-internal:///(app-pages-browser)/./node_modules/next/dist/next-devtools/shared/forward-logs-shared.js:27
[  530482ms] ReferenceError: worstPasses is not defined
    at EffortWagerModal (webpack-internal:///(app-pages-browser)/./src/components/campaign/EffortWagerModal.tsx:463:58)
    at Object.react_stack_bottom_frame (webpack-internal:///(app-pages-browser)/./node_modules/next/dist/compiled/react-dom/cjs/react-dom-client.development.js:28039:20)
    at renderWithHooks (webpack-internal:///(app-pages-browser)/./node_modules/next/dist/compiled/react-dom/cjs/react-dom-client.development.js:7985:22)
    at updateFunctionComponent (webpack-internal:///(app-pages-browser)/./node_modules/next/dist/compiled/react-dom/cjs/react-dom-client.development.js:10502:19)
    at beginWork (webpack-internal:///(app-pages-browser)/./node_modules/next/dist/compiled/react-dom/cjs/react-dom-client.development.js:12137:18)
    at runWithFiberInDEV (webpack-internal:///(app-pages-browser)/./node_modules/next/dist/compiled/react-dom/cjs/react-dom-client.development.js:987:30)
    at performUnitOfWork (webpack-internal:///(app-pages-browser)/./node_modules/next/dist/compiled/react-dom/cjs/react-dom-client.development.js:18998:22)
    at workLoopSync (webpack-internal:///(app-pages-browser)/./node_modules/next/dist/compiled/react-dom/cjs/react-dom-client.development.js:18826:41)
    at renderRootSync (webpack-internal:///(app-pages-browser)/./node_modules/next/dist/compiled/react-dom/cjs/react-dom-client.development.js:18807:11)
    at performWorkOnRoot (webpack-internal:///(app-pages-browser)/./node_modules/next/dist/compiled/react-dom/cjs/react-dom-client.development.js:17915:35)
    at performSyncWorkOnRoot (webpack-internal:///(app-pages-browser)/./node_modules/next/dist/compiled/react-dom/cjs/react-dom-client.development.js:20400:7)
    at flushSyncWorkAcrossRoots_impl (webpack-internal:///(app-pages-browser)/./node_modules/next/dist/compiled/react-dom/cjs/react-dom-client.development.js:20242:21)
    at flushSyncWork$1 (webpack-internal:///(app-pages-browser)/./node_modules/next/dist/compiled/react-dom/cjs/react-dom-client.development.js:18253:12)
    at Object.scheduleRefresh (webpack-internal:///(app-pages-browser)/./node_modules/next/dist/compiled/react-dom/cjs/react-dom-client.development.js:114:9)
    at eval (webpack-internal:///(app-pages-browser)/./node_modules/next/dist/compiled/react-refresh/cjs/react-refresh-runtime.development.js:265:17)
    at Set.forEach (<anonymous>)
    at Object.performReactRefresh (webpack-internal:///(app-pages-browser)/./node_modules/next/dist/compiled/react-refresh/cjs/react-refresh-runtime.development.js:254:26)
    at applyUpdate (webpack-internal:///(app-pages-browser)/./node_modules/next/dist/compiled/@next/react-refresh-utils/dist/internal/helpers.js:139:31)
    at statusHandler (webpack-internal:///(app-pages-browser)/./node_modules/next/dist/compiled/@next/react-refresh-utils/dist/internal/helpers.js:156:13)
    at setStatus (http://localhost:3000/_next/static/chunks/webpack.js?v=1776619983530:498:55)
    at http://localhost:3000/_next/static/chunks/webpack.js?v=1776619983530:667:21
[  530485ms] NotFoundError: Failed to execute 'removeChild' on 'Node': The node to be removed is not a child of this node.
    at removeChildFromContainer (webpack-internal:///(app-pages-browser)/./node_modules/next/dist/compiled/react-dom/cjs/react-dom-client.development.js:23674:9)
    at runWithFiberInDEV (webpack-internal:///(app-pages-browser)/./node_modules/next/dist/compiled/react-dom/cjs/react-dom-client.development.js:987:30)
    at commitDeletionEffectsOnFiber (webpack-internal:///(app-pages-browser)/./node_modules/next/dist/compiled/react-dom/cjs/react-dom-client.development.js:15436:17)
    at recursivelyTraverseDeletionEffects (webpack-internal:///(app-pages-browser)/./node_modules/next/dist/compiled/react-dom/cjs/react-dom-client.development.js:15351:9)
    at commitDeletionEffectsOnFiber (webpack-internal:///(app-pages-browser)/./node_modules/next/dist/compiled/react-dom/cjs/react-dom-client.development.js:15510:11)
    at recursivelyTraverseDeletionEffects (webpack-internal:///(app-pages-browser)/./node_modules/next/dist/compiled/react-dom/cjs/react-dom-client.development.js:15351:9)
    at commitDeletionEffectsOnFiber (webpack-internal:///(app-pages-browser)/./node_modules/next/dist/compiled/react-dom/cjs/react-dom-client.development.js:15510:11)
    at recursivelyTraverseDeletionEffects (webpack-internal:///(app-pages-browser)/./node_modules/next/dist/compiled/react-dom/cjs/react-dom-client.development.js:15351:9)
    at commitDeletionEffectsOnFiber (webpack-internal:///(app-pages-browser)/./node_modules/next/dist/compiled/react-dom/cjs/react-dom-client.development.js:15404:11)
    at recursivelyTraverseDeletionEffects (webpack-internal:///(app-pages-browser)/./node_modules/next/dist/compiled/react-dom/cjs/react-dom-client.development.js:15351:9)
    at commitDeletionEffectsOnFiber (webpack-internal:///(app-pages-browser)/./node_modules/next/dist/compiled/react-dom/cjs/react-dom-client.development.js:15404:11)
    at recursivelyTraverseDeletionEffects (webpack-internal:///(app-pages-browser)/./node_modules/next/dist/compiled/react-dom/cjs/react-dom-client.development.js:15351:9)
    at commitDeletionEffectsOnFiber (webpack-internal:///(app-pages-browser)/./node_modules/next/dist/compiled/react-dom/cjs/react-dom-client.development.js:15563:11)
    at recursivelyTraverseDeletionEffects (webpack-internal:///(app-pages-browser)/./node_modules/next/dist/compiled/react-dom/cjs/react-dom-client.development.js:15351:9)
    at commitDeletionEffectsOnFiber (webpack-internal:///(app-pages-browser)/./node_modules/next/dist/compiled/react-dom/cjs/react-dom-client.development.js:15510:11)
    at recursivelyTraverseDeletionEffects (webpack-internal:///(app-pages-browser)/./node_modules/next/dist/compiled/react-dom/cjs/react-dom-client.development.js:15351:9)
    at commitDeletionEffectsOnFiber (webpack-internal:///(app-pages-browser)/./node_modules/next/dist/compiled/react-dom/cjs/react-dom-client.development.js:15510:11)
    at recursivelyTraverseDeletionEffects (webpack-internal:///(app-pages-browser)/./node_modules/next/dist/compiled/react-dom/cjs/react-dom-client.development.js:15351:9)
    at commitDeletionEffectsOnFiber (webpack-internal:///(app-pages-browser)/./node_modules/next/dist/compiled/react-dom/cjs/react-dom-client.development.js:15526:11)
    at recursivelyTraverseDeletionEffects (webpack-internal:///(app-pages-browser)/./node_modules/next/dist/compiled/react-dom/cjs/react-dom-client.development.js:15351:9)
    at commitDeletionEffectsOnFiber (webpack-internal:///(app-pages-browser)/./node_modules/next/dist/compiled/react-dom/cjs/react-dom-client.development.js:15510:11)
    at recursivelyTraverseDeletionEffects (webpack-internal:///(app-pages-browser)/./node_modules/next/dist/compiled/react-dom/cjs/react-dom-client.development.js:15351:9)
    at commitDeletionEffectsOnFiber (webpack-internal:///(app-pages-browser)/./node_modules/next/dist/compiled/react-dom/cjs/react-dom-client.development.js:15526:11)
    at recursivelyTraverseDeletionEffects (webpack-internal:///(app-pages-browser)/./node_modules/next/dist/compiled/react-dom/cjs/react-dom-client.development.js:15351:9)
    at commitDeletionEffectsOnFiber (webpack-internal:///(app-pages-browser)/./node_modules/next/dist/compiled/react-dom/cjs/react-dom-client.development.js:15510:11)
    at recursivelyTraverseDeletionEffects (webpack-internal:///(app-pages-browser)/./node_modules/next/dist/compiled/react-dom/cjs/react-dom-client.development.js:15351:9)
    at commitDeletionEffectsOnFiber (webpack-internal:///(app-pages-browser)/./node_modules/next/dist/compiled/react-dom/cjs/react-dom-client.development.js:15510:11)
    at recursivelyTraverseMutationEffects (webpack-internal:///(app-pages-browser)/./node_modules/next/dist/compiled/react-dom/cjs/react-dom-client.development.js:15710:11)
    at commitMutationEffectsOnFiber (webpack-internal:///(app-pages-browser)/./node_modules/next/dist/compiled/react-dom/cjs/react-dom-client.development.js:15762:11)
    at recursivelyTraverseMutationEffects (webpack-internal:///(app-pages-browser)/./node_modules/next/dist/compiled/react-dom/cjs/react-dom-client.development.js:15731:11)
    at commitMutationEffectsOnFiber (webpack-internal:///(app-pages-browser)/./node_modules/next/dist/compiled/react-dom/cjs/react-dom-client.development.js:15746:11)
    at recursivelyTraverseMutationEffects (webpack-internal:///(app-pages-browser)/./node_modules/next/dist/compiled/react-dom/cjs/react-dom-client.development.js:15731:11)
    at commitMutationEffectsOnFiber (webpack-internal:///(app-pages-browser)/./node_modules/next/dist/compiled/react-dom/cjs/react-dom-client.development.js:16187:11)
    at recursivelyTraverseMutationEffects (webpack-internal:///(app-pages-browser)/./node_modules/next/dist/compiled/react-dom/cjs/react-dom-client.development.js:15731:11)
    at commitMutationEffectsOnFiber (webpack-internal:///(app-pages-browser)/./node_modules/next/dist/compiled/react-dom/cjs/react-dom-client.development.js:16187:11)
    at recursivelyTraverseMutationEffects (webpack-internal:///(app-pages-browser)/./node_modules/next/dist/compiled/react-dom/cjs/react-dom-client.development.js:15731:11)
    at commitMutationEffectsOnFiber (webpack-internal:///(app-pages-browser)/./node_modules/next/dist/compiled/react-dom/cjs/react-dom-client.development.js:16187:11)
    at recursivelyTraverseMutationEffects (webpack-internal:///(app-pages-browser)/./node_modules/next/dist/compiled/react-dom/cjs/react-dom-client.development.js:15731:11)
    at commitMutationEffectsOnFiber (webpack-internal:///(app-pages-browser)/./node_modules/next/dist/compiled/react-dom/cjs/react-dom-client.development.js:16187:11)
    at recursivelyTraverseMutationEffects (webpack-internal:///(app-pages-browser)/./node_modules/next/dist/compiled/react-dom/cjs/react-dom-client.development.js:15731:11)
    at commitMutationEffectsOnFiber (webpack-internal:///(app-pages-browser)/./node_modules/next/dist/compiled/react-dom/cjs/react-dom-client.development.js:16187:11)
    at recursivelyTraverseMutationEffects (webpack-internal:///(app-pages-browser)/./node_modules/next/dist/compiled/react-dom/cjs/react-dom-client.development.js:15731:11)
    at commitMutationEffectsOnFiber (webpack-internal:///(app-pages-browser)/./node_modules/next/dist/compiled/react-dom/cjs/react-dom-client.development.js:16187:11)
    at recursivelyTraverseMutationEffects (webpack-internal:///(app-pages-browser)/./node_modules/next/dist/compiled/react-dom/cjs/react-dom-client.development.js:15731:11)
    at commitMutationEffectsOnFiber (webpack-internal:///(app-pages-browser)/./node_modules/next/dist/compiled/react-dom/cjs/react-dom-client.development.js:16187:11)
    at recursivelyTraverseMutationEffects (webpack-internal:///(app-pages-browser)/./node_modules/next/dist/compiled/react-dom/cjs/react-dom-client.development.js:15731:11)
    at commitMutationEffectsOnFiber (webpack-internal:///(app-pages-browser)/./node_modules/next/dist/compiled/react-dom/cjs/react-dom-client.development.js:15746:11)
    at recursivelyTraverseMutationEffects (webpack-internal:///(app-pages-browser)/./node_modules/next/dist/compiled/react-dom/cjs/react-dom-client.development.js:15731:11)
    at commitMutationEffectsOnFiber (webpack-internal:///(app-pages-browser)/./node_modules/next/dist/compiled/react-dom/cjs/react-dom-client.development.js:15762:11)
    at recursivelyTraverseMutationEffects (webpack-internal:///(app-pages-browser)/./node_modules/next/dist/compiled/react-dom/cjs/react-dom-client.development.js:15731:11)
[  530486ms] [WARNING] [Fast Refresh] performing full reload because your application had an unrecoverable error @ webpack-internal:///(app-pages-browser)/./node_modules/next/dist/next-devtools/shared/forward-logs-shared.js:27
[  530494ms] [LOG] [Fast Refresh] rebuilding @ webpack-internal:///(app-pages-browser)/./node_modules/next/dist/next-devtools/shared/forward-logs-shared.js:27
[  530651ms] [LOG] [Fast Refresh] done in 156ms @ webpack-internal:///(app-pages-browser)/./node_modules/next/dist/next-devtools/shared/forward-logs-shared.js:27
[  530684ms] [LOG] [Fast Refresh] rebuilding @ webpack-internal:///(app-pages-browser)/./node_modules/next/dist/next-devtools/shared/forward-logs-shared.js:27
[  530828ms] [LOG] [Fast Refresh] done in 145ms @ webpack-internal:///(app-pages-browser)/./node_modules/next/dist/next-devtools/shared/forward-logs-shared.js:27
[  531467ms] [INFO] %cDownload the React DevTools for a better development experience: https://react.dev/link/react-devtools font-weight:bold @ webpack-internal:///(app-pages-browser)/./node_modules/next/dist/next-devtools/shared/forward-logs-shared.js:27
[  531528ms] [LOG] [HMR] connected @ webpack-internal:///(app-pages-browser)/./node_modules/next/dist/next-devtools/shared/forward-logs-shared.js:27
[  531741ms] [LOG] [Fast Refresh] rebuilding @ webpack-internal:///(app-pages-browser)/./node_modules/next/dist/next-devtools/shared/forward-logs-shared.js:27
[  532090ms] [LOG] [Fast Refresh] done in 349ms @ webpack-internal:///(app-pages-browser)/./node_modules/next/dist/next-devtools/shared/forward-logs-shared.js:27
[  532607ms] [WARNING] Canvas2D: Multiple readback operations using getImageData are faster with the willReadFrequently attribute set to true. See: https://html.spec.whatwg.org/multipage/canvas.html#concept-canvas-will-read-frequently @ webpack-internal:///(app-pages-browser)/./src/components/dice/DiceMesh.ts:191
[  532638ms] [WARNING] Canvas2D: Multiple readback operations using getImageData are faster with the willReadFrequently attribute set to true. See: https://html.spec.whatwg.org/multipage/canvas.html#concept-canvas-will-read-frequently @ webpack-internal:///(app-pages-browser)/./src/components/dice/DiceMesh.ts:191
[  532671ms] [WARNING] Canvas2D: Multiple readback operations using getImageData are faster with the willReadFrequently attribute set to true. See: https://html.spec.whatwg.org/multipage/canvas.html#concept-canvas-will-read-frequently @ webpack-internal:///(app-pages-browser)/./src/components/dice/DiceMesh.ts:191
[  532705ms] [WARNING] Canvas2D: Multiple readback operations using getImageData are faster with the willReadFrequently attribute set to true. See: https://html.spec.whatwg.org/multipage/canvas.html#concept-canvas-will-read-frequently @ webpack-internal:///(app-pages-browser)/./src/components/dice/DiceMesh.ts:191
[  532738ms] [WARNING] Canvas2D: Multiple readback operations using getImageData are faster with the willReadFrequently attribute set to true. See: https://html.spec.whatwg.org/multipage/canvas.html#concept-canvas-will-read-frequently @ webpack-internal:///(app-pages-browser)/./src/components/dice/DiceMesh.ts:191
[  532774ms] [WARNING] Canvas2D: Multiple readback operations using getImageData are faster with the willReadFrequently attribute set to true. See: https://html.spec.whatwg.org/multipage/canvas.html#concept-canvas-will-read-frequently @ webpack-internal:///(app-pages-browser)/./src/components/dice/DiceMesh.ts:191
[  532805ms] [WARNING] Canvas2D: Multiple readback operations using getImageData are faster with the willReadFrequently attribute set to true. See: https://html.spec.whatwg.org/multipage/canvas.html#concept-canvas-will-read-frequently @ webpack-internal:///(app-pages-browser)/./src/components/dice/DiceMesh.ts:191
[  532838ms] [WARNING] Canvas2D: Multiple readback operations using getImageData are faster with the willReadFrequently attribute set to true. See: https://html.spec.whatwg.org/multipage/canvas.html#concept-canvas-will-read-frequently @ webpack-internal:///(app-pages-browser)/./src/components/dice/DiceMesh.ts:191
[  532874ms] [WARNING] Canvas2D: Multiple readback operations using getImageData are faster with the willReadFrequently attribute set to true. See: https://html.spec.whatwg.org/multipage/canvas.html#concept-canvas-will-read-frequently @ webpack-internal:///(app-pages-browser)/./src/components/dice/DiceMesh.ts:191
[  532905ms] [WARNING] Canvas2D: Multiple readback operations using getImageData are faster with the willReadFrequently attribute set to true. See: https://html.spec.whatwg.org/multipage/canvas.html#concept-canvas-will-read-frequently @ webpack-internal:///(app-pages-browser)/./src/components/dice/DiceMesh.ts:191
[  532938ms] [WARNING] Canvas2D: Multiple readback operations using getImageData are faster with the willReadFrequently attribute set to true. See: https://html.spec.whatwg.org/multipage/canvas.html#concept-canvas-will-read-frequently @ webpack-internal:///(app-pages-browser)/./src/components/dice/DiceMesh.ts:191
[  532974ms] [WARNING] Canvas2D: Multiple readback operations using getImageData are faster with the willReadFrequently attribute set to true. See: https://html.spec.whatwg.org/multipage/canvas.html#concept-canvas-will-read-frequently @ webpack-internal:///(app-pages-browser)/./src/components/dice/DiceMesh.ts:191
[  533005ms] [WARNING] Canvas2D: Multiple readback operations using getImageData are faster with the willReadFrequently attribute set to true. See: https://html.spec.whatwg.org/multipage/canvas.html#concept-canvas-will-read-frequently @ webpack-internal:///(app-pages-browser)/./src/components/dice/DiceMesh.ts:191
[  533038ms] [WARNING] Canvas2D: Multiple readback operations using getImageData are faster with the willReadFrequently attribute set to true. See: https://html.spec.whatwg.org/multipage/canvas.html#concept-canvas-will-read-frequently @ webpack-internal:///(app-pages-browser)/./src/components/dice/DiceMesh.ts:191
[  533074ms] [WARNING] Canvas2D: Multiple readback operations using getImageData are faster with the willReadFrequently attribute set to true. See: https://html.spec.whatwg.org/multipage/canvas.html#concept-canvas-will-read-frequently @ webpack-internal:///(app-pages-browser)/./src/components/dice/DiceMesh.ts:191
[  533105ms] [WARNING] Canvas2D: Multiple readback operations using getImageData are faster with the willReadFrequently attribute set to true. See: https://html.spec.whatwg.org/multipage/canvas.html#concept-canvas-will-read-frequently @ webpack-internal:///(app-pages-browser)/./src/components/dice/DiceMesh.ts:191
[  533139ms] [WARNING] Canvas2D: Multiple readback operations using getImageData are faster with the willReadFrequently attribute set to true. See: https://html.spec.whatwg.org/multipage/canvas.html#concept-canvas-will-read-frequently @ webpack-internal:///(app-pages-browser)/./src/components/dice/DiceMesh.ts:191
[  533174ms] [WARNING] Canvas2D: Multiple readback operations using getImageData are faster with the willReadFrequently attribute set to true. See: https://html.spec.whatwg.org/multipage/canvas.html#concept-canvas-will-read-frequently @ webpack-internal:///(app-pages-browser)/./src/components/dice/DiceMesh.ts:191
[  533206ms] [WARNING] Canvas2D: Multiple readback operations using getImageData are faster with the willReadFrequently attribute set to true. See: https://html.spec.whatwg.org/multipage/canvas.html#concept-canvas-will-read-frequently @ webpack-internal:///(app-pages-browser)/./src/components/dice/DiceMesh.ts:191
[  533238ms] [WARNING] Canvas2D: Multiple readback operations using getImageData are faster with the willReadFrequently attribute set to true. See: https://html.spec.whatwg.org/multipage/canvas.html#concept-canvas-will-read-frequently @ webpack-internal:///(app-pages-browser)/./src/components/dice/DiceMesh.ts:191
[  533274ms] [WARNING] Canvas2D: Multiple readback operations using getImageData are faster with the willReadFrequently attribute set to true. See: https://html.spec.whatwg.org/multipage/canvas.html#concept-canvas-will-read-frequently @ webpack-internal:///(app-pages-browser)/./src/components/dice/DiceMesh.ts:191
[  533305ms] [WARNING] Canvas2D: Multiple readback operations using getImageData are faster with the willReadFrequently attribute set to true. See: https://html.spec.whatwg.org/multipage/canvas.html#concept-canvas-will-read-frequently @ webpack-internal:///(app-pages-browser)/./src/components/dice/DiceMesh.ts:191
[  533339ms] [WARNING] Canvas2D: Multiple readback operations using getImageData are faster with the willReadFrequently attribute set to true. See: https://html.spec.whatwg.org/multipage/canvas.html#concept-canvas-will-read-frequently @ webpack-internal:///(app-pages-browser)/./src/components/dice/DiceMesh.ts:191
[  533374ms] [WARNING] Canvas2D: Multiple readback operations using getImageData are faster with the willReadFrequently attribute set to true. See: https://html.spec.whatwg.org/multipage/canvas.html#concept-canvas-will-read-frequently @ webpack-internal:///(app-pages-browser)/./src/components/dice/DiceMesh.ts:191
[  533405ms] [WARNING] Canvas2D: Multiple readback operations using getImageData are faster with the willReadFrequently attribute set to true. See: https://html.spec.whatwg.org/multipage/canvas.html#concept-canvas-will-read-frequently @ webpack-internal:///(app-pages-browser)/./src/components/dice/DiceMesh.ts:191
[  533439ms] [WARNING] Canvas2D: Multiple readback operations using getImageData are faster with the willReadFrequently attribute set to true. See: https://html.spec.whatwg.org/multipage/canvas.html#concept-canvas-will-read-frequently @ webpack-internal:///(app-pages-browser)/./src/components/dice/DiceMesh.ts:191
[  533474ms] [WARNING] Canvas2D: Multiple readback operations using getImageData are faster with the willReadFrequently attribute set to true. See: https://html.spec.whatwg.org/multipage/canvas.html#concept-canvas-will-read-frequently @ webpack-internal:///(app-pages-browser)/./src/components/dice/DiceMesh.ts:191
[  533505ms] [WARNING] Canvas2D: Multiple readback operations using getImageData are faster with the willReadFrequently attribute set to true. See: https://html.spec.whatwg.org/multipage/canvas.html#concept-canvas-will-read-frequently @ webpack-internal:///(app-pages-browser)/./src/components/dice/DiceMesh.ts:191
[  533539ms] [WARNING] Canvas2D: Multiple readback operations using getImageData are faster with the willReadFrequently attribute set to true. See: https://html.spec.whatwg.org/multipage/canvas.html#concept-canvas-will-read-frequently @ webpack-internal:///(app-pages-browser)/./src/components/dice/DiceMesh.ts:191
[  533574ms] [WARNING] Canvas2D: Multiple readback operations using getImageData are faster with the willReadFrequently attribute set to true. See: https://html.spec.whatwg.org/multipage/canvas.html#concept-canvas-will-read-frequently @ webpack-internal:///(app-pages-browser)/./src/components/dice/DiceMesh.ts:191
[  533605ms] [WARNING] Canvas2D: Multiple readback operations using getImageData are faster with the willReadFrequently attribute set to true. See: https://html.spec.whatwg.org/multipage/canvas.html#concept-canvas-will-read-frequently @ webpack-internal:///(app-pages-browser)/./src/components/dice/DiceMesh.ts:191
[  533639ms] [WARNING] Canvas2D: Multiple readback operations using getImageData are faster with the willReadFrequently attribute set to true. See: https://html.spec.whatwg.org/multipage/canvas.html#concept-canvas-will-read-frequently @ webpack-internal:///(app-pages-browser)/./src/components/dice/DiceMesh.ts:191
[  533674ms] [WARNING] Canvas2D: Multiple readback operations using getImageData are faster with the willReadFrequently attribute set to true. See: https://html.spec.whatwg.org/multipage/canvas.html#concept-canvas-will-read-frequently @ webpack-internal:///(app-pages-browser)/./src/components/dice/DiceMesh.ts:191
[  533705ms] [WARNING] Canvas2D: Multiple readback operations using getImageData are faster with the willReadFrequently attribute set to true. See: https://html.spec.whatwg.org/multipage/canvas.html#concept-canvas-will-read-frequently @ webpack-internal:///(app-pages-browser)/./src/components/dice/DiceMesh.ts:191
[  533739ms] [WARNING] Canvas2D: Multiple readback operations using getImageData are faster with the willReadFrequently attribute set to true. See: https://html.spec.whatwg.org/multipage/canvas.html#concept-canvas-will-read-frequently @ webpack-internal:///(app-pages-browser)/./src/components/dice/DiceMesh.ts:191
[  533774ms] [WARNING] Canvas2D: Multiple readback operations using getImageData are faster with the willReadFrequently attribute set to true. See: https://html.spec.whatwg.org/multipage/canvas.html#concept-canvas-will-read-frequently @ webpack-internal:///(app-pages-browser)/./src/components/dice/DiceMesh.ts:191
[  533805ms] [WARNING] Canvas2D: Multiple readback operations using getImageData are faster with the willReadFrequently attribute set to true. See: https://html.spec.whatwg.org/multipage/canvas.html#concept-canvas-will-read-frequently @ webpack-internal:///(app-pages-browser)/./src/components/dice/DiceMesh.ts:191
[  533839ms] [WARNING] Canvas2D: Multiple readback operations using getImageData are faster with the willReadFrequently attribute set to true. See: https://html.spec.whatwg.org/multipage/canvas.html#concept-canvas-will-read-frequently @ webpack-internal:///(app-pages-browser)/./src/components/dice/DiceMesh.ts:191
[  533873ms] [WARNING] Canvas2D: Multiple readback operations using getImageData are faster with the willReadFrequently attribute set to true. See: https://html.spec.whatwg.org/multipage/canvas.html#concept-canvas-will-read-frequently @ webpack-internal:///(app-pages-browser)/./src/components/dice/DiceMesh.ts:191
[  533905ms] [WARNING] Canvas2D: Multiple readback operations using getImageData are faster with the willReadFrequently attribute set to true. See: https://html.spec.whatwg.org/multipage/canvas.html#concept-canvas-will-read-frequently @ webpack-internal:///(app-pages-browser)/./src/components/dice/DiceMesh.ts:191
[  533939ms] [WARNING] Canvas2D: Multiple readback operations using getImageData are faster with the willReadFrequently attribute set to true. See: https://html.spec.whatwg.org/multipage/canvas.html#concept-canvas-will-read-frequently @ webpack-internal:///(app-pages-browser)/./src/components/dice/DiceMesh.ts:191
[  533973ms] [WARNING] Canvas2D: Multiple readback operations using getImageData are faster with the willReadFrequently attribute set to true. See: https://html.spec.whatwg.org/multipage/canvas.html#concept-canvas-will-read-frequently @ webpack-internal:///(app-pages-browser)/./src/components/dice/DiceMesh.ts:191
[  534005ms] [WARNING] Canvas2D: Multiple readback operations using getImageData are faster with the willReadFrequently attribute set to true. See: https://html.spec.whatwg.org/multipage/canvas.html#concept-canvas-will-read-frequently @ webpack-internal:///(app-pages-browser)/./src/components/dice/DiceMesh.ts:191
[  534039ms] [WARNING] Canvas2D: Multiple readback operations using getImageData are faster with the willReadFrequently attribute set to true. See: https://html.spec.whatwg.org/multipage/canvas.html#concept-canvas-will-read-frequently @ webpack-internal:///(app-pages-browser)/./src/components/dice/DiceMesh.ts:191
[  534073ms] [WARNING] Canvas2D: Multiple readback operations using getImageData are faster with the willReadFrequently attribute set to true. See: https://html.spec.whatwg.org/multipage/canvas.html#concept-canvas-will-read-frequently @ webpack-internal:///(app-pages-browser)/./src/components/dice/DiceMesh.ts:191
[  534106ms] [WARNING] Canvas2D: Multiple readback operations using getImageData are faster with the willReadFrequently attribute set to true. See: https://html.spec.whatwg.org/multipage/canvas.html#concept-canvas-will-read-frequently @ webpack-internal:///(app-pages-browser)/./src/components/dice/DiceMesh.ts:191
[  534139ms] [WARNING] Canvas2D: Multiple readback operations using getImageData are faster with the willReadFrequently attribute set to true. See: https://html.spec.whatwg.org/multipage/canvas.html#concept-canvas-will-read-frequently @ webpack-internal:///(app-pages-browser)/./src/components/dice/DiceMesh.ts:191
[  534172ms] [WARNING] Canvas2D: Multiple readback operations using getImageData are faster with the willReadFrequently attribute set to true. See: https://html.spec.whatwg.org/multipage/canvas.html#concept-canvas-will-read-frequently @ webpack-internal:///(app-pages-browser)/./src/components/dice/DiceMesh.ts:191
[  534205ms] [WARNING] Canvas2D: Multiple readback operations using getImageData are faster with the willReadFrequently attribute set to true. See: https://html.spec.whatwg.org/multipage/canvas.html#concept-canvas-will-read-frequently @ webpack-internal:///(app-pages-browser)/./src/components/dice/DiceMesh.ts:191
[  534239ms] [WARNING] Canvas2D: Multiple readback operations using getImageData are faster with the willReadFrequently attribute set to true. See: https://html.spec.whatwg.org/multipage/canvas.html#concept-canvas-will-read-frequently @ webpack-internal:///(app-pages-browser)/./src/components/dice/DiceMesh.ts:191
[  534273ms] [WARNING] Canvas2D: Multiple readback operations using getImageData are faster with the willReadFrequently attribute set to true. See: https://html.spec.whatwg.org/multipage/canvas.html#concept-canvas-will-read-frequently @ webpack-internal:///(app-pages-browser)/./src/components/dice/DiceMesh.ts:191
[  534306ms] [WARNING] Canvas2D: Multiple readback operations using getImageData are faster with the willReadFrequently attribute set to true. See: https://html.spec.whatwg.org/multipage/canvas.html#concept-canvas-will-read-frequently @ webpack-internal:///(app-pages-browser)/./src/components/dice/DiceMesh.ts:191
[  534339ms] [WARNING] Canvas2D: Multiple readback operations using getImageData are faster with the willReadFrequently attribute set to true. See: https://html.spec.whatwg.org/multipage/canvas.html#concept-canvas-will-read-frequently @ webpack-internal:///(app-pages-browser)/./src/components/dice/DiceMesh.ts:191
[  534373ms] [WARNING] Canvas2D: Multiple readback operations using getImageData are faster with the willReadFrequently attribute set to true. See: https://html.spec.whatwg.org/multipage/canvas.html#concept-canvas-will-read-frequently @ webpack-internal:///(app-pages-browser)/./src/components/dice/DiceMesh.ts:191
[  534406ms] [WARNING] Canvas2D: Multiple readback operations using getImageData are faster with the willReadFrequently attribute set to true. See: https://html.spec.whatwg.org/multipage/canvas.html#concept-canvas-will-read-frequently @ webpack-internal:///(app-pages-browser)/./src/components/dice/DiceMesh.ts:191
[  534439ms] [WARNING] Canvas2D: Multiple readback operations using getImageData are faster with the willReadFrequently attribute set to true. See: https://html.spec.whatwg.org/multipage/canvas.html#concept-canvas-will-read-frequently @ webpack-internal:///(app-pages-browser)/./src/components/dice/DiceMesh.ts:191
[  534472ms] [WARNING] Canvas2D: Multiple readback operations using getImageData are faster with the willReadFrequently attribute set to true. See: https://html.spec.whatwg.org/multipage/canvas.html#concept-canvas-will-read-frequently @ webpack-internal:///(app-pages-browser)/./src/components/dice/DiceMesh.ts:191
[  534506ms] [WARNING] Canvas2D: Multiple readback operations using getImageData are faster with the willReadFrequently attribute set to true. See: https://html.spec.whatwg.org/multipage/canvas.html#concept-canvas-will-read-frequently @ webpack-internal:///(app-pages-browser)/./src/components/dice/DiceMesh.ts:191
[  534539ms] [WARNING] Canvas2D: Multiple readback operations using getImageData are faster with the willReadFrequently attribute set to true. See: https://html.spec.whatwg.org/multipage/canvas.html#concept-canvas-will-read-frequently @ webpack-internal:///(app-pages-browser)/./src/components/dice/DiceMesh.ts:191
[  534573ms] [WARNING] Canvas2D: Multiple readback operations using getImageData are faster with the willReadFrequently attribute set to true. See: https://html.spec.whatwg.org/multipage/canvas.html#concept-canvas-will-read-frequently @ webpack-internal:///(app-pages-browser)/./src/components/dice/DiceMesh.ts:191
[  534606ms] [WARNING] Canvas2D: Multiple readback operations using getImageData are faster with the willReadFrequently attribute set to true. See: https://html.spec.whatwg.org/multipage/canvas.html#concept-canvas-will-read-frequently @ webpack-internal:///(app-pages-browser)/./src/components/dice/DiceMesh.ts:191
[  534639ms] [WARNING] Canvas2D: Multiple readback operations using getImageData are faster with the willReadFrequently attribute set to true. See: https://html.spec.whatwg.org/multipage/canvas.html#concept-canvas-will-read-frequently @ webpack-internal:///(app-pages-browser)/./src/components/dice/DiceMesh.ts:191
[  534672ms] [WARNING] Canvas2D: Multiple readback operations using getImageData are faster with the willReadFrequently attribute set to true. See: https://html.spec.whatwg.org/multipage/canvas.html#concept-canvas-will-read-frequently @ webpack-internal:///(app-pages-browser)/./src/components/dice/DiceMesh.ts:191
[  534706ms] [WARNING] Canvas2D: Multiple readback operations using getImageData are faster with the willReadFrequently attribute set to true. See: https://html.spec.whatwg.org/multipage/canvas.html#concept-canvas-will-read-frequently @ webpack-internal:///(app-pages-browser)/./src/components/dice/DiceMesh.ts:191
[  534739ms] [WARNING] Canvas2D: Multiple readback operations using getImageData are faster with the willReadFrequently attribute set to true. See: https://html.spec.whatwg.org/multipage/canvas.html#concept-canvas-will-read-frequently @ webpack-internal:///(app-pages-browser)/./src/components/dice/DiceMesh.ts:191
[  534773ms] [WARNING] Canvas2D: Multiple readback operations using getImageData are faster with the willReadFrequently attribute set to true. See: https://html.spec.whatwg.org/multipage/canvas.html#concept-canvas-will-read-frequently @ webpack-internal:///(app-pages-browser)/./src/components/dice/DiceMesh.ts:191
[  534806ms] [WARNING] Canvas2D: Multiple readback operations using getImageData are faster with the willReadFrequently attribute set to true. See: https://html.spec.whatwg.org/multipage/canvas.html#concept-canvas-will-read-frequently @ webpack-internal:///(app-pages-browser)/./src/components/dice/DiceMesh.ts:191
[  534839ms] [WARNING] Canvas2D: Multiple readback operations using getImageData are faster with the willReadFrequently attribute set to true. See: https://html.spec.whatwg.org/multipage/canvas.html#concept-canvas-will-read-frequently @ webpack-internal:///(app-pages-browser)/./src/components/dice/DiceMesh.ts:191
[  534873ms] [WARNING] Canvas2D: Multiple readback operations using getImageData are faster with the willReadFrequently attribute set to true. See: https://html.spec.whatwg.org/multipage/canvas.html#concept-canvas-will-read-frequently @ webpack-internal:///(app-pages-browser)/./src/components/dice/DiceMesh.ts:191
[  534906ms] [WARNING] Canvas2D: Multiple readback operations using getImageData are faster with the willReadFrequently attribute set to true. See: https://html.spec.whatwg.org/multipage/canvas.html#concept-canvas-will-read-frequently @ webpack-internal:///(app-pages-browser)/./src/components/dice/DiceMesh.ts:191
[  534939ms] [WARNING] Canvas2D: Multiple readback operations using getImageData are faster with the willReadFrequently attribute set to true. See: https://html.spec.whatwg.org/multipage/canvas.html#concept-canvas-will-read-frequently @ webpack-internal:///(app-pages-browser)/./src/components/dice/DiceMesh.ts:191
[  534973ms] [WARNING] Canvas2D: Multiple readback operations using getImageData are faster with the willReadFrequently attribute set to true. See: https://html.spec.whatwg.org/multipage/canvas.html#concept-canvas-will-read-frequently @ webpack-internal:///(app-pages-browser)/./src/components/dice/DiceMesh.ts:191
[  535006ms] [WARNING] Canvas2D: Multiple readback operations using getImageData are faster with the willReadFrequently attribute set to true. See: https://html.spec.whatwg.org/multipage/canvas.html#concept-canvas-will-read-frequently @ webpack-internal:///(app-pages-browser)/./src/components/dice/DiceMesh.ts:191
[  535043ms] [WARNING] Canvas2D: Multiple readback operations using getImageData are faster with the willReadFrequently attribute set to true. See: https://html.spec.whatwg.org/multipage/canvas.html#concept-canvas-will-read-frequently @ webpack-internal:///(app-pages-browser)/./src/components/dice/DiceMesh.ts:191
[  535073ms] [WARNING] Canvas2D: Multiple readback operations using getImageData are faster with the willReadFrequently attribute set to true. See: https://html.spec.whatwg.org/multipage/canvas.html#concept-canvas-will-read-frequently @ webpack-internal:///(app-pages-browser)/./src/components/dice/DiceMesh.ts:191
[  535106ms] [WARNING] Canvas2D: Multiple readback operations using getImageData are faster with the willReadFrequently attribute set to true. See: https://html.spec.whatwg.org/multipage/canvas.html#concept-canvas-will-read-frequently @ webpack-internal:///(app-pages-browser)/./src/components/dice/DiceMesh.ts:191
[  535145ms] [LOG] [Fast Refresh] rebuilding @ webpack-internal:///(app-pages-browser)/./node_modules/next/dist/next-devtools/shared/forward-logs-shared.js:27
[  535175ms] [LOG] [Fast Refresh] done in 30ms @ webpack-internal:///(app-pages-browser)/./node_modules/next/dist/next-devtools/shared/forward-logs-shared.js:27
[  535176ms] [LOG] [Fast Refresh] rebuilding @ webpack-internal:///(app-pages-browser)/./node_modules/next/dist/next-devtools/shared/forward-logs-shared.js:27
[  535176ms] [LOG] [Fast Refresh] done in 0ms @ webpack-internal:///(app-pages-browser)/./node_modules/next/dist/next-devtools/shared/forward-logs-shared.js:27
[  543602ms] [LOG] [Fast Refresh] rebuilding @ webpack-internal:///(app-pages-browser)/./node_modules/next/dist/next-devtools/shared/forward-logs-shared.js:27
[  543866ms] [LOG] [Fast Refresh] done in 265ms @ webpack-internal:///(app-pages-browser)/./node_modules/next/dist/next-devtools/shared/forward-logs-shared.js:27
[  543921ms] [LOG] [Fast Refresh] rebuilding @ webpack-internal:///(app-pages-browser)/./node_modules/next/dist/next-devtools/shared/forward-logs-shared.js:27
[  544353ms] [LOG] [Fast Refresh] done in 433ms @ webpack-internal:///(app-pages-browser)/./node_modules/next/dist/next-devtools/shared/forward-logs-shared.js:27
[  571588ms] [LOG] [Fast Refresh] rebuilding @ webpack-internal:///(app-pages-browser)/./node_modules/next/dist/next-devtools/shared/forward-logs-shared.js:27
[  571977ms] [LOG] [Fast Refresh] done in 390ms @ webpack-internal:///(app-pages-browser)/./node_modules/next/dist/next-devtools/shared/forward-logs-shared.js:27
[  649572ms] [LOG] [Fast Refresh] rebuilding @ webpack-internal:///(app-pages-browser)/./node_modules/next/dist/next-devtools/shared/forward-logs-shared.js:27
[  650268ms] [LOG] [Fast Refresh] done in 696ms @ webpack-internal:///(app-pages-browser)/./node_modules/next/dist/next-devtools/shared/forward-logs-shared.js:27
[  815160ms] [LOG] [Fast Refresh] rebuilding @ webpack-internal:///(app-pages-browser)/./node_modules/next/dist/next-devtools/shared/forward-logs-shared.js:27
[  815391ms] [LOG] [Fast Refresh] rebuilding @ webpack-internal:///(app-pages-browser)/./node_modules/next/dist/next-devtools/shared/forward-logs-shared.js:27
[  815434ms] [LOG] [Fast Refresh] done in 42ms @ webpack-internal:///(app-pages-browser)/./node_modules/next/dist/next-devtools/shared/forward-logs-shared.js:27
[  815889ms] [LOG] [Fast Refresh] done in 498ms @ webpack-internal:///(app-pages-browser)/./node_modules/next/dist/next-devtools/shared/forward-logs-shared.js:27
[  862714ms] [LOG] [Fast Refresh] rebuilding @ webpack-internal:///(app-pages-browser)/./node_modules/next/dist/next-devtools/shared/forward-logs-shared.js:27
[  862929ms] [LOG] [Fast Refresh] done in 214ms @ webpack-internal:///(app-pages-browser)/./node_modules/next/dist/next-devtools/shared/forward-logs-shared.js:27
[  862946ms] [LOG] [Fast Refresh] rebuilding @ webpack-internal:///(app-pages-browser)/./node_modules/next/dist/next-devtools/shared/forward-logs-shared.js:27
[  863130ms] [LOG] [Fast Refresh] done in 184ms @ webpack-internal:///(app-pages-browser)/./node_modules/next/dist/next-devtools/shared/forward-logs-shared.js:27
[  957187ms] [LOG] [Fast Refresh] rebuilding @ webpack-internal:///(app-pages-browser)/./node_modules/next/dist/next-devtools/shared/forward-logs-shared.js:27
[  957472ms] [LOG] [Fast Refresh] done in 285ms @ webpack-internal:///(app-pages-browser)/./node_modules/next/dist/next-devtools/shared/forward-logs-shared.js:27
[  957491ms] [LOG] [Fast Refresh] rebuilding @ webpack-internal:///(app-pages-browser)/./node_modules/next/dist/next-devtools/shared/forward-logs-shared.js:27
[  957794ms] [LOG] [Fast Refresh] done in 302ms @ webpack-internal:///(app-pages-browser)/./node_modules/next/dist/next-devtools/shared/forward-logs-shared.js:27
[  975230ms] [LOG] [Fast Refresh] rebuilding @ webpack-internal:///(app-pages-browser)/./node_modules/next/dist/next-devtools/shared/forward-logs-shared.js:27
[  975549ms] [LOG] [Fast Refresh] done in 320ms @ webpack-internal:///(app-pages-browser)/./node_modules/next/dist/next-devtools/shared/forward-logs-shared.js:27
[ 1492260ms] [LOG] [Fast Refresh] rebuilding @ webpack-internal:///(app-pages-browser)/./node_modules/next/dist/next-devtools/shared/forward-logs-shared.js:27
[ 1492474ms] [LOG] [Fast Refresh] rebuilding @ webpack-internal:///(app-pages-browser)/./node_modules/next/dist/next-devtools/shared/forward-logs-shared.js:27
[ 1492513ms] [LOG] [Fast Refresh] done in 38ms @ webpack-internal:///(app-pages-browser)/./node_modules/next/dist/next-devtools/shared/forward-logs-shared.js:27
[ 1492961ms] [LOG] [Fast Refresh] rebuilding @ webpack-internal:///(app-pages-browser)/./node_modules/next/dist/next-devtools/shared/forward-logs-shared.js:27
[ 1493115ms] [LOG] [Fast Refresh] done in 154ms @ webpack-internal:///(app-pages-browser)/./node_modules/next/dist/next-devtools/shared/forward-logs-shared.js:27
[ 1493592ms] [LOG] [Fast Refresh] rebuilding @ webpack-internal:///(app-pages-browser)/./node_modules/next/dist/next-devtools/shared/forward-logs-shared.js:27
[ 1493635ms] [LOG] [Fast Refresh] done in 43ms @ webpack-internal:///(app-pages-browser)/./node_modules/next/dist/next-devtools/shared/forward-logs-shared.js:27
[ 1493981ms] [LOG] [Fast Refresh] done in 389ms @ webpack-internal:///(app-pages-browser)/./node_modules/next/dist/next-devtools/shared/forward-logs-shared.js:27
[ 1505918ms] [LOG] [Fast Refresh] rebuilding @ webpack-internal:///(app-pages-browser)/./node_modules/next/dist/next-devtools/shared/forward-logs-shared.js:27
[ 1506156ms] [LOG] [Fast Refresh] done in 239ms @ webpack-internal:///(app-pages-browser)/./node_modules/next/dist/next-devtools/shared/forward-logs-shared.js:27
[ 1519294ms] [LOG] [Fast Refresh] rebuilding @ webpack-internal:///(app-pages-browser)/./node_modules/next/dist/next-devtools/shared/forward-logs-shared.js:27
[ 1519453ms] [LOG] [Fast Refresh] done in 160ms @ webpack-internal:///(app-pages-browser)/./node_modules/next/dist/next-devtools/shared/forward-logs-shared.js:27
[ 1527127ms] [LOG] [Fast Refresh] rebuilding @ webpack-internal:///(app-pages-browser)/./node_modules/next/dist/next-devtools/shared/forward-logs-shared.js:27
[ 1527388ms] [LOG] [Fast Refresh] done in 260ms @ webpack-internal:///(app-pages-browser)/./node_modules/next/dist/next-devtools/shared/forward-logs-shared.js:27
[ 1545468ms] [LOG] [Fast Refresh] rebuilding @ webpack-internal:///(app-pages-browser)/./node_modules/next/dist/next-devtools/shared/forward-logs-shared.js:27
[ 1545656ms] [LOG] [Fast Refresh] done in 188ms @ webpack-internal:///(app-pages-browser)/./node_modules/next/dist/next-devtools/shared/forward-logs-shared.js:27
[ 1565016ms] [LOG] [Fast Refresh] rebuilding @ webpack-internal:///(app-pages-browser)/./node_modules/next/dist/next-devtools/shared/forward-logs-shared.js:27
[ 1565214ms] [LOG] [Fast Refresh] done in 198ms @ webpack-internal:///(app-pages-browser)/./node_modules/next/dist/next-devtools/shared/forward-logs-shared.js:27
[ 1574216ms] [LOG] [Fast Refresh] rebuilding @ webpack-internal:///(app-pages-browser)/./node_modules/next/dist/next-devtools/shared/forward-logs-shared.js:27
[ 1574471ms] [LOG] [Fast Refresh] done in 256ms @ webpack-internal:///(app-pages-browser)/./node_modules/next/dist/next-devtools/shared/forward-logs-shared.js:27
[ 1579913ms] [LOG] [Fast Refresh] rebuilding @ webpack-internal:///(app-pages-browser)/./node_modules/next/dist/next-devtools/shared/forward-logs-shared.js:27
[ 1580171ms] [LOG] [Fast Refresh] done in 259ms @ webpack-internal:///(app-pages-browser)/./node_modules/next/dist/next-devtools/shared/forward-logs-shared.js:27
[ 1589924ms] [LOG] [Fast Refresh] rebuilding @ webpack-internal:///(app-pages-browser)/./node_modules/next/dist/next-devtools/shared/forward-logs-shared.js:27
[ 1590094ms] [LOG] [Fast Refresh] done in 170ms @ webpack-internal:///(app-pages-browser)/./node_modules/next/dist/next-devtools/shared/forward-logs-shared.js:27
[ 1601828ms] [LOG] [Fast Refresh] rebuilding @ webpack-internal:///(app-pages-browser)/./node_modules/next/dist/next-devtools/shared/forward-logs-shared.js:27
[ 1602017ms] [LOG] [Fast Refresh] done in 188ms @ webpack-internal:///(app-pages-browser)/./node_modules/next/dist/next-devtools/shared/forward-logs-shared.js:27
[ 1608875ms] [LOG] [Fast Refresh] rebuilding @ webpack-internal:///(app-pages-browser)/./node_modules/next/dist/next-devtools/shared/forward-logs-shared.js:27
[ 1609117ms] [LOG] [Fast Refresh] done in 243ms @ webpack-internal:///(app-pages-browser)/./node_modules/next/dist/next-devtools/shared/forward-logs-shared.js:27
[ 1614632ms] [LOG] [Fast Refresh] rebuilding @ webpack-internal:///(app-pages-browser)/./node_modules/next/dist/next-devtools/shared/forward-logs-shared.js:27
[ 1614813ms] [LOG] [Fast Refresh] done in 180ms @ webpack-internal:///(app-pages-browser)/./node_modules/next/dist/next-devtools/shared/forward-logs-shared.js:27
[ 1621200ms] [LOG] [Fast Refresh] rebuilding @ webpack-internal:///(app-pages-browser)/./node_modules/next/dist/next-devtools/shared/forward-logs-shared.js:27
[ 1621456ms] ReferenceError: fdLabel is not defined
    at EffortWagerModal (webpack-internal:///(app-pages-browser)/./src/components/campaign/EffortWagerModal.tsx:276:47)
    at Object.react_stack_bottom_frame (webpack-internal:///(app-pages-browser)/./node_modules/next/dist/compiled/react-dom/cjs/react-dom-client.development.js:28039:20)
    at renderWithHooks (webpack-internal:///(app-pages-browser)/./node_modules/next/dist/compiled/react-dom/cjs/react-dom-client.development.js:7985:22)
    at updateFunctionComponent (webpack-internal:///(app-pages-browser)/./node_modules/next/dist/compiled/react-dom/cjs/react-dom-client.development.js:10502:19)
    at beginWork (webpack-internal:///(app-pages-browser)/./node_modules/next/dist/compiled/react-dom/cjs/react-dom-client.development.js:12137:18)
    at runWithFiberInDEV (webpack-internal:///(app-pages-browser)/./node_modules/next/dist/compiled/react-dom/cjs/react-dom-client.development.js:987:30)
    at performUnitOfWork (webpack-internal:///(app-pages-browser)/./node_modules/next/dist/compiled/react-dom/cjs/react-dom-client.development.js:18998:22)
    at workLoopSync (webpack-internal:///(app-pages-browser)/./node_modules/next/dist/compiled/react-dom/cjs/react-dom-client.development.js:18826:41)
    at renderRootSync (webpack-internal:///(app-pages-browser)/./node_modules/next/dist/compiled/react-dom/cjs/react-dom-client.development.js:18807:11)
    at performWorkOnRoot (webpack-internal:///(app-pages-browser)/./node_modules/next/dist/compiled/react-dom/cjs/react-dom-client.development.js:17915:35)
    at performSyncWorkOnRoot (webpack-internal:///(app-pages-browser)/./node_modules/next/dist/compiled/react-dom/cjs/react-dom-client.development.js:20400:7)
    at flushSyncWorkAcrossRoots_impl (webpack-internal:///(app-pages-browser)/./node_modules/next/dist/compiled/react-dom/cjs/react-dom-client.development.js:20242:21)
    at flushSyncWork$1 (webpack-internal:///(app-pages-browser)/./node_modules/next/dist/compiled/react-dom/cjs/react-dom-client.development.js:18253:12)
    at Object.scheduleRefresh (webpack-internal:///(app-pages-browser)/./node_modules/next/dist/compiled/react-dom/cjs/react-dom-client.development.js:114:9)
    at eval (webpack-internal:///(app-pages-browser)/./node_modules/next/dist/compiled/react-refresh/cjs/react-refresh-runtime.development.js:265:17)
    at Set.forEach (<anonymous>)
    at Object.performReactRefresh (webpack-internal:///(app-pages-browser)/./node_modules/next/dist/compiled/react-refresh/cjs/react-refresh-runtime.development.js:254:26)
    at applyUpdate (webpack-internal:///(app-pages-browser)/./node_modules/next/dist/compiled/@next/react-refresh-utils/dist/internal/helpers.js:139:31)
    at statusHandler (webpack-internal:///(app-pages-browser)/./node_modules/next/dist/compiled/@next/react-refresh-utils/dist/internal/helpers.js:156:13)
    at setStatus (http://localhost:3000/_next/static/chunks/webpack.js?v=1776620237056:498:55)
    at http://localhost:3000/_next/static/chunks/webpack.js?v=1776620237056:667:21
[ 1621460ms] NotFoundError: Failed to execute 'removeChild' on 'Node': The node to be removed is not a child of this node.
    at removeChildFromContainer (webpack-internal:///(app-pages-browser)/./node_modules/next/dist/compiled/react-dom/cjs/react-dom-client.development.js:23674:9)
    at runWithFiberInDEV (webpack-internal:///(app-pages-browser)/./node_modules/next/dist/compiled/react-dom/cjs/react-dom-client.development.js:987:30)
    at commitDeletionEffectsOnFiber (webpack-internal:///(app-pages-browser)/./node_modules/next/dist/compiled/react-dom/cjs/react-dom-client.development.js:15436:17)
    at recursivelyTraverseDeletionEffects (webpack-internal:///(app-pages-browser)/./node_modules/next/dist/compiled/react-dom/cjs/react-dom-client.development.js:15351:9)
    at commitDeletionEffectsOnFiber (webpack-internal:///(app-pages-browser)/./node_modules/next/dist/compiled/react-dom/cjs/react-dom-client.development.js:15510:11)
    at recursivelyTraverseDeletionEffects (webpack-internal:///(app-pages-browser)/./node_modules/next/dist/compiled/react-dom/cjs/react-dom-client.development.js:15351:9)
    at commitDeletionEffectsOnFiber (webpack-internal:///(app-pages-browser)/./node_modules/next/dist/compiled/react-dom/cjs/react-dom-client.development.js:15510:11)
    at recursivelyTraverseDeletionEffects (webpack-internal:///(app-pages-browser)/./node_modules/next/dist/compiled/react-dom/cjs/react-dom-client.development.js:15351:9)
    at commitDeletionEffectsOnFiber (webpack-internal:///(app-pages-browser)/./node_modules/next/dist/compiled/react-dom/cjs/react-dom-client.development.js:15404:11)
    at recursivelyTraverseDeletionEffects (webpack-internal:///(app-pages-browser)/./node_modules/next/dist/compiled/react-dom/cjs/react-dom-client.development.js:15351:9)
    at commitDeletionEffectsOnFiber (webpack-internal:///(app-pages-browser)/./node_modules/next/dist/compiled/react-dom/cjs/react-dom-client.development.js:15404:11)
    at recursivelyTraverseDeletionEffects (webpack-internal:///(app-pages-browser)/./node_modules/next/dist/compiled/react-dom/cjs/react-dom-client.development.js:15351:9)
    at commitDeletionEffectsOnFiber (webpack-internal:///(app-pages-browser)/./node_modules/next/dist/compiled/react-dom/cjs/react-dom-client.development.js:15563:11)
    at recursivelyTraverseDeletionEffects (webpack-internal:///(app-pages-browser)/./node_modules/next/dist/compiled/react-dom/cjs/react-dom-client.development.js:15351:9)
    at commitDeletionEffectsOnFiber (webpack-internal:///(app-pages-browser)/./node_modules/next/dist/compiled/react-dom/cjs/react-dom-client.development.js:15510:11)
    at recursivelyTraverseDeletionEffects (webpack-internal:///(app-pages-browser)/./node_modules/next/dist/compiled/react-dom/cjs/react-dom-client.development.js:15351:9)
    at commitDeletionEffectsOnFiber (webpack-internal:///(app-pages-browser)/./node_modules/next/dist/compiled/react-dom/cjs/react-dom-client.development.js:15510:11)
    at recursivelyTraverseDeletionEffects (webpack-internal:///(app-pages-browser)/./node_modules/next/dist/compiled/react-dom/cjs/react-dom-client.development.js:15351:9)
    at commitDeletionEffectsOnFiber (webpack-internal:///(app-pages-browser)/./node_modules/next/dist/compiled/react-dom/cjs/react-dom-client.development.js:15526:11)
    at recursivelyTraverseDeletionEffects (webpack-internal:///(app-pages-browser)/./node_modules/next/dist/compiled/react-dom/cjs/react-dom-client.development.js:15351:9)
    at commitDeletionEffectsOnFiber (webpack-internal:///(app-pages-browser)/./node_modules/next/dist/compiled/react-dom/cjs/react-dom-client.development.js:15510:11)
    at recursivelyTraverseDeletionEffects (webpack-internal:///(app-pages-browser)/./node_modules/next/dist/compiled/react-dom/cjs/react-dom-client.development.js:15351:9)
    at commitDeletionEffectsOnFiber (webpack-internal:///(app-pages-browser)/./node_modules/next/dist/compiled/react-dom/cjs/react-dom-client.development.js:15526:11)
    at recursivelyTraverseDeletionEffects (webpack-internal:///(app-pages-browser)/./node_modules/next/dist/compiled/react-dom/cjs/react-dom-client.development.js:15351:9)
    at commitDeletionEffectsOnFiber (webpack-internal:///(app-pages-browser)/./node_modules/next/dist/compiled/react-dom/cjs/react-dom-client.development.js:15510:11)
    at recursivelyTraverseDeletionEffects (webpack-internal:///(app-pages-browser)/./node_modules/next/dist/compiled/react-dom/cjs/react-dom-client.development.js:15351:9)
    at commitDeletionEffectsOnFiber (webpack-internal:///(app-pages-browser)/./node_modules/next/dist/compiled/react-dom/cjs/react-dom-client.development.js:15510:11)
    at recursivelyTraverseMutationEffects (webpack-internal:///(app-pages-browser)/./node_modules/next/dist/compiled/react-dom/cjs/react-dom-client.development.js:15710:11)
    at commitMutationEffectsOnFiber (webpack-internal:///(app-pages-browser)/./node_modules/next/dist/compiled/react-dom/cjs/react-dom-client.development.js:15762:11)
    at recursivelyTraverseMutationEffects (webpack-internal:///(app-pages-browser)/./node_modules/next/dist/compiled/react-dom/cjs/react-dom-client.development.js:15731:11)
    at commitMutationEffectsOnFiber (webpack-internal:///(app-pages-browser)/./node_modules/next/dist/compiled/react-dom/cjs/react-dom-client.development.js:15746:11)
    at recursivelyTraverseMutationEffects (webpack-internal:///(app-pages-browser)/./node_modules/next/dist/compiled/react-dom/cjs/react-dom-client.development.js:15731:11)
    at commitMutationEffectsOnFiber (webpack-internal:///(app-pages-browser)/./node_modules/next/dist/compiled/react-dom/cjs/react-dom-client.development.js:16187:11)
    at recursivelyTraverseMutationEffects (webpack-internal:///(app-pages-browser)/./node_modules/next/dist/compiled/react-dom/cjs/react-dom-client.development.js:15731:11)
    at commitMutationEffectsOnFiber (webpack-internal:///(app-pages-browser)/./node_modules/next/dist/compiled/react-dom/cjs/react-dom-client.development.js:16187:11)
    at recursivelyTraverseMutationEffects (webpack-internal:///(app-pages-browser)/./node_modules/next/dist/compiled/react-dom/cjs/react-dom-client.development.js:15731:11)
    at commitMutationEffectsOnFiber (webpack-internal:///(app-pages-browser)/./node_modules/next/dist/compiled/react-dom/cjs/react-dom-client.development.js:16187:11)
    at recursivelyTraverseMutationEffects (webpack-internal:///(app-pages-browser)/./node_modules/next/dist/compiled/react-dom/cjs/react-dom-client.development.js:15731:11)
    at commitMutationEffectsOnFiber (webpack-internal:///(app-pages-browser)/./node_modules/next/dist/compiled/react-dom/cjs/react-dom-client.development.js:16187:11)
    at recursivelyTraverseMutationEffects (webpack-internal:///(app-pages-browser)/./node_modules/next/dist/compiled/react-dom/cjs/react-dom-client.development.js:15731:11)
    at commitMutationEffectsOnFiber (webpack-internal:///(app-pages-browser)/./node_modules/next/dist/compiled/react-dom/cjs/react-dom-client.development.js:16187:11)
    at recursivelyTraverseMutationEffects (webpack-internal:///(app-pages-browser)/./node_modules/next/dist/compiled/react-dom/cjs/react-dom-client.development.js:15731:11)
    at commitMutationEffectsOnFiber (webpack-internal:///(app-pages-browser)/./node_modules/next/dist/compiled/react-dom/cjs/react-dom-client.development.js:16187:11)
    at recursivelyTraverseMutationEffects (webpack-internal:///(app-pages-browser)/./node_modules/next/dist/compiled/react-dom/cjs/react-dom-client.development.js:15731:11)
    at commitMutationEffectsOnFiber (webpack-internal:///(app-pages-browser)/./node_modules/next/dist/compiled/react-dom/cjs/react-dom-client.development.js:16187:11)
    at recursivelyTraverseMutationEffects (webpack-internal:///(app-pages-browser)/./node_modules/next/dist/compiled/react-dom/cjs/react-dom-client.development.js:15731:11)
    at commitMutationEffectsOnFiber (webpack-internal:///(app-pages-browser)/./node_modules/next/dist/compiled/react-dom/cjs/react-dom-client.development.js:15746:11)
    at recursivelyTraverseMutationEffects (webpack-internal:///(app-pages-browser)/./node_modules/next/dist/compiled/react-dom/cjs/react-dom-client.development.js:15731:11)
    at commitMutationEffectsOnFiber (webpack-internal:///(app-pages-browser)/./node_modules/next/dist/compiled/react-dom/cjs/react-dom-client.development.js:15762:11)
    at recursivelyTraverseMutationEffects (webpack-internal:///(app-pages-browser)/./node_modules/next/dist/compiled/react-dom/cjs/react-dom-client.development.js:15731:11)
[ 1621461ms] [WARNING] [Fast Refresh] performing full reload because your application had an unrecoverable error @ webpack-internal:///(app-pages-browser)/./node_modules/next/dist/next-devtools/shared/forward-logs-shared.js:27
[ 1621471ms] [LOG] [Fast Refresh] rebuilding @ webpack-internal:///(app-pages-browser)/./node_modules/next/dist/next-devtools/shared/forward-logs-shared.js:27
[ 1621838ms] [LOG] [Fast Refresh] done in 367ms @ webpack-internal:///(app-pages-browser)/./node_modules/next/dist/next-devtools/shared/forward-logs-shared.js:27
[ 1621889ms] [LOG] [Fast Refresh] rebuilding @ webpack-internal:///(app-pages-browser)/./node_modules/next/dist/next-devtools/shared/forward-logs-shared.js:27
[ 1622112ms] [LOG] [Fast Refresh] done in 222ms @ webpack-internal:///(app-pages-browser)/./node_modules/next/dist/next-devtools/shared/forward-logs-shared.js:27
[ 1622800ms] [INFO] %cDownload the React DevTools for a better development experience: https://react.dev/link/react-devtools font-weight:bold @ webpack-internal:///(app-pages-browser)/./node_modules/next/dist/next-devtools/shared/forward-logs-shared.js:27
[ 1622862ms] [LOG] [HMR] connected @ webpack-internal:///(app-pages-browser)/./node_modules/next/dist/next-devtools/shared/forward-logs-shared.js:27
[ 1623063ms] [LOG] [Fast Refresh] rebuilding @ webpack-internal:///(app-pages-browser)/./node_modules/next/dist/next-devtools/shared/forward-logs-shared.js:27
[ 1623472ms] [LOG] [Fast Refresh] done in 410ms @ webpack-internal:///(app-pages-browser)/./node_modules/next/dist/next-devtools/shared/forward-logs-shared.js:27
[ 1623915ms] [WARNING] Canvas2D: Multiple readback operations using getImageData are faster with the willReadFrequently attribute set to true. See: https://html.spec.whatwg.org/multipage/canvas.html#concept-canvas-will-read-frequently @ webpack-internal:///(app-pages-browser)/./src/components/dice/DiceMesh.ts:191
[ 1623918ms] [WARNING] Canvas2D: Multiple readback operations using getImageData are faster with the willReadFrequently attribute set to true. See: https://html.spec.whatwg.org/multipage/canvas.html#concept-canvas-will-read-frequently @ webpack-internal:///(app-pages-browser)/./src/components/dice/DiceMesh.ts:191
[ 1623921ms] [WARNING] Canvas2D: Multiple readback operations using getImageData are faster with the willReadFrequently attribute set to true. See: https://html.spec.whatwg.org/multipage/canvas.html#concept-canvas-will-read-frequently @ webpack-internal:///(app-pages-browser)/./src/components/dice/DiceMesh.ts:191
[ 1623924ms] [WARNING] Canvas2D: Multiple readback operations using getImageData are faster with the willReadFrequently attribute set to true. See: https://html.spec.whatwg.org/multipage/canvas.html#concept-canvas-will-read-frequently @ webpack-internal:///(app-pages-browser)/./src/components/dice/DiceMesh.ts:191
[ 1623927ms] [WARNING] Canvas2D: Multiple readback operations using getImageData are faster with the willReadFrequently attribute set to true. See: https://html.spec.whatwg.org/multipage/canvas.html#concept-canvas-will-read-frequently @ webpack-internal:///(app-pages-browser)/./src/components/dice/DiceMesh.ts:191
[ 1623929ms] [WARNING] Canvas2D: Multiple readback operations using getImageData are faster with the willReadFrequently attribute set to true. See: https://html.spec.whatwg.org/multipage/canvas.html#concept-canvas-will-read-frequently @ webpack-internal:///(app-pages-browser)/./src/components/dice/DiceMesh.ts:191
[ 1623931ms] [WARNING] Canvas2D: Multiple readback operations using getImageData are faster with the willReadFrequently attribute set to true. See: https://html.spec.whatwg.org/multipage/canvas.html#concept-canvas-will-read-frequently @ webpack-internal:///(app-pages-browser)/./src/components/dice/DiceMesh.ts:191
[ 1623934ms] [WARNING] Canvas2D: Multiple readback operations using getImageData are faster with the willReadFrequently attribute set to true. See: https://html.spec.whatwg.org/multipage/canvas.html#concept-canvas-will-read-frequently @ webpack-internal:///(app-pages-browser)/./src/components/dice/DiceMesh.ts:191
[ 1623937ms] [WARNING] Canvas2D: Multiple readback operations using getImageData are faster with the willReadFrequently attribute set to true. See: https://html.spec.whatwg.org/multipage/canvas.html#concept-canvas-will-read-frequently @ webpack-internal:///(app-pages-browser)/./src/components/dice/DiceMesh.ts:191
[ 1623940ms] [WARNING] Canvas2D: Multiple readback operations using getImageData are faster with the willReadFrequently attribute set to true. See: https://html.spec.whatwg.org/multipage/canvas.html#concept-canvas-will-read-frequently @ webpack-internal:///(app-pages-browser)/./src/components/dice/DiceMesh.ts:191
[ 1623943ms] [WARNING] Canvas2D: Multiple readback operations using getImageData are faster with the willReadFrequently attribute set to true. See: https://html.spec.whatwg.org/multipage/canvas.html#concept-canvas-will-read-frequently @ webpack-internal:///(app-pages-browser)/./src/components/dice/DiceMesh.ts:191
[ 1623947ms] [WARNING] Canvas2D: Multiple readback operations using getImageData are faster with the willReadFrequently attribute set to true. See: https://html.spec.whatwg.org/multipage/canvas.html#concept-canvas-will-read-frequently @ webpack-internal:///(app-pages-browser)/./src/components/dice/DiceMesh.ts:191
[ 1623950ms] [WARNING] Canvas2D: Multiple readback operations using getImageData are faster with the willReadFrequently attribute set to true. See: https://html.spec.whatwg.org/multipage/canvas.html#concept-canvas-will-read-frequently @ webpack-internal:///(app-pages-browser)/./src/components/dice/DiceMesh.ts:191
[ 1623952ms] [WARNING] Canvas2D: Multiple readback operations using getImageData are faster with the willReadFrequently attribute set to true. See: https://html.spec.whatwg.org/multipage/canvas.html#concept-canvas-will-read-frequently @ webpack-internal:///(app-pages-browser)/./src/components/dice/DiceMesh.ts:191
[ 1623955ms] [WARNING] Canvas2D: Multiple readback operations using getImageData are faster with the willReadFrequently attribute set to true. See: https://html.spec.whatwg.org/multipage/canvas.html#concept-canvas-will-read-frequently @ webpack-internal:///(app-pages-browser)/./src/components/dice/DiceMesh.ts:191
[ 1623957ms] [WARNING] Canvas2D: Multiple readback operations using getImageData are faster with the willReadFrequently attribute set to true. See: https://html.spec.whatwg.org/multipage/canvas.html#concept-canvas-will-read-frequently @ webpack-internal:///(app-pages-browser)/./src/components/dice/DiceMesh.ts:191
[ 1623959ms] [WARNING] Canvas2D: Multiple readback operations using getImageData are faster with the willReadFrequently attribute set to true. See: https://html.spec.whatwg.org/multipage/canvas.html#concept-canvas-will-read-frequently @ webpack-internal:///(app-pages-browser)/./src/components/dice/DiceMesh.ts:191
[ 1623961ms] [WARNING] Canvas2D: Multiple readback operations using getImageData are faster with the willReadFrequently attribute set to true. See: https://html.spec.whatwg.org/multipage/canvas.html#concept-canvas-will-read-frequently @ webpack-internal:///(app-pages-browser)/./src/components/dice/DiceMesh.ts:191
[ 1623963ms] [WARNING] Canvas2D: Multiple readback operations using getImageData are faster with the willReadFrequently attribute set to true. See: https://html.spec.whatwg.org/multipage/canvas.html#concept-canvas-will-read-frequently @ webpack-internal:///(app-pages-browser)/./src/components/dice/DiceMesh.ts:191
[ 1623965ms] [WARNING] Canvas2D: Multiple readback operations using getImageData are faster with the willReadFrequently attribute set to true. See: https://html.spec.whatwg.org/multipage/canvas.html#concept-canvas-will-read-frequently @ webpack-internal:///(app-pages-browser)/./src/components/dice/DiceMesh.ts:191
[ 1623967ms] [WARNING] Canvas2D: Multiple readback operations using getImageData are faster with the willReadFrequently attribute set to true. See: https://html.spec.whatwg.org/multipage/canvas.html#concept-canvas-will-read-frequently @ webpack-internal:///(app-pages-browser)/./src/components/dice/DiceMesh.ts:191
[ 1623968ms] [WARNING] Canvas2D: Multiple readback operations using getImageData are faster with the willReadFrequently attribute set to true. See: https://html.spec.whatwg.org/multipage/canvas.html#concept-canvas-will-read-frequently @ webpack-internal:///(app-pages-browser)/./src/components/dice/DiceMesh.ts:191
[ 1623970ms] [WARNING] Canvas2D: Multiple readback operations using getImageData are faster with the willReadFrequently attribute set to true. See: https://html.spec.whatwg.org/multipage/canvas.html#concept-canvas-will-read-frequently @ webpack-internal:///(app-pages-browser)/./src/components/dice/DiceMesh.ts:191
[ 1623972ms] [WARNING] Canvas2D: Multiple readback operations using getImageData are faster with the willReadFrequently attribute set to true. See: https://html.spec.whatwg.org/multipage/canvas.html#concept-canvas-will-read-frequently @ webpack-internal:///(app-pages-browser)/./src/components/dice/DiceMesh.ts:191
[ 1623973ms] [WARNING] Canvas2D: Multiple readback operations using getImageData are faster with the willReadFrequently attribute set to true. See: https://html.spec.whatwg.org/multipage/canvas.html#concept-canvas-will-read-frequently @ webpack-internal:///(app-pages-browser)/./src/components/dice/DiceMesh.ts:191
[ 1623976ms] [WARNING] Canvas2D: Multiple readback operations using getImageData are faster with the willReadFrequently attribute set to true. See: https://html.spec.whatwg.org/multipage/canvas.html#concept-canvas-will-read-frequently @ webpack-internal:///(app-pages-browser)/./src/components/dice/DiceMesh.ts:191
[ 1623979ms] [WARNING] Canvas2D: Multiple readback operations using getImageData are faster with the willReadFrequently attribute set to true. See: https://html.spec.whatwg.org/multipage/canvas.html#concept-canvas-will-read-frequently @ webpack-internal:///(app-pages-browser)/./src/components/dice/DiceMesh.ts:191
[ 1623981ms] [WARNING] Canvas2D: Multiple readback operations using getImageData are faster with the willReadFrequently attribute set to true. See: https://html.spec.whatwg.org/multipage/canvas.html#concept-canvas-will-read-frequently @ webpack-internal:///(app-pages-browser)/./src/components/dice/DiceMesh.ts:191
[ 1623984ms] [WARNING] Canvas2D: Multiple readback operations using getImageData are faster with the willReadFrequently attribute set to true. See: https://html.spec.whatwg.org/multipage/canvas.html#concept-canvas-will-read-frequently @ webpack-internal:///(app-pages-browser)/./src/components/dice/DiceMesh.ts:191
[ 1623986ms] [WARNING] Canvas2D: Multiple readback operations using getImageData are faster with the willReadFrequently attribute set to true. See: https://html.spec.whatwg.org/multipage/canvas.html#concept-canvas-will-read-frequently @ webpack-internal:///(app-pages-browser)/./src/components/dice/DiceMesh.ts:191
[ 1623989ms] [WARNING] Canvas2D: Multiple readback operations using getImageData are faster with the willReadFrequently attribute set to true. See: https://html.spec.whatwg.org/multipage/canvas.html#concept-canvas-will-read-frequently @ webpack-internal:///(app-pages-browser)/./src/components/dice/DiceMesh.ts:191
[ 1623993ms] [WARNING] Canvas2D: Multiple readback operations using getImageData are faster with the willReadFrequently attribute set to true. See: https://html.spec.whatwg.org/multipage/canvas.html#concept-canvas-will-read-frequently @ webpack-internal:///(app-pages-browser)/./src/components/dice/DiceMesh.ts:191
[ 1623997ms] [WARNING] Canvas2D: Multiple readback operations using getImageData are faster with the willReadFrequently attribute set to true. See: https://html.spec.whatwg.org/multipage/canvas.html#concept-canvas-will-read-frequently @ webpack-internal:///(app-pages-browser)/./src/components/dice/DiceMesh.ts:191
[ 1623999ms] [WARNING] Canvas2D: Multiple readback operations using getImageData are faster with the willReadFrequently attribute set to true. See: https://html.spec.whatwg.org/multipage/canvas.html#concept-canvas-will-read-frequently @ webpack-internal:///(app-pages-browser)/./src/components/dice/DiceMesh.ts:191
[ 1624002ms] [WARNING] Canvas2D: Multiple readback operations using getImageData are faster with the willReadFrequently attribute set to true. See: https://html.spec.whatwg.org/multipage/canvas.html#concept-canvas-will-read-frequently @ webpack-internal:///(app-pages-browser)/./src/components/dice/DiceMesh.ts:191
[ 1624004ms] [WARNING] Canvas2D: Multiple readback operations using getImageData are faster with the willReadFrequently attribute set to true. See: https://html.spec.whatwg.org/multipage/canvas.html#concept-canvas-will-read-frequently @ webpack-internal:///(app-pages-browser)/./src/components/dice/DiceMesh.ts:191
[ 1624007ms] [WARNING] Canvas2D: Multiple readback operations using getImageData are faster with the willReadFrequently attribute set to true. See: https://html.spec.whatwg.org/multipage/canvas.html#concept-canvas-will-read-frequently @ webpack-internal:///(app-pages-browser)/./src/components/dice/DiceMesh.ts:191
[ 1624011ms] [WARNING] Canvas2D: Multiple readback operations using getImageData are faster with the willReadFrequently attribute set to true. See: https://html.spec.whatwg.org/multipage/canvas.html#concept-canvas-will-read-frequently @ webpack-internal:///(app-pages-browser)/./src/components/dice/DiceMesh.ts:191
[ 1624016ms] [WARNING] Canvas2D: Multiple readback operations using getImageData are faster with the willReadFrequently attribute set to true. See: https://html.spec.whatwg.org/multipage/canvas.html#concept-canvas-will-read-frequently @ webpack-internal:///(app-pages-browser)/./src/components/dice/DiceMesh.ts:191
[ 1624018ms] [WARNING] Canvas2D: Multiple readback operations using getImageData are faster with the willReadFrequently attribute set to true. See: https://html.spec.whatwg.org/multipage/canvas.html#concept-canvas-will-read-frequently @ webpack-internal:///(app-pages-browser)/./src/components/dice/DiceMesh.ts:191
[ 1624020ms] [WARNING] Canvas2D: Multiple readback operations using getImageData are faster with the willReadFrequently attribute set to true. See: https://html.spec.whatwg.org/multipage/canvas.html#concept-canvas-will-read-frequently @ webpack-internal:///(app-pages-browser)/./src/components/dice/DiceMesh.ts:191
[ 1624021ms] [WARNING] Canvas2D: Multiple readback operations using getImageData are faster with the willReadFrequently attribute set to true. See: https://html.spec.whatwg.org/multipage/canvas.html#concept-canvas-will-read-frequently @ webpack-internal:///(app-pages-browser)/./src/components/dice/DiceMesh.ts:191
[ 1624023ms] [WARNING] Canvas2D: Multiple readback operations using getImageData are faster with the willReadFrequently attribute set to true. See: https://html.spec.whatwg.org/multipage/canvas.html#concept-canvas-will-read-frequently @ webpack-internal:///(app-pages-browser)/./src/components/dice/DiceMesh.ts:191
[ 1624025ms] [WARNING] Canvas2D: Multiple readback operations using getImageData are faster with the willReadFrequently attribute set to true. See: https://html.spec.whatwg.org/multipage/canvas.html#concept-canvas-will-read-frequently @ webpack-internal:///(app-pages-browser)/./src/components/dice/DiceMesh.ts:191
[ 1624026ms] [WARNING] Canvas2D: Multiple readback operations using getImageData are faster with the willReadFrequently attribute set to true. See: https://html.spec.whatwg.org/multipage/canvas.html#concept-canvas-will-read-frequently @ webpack-internal:///(app-pages-browser)/./src/components/dice/DiceMesh.ts:191
[ 1624028ms] [WARNING] Canvas2D: Multiple readback operations using getImageData are faster with the willReadFrequently attribute set to true. See: https://html.spec.whatwg.org/multipage/canvas.html#concept-canvas-will-read-frequently @ webpack-internal:///(app-pages-browser)/./src/components/dice/DiceMesh.ts:191
[ 1624030ms] [WARNING] Canvas2D: Multiple readback operations using getImageData are faster with the willReadFrequently attribute set to true. See: https://html.spec.whatwg.org/multipage/canvas.html#concept-canvas-will-read-frequently @ webpack-internal:///(app-pages-browser)/./src/components/dice/DiceMesh.ts:191
[ 1624032ms] [WARNING] Canvas2D: Multiple readback operations using getImageData are faster with the willReadFrequently attribute set to true. See: https://html.spec.whatwg.org/multipage/canvas.html#concept-canvas-will-read-frequently @ webpack-internal:///(app-pages-browser)/./src/components/dice/DiceMesh.ts:191
[ 1624033ms] [WARNING] Canvas2D: Multiple readback operations using getImageData are faster with the willReadFrequently attribute set to true. See: https://html.spec.whatwg.org/multipage/canvas.html#concept-canvas-will-read-frequently @ webpack-internal:///(app-pages-browser)/./src/components/dice/DiceMesh.ts:191
[ 1624035ms] [WARNING] Canvas2D: Multiple readback operations using getImageData are faster with the willReadFrequently attribute set to true. See: https://html.spec.whatwg.org/multipage/canvas.html#concept-canvas-will-read-frequently @ webpack-internal:///(app-pages-browser)/./src/components/dice/DiceMesh.ts:191
[ 1624036ms] [WARNING] Canvas2D: Multiple readback operations using getImageData are faster with the willReadFrequently attribute set to true. See: https://html.spec.whatwg.org/multipage/canvas.html#concept-canvas-will-read-frequently @ webpack-internal:///(app-pages-browser)/./src/components/dice/DiceMesh.ts:191
[ 1624037ms] [WARNING] Canvas2D: Multiple readback operations using getImageData are faster with the willReadFrequently attribute set to true. See: https://html.spec.whatwg.org/multipage/canvas.html#concept-canvas-will-read-frequently @ webpack-internal:///(app-pages-browser)/./src/components/dice/DiceMesh.ts:191
[ 1624039ms] [WARNING] Canvas2D: Multiple readback operations using getImageData are faster with the willReadFrequently attribute set to true. See: https://html.spec.whatwg.org/multipage/canvas.html#concept-canvas-will-read-frequently @ webpack-internal:///(app-pages-browser)/./src/components/dice/DiceMesh.ts:191
[ 1624041ms] [WARNING] Canvas2D: Multiple readback operations using getImageData are faster with the willReadFrequently attribute set to true. See: https://html.spec.whatwg.org/multipage/canvas.html#concept-canvas-will-read-frequently @ webpack-internal:///(app-pages-browser)/./src/components/dice/DiceMesh.ts:191
[ 1624042ms] [WARNING] Canvas2D: Multiple readback operations using getImageData are faster with the willReadFrequently attribute set to true. See: https://html.spec.whatwg.org/multipage/canvas.html#concept-canvas-will-read-frequently @ webpack-internal:///(app-pages-browser)/./src/components/dice/DiceMesh.ts:191
[ 1624044ms] [WARNING] Canvas2D: Multiple readback operations using getImageData are faster with the willReadFrequently attribute set to true. See: https://html.spec.whatwg.org/multipage/canvas.html#concept-canvas-will-read-frequently @ webpack-internal:///(app-pages-browser)/./src/components/dice/DiceMesh.ts:191
[ 1624046ms] [WARNING] Canvas2D: Multiple readback operations using getImageData are faster with the willReadFrequently attribute set to true. See: https://html.spec.whatwg.org/multipage/canvas.html#concept-canvas-will-read-frequently @ webpack-internal:///(app-pages-browser)/./src/components/dice/DiceMesh.ts:191
[ 1624048ms] [WARNING] Canvas2D: Multiple readback operations using getImageData are faster with the willReadFrequently attribute set to true. See: https://html.spec.whatwg.org/multipage/canvas.html#concept-canvas-will-read-frequently @ webpack-internal:///(app-pages-browser)/./src/components/dice/DiceMesh.ts:191
[ 1624050ms] [WARNING] Canvas2D: Multiple readback operations using getImageData are faster with the willReadFrequently attribute set to true. See: https://html.spec.whatwg.org/multipage/canvas.html#concept-canvas-will-read-frequently @ webpack-internal:///(app-pages-browser)/./src/components/dice/DiceMesh.ts:191
[ 1624052ms] [WARNING] Canvas2D: Multiple readback operations using getImageData are faster with the willReadFrequently attribute set to true. See: https://html.spec.whatwg.org/multipage/canvas.html#concept-canvas-will-read-frequently @ webpack-internal:///(app-pages-browser)/./src/components/dice/DiceMesh.ts:191
[ 1624055ms] [WARNING] Canvas2D: Multiple readback operations using getImageData are faster with the willReadFrequently attribute set to true. See: https://html.spec.whatwg.org/multipage/canvas.html#concept-canvas-will-read-frequently @ webpack-internal:///(app-pages-browser)/./src/components/dice/DiceMesh.ts:191
[ 1624057ms] [WARNING] Canvas2D: Multiple readback operations using getImageData are faster with the willReadFrequently attribute set to true. See: https://html.spec.whatwg.org/multipage/canvas.html#concept-canvas-will-read-frequently @ webpack-internal:///(app-pages-browser)/./src/components/dice/DiceMesh.ts:191
[ 1624060ms] [WARNING] Canvas2D: Multiple readback operations using getImageData are faster with the willReadFrequently attribute set to true. See: https://html.spec.whatwg.org/multipage/canvas.html#concept-canvas-will-read-frequently @ webpack-internal:///(app-pages-browser)/./src/components/dice/DiceMesh.ts:191
[ 1624062ms] [WARNING] Canvas2D: Multiple readback operations using getImageData are faster with the willReadFrequently attribute set to true. See: https://html.spec.whatwg.org/multipage/canvas.html#concept-canvas-will-read-frequently @ webpack-internal:///(app-pages-browser)/./src/components/dice/DiceMesh.ts:191
[ 1624064ms] [WARNING] Canvas2D: Multiple readback operations using getImageData are faster with the willReadFrequently attribute set to true. See: https://html.spec.whatwg.org/multipage/canvas.html#concept-canvas-will-read-frequently @ webpack-internal:///(app-pages-browser)/./src/components/dice/DiceMesh.ts:191
[ 1624067ms] [WARNING] Canvas2D: Multiple readback operations using getImageData are faster with the willReadFrequently attribute set to true. See: https://html.spec.whatwg.org/multipage/canvas.html#concept-canvas-will-read-frequently @ webpack-internal:///(app-pages-browser)/./src/components/dice/DiceMesh.ts:191
[ 1624068ms] [WARNING] Canvas2D: Multiple readback operations using getImageData are faster with the willReadFrequently attribute set to true. See: https://html.spec.whatwg.org/multipage/canvas.html#concept-canvas-will-read-frequently @ webpack-internal:///(app-pages-browser)/./src/components/dice/DiceMesh.ts:191
[ 1624071ms] [WARNING] Canvas2D: Multiple readback operations using getImageData are faster with the willReadFrequently attribute set to true. See: https://html.spec.whatwg.org/multipage/canvas.html#concept-canvas-will-read-frequently @ webpack-internal:///(app-pages-browser)/./src/components/dice/DiceMesh.ts:191
[ 1624072ms] [WARNING] Canvas2D: Multiple readback operations using getImageData are faster with the willReadFrequently attribute set to true. See: https://html.spec.whatwg.org/multipage/canvas.html#concept-canvas-will-read-frequently @ webpack-internal:///(app-pages-browser)/./src/components/dice/DiceMesh.ts:191
[ 1624074ms] [WARNING] Canvas2D: Multiple readback operations using getImageData are faster with the willReadFrequently attribute set to true. See: https://html.spec.whatwg.org/multipage/canvas.html#concept-canvas-will-read-frequently @ webpack-internal:///(app-pages-browser)/./src/components/dice/DiceMesh.ts:191
[ 1624076ms] [WARNING] Canvas2D: Multiple readback operations using getImageData are faster with the willReadFrequently attribute set to true. See: https://html.spec.whatwg.org/multipage/canvas.html#concept-canvas-will-read-frequently @ webpack-internal:///(app-pages-browser)/./src/components/dice/DiceMesh.ts:191
[ 1624078ms] [WARNING] Canvas2D: Multiple readback operations using getImageData are faster with the willReadFrequently attribute set to true. See: https://html.spec.whatwg.org/multipage/canvas.html#concept-canvas-will-read-frequently @ webpack-internal:///(app-pages-browser)/./src/components/dice/DiceMesh.ts:191
[ 1624081ms] [WARNING] Canvas2D: Multiple readback operations using getImageData are faster with the willReadFrequently attribute set to true. See: https://html.spec.whatwg.org/multipage/canvas.html#concept-canvas-will-read-frequently @ webpack-internal:///(app-pages-browser)/./src/components/dice/DiceMesh.ts:191
[ 1624083ms] [WARNING] Canvas2D: Multiple readback operations using getImageData are faster with the willReadFrequently attribute set to true. See: https://html.spec.whatwg.org/multipage/canvas.html#concept-canvas-will-read-frequently @ webpack-internal:///(app-pages-browser)/./src/components/dice/DiceMesh.ts:191
[ 1624085ms] [WARNING] Canvas2D: Multiple readback operations using getImageData are faster with the willReadFrequently attribute set to true. See: https://html.spec.whatwg.org/multipage/canvas.html#concept-canvas-will-read-frequently @ webpack-internal:///(app-pages-browser)/./src/components/dice/DiceMesh.ts:191
[ 1624086ms] [WARNING] Canvas2D: Multiple readback operations using getImageData are faster with the willReadFrequently attribute set to true. See: https://html.spec.whatwg.org/multipage/canvas.html#concept-canvas-will-read-frequently @ webpack-internal:///(app-pages-browser)/./src/components/dice/DiceMesh.ts:191
[ 1624216ms] [LOG] [Fast Refresh] rebuilding @ webpack-internal:///(app-pages-browser)/./node_modules/next/dist/next-devtools/shared/forward-logs-shared.js:27
[ 1624632ms] [LOG] [Fast Refresh] done in 417ms @ webpack-internal:///(app-pages-browser)/./node_modules/next/dist/next-devtools/shared/forward-logs-shared.js:27
[ 1624716ms] [LOG] [Fast Refresh] rebuilding @ webpack-internal:///(app-pages-browser)/./node_modules/next/dist/next-devtools/shared/forward-logs-shared.js:27
[ 1624926ms] [LOG] [Fast Refresh] done in 210ms @ webpack-internal:///(app-pages-browser)/./node_modules/next/dist/next-devtools/shared/forward-logs-shared.js:27
[ 1630570ms] [LOG] [Fast Refresh] rebuilding @ webpack-internal:///(app-pages-browser)/./node_modules/next/dist/next-devtools/shared/forward-logs-shared.js:27
[ 1630839ms] [LOG] [Fast Refresh] done in 269ms @ webpack-internal:///(app-pages-browser)/./node_modules/next/dist/next-devtools/shared/forward-logs-shared.js:27
[ 1630889ms] [LOG] [Fast Refresh] rebuilding @ webpack-internal:///(app-pages-browser)/./node_modules/next/dist/next-devtools/shared/forward-logs-shared.js:27
[ 1631279ms] [LOG] [Fast Refresh] done in 390ms @ webpack-internal:///(app-pages-browser)/./node_modules/next/dist/next-devtools/shared/forward-logs-shared.js:27
[ 1639594ms] [LOG] [Fast Refresh] rebuilding @ webpack-internal:///(app-pages-browser)/./node_modules/next/dist/next-devtools/shared/forward-logs-shared.js:27
[ 1639929ms] [LOG] [Fast Refresh] done in 335ms @ webpack-internal:///(app-pages-browser)/./node_modules/next/dist/next-devtools/shared/forward-logs-shared.js:27
[ 1647595ms] [LOG] [Fast Refresh] rebuilding @ webpack-internal:///(app-pages-browser)/./node_modules/next/dist/next-devtools/shared/forward-logs-shared.js:27
[ 1647760ms] [LOG] [Fast Refresh] done in 165ms @ webpack-internal:///(app-pages-browser)/./node_modules/next/dist/next-devtools/shared/forward-logs-shared.js:27
[ 1647799ms] [LOG] [Fast Refresh] rebuilding @ webpack-internal:///(app-pages-browser)/./node_modules/next/dist/next-devtools/shared/forward-logs-shared.js:27
[ 1647968ms] [LOG] [Fast Refresh] done in 168ms @ webpack-internal:///(app-pages-browser)/./node_modules/next/dist/next-devtools/shared/forward-logs-shared.js:27
[ 1658900ms] [LOG] [Fast Refresh] rebuilding @ webpack-internal:///(app-pages-browser)/./node_modules/next/dist/next-devtools/shared/forward-logs-shared.js:27
[ 1659073ms] [LOG] [Fast Refresh] done in 173ms @ webpack-internal:///(app-pages-browser)/./node_modules/next/dist/next-devtools/shared/forward-logs-shared.js:27
[ 1659092ms] [LOG] [Fast Refresh] rebuilding @ webpack-internal:///(app-pages-browser)/./node_modules/next/dist/next-devtools/shared/forward-logs-shared.js:27
[ 1659275ms] [LOG] [Fast Refresh] done in 182ms @ webpack-internal:///(app-pages-browser)/./node_modules/next/dist/next-devtools/shared/forward-logs-shared.js:27
[ 1668976ms] [LOG] [Fast Refresh] rebuilding @ webpack-internal:///(app-pages-browser)/./node_modules/next/dist/next-devtools/shared/forward-logs-shared.js:27
[ 1669145ms] [LOG] [Fast Refresh] done in 170ms @ webpack-internal:///(app-pages-browser)/./node_modules/next/dist/next-devtools/shared/forward-logs-shared.js:27
[ 1669174ms] [LOG] [Fast Refresh] rebuilding @ webpack-internal:///(app-pages-browser)/./node_modules/next/dist/next-devtools/shared/forward-logs-shared.js:27
[ 1669343ms] [LOG] [Fast Refresh] done in 170ms @ webpack-internal:///(app-pages-browser)/./node_modules/next/dist/next-devtools/shared/forward-logs-shared.js:27
[ 1681607ms] [LOG] [Fast Refresh] rebuilding @ webpack-internal:///(app-pages-browser)/./node_modules/next/dist/next-devtools/shared/forward-logs-shared.js:27
[ 1682336ms] [LOG] [Fast Refresh] done in 729ms @ webpack-internal:///(app-pages-browser)/./node_modules/next/dist/next-devtools/shared/forward-logs-shared.js:27
[ 1739242ms] [LOG] [Fast Refresh] rebuilding @ webpack-internal:///(app-pages-browser)/./node_modules/next/dist/next-devtools/shared/forward-logs-shared.js:27
[ 1739680ms] [LOG] [Fast Refresh] done in 439ms @ webpack-internal:///(app-pages-browser)/./node_modules/next/dist/next-devtools/shared/forward-logs-shared.js:27
[ 1902221ms] [LOG] [Fast Refresh] rebuilding @ webpack-internal:///(app-pages-browser)/./node_modules/next/dist/next-devtools/shared/forward-logs-shared.js:27
[ 1902461ms] [LOG] [Fast Refresh] done in 240ms @ webpack-internal:///(app-pages-browser)/./node_modules/next/dist/next-devtools/shared/forward-logs-shared.js:27
[ 1902480ms] [LOG] [Fast Refresh] rebuilding @ webpack-internal:///(app-pages-browser)/./node_modules/next/dist/next-devtools/shared/forward-logs-shared.js:27
[ 1902745ms] [LOG] [Fast Refresh] done in 265ms @ webpack-internal:///(app-pages-browser)/./node_modules/next/dist/next-devtools/shared/forward-logs-shared.js:27
[ 1933074ms] [LOG] [Fast Refresh] rebuilding @ webpack-internal:///(app-pages-browser)/./node_modules/next/dist/next-devtools/shared/forward-logs-shared.js:27
[ 1933428ms] [LOG] [Fast Refresh] done in 354ms @ webpack-internal:///(app-pages-browser)/./node_modules/next/dist/next-devtools/shared/forward-logs-shared.js:27
[ 1933499ms] [ERROR] Failed to load resource: the server responded with a status of 404 (Not Found) @ http://localhost:3000/api/campaigns/cmmr6djjy0000ws482a52nc1y/skill-check/wager:0
[ 1933500ms] [ERROR] [Wager] Check not found or already resolved @ webpack-internal:///(app-pages-browser)/./node_modules/next/dist/next-devtools/userspace/app/errors/intercept-console-error.js:51
[ 1939180ms] [INFO] %cDownload the React DevTools for a better development experience: https://react.dev/link/react-devtools font-weight:bold @ webpack-internal:///(app-pages-browser)/./node_modules/next/dist/next-devtools/shared/forward-logs-shared.js:27
[ 1939238ms] [LOG] [HMR] connected @ webpack-internal:///(app-pages-browser)/./node_modules/next/dist/next-devtools/shared/forward-logs-shared.js:27
[ 1939382ms] [LOG] [Fast Refresh] rebuilding @ webpack-internal:///(app-pages-browser)/./node_modules/next/dist/next-devtools/shared/forward-logs-shared.js:27
[ 1939598ms] [LOG] [Fast Refresh] done in 216ms @ webpack-internal:///(app-pages-browser)/./node_modules/next/dist/next-devtools/shared/forward-logs-shared.js:27
[ 1940437ms] [WARNING] Canvas2D: Multiple readback operations using getImageData are faster with the willReadFrequently attribute set to true. See: https://html.spec.whatwg.org/multipage/canvas.html#concept-canvas-will-read-frequently @ webpack-internal:///(app-pages-browser)/./src/components/dice/DiceMesh.ts:191
[ 1940469ms] [WARNING] Canvas2D: Multiple readback operations using getImageData are faster with the willReadFrequently attribute set to true. See: https://html.spec.whatwg.org/multipage/canvas.html#concept-canvas-will-read-frequently @ webpack-internal:///(app-pages-browser)/./src/components/dice/DiceMesh.ts:191
[ 1940519ms] [WARNING] Canvas2D: Multiple readback operations using getImageData are faster with the willReadFrequently attribute set to true. See: https://html.spec.whatwg.org/multipage/canvas.html#concept-canvas-will-read-frequently @ webpack-internal:///(app-pages-browser)/./src/components/dice/DiceMesh.ts:191
[ 1940569ms] [WARNING] Canvas2D: Multiple readback operations using getImageData are faster with the willReadFrequently attribute set to true. See: https://html.spec.whatwg.org/multipage/canvas.html#concept-canvas-will-read-frequently @ webpack-internal:///(app-pages-browser)/./src/components/dice/DiceMesh.ts:191
[ 1940619ms] [WARNING] Canvas2D: Multiple readback operations using getImageData are faster with the willReadFrequently attribute set to true. See: https://html.spec.whatwg.org/multipage/canvas.html#concept-canvas-will-read-frequently @ webpack-internal:///(app-pages-browser)/./src/components/dice/DiceMesh.ts:191
[ 1940670ms] [WARNING] Canvas2D: Multiple readback operations using getImageData are faster with the willReadFrequently attribute set to true. See: https://html.spec.whatwg.org/multipage/canvas.html#concept-canvas-will-read-frequently @ webpack-internal:///(app-pages-browser)/./src/components/dice/DiceMesh.ts:191
[ 1940719ms] [WARNING] Canvas2D: Multiple readback operations using getImageData are faster with the willReadFrequently attribute set to true. See: https://html.spec.whatwg.org/multipage/canvas.html#concept-canvas-will-read-frequently @ webpack-internal:///(app-pages-browser)/./src/components/dice/DiceMesh.ts:191
[ 1940769ms] [WARNING] Canvas2D: Multiple readback operations using getImageData are faster with the willReadFrequently attribute set to true. See: https://html.spec.whatwg.org/multipage/canvas.html#concept-canvas-will-read-frequently @ webpack-internal:///(app-pages-browser)/./src/components/dice/DiceMesh.ts:191
[ 1940820ms] [WARNING] Canvas2D: Multiple readback operations using getImageData are faster with the willReadFrequently attribute set to true. See: https://html.spec.whatwg.org/multipage/canvas.html#concept-canvas-will-read-frequently @ webpack-internal:///(app-pages-browser)/./src/components/dice/DiceMesh.ts:191
[ 1940869ms] [WARNING] Canvas2D: Multiple readback operations using getImageData are faster with the willReadFrequently attribute set to true. See: https://html.spec.whatwg.org/multipage/canvas.html#concept-canvas-will-read-frequently @ webpack-internal:///(app-pages-browser)/./src/components/dice/DiceMesh.ts:191
[ 1940920ms] [WARNING] Canvas2D: Multiple readback operations using getImageData are faster with the willReadFrequently attribute set to true. See: https://html.spec.whatwg.org/multipage/canvas.html#concept-canvas-will-read-frequently @ webpack-internal:///(app-pages-browser)/./src/components/dice/DiceMesh.ts:191
[ 1940970ms] [WARNING] Canvas2D: Multiple readback operations using getImageData are faster with the willReadFrequently attribute set to true. See: https://html.spec.whatwg.org/multipage/canvas.html#concept-canvas-will-read-frequently @ webpack-internal:///(app-pages-browser)/./src/components/dice/DiceMesh.ts:191
[ 1941003ms] [WARNING] Canvas2D: Multiple readback operations using getImageData are faster with the willReadFrequently attribute set to true. See: https://html.spec.whatwg.org/multipage/canvas.html#concept-canvas-will-read-frequently @ webpack-internal:///(app-pages-browser)/./src/components/dice/DiceMesh.ts:191
[ 1941036ms] [WARNING] Canvas2D: Multiple readback operations using getImageData are faster with the willReadFrequently attribute set to true. See: https://html.spec.whatwg.org/multipage/canvas.html#concept-canvas-will-read-frequently @ webpack-internal:///(app-pages-browser)/./src/components/dice/DiceMesh.ts:191
[ 1941070ms] [WARNING] Canvas2D: Multiple readback operations using getImageData are faster with the willReadFrequently attribute set to true. See: https://html.spec.whatwg.org/multipage/canvas.html#concept-canvas-will-read-frequently @ webpack-internal:///(app-pages-browser)/./src/components/dice/DiceMesh.ts:191
[ 1941103ms] [WARNING] Canvas2D: Multiple readback operations using getImageData are faster with the willReadFrequently attribute set to true. See: https://html.spec.whatwg.org/multipage/canvas.html#concept-canvas-will-read-frequently @ webpack-internal:///(app-pages-browser)/./src/components/dice/DiceMesh.ts:191
[ 1941153ms] [WARNING] Canvas2D: Multiple readback operations using getImageData are faster with the willReadFrequently attribute set to true. See: https://html.spec.whatwg.org/multipage/canvas.html#concept-canvas-will-read-frequently @ webpack-internal:///(app-pages-browser)/./src/components/dice/DiceMesh.ts:191
[ 1941187ms] [WARNING] Canvas2D: Multiple readback operations using getImageData are faster with the willReadFrequently attribute set to true. See: https://html.spec.whatwg.org/multipage/canvas.html#concept-canvas-will-read-frequently @ webpack-internal:///(app-pages-browser)/./src/components/dice/DiceMesh.ts:191
[ 1941220ms] [WARNING] Canvas2D: Multiple readback operations using getImageData are faster with the willReadFrequently attribute set to true. See: https://html.spec.whatwg.org/multipage/canvas.html#concept-canvas-will-read-frequently @ webpack-internal:///(app-pages-browser)/./src/components/dice/DiceMesh.ts:191
[ 1941270ms] [WARNING] Canvas2D: Multiple readback operations using getImageData are faster with the willReadFrequently attribute set to true. See: https://html.spec.whatwg.org/multipage/canvas.html#concept-canvas-will-read-frequently @ webpack-internal:///(app-pages-browser)/./src/components/dice/DiceMesh.ts:191
[ 1941321ms] [WARNING] Canvas2D: Multiple readback operations using getImageData are faster with the willReadFrequently attribute set to true. See: https://html.spec.whatwg.org/multipage/canvas.html#concept-canvas-will-read-frequently @ webpack-internal:///(app-pages-browser)/./src/components/dice/DiceMesh.ts:191
[ 1941353ms] [WARNING] Canvas2D: Multiple readback operations using getImageData are faster with the willReadFrequently attribute set to true. See: https://html.spec.whatwg.org/multipage/canvas.html#concept-canvas-will-read-frequently @ webpack-internal:///(app-pages-browser)/./src/components/dice/DiceMesh.ts:191
[ 1941403ms] [WARNING] Canvas2D: Multiple readback operations using getImageData are faster with the willReadFrequently attribute set to true. See: https://html.spec.whatwg.org/multipage/canvas.html#concept-canvas-will-read-frequently @ webpack-internal:///(app-pages-browser)/./src/components/dice/DiceMesh.ts:191
[ 1941437ms] [WARNING] Canvas2D: Multiple readback operations using getImageData are faster with the willReadFrequently attribute set to true. See: https://html.spec.whatwg.org/multipage/canvas.html#concept-canvas-will-read-frequently @ webpack-internal:///(app-pages-browser)/./src/components/dice/DiceMesh.ts:191
[ 1941470ms] [WARNING] Canvas2D: Multiple readback operations using getImageData are faster with the willReadFrequently attribute set to true. See: https://html.spec.whatwg.org/multipage/canvas.html#concept-canvas-will-read-frequently @ webpack-internal:///(app-pages-browser)/./src/components/dice/DiceMesh.ts:191
[ 1941520ms] [WARNING] Canvas2D: Multiple readback operations using getImageData are faster with the willReadFrequently attribute set to true. See: https://html.spec.whatwg.org/multipage/canvas.html#concept-canvas-will-read-frequently @ webpack-internal:///(app-pages-browser)/./src/components/dice/DiceMesh.ts:191
[ 1941553ms] [WARNING] Canvas2D: Multiple readback operations using getImageData are faster with the willReadFrequently attribute set to true. See: https://html.spec.whatwg.org/multipage/canvas.html#concept-canvas-will-read-frequently @ webpack-internal:///(app-pages-browser)/./src/components/dice/DiceMesh.ts:191
[ 1941603ms] [WARNING] Canvas2D: Multiple readback operations using getImageData are faster with the willReadFrequently attribute set to true. See: https://html.spec.whatwg.org/multipage/canvas.html#concept-canvas-will-read-frequently @ webpack-internal:///(app-pages-browser)/./src/components/dice/DiceMesh.ts:191
[ 1941653ms] [WARNING] Canvas2D: Multiple readback operations using getImageData are faster with the willReadFrequently attribute set to true. See: https://html.spec.whatwg.org/multipage/canvas.html#concept-canvas-will-read-frequently @ webpack-internal:///(app-pages-browser)/./src/components/dice/DiceMesh.ts:191
[ 1941686ms] [WARNING] Canvas2D: Multiple readback operations using getImageData are faster with the willReadFrequently attribute set to true. See: https://html.spec.whatwg.org/multipage/canvas.html#concept-canvas-will-read-frequently @ webpack-internal:///(app-pages-browser)/./src/components/dice/DiceMesh.ts:191
[ 1941720ms] [WARNING] Canvas2D: Multiple readback operations using getImageData are faster with the willReadFrequently attribute set to true. See: https://html.spec.whatwg.org/multipage/canvas.html#concept-canvas-will-read-frequently @ webpack-internal:///(app-pages-browser)/./src/components/dice/DiceMesh.ts:191
[ 1941753ms] [WARNING] Canvas2D: Multiple readback operations using getImageData are faster with the willReadFrequently attribute set to true. See: https://html.spec.whatwg.org/multipage/canvas.html#concept-canvas-will-read-frequently @ webpack-internal:///(app-pages-browser)/./src/components/dice/DiceMesh.ts:191
[ 1941786ms] [WARNING] Canvas2D: Multiple readback operations using getImageData are faster with the willReadFrequently attribute set to true. See: https://html.spec.whatwg.org/multipage/canvas.html#concept-canvas-will-read-frequently @ webpack-internal:///(app-pages-browser)/./src/components/dice/DiceMesh.ts:191
[ 1941837ms] [WARNING] Canvas2D: Multiple readback operations using getImageData are faster with the willReadFrequently attribute set to true. See: https://html.spec.whatwg.org/multipage/canvas.html#concept-canvas-will-read-frequently @ webpack-internal:///(app-pages-browser)/./src/components/dice/DiceMesh.ts:191
[ 1941887ms] [WARNING] Canvas2D: Multiple readback operations using getImageData are faster with the willReadFrequently attribute set to true. See: https://html.spec.whatwg.org/multipage/canvas.html#concept-canvas-will-read-frequently @ webpack-internal:///(app-pages-browser)/./src/components/dice/DiceMesh.ts:191
[ 1941937ms] [WARNING] Canvas2D: Multiple readback operations using getImageData are faster with the willReadFrequently attribute set to true. See: https://html.spec.whatwg.org/multipage/canvas.html#concept-canvas-will-read-frequently @ webpack-internal:///(app-pages-browser)/./src/components/dice/DiceMesh.ts:191
[ 1941987ms] [WARNING] Canvas2D: Multiple readback operations using getImageData are faster with the willReadFrequently attribute set to true. See: https://html.spec.whatwg.org/multipage/canvas.html#concept-canvas-will-read-frequently @ webpack-internal:///(app-pages-browser)/./src/components/dice/DiceMesh.ts:191
[ 1942037ms] [WARNING] Canvas2D: Multiple readback operations using getImageData are faster with the willReadFrequently attribute set to true. See: https://html.spec.whatwg.org/multipage/canvas.html#concept-canvas-will-read-frequently @ webpack-internal:///(app-pages-browser)/./src/components/dice/DiceMesh.ts:191
[ 1942070ms] [WARNING] Canvas2D: Multiple readback operations using getImageData are faster with the willReadFrequently attribute set to true. See: https://html.spec.whatwg.org/multipage/canvas.html#concept-canvas-will-read-frequently @ webpack-internal:///(app-pages-browser)/./src/components/dice/DiceMesh.ts:191
[ 1942120ms] [WARNING] Canvas2D: Multiple readback operations using getImageData are faster with the willReadFrequently attribute set to true. See: https://html.spec.whatwg.org/multipage/canvas.html#concept-canvas-will-read-frequently @ webpack-internal:///(app-pages-browser)/./src/components/dice/DiceMesh.ts:191
[ 1942170ms] [WARNING] Canvas2D: Multiple readback operations using getImageData are faster with the willReadFrequently attribute set to true. See: https://html.spec.whatwg.org/multipage/canvas.html#concept-canvas-will-read-frequently @ webpack-internal:///(app-pages-browser)/./src/components/dice/DiceMesh.ts:191
[ 1942220ms] [WARNING] Canvas2D: Multiple readback operations using getImageData are faster with the willReadFrequently attribute set to true. See: https://html.spec.whatwg.org/multipage/canvas.html#concept-canvas-will-read-frequently @ webpack-internal:///(app-pages-browser)/./src/components/dice/DiceMesh.ts:191
[ 1942270ms] [WARNING] Canvas2D: Multiple readback operations using getImageData are faster with the willReadFrequently attribute set to true. See: https://html.spec.whatwg.org/multipage/canvas.html#concept-canvas-will-read-frequently @ webpack-internal:///(app-pages-browser)/./src/components/dice/DiceMesh.ts:191
[ 1942320ms] [WARNING] Canvas2D: Multiple readback operations using getImageData are faster with the willReadFrequently attribute set to true. See: https://html.spec.whatwg.org/multipage/canvas.html#concept-canvas-will-read-frequently @ webpack-internal:///(app-pages-browser)/./src/components/dice/DiceMesh.ts:191
[ 1942354ms] [WARNING] Canvas2D: Multiple readback operations using getImageData are faster with the willReadFrequently attribute set to true. See: https://html.spec.whatwg.org/multipage/canvas.html#concept-canvas-will-read-frequently @ webpack-internal:///(app-pages-browser)/./src/components/dice/DiceMesh.ts:191
[ 1942387ms] [WARNING] Canvas2D: Multiple readback operations using getImageData are faster with the willReadFrequently attribute set to true. See: https://html.spec.whatwg.org/multipage/canvas.html#concept-canvas-will-read-frequently @ webpack-internal:///(app-pages-browser)/./src/components/dice/DiceMesh.ts:191
[ 1942440ms] [WARNING] Canvas2D: Multiple readback operations using getImageData are faster with the willReadFrequently attribute set to true. See: https://html.spec.whatwg.org/multipage/canvas.html#concept-canvas-will-read-frequently @ webpack-internal:///(app-pages-browser)/./src/components/dice/DiceMesh.ts:191
[ 1942487ms] [WARNING] Canvas2D: Multiple readback operations using getImageData are faster with the willReadFrequently attribute set to true. See: https://html.spec.whatwg.org/multipage/canvas.html#concept-canvas-will-read-frequently @ webpack-internal:///(app-pages-browser)/./src/components/dice/DiceMesh.ts:191
[ 1942538ms] [WARNING] Canvas2D: Multiple readback operations using getImageData are faster with the willReadFrequently attribute set to true. See: https://html.spec.whatwg.org/multipage/canvas.html#concept-canvas-will-read-frequently @ webpack-internal:///(app-pages-browser)/./src/components/dice/DiceMesh.ts:191
[ 1942587ms] [WARNING] Canvas2D: Multiple readback operations using getImageData are faster with the willReadFrequently attribute set to true. See: https://html.spec.whatwg.org/multipage/canvas.html#concept-canvas-will-read-frequently @ webpack-internal:///(app-pages-browser)/./src/components/dice/DiceMesh.ts:191
[ 1942638ms] [WARNING] Canvas2D: Multiple readback operations using getImageData are faster with the willReadFrequently attribute set to true. See: https://html.spec.whatwg.org/multipage/canvas.html#concept-canvas-will-read-frequently @ webpack-internal:///(app-pages-browser)/./src/components/dice/DiceMesh.ts:191
[ 1942671ms] [WARNING] Canvas2D: Multiple readback operations using getImageData are faster with the willReadFrequently attribute set to true. See: https://html.spec.whatwg.org/multipage/canvas.html#concept-canvas-will-read-frequently @ webpack-internal:///(app-pages-browser)/./src/components/dice/DiceMesh.ts:191
[ 1942721ms] [WARNING] Canvas2D: Multiple readback operations using getImageData are faster with the willReadFrequently attribute set to true. See: https://html.spec.whatwg.org/multipage/canvas.html#concept-canvas-will-read-frequently @ webpack-internal:///(app-pages-browser)/./src/components/dice/DiceMesh.ts:191
[ 1942756ms] [WARNING] Canvas2D: Multiple readback operations using getImageData are faster with the willReadFrequently attribute set to true. See: https://html.spec.whatwg.org/multipage/canvas.html#concept-canvas-will-read-frequently @ webpack-internal:///(app-pages-browser)/./src/components/dice/DiceMesh.ts:191
[ 1942787ms] [WARNING] Canvas2D: Multiple readback operations using getImageData are faster with the willReadFrequently attribute set to true. See: https://html.spec.whatwg.org/multipage/canvas.html#concept-canvas-will-read-frequently @ webpack-internal:///(app-pages-browser)/./src/components/dice/DiceMesh.ts:191
[ 1942821ms] [WARNING] Canvas2D: Multiple readback operations using getImageData are faster with the willReadFrequently attribute set to true. See: https://html.spec.whatwg.org/multipage/canvas.html#concept-canvas-will-read-frequently @ webpack-internal:///(app-pages-browser)/./src/components/dice/DiceMesh.ts:191
[ 1942871ms] [WARNING] Canvas2D: Multiple readback operations using getImageData are faster with the willReadFrequently attribute set to true. See: https://html.spec.whatwg.org/multipage/canvas.html#concept-canvas-will-read-frequently @ webpack-internal:///(app-pages-browser)/./src/components/dice/DiceMesh.ts:191
[ 1942938ms] [WARNING] Canvas2D: Multiple readback operations using getImageData are faster with the willReadFrequently attribute set to true. See: https://html.spec.whatwg.org/multipage/canvas.html#concept-canvas-will-read-frequently @ webpack-internal:///(app-pages-browser)/./src/components/dice/DiceMesh.ts:191
[ 1942987ms] [WARNING] Canvas2D: Multiple readback operations using getImageData are faster with the willReadFrequently attribute set to true. See: https://html.spec.whatwg.org/multipage/canvas.html#concept-canvas-will-read-frequently @ webpack-internal:///(app-pages-browser)/./src/components/dice/DiceMesh.ts:191
[ 1943022ms] [WARNING] Canvas2D: Multiple readback operations using getImageData are faster with the willReadFrequently attribute set to true. See: https://html.spec.whatwg.org/multipage/canvas.html#concept-canvas-will-read-frequently @ webpack-internal:///(app-pages-browser)/./src/components/dice/DiceMesh.ts:191
[ 1943055ms] [WARNING] Canvas2D: Multiple readback operations using getImageData are faster with the willReadFrequently attribute set to true. See: https://html.spec.whatwg.org/multipage/canvas.html#concept-canvas-will-read-frequently @ webpack-internal:///(app-pages-browser)/./src/components/dice/DiceMesh.ts:191
[ 1943105ms] [WARNING] Canvas2D: Multiple readback operations using getImageData are faster with the willReadFrequently attribute set to true. See: https://html.spec.whatwg.org/multipage/canvas.html#concept-canvas-will-read-frequently @ webpack-internal:///(app-pages-browser)/./src/components/dice/DiceMesh.ts:191
[ 1943155ms] [WARNING] Canvas2D: Multiple readback operations using getImageData are faster with the willReadFrequently attribute set to true. See: https://html.spec.whatwg.org/multipage/canvas.html#concept-canvas-will-read-frequently @ webpack-internal:///(app-pages-browser)/./src/components/dice/DiceMesh.ts:191
[ 1943205ms] [WARNING] Canvas2D: Multiple readback operations using getImageData are faster with the willReadFrequently attribute set to true. See: https://html.spec.whatwg.org/multipage/canvas.html#concept-canvas-will-read-frequently @ webpack-internal:///(app-pages-browser)/./src/components/dice/DiceMesh.ts:191
[ 1943273ms] [WARNING] Canvas2D: Multiple readback operations using getImageData are faster with the willReadFrequently attribute set to true. See: https://html.spec.whatwg.org/multipage/canvas.html#concept-canvas-will-read-frequently @ webpack-internal:///(app-pages-browser)/./src/components/dice/DiceMesh.ts:191
[ 1943305ms] [WARNING] Canvas2D: Multiple readback operations using getImageData are faster with the willReadFrequently attribute set to true. See: https://html.spec.whatwg.org/multipage/canvas.html#concept-canvas-will-read-frequently @ webpack-internal:///(app-pages-browser)/./src/components/dice/DiceMesh.ts:191
[ 1943338ms] [WARNING] Canvas2D: Multiple readback operations using getImageData are faster with the willReadFrequently attribute set to true. See: https://html.spec.whatwg.org/multipage/canvas.html#concept-canvas-will-read-frequently @ webpack-internal:///(app-pages-browser)/./src/components/dice/DiceMesh.ts:191
[ 1943388ms] [WARNING] Canvas2D: Multiple readback operations using getImageData are faster with the willReadFrequently attribute set to true. See: https://html.spec.whatwg.org/multipage/canvas.html#concept-canvas-will-read-frequently @ webpack-internal:///(app-pages-browser)/./src/components/dice/DiceMesh.ts:191
[ 1943439ms] [WARNING] Canvas2D: Multiple readback operations using getImageData are faster with the willReadFrequently attribute set to true. See: https://html.spec.whatwg.org/multipage/canvas.html#concept-canvas-will-read-frequently @ webpack-internal:///(app-pages-browser)/./src/components/dice/DiceMesh.ts:191
[ 1943472ms] [WARNING] Canvas2D: Multiple readback operations using getImageData are faster with the willReadFrequently attribute set to true. See: https://html.spec.whatwg.org/multipage/canvas.html#concept-canvas-will-read-frequently @ webpack-internal:///(app-pages-browser)/./src/components/dice/DiceMesh.ts:191
[ 1943523ms] [WARNING] Canvas2D: Multiple readback operations using getImageData are faster with the willReadFrequently attribute set to true. See: https://html.spec.whatwg.org/multipage/canvas.html#concept-canvas-will-read-frequently @ webpack-internal:///(app-pages-browser)/./src/components/dice/DiceMesh.ts:191
[ 1943555ms] [WARNING] Canvas2D: Multiple readback operations using getImageData are faster with the willReadFrequently attribute set to true. See: https://html.spec.whatwg.org/multipage/canvas.html#concept-canvas-will-read-frequently @ webpack-internal:///(app-pages-browser)/./src/components/dice/DiceMesh.ts:191
[ 1943605ms] [WARNING] Canvas2D: Multiple readback operations using getImageData are faster with the willReadFrequently attribute set to true. See: https://html.spec.whatwg.org/multipage/canvas.html#concept-canvas-will-read-frequently @ webpack-internal:///(app-pages-browser)/./src/components/dice/DiceMesh.ts:191
[ 1943672ms] [WARNING] Canvas2D: Multiple readback operations using getImageData are faster with the willReadFrequently attribute set to true. See: https://html.spec.whatwg.org/multipage/canvas.html#concept-canvas-will-read-frequently @ webpack-internal:///(app-pages-browser)/./src/components/dice/DiceMesh.ts:191
[ 1943705ms] [WARNING] Canvas2D: Multiple readback operations using getImageData are faster with the willReadFrequently attribute set to true. See: https://html.spec.whatwg.org/multipage/canvas.html#concept-canvas-will-read-frequently @ webpack-internal:///(app-pages-browser)/./src/components/dice/DiceMesh.ts:191
[ 1943773ms] [WARNING] Canvas2D: Multiple readback operations using getImageData are faster with the willReadFrequently attribute set to true. See: https://html.spec.whatwg.org/multipage/canvas.html#concept-canvas-will-read-frequently @ webpack-internal:///(app-pages-browser)/./src/components/dice/DiceMesh.ts:191
[ 1943834ms] [LOG] [Fast Refresh] rebuilding @ webpack-internal:///(app-pages-browser)/./node_modules/next/dist/next-devtools/shared/forward-logs-shared.js:27
[ 1943834ms] [LOG] [Fast Refresh] done in 0ms @ webpack-internal:///(app-pages-browser)/./node_modules/next/dist/next-devtools/shared/forward-logs-shared.js:27
[ 1943834ms] [LOG] [Fast Refresh] rebuilding @ webpack-internal:///(app-pages-browser)/./node_modules/next/dist/next-devtools/shared/forward-logs-shared.js:27
[ 1943834ms] [LOG] [Fast Refresh] done in 1ms @ webpack-internal:///(app-pages-browser)/./node_modules/next/dist/next-devtools/shared/forward-logs-shared.js:27
[ 2010097ms] [LOG] [Fast Refresh] rebuilding @ webpack-internal:///(app-pages-browser)/./node_modules/next/dist/next-devtools/shared/forward-logs-shared.js:27
[ 2010420ms] [LOG] [Fast Refresh] done in 324ms @ webpack-internal:///(app-pages-browser)/./node_modules/next/dist/next-devtools/shared/forward-logs-shared.js:27
[ 2012072ms] [LOG] [Fast Refresh] rebuilding @ webpack-internal:///(app-pages-browser)/./node_modules/next/dist/next-devtools/shared/forward-logs-shared.js:27
[ 2012507ms] [LOG] [Fast Refresh] done in 434ms @ webpack-internal:///(app-pages-browser)/./node_modules/next/dist/next-devtools/shared/forward-logs-shared.js:27
[ 2012698ms] [LOG] [Fast Refresh] rebuilding @ webpack-internal:///(app-pages-browser)/./node_modules/next/dist/next-devtools/shared/forward-logs-shared.js:27
[ 2013010ms] [LOG] [Fast Refresh] done in 312ms @ webpack-internal:///(app-pages-browser)/./node_modules/next/dist/next-devtools/shared/forward-logs-shared.js:27
[ 2035958ms] [LOG] [Fast Refresh] rebuilding @ webpack-internal:///(app-pages-browser)/./node_modules/next/dist/next-devtools/shared/forward-logs-shared.js:27
[ 2036206ms] [LOG] [Fast Refresh] done in 248ms @ webpack-internal:///(app-pages-browser)/./node_modules/next/dist/next-devtools/shared/forward-logs-shared.js:27
[ 2036370ms] [LOG] [Fast Refresh] rebuilding @ webpack-internal:///(app-pages-browser)/./node_modules/next/dist/next-devtools/shared/forward-logs-shared.js:27
[ 2036878ms] [LOG] [Fast Refresh] done in 508ms @ webpack-internal:///(app-pages-browser)/./node_modules/next/dist/next-devtools/shared/forward-logs-shared.js:27
[ 2094520ms] [LOG] [Fast Refresh] rebuilding @ webpack-internal:///(app-pages-browser)/./node_modules/next/dist/next-devtools/shared/forward-logs-shared.js:27
[ 2094878ms] [LOG] [Fast Refresh] done in 357ms @ webpack-internal:///(app-pages-browser)/./node_modules/next/dist/next-devtools/shared/forward-logs-shared.js:27
[ 2167666ms] [LOG] [Fast Refresh] rebuilding @ webpack-internal:///(app-pages-browser)/./node_modules/next/dist/next-devtools/shared/forward-logs-shared.js:27
[ 2168013ms] [LOG] [Fast Refresh] done in 347ms @ webpack-internal:///(app-pages-browser)/./node_modules/next/dist/next-devtools/shared/forward-logs-shared.js:27
[ 2168133ms] [WARNING] THREE.WebGLShadowMap: PCFSoftShadowMap has been deprecated. Using PCFShadowMap instead. @ webpack-internal:///(app-pages-browser)/./node_modules/next/dist/next-devtools/shared/forward-logs-shared.js:27
[ 2170216ms] [LOG] [Fast Refresh] rebuilding @ webpack-internal:///(app-pages-browser)/./node_modules/next/dist/next-devtools/shared/forward-logs-shared.js:27
[ 2170434ms] [LOG] [Fast Refresh] done in 218ms @ webpack-internal:///(app-pages-browser)/./node_modules/next/dist/next-devtools/shared/forward-logs-shared.js:27
[ 2172153ms] [LOG] [Fast Refresh] rebuilding @ webpack-internal:///(app-pages-browser)/./node_modules/next/dist/next-devtools/shared/forward-logs-shared.js:27
[ 2172356ms] [LOG] [Fast Refresh] done in 203ms @ webpack-internal:///(app-pages-browser)/./node_modules/next/dist/next-devtools/shared/forward-logs-shared.js:27
[ 2172753ms] [LOG] [Fast Refresh] rebuilding @ webpack-internal:///(app-pages-browser)/./node_modules/next/dist/next-devtools/shared/forward-logs-shared.js:27
[ 2173249ms] [LOG] [Fast Refresh] done in 496ms @ webpack-internal:///(app-pages-browser)/./node_modules/next/dist/next-devtools/shared/forward-logs-shared.js:27
[ 2173356ms] [LOG] [Fast Refresh] rebuilding @ webpack-internal:///(app-pages-browser)/./node_modules/next/dist/next-devtools/shared/forward-logs-shared.js:27
[ 2173735ms] [LOG] [Fast Refresh] done in 379ms @ webpack-internal:///(app-pages-browser)/./node_modules/next/dist/next-devtools/shared/forward-logs-shared.js:27
[ 2185926ms] [LOG] [Fast Refresh] rebuilding @ webpack-internal:///(app-pages-browser)/./node_modules/next/dist/next-devtools/shared/forward-logs-shared.js:27
[ 2186424ms] [LOG] [Fast Refresh] done in 499ms @ webpack-internal:///(app-pages-browser)/./node_modules/next/dist/next-devtools/shared/forward-logs-shared.js:27
[ 2186505ms] [LOG] [Fast Refresh] rebuilding @ webpack-internal:///(app-pages-browser)/./node_modules/next/dist/next-devtools/shared/forward-logs-shared.js:27
[ 2186725ms] [LOG] [Fast Refresh] done in 221ms @ webpack-internal:///(app-pages-browser)/./node_modules/next/dist/next-devtools/shared/forward-logs-shared.js:27
[ 2327185ms] [LOG] [Fast Refresh] rebuilding @ webpack-internal:///(app-pages-browser)/./node_modules/next/dist/next-devtools/shared/forward-logs-shared.js:27
[ 2328266ms] [LOG] [Fast Refresh] done in 1081ms @ webpack-internal:///(app-pages-browser)/./node_modules/next/dist/next-devtools/shared/forward-logs-shared.js:27
[ 2328315ms] [WARNING] WebGL: INVALID_OPERATION: texImage3D: FLIP_Y or PREMULTIPLY_ALPHA isn't allowed for uploading 3D textures @ webpack-internal:///(app-pages-browser)/./node_modules/three/build/three.module.js:10513
[ 2328316ms] [WARNING] WebGL: INVALID_OPERATION: texImage3D: FLIP_Y or PREMULTIPLY_ALPHA isn't allowed for uploading 3D textures @ webpack-internal:///(app-pages-browser)/./node_modules/three/build/three.module.js:10513
[ 2336604ms] [LOG] [Fast Refresh] rebuilding @ webpack-internal:///(app-pages-browser)/./node_modules/next/dist/next-devtools/shared/forward-logs-shared.js:27
[ 2337370ms] [LOG] [Fast Refresh] done in 765ms @ webpack-internal:///(app-pages-browser)/./node_modules/next/dist/next-devtools/shared/forward-logs-shared.js:27
[ 2337654ms] [WARNING] WebGL: INVALID_OPERATION: texImage3D: FLIP_Y or PREMULTIPLY_ALPHA isn't allowed for uploading 3D textures @ webpack-internal:///(app-pages-browser)/./node_modules/three/build/three.module.js:10513
[ 2337654ms] [WARNING] WebGL: INVALID_OPERATION: texImage3D: FLIP_Y or PREMULTIPLY_ALPHA isn't allowed for uploading 3D textures @ webpack-internal:///(app-pages-browser)/./node_modules/three/build/three.module.js:10513
[ 2352851ms] [LOG] [Fast Refresh] rebuilding @ webpack-internal:///(app-pages-browser)/./node_modules/next/dist/next-devtools/shared/forward-logs-shared.js:27
[ 2353384ms] [LOG] [Fast Refresh] rebuilding @ webpack-internal:///(app-pages-browser)/./node_modules/next/dist/next-devtools/shared/forward-logs-shared.js:27
[ 2353403ms] [LOG] [Fast Refresh] done in 19ms @ webpack-internal:///(app-pages-browser)/./node_modules/next/dist/next-devtools/shared/forward-logs-shared.js:27
[ 2353442ms] [WARNING] WebGL: INVALID_OPERATION: texImage3D: FLIP_Y or PREMULTIPLY_ALPHA isn't allowed for uploading 3D textures @ webpack-internal:///(app-pages-browser)/./node_modules/three/build/three.module.js:10513
[ 2353442ms] [WARNING] WebGL: INVALID_OPERATION: texImage3D: FLIP_Y or PREMULTIPLY_ALPHA isn't allowed for uploading 3D textures @ webpack-internal:///(app-pages-browser)/./node_modules/three/build/three.module.js:10513
[ 2353590ms] [LOG] [Fast Refresh] done in 205ms @ webpack-internal:///(app-pages-browser)/./node_modules/next/dist/next-devtools/shared/forward-logs-shared.js:27
[ 2353652ms] [LOG] [Fast Refresh] rebuilding @ webpack-internal:///(app-pages-browser)/./node_modules/next/dist/next-devtools/shared/forward-logs-shared.js:27
[ 2353852ms] [LOG] [Fast Refresh] done in 200ms @ webpack-internal:///(app-pages-browser)/./node_modules/next/dist/next-devtools/shared/forward-logs-shared.js:27
[ 2393135ms] [LOG] [Fast Refresh] rebuilding @ webpack-internal:///(app-pages-browser)/./node_modules/next/dist/next-devtools/shared/forward-logs-shared.js:27
[ 2393619ms] [LOG] [Fast Refresh] done in 484ms @ webpack-internal:///(app-pages-browser)/./node_modules/next/dist/next-devtools/shared/forward-logs-shared.js:27
[ 2400927ms] [LOG] [Fast Refresh] rebuilding @ webpack-internal:///(app-pages-browser)/./node_modules/next/dist/next-devtools/shared/forward-logs-shared.js:27
[ 2401371ms] [LOG] [Fast Refresh] done in 443ms @ webpack-internal:///(app-pages-browser)/./node_modules/next/dist/next-devtools/shared/forward-logs-shared.js:27
[ 2401498ms] [WARNING] THREE.WebGLShadowMap: PCFSoftShadowMap has been deprecated. Using PCFShadowMap instead. @ webpack-internal:///(app-pages-browser)/./node_modules/next/dist/next-devtools/shared/forward-logs-shared.js:27
[ 2475965ms] [INFO] %cDownload the React DevTools for a better development experience: https://react.dev/link/react-devtools font-weight:bold @ webpack-internal:///(app-pages-browser)/./node_modules/next/dist/next-devtools/shared/forward-logs-shared.js:27
[ 2476018ms] [LOG] [HMR] connected @ webpack-internal:///(app-pages-browser)/./node_modules/next/dist/next-devtools/shared/forward-logs-shared.js:27
[ 2476413ms] [LOG] [Fast Refresh] rebuilding @ webpack-internal:///(app-pages-browser)/./node_modules/next/dist/next-devtools/shared/forward-logs-shared.js:27
[ 2477000ms] [LOG] [Fast Refresh] done in 588ms @ webpack-internal:///(app-pages-browser)/./node_modules/next/dist/next-devtools/shared/forward-logs-shared.js:27
[ 2477450ms] [WARNING] Canvas2D: Multiple readback operations using getImageData are faster with the willReadFrequently attribute set to true. See: https://html.spec.whatwg.org/multipage/canvas.html#concept-canvas-will-read-frequently @ webpack-internal:///(app-pages-browser)/./src/components/dice/DiceMesh.ts:191
[ 2477477ms] [WARNING] Canvas2D: Multiple readback operations using getImageData are faster with the willReadFrequently attribute set to true. See: https://html.spec.whatwg.org/multipage/canvas.html#concept-canvas-will-read-frequently @ webpack-internal:///(app-pages-browser)/./src/components/dice/DiceMesh.ts:191
[ 2477510ms] [WARNING] Canvas2D: Multiple readback operations using getImageData are faster with the willReadFrequently attribute set to true. See: https://html.spec.whatwg.org/multipage/canvas.html#concept-canvas-will-read-frequently @ webpack-internal:///(app-pages-browser)/./src/components/dice/DiceMesh.ts:191
[ 2477544ms] [WARNING] Canvas2D: Multiple readback operations using getImageData are faster with the willReadFrequently attribute set to true. See: https://html.spec.whatwg.org/multipage/canvas.html#concept-canvas-will-read-frequently @ webpack-internal:///(app-pages-browser)/./src/components/dice/DiceMesh.ts:191
[ 2477577ms] [WARNING] Canvas2D: Multiple readback operations using getImageData are faster with the willReadFrequently attribute set to true. See: https://html.spec.whatwg.org/multipage/canvas.html#concept-canvas-will-read-frequently @ webpack-internal:///(app-pages-browser)/./src/components/dice/DiceMesh.ts:191
[ 2477611ms] [WARNING] Canvas2D: Multiple readback operations using getImageData are faster with the willReadFrequently attribute set to true. See: https://html.spec.whatwg.org/multipage/canvas.html#concept-canvas-will-read-frequently @ webpack-internal:///(app-pages-browser)/./src/components/dice/DiceMesh.ts:191
[ 2477644ms] [WARNING] Canvas2D: Multiple readback operations using getImageData are faster with the willReadFrequently attribute set to true. See: https://html.spec.whatwg.org/multipage/canvas.html#concept-canvas-will-read-frequently @ webpack-internal:///(app-pages-browser)/./src/components/dice/DiceMesh.ts:191
[ 2477677ms] [WARNING] Canvas2D: Multiple readback operations using getImageData are faster with the willReadFrequently attribute set to true. See: https://html.spec.whatwg.org/multipage/canvas.html#concept-canvas-will-read-frequently @ webpack-internal:///(app-pages-browser)/./src/components/dice/DiceMesh.ts:191
[ 2477710ms] [WARNING] Canvas2D: Multiple readback operations using getImageData are faster with the willReadFrequently attribute set to true. See: https://html.spec.whatwg.org/multipage/canvas.html#concept-canvas-will-read-frequently @ webpack-internal:///(app-pages-browser)/./src/components/dice/DiceMesh.ts:191
[ 2477744ms] [WARNING] Canvas2D: Multiple readback operations using getImageData are faster with the willReadFrequently attribute set to true. See: https://html.spec.whatwg.org/multipage/canvas.html#concept-canvas-will-read-frequently @ webpack-internal:///(app-pages-browser)/./src/components/dice/DiceMesh.ts:191
[ 2477778ms] [WARNING] Canvas2D: Multiple readback operations using getImageData are faster with the willReadFrequently attribute set to true. See: https://html.spec.whatwg.org/multipage/canvas.html#concept-canvas-will-read-frequently @ webpack-internal:///(app-pages-browser)/./src/components/dice/DiceMesh.ts:191
[ 2477811ms] [WARNING] Canvas2D: Multiple readback operations using getImageData are faster with the willReadFrequently attribute set to true. See: https://html.spec.whatwg.org/multipage/canvas.html#concept-canvas-will-read-frequently @ webpack-internal:///(app-pages-browser)/./src/components/dice/DiceMesh.ts:191
[ 2477844ms] [WARNING] Canvas2D: Multiple readback operations using getImageData are faster with the willReadFrequently attribute set to true. See: https://html.spec.whatwg.org/multipage/canvas.html#concept-canvas-will-read-frequently @ webpack-internal:///(app-pages-browser)/./src/components/dice/DiceMesh.ts:191
[ 2477877ms] [WARNING] Canvas2D: Multiple readback operations using getImageData are faster with the willReadFrequently attribute set to true. See: https://html.spec.whatwg.org/multipage/canvas.html#concept-canvas-will-read-frequently @ webpack-internal:///(app-pages-browser)/./src/components/dice/DiceMesh.ts:191
[ 2477911ms] [WARNING] Canvas2D: Multiple readback operations using getImageData are faster with the willReadFrequently attribute set to true. See: https://html.spec.whatwg.org/multipage/canvas.html#concept-canvas-will-read-frequently @ webpack-internal:///(app-pages-browser)/./src/components/dice/DiceMesh.ts:191
[ 2477944ms] [WARNING] Canvas2D: Multiple readback operations using getImageData are faster with the willReadFrequently attribute set to true. See: https://html.spec.whatwg.org/multipage/canvas.html#concept-canvas-will-read-frequently @ webpack-internal:///(app-pages-browser)/./src/components/dice/DiceMesh.ts:191
[ 2477977ms] [WARNING] Canvas2D: Multiple readback operations using getImageData are faster with the willReadFrequently attribute set to true. See: https://html.spec.whatwg.org/multipage/canvas.html#concept-canvas-will-read-frequently @ webpack-internal:///(app-pages-browser)/./src/components/dice/DiceMesh.ts:191
[ 2478011ms] [WARNING] Canvas2D: Multiple readback operations using getImageData are faster with the willReadFrequently attribute set to true. See: https://html.spec.whatwg.org/multipage/canvas.html#concept-canvas-will-read-frequently @ webpack-internal:///(app-pages-browser)/./src/components/dice/DiceMesh.ts:191
[ 2478044ms] [WARNING] Canvas2D: Multiple readback operations using getImageData are faster with the willReadFrequently attribute set to true. See: https://html.spec.whatwg.org/multipage/canvas.html#concept-canvas-will-read-frequently @ webpack-internal:///(app-pages-browser)/./src/components/dice/DiceMesh.ts:191
[ 2478060ms] [WARNING] Canvas2D: Multiple readback operations using getImageData are faster with the willReadFrequently attribute set to true. See: https://html.spec.whatwg.org/multipage/canvas.html#concept-canvas-will-read-frequently @ webpack-internal:///(app-pages-browser)/./src/components/dice/DiceMesh.ts:191
[ 2478094ms] [WARNING] Canvas2D: Multiple readback operations using getImageData are faster with the willReadFrequently attribute set to true. See: https://html.spec.whatwg.org/multipage/canvas.html#concept-canvas-will-read-frequently @ webpack-internal:///(app-pages-browser)/./src/components/dice/DiceMesh.ts:191
[ 2478128ms] [WARNING] Canvas2D: Multiple readback operations using getImageData are faster with the willReadFrequently attribute set to true. See: https://html.spec.whatwg.org/multipage/canvas.html#concept-canvas-will-read-frequently @ webpack-internal:///(app-pages-browser)/./src/components/dice/DiceMesh.ts:191
[ 2478161ms] [WARNING] Canvas2D: Multiple readback operations using getImageData are faster with the willReadFrequently attribute set to true. See: https://html.spec.whatwg.org/multipage/canvas.html#concept-canvas-will-read-frequently @ webpack-internal:///(app-pages-browser)/./src/components/dice/DiceMesh.ts:191
[ 2478194ms] [WARNING] Canvas2D: Multiple readback operations using getImageData are faster with the willReadFrequently attribute set to true. See: https://html.spec.whatwg.org/multipage/canvas.html#concept-canvas-will-read-frequently @ webpack-internal:///(app-pages-browser)/./src/components/dice/DiceMesh.ts:191
[ 2478228ms] [WARNING] Canvas2D: Multiple readback operations using getImageData are faster with the willReadFrequently attribute set to true. See: https://html.spec.whatwg.org/multipage/canvas.html#concept-canvas-will-read-frequently @ webpack-internal:///(app-pages-browser)/./src/components/dice/DiceMesh.ts:191
[ 2478261ms] [WARNING] Canvas2D: Multiple readback operations using getImageData are faster with the willReadFrequently attribute set to true. See: https://html.spec.whatwg.org/multipage/canvas.html#concept-canvas-will-read-frequently @ webpack-internal:///(app-pages-browser)/./src/components/dice/DiceMesh.ts:191
[ 2478294ms] [WARNING] Canvas2D: Multiple readback operations using getImageData are faster with the willReadFrequently attribute set to true. See: https://html.spec.whatwg.org/multipage/canvas.html#concept-canvas-will-read-frequently @ webpack-internal:///(app-pages-browser)/./src/components/dice/DiceMesh.ts:191
[ 2478328ms] [WARNING] Canvas2D: Multiple readback operations using getImageData are faster with the willReadFrequently attribute set to true. See: https://html.spec.whatwg.org/multipage/canvas.html#concept-canvas-will-read-frequently @ webpack-internal:///(app-pages-browser)/./src/components/dice/DiceMesh.ts:191
[ 2478361ms] [WARNING] Canvas2D: Multiple readback operations using getImageData are faster with the willReadFrequently attribute set to true. See: https://html.spec.whatwg.org/multipage/canvas.html#concept-canvas-will-read-frequently @ webpack-internal:///(app-pages-browser)/./src/components/dice/DiceMesh.ts:191
[ 2478395ms] [WARNING] Canvas2D: Multiple readback operations using getImageData are faster with the willReadFrequently attribute set to true. See: https://html.spec.whatwg.org/multipage/canvas.html#concept-canvas-will-read-frequently @ webpack-internal:///(app-pages-browser)/./src/components/dice/DiceMesh.ts:191
[ 2478429ms] [WARNING] Canvas2D: Multiple readback operations using getImageData are faster with the willReadFrequently attribute set to true. See: https://html.spec.whatwg.org/multipage/canvas.html#concept-canvas-will-read-frequently @ webpack-internal:///(app-pages-browser)/./src/components/dice/DiceMesh.ts:191
[ 2478463ms] [WARNING] Canvas2D: Multiple readback operations using getImageData are faster with the willReadFrequently attribute set to true. See: https://html.spec.whatwg.org/multipage/canvas.html#concept-canvas-will-read-frequently @ webpack-internal:///(app-pages-browser)/./src/components/dice/DiceMesh.ts:191
[ 2478495ms] [WARNING] Canvas2D: Multiple readback operations using getImageData are faster with the willReadFrequently attribute set to true. See: https://html.spec.whatwg.org/multipage/canvas.html#concept-canvas-will-read-frequently @ webpack-internal:///(app-pages-browser)/./src/components/dice/DiceMesh.ts:191
[ 2478528ms] [WARNING] Canvas2D: Multiple readback operations using getImageData are faster with the willReadFrequently attribute set to true. See: https://html.spec.whatwg.org/multipage/canvas.html#concept-canvas-will-read-frequently @ webpack-internal:///(app-pages-browser)/./src/components/dice/DiceMesh.ts:191
[ 2478561ms] [WARNING] Canvas2D: Multiple readback operations using getImageData are faster with the willReadFrequently attribute set to true. See: https://html.spec.whatwg.org/multipage/canvas.html#concept-canvas-will-read-frequently @ webpack-internal:///(app-pages-browser)/./src/components/dice/DiceMesh.ts:191
[ 2478595ms] [WARNING] Canvas2D: Multiple readback operations using getImageData are faster with the willReadFrequently attribute set to true. See: https://html.spec.whatwg.org/multipage/canvas.html#concept-canvas-will-read-frequently @ webpack-internal:///(app-pages-browser)/./src/components/dice/DiceMesh.ts:191
[ 2478628ms] [WARNING] Canvas2D: Multiple readback operations using getImageData are faster with the willReadFrequently attribute set to true. See: https://html.spec.whatwg.org/multipage/canvas.html#concept-canvas-will-read-frequently @ webpack-internal:///(app-pages-browser)/./src/components/dice/DiceMesh.ts:191
[ 2478661ms] [WARNING] Canvas2D: Multiple readback operations using getImageData are faster with the willReadFrequently attribute set to true. See: https://html.spec.whatwg.org/multipage/canvas.html#concept-canvas-will-read-frequently @ webpack-internal:///(app-pages-browser)/./src/components/dice/DiceMesh.ts:191
[ 2478695ms] [WARNING] Canvas2D: Multiple readback operations using getImageData are faster with the willReadFrequently attribute set to true. See: https://html.spec.whatwg.org/multipage/canvas.html#concept-canvas-will-read-frequently @ webpack-internal:///(app-pages-browser)/./src/components/dice/DiceMesh.ts:191
[ 2478728ms] [WARNING] Canvas2D: Multiple readback operations using getImageData are faster with the willReadFrequently attribute set to true. See: https://html.spec.whatwg.org/multipage/canvas.html#concept-canvas-will-read-frequently @ webpack-internal:///(app-pages-browser)/./src/components/dice/DiceMesh.ts:191
[ 2478761ms] [WARNING] Canvas2D: Multiple readback operations using getImageData are faster with the willReadFrequently attribute set to true. See: https://html.spec.whatwg.org/multipage/canvas.html#concept-canvas-will-read-frequently @ webpack-internal:///(app-pages-browser)/./src/components/dice/DiceMesh.ts:191
[ 2478795ms] [WARNING] Canvas2D: Multiple readback operations using getImageData are faster with the willReadFrequently attribute set to true. See: https://html.spec.whatwg.org/multipage/canvas.html#concept-canvas-will-read-frequently @ webpack-internal:///(app-pages-browser)/./src/components/dice/DiceMesh.ts:191
[ 2478828ms] [WARNING] Canvas2D: Multiple readback operations using getImageData are faster with the willReadFrequently attribute set to true. See: https://html.spec.whatwg.org/multipage/canvas.html#concept-canvas-will-read-frequently @ webpack-internal:///(app-pages-browser)/./src/components/dice/DiceMesh.ts:191
[ 2478862ms] [WARNING] Canvas2D: Multiple readback operations using getImageData are faster with the willReadFrequently attribute set to true. See: https://html.spec.whatwg.org/multipage/canvas.html#concept-canvas-will-read-frequently @ webpack-internal:///(app-pages-browser)/./src/components/dice/DiceMesh.ts:191
[ 2478895ms] [WARNING] Canvas2D: Multiple readback operations using getImageData are faster with the willReadFrequently attribute set to true. See: https://html.spec.whatwg.org/multipage/canvas.html#concept-canvas-will-read-frequently @ webpack-internal:///(app-pages-browser)/./src/components/dice/DiceMesh.ts:191
[ 2478928ms] [WARNING] Canvas2D: Multiple readback operations using getImageData are faster with the willReadFrequently attribute set to true. See: https://html.spec.whatwg.org/multipage/canvas.html#concept-canvas-will-read-frequently @ webpack-internal:///(app-pages-browser)/./src/components/dice/DiceMesh.ts:191
[ 2478962ms] [WARNING] Canvas2D: Multiple readback operations using getImageData are faster with the willReadFrequently attribute set to true. See: https://html.spec.whatwg.org/multipage/canvas.html#concept-canvas-will-read-frequently @ webpack-internal:///(app-pages-browser)/./src/components/dice/DiceMesh.ts:191
[ 2478995ms] [WARNING] Canvas2D: Multiple readback operations using getImageData are faster with the willReadFrequently attribute set to true. See: https://html.spec.whatwg.org/multipage/canvas.html#concept-canvas-will-read-frequently @ webpack-internal:///(app-pages-browser)/./src/components/dice/DiceMesh.ts:191
[ 2479028ms] [WARNING] Canvas2D: Multiple readback operations using getImageData are faster with the willReadFrequently attribute set to true. See: https://html.spec.whatwg.org/multipage/canvas.html#concept-canvas-will-read-frequently @ webpack-internal:///(app-pages-browser)/./src/components/dice/DiceMesh.ts:191
[ 2479062ms] [WARNING] Canvas2D: Multiple readback operations using getImageData are faster with the willReadFrequently attribute set to true. See: https://html.spec.whatwg.org/multipage/canvas.html#concept-canvas-will-read-frequently @ webpack-internal:///(app-pages-browser)/./src/components/dice/DiceMesh.ts:191
[ 2479095ms] [WARNING] Canvas2D: Multiple readback operations using getImageData are faster with the willReadFrequently attribute set to true. See: https://html.spec.whatwg.org/multipage/canvas.html#concept-canvas-will-read-frequently @ webpack-internal:///(app-pages-browser)/./src/components/dice/DiceMesh.ts:191
[ 2479128ms] [WARNING] Canvas2D: Multiple readback operations using getImageData are faster with the willReadFrequently attribute set to true. See: https://html.spec.whatwg.org/multipage/canvas.html#concept-canvas-will-read-frequently @ webpack-internal:///(app-pages-browser)/./src/components/dice/DiceMesh.ts:191
[ 2479161ms] [WARNING] Canvas2D: Multiple readback operations using getImageData are faster with the willReadFrequently attribute set to true. See: https://html.spec.whatwg.org/multipage/canvas.html#concept-canvas-will-read-frequently @ webpack-internal:///(app-pages-browser)/./src/components/dice/DiceMesh.ts:191
[ 2479195ms] [WARNING] Canvas2D: Multiple readback operations using getImageData are faster with the willReadFrequently attribute set to true. See: https://html.spec.whatwg.org/multipage/canvas.html#concept-canvas-will-read-frequently @ webpack-internal:///(app-pages-browser)/./src/components/dice/DiceMesh.ts:191
[ 2479228ms] [WARNING] Canvas2D: Multiple readback operations using getImageData are faster with the willReadFrequently attribute set to true. See: https://html.spec.whatwg.org/multipage/canvas.html#concept-canvas-will-read-frequently @ webpack-internal:///(app-pages-browser)/./src/components/dice/DiceMesh.ts:191
[ 2479264ms] [WARNING] Canvas2D: Multiple readback operations using getImageData are faster with the willReadFrequently attribute set to true. See: https://html.spec.whatwg.org/multipage/canvas.html#concept-canvas-will-read-frequently @ webpack-internal:///(app-pages-browser)/./src/components/dice/DiceMesh.ts:191
[ 2479297ms] [WARNING] Canvas2D: Multiple readback operations using getImageData are faster with the willReadFrequently attribute set to true. See: https://html.spec.whatwg.org/multipage/canvas.html#concept-canvas-will-read-frequently @ webpack-internal:///(app-pages-browser)/./src/components/dice/DiceMesh.ts:191
[ 2479328ms] [WARNING] Canvas2D: Multiple readback operations using getImageData are faster with the willReadFrequently attribute set to true. See: https://html.spec.whatwg.org/multipage/canvas.html#concept-canvas-will-read-frequently @ webpack-internal:///(app-pages-browser)/./src/components/dice/DiceMesh.ts:191
[ 2479362ms] [WARNING] Canvas2D: Multiple readback operations using getImageData are faster with the willReadFrequently attribute set to true. See: https://html.spec.whatwg.org/multipage/canvas.html#concept-canvas-will-read-frequently @ webpack-internal:///(app-pages-browser)/./src/components/dice/DiceMesh.ts:191
[ 2479395ms] [WARNING] Canvas2D: Multiple readback operations using getImageData are faster with the willReadFrequently attribute set to true. See: https://html.spec.whatwg.org/multipage/canvas.html#concept-canvas-will-read-frequently @ webpack-internal:///(app-pages-browser)/./src/components/dice/DiceMesh.ts:191
[ 2479428ms] [WARNING] Canvas2D: Multiple readback operations using getImageData are faster with the willReadFrequently attribute set to true. See: https://html.spec.whatwg.org/multipage/canvas.html#concept-canvas-will-read-frequently @ webpack-internal:///(app-pages-browser)/./src/components/dice/DiceMesh.ts:191
[ 2479461ms] [WARNING] Canvas2D: Multiple readback operations using getImageData are faster with the willReadFrequently attribute set to true. See: https://html.spec.whatwg.org/multipage/canvas.html#concept-canvas-will-read-frequently @ webpack-internal:///(app-pages-browser)/./src/components/dice/DiceMesh.ts:191
[ 2479495ms] [WARNING] Canvas2D: Multiple readback operations using getImageData are faster with the willReadFrequently attribute set to true. See: https://html.spec.whatwg.org/multipage/canvas.html#concept-canvas-will-read-frequently @ webpack-internal:///(app-pages-browser)/./src/components/dice/DiceMesh.ts:191
[ 2479528ms] [WARNING] Canvas2D: Multiple readback operations using getImageData are faster with the willReadFrequently attribute set to true. See: https://html.spec.whatwg.org/multipage/canvas.html#concept-canvas-will-read-frequently @ webpack-internal:///(app-pages-browser)/./src/components/dice/DiceMesh.ts:191
[ 2479562ms] [WARNING] Canvas2D: Multiple readback operations using getImageData are faster with the willReadFrequently attribute set to true. See: https://html.spec.whatwg.org/multipage/canvas.html#concept-canvas-will-read-frequently @ webpack-internal:///(app-pages-browser)/./src/components/dice/DiceMesh.ts:191
[ 2479597ms] [WARNING] Canvas2D: Multiple readback operations using getImageData are faster with the willReadFrequently attribute set to true. See: https://html.spec.whatwg.org/multipage/canvas.html#concept-canvas-will-read-frequently @ webpack-internal:///(app-pages-browser)/./src/components/dice/DiceMesh.ts:191
[ 2479628ms] [WARNING] Canvas2D: Multiple readback operations using getImageData are faster with the willReadFrequently attribute set to true. See: https://html.spec.whatwg.org/multipage/canvas.html#concept-canvas-will-read-frequently @ webpack-internal:///(app-pages-browser)/./src/components/dice/DiceMesh.ts:191
[ 2479661ms] [WARNING] Canvas2D: Multiple readback operations using getImageData are faster with the willReadFrequently attribute set to true. See: https://html.spec.whatwg.org/multipage/canvas.html#concept-canvas-will-read-frequently @ webpack-internal:///(app-pages-browser)/./src/components/dice/DiceMesh.ts:191
[ 2479697ms] [WARNING] Canvas2D: Multiple readback operations using getImageData are faster with the willReadFrequently attribute set to true. See: https://html.spec.whatwg.org/multipage/canvas.html#concept-canvas-will-read-frequently @ webpack-internal:///(app-pages-browser)/./src/components/dice/DiceMesh.ts:191
[ 2479728ms] [WARNING] Canvas2D: Multiple readback operations using getImageData are faster with the willReadFrequently attribute set to true. See: https://html.spec.whatwg.org/multipage/canvas.html#concept-canvas-will-read-frequently @ webpack-internal:///(app-pages-browser)/./src/components/dice/DiceMesh.ts:191
[ 2479762ms] [WARNING] Canvas2D: Multiple readback operations using getImageData are faster with the willReadFrequently attribute set to true. See: https://html.spec.whatwg.org/multipage/canvas.html#concept-canvas-will-read-frequently @ webpack-internal:///(app-pages-browser)/./src/components/dice/DiceMesh.ts:191
[ 2479798ms] [WARNING] Canvas2D: Multiple readback operations using getImageData are faster with the willReadFrequently attribute set to true. See: https://html.spec.whatwg.org/multipage/canvas.html#concept-canvas-will-read-frequently @ webpack-internal:///(app-pages-browser)/./src/components/dice/DiceMesh.ts:191
[ 2479828ms] [WARNING] Canvas2D: Multiple readback operations using getImageData are faster with the willReadFrequently attribute set to true. See: https://html.spec.whatwg.org/multipage/canvas.html#concept-canvas-will-read-frequently @ webpack-internal:///(app-pages-browser)/./src/components/dice/DiceMesh.ts:191
[ 2479861ms] [WARNING] Canvas2D: Multiple readback operations using getImageData are faster with the willReadFrequently attribute set to true. See: https://html.spec.whatwg.org/multipage/canvas.html#concept-canvas-will-read-frequently @ webpack-internal:///(app-pages-browser)/./src/components/dice/DiceMesh.ts:191
[ 2479897ms] [WARNING] Canvas2D: Multiple readback operations using getImageData are faster with the willReadFrequently attribute set to true. See: https://html.spec.whatwg.org/multipage/canvas.html#concept-canvas-will-read-frequently @ webpack-internal:///(app-pages-browser)/./src/components/dice/DiceMesh.ts:191
[ 2479928ms] [WARNING] Canvas2D: Multiple readback operations using getImageData are faster with the willReadFrequently attribute set to true. See: https://html.spec.whatwg.org/multipage/canvas.html#concept-canvas-will-read-frequently @ webpack-internal:///(app-pages-browser)/./src/components/dice/DiceMesh.ts:191
[ 2480002ms] [LOG] [Fast Refresh] rebuilding @ webpack-internal:///(app-pages-browser)/./node_modules/next/dist/next-devtools/shared/forward-logs-shared.js:27
[ 2480003ms] [LOG] [Fast Refresh] done in 0ms @ webpack-internal:///(app-pages-browser)/./node_modules/next/dist/next-devtools/shared/forward-logs-shared.js:27
[ 2480003ms] [LOG] [Fast Refresh] rebuilding @ webpack-internal:///(app-pages-browser)/./node_modules/next/dist/next-devtools/shared/forward-logs-shared.js:27
[ 2480003ms] [LOG] [Fast Refresh] done in 0ms @ webpack-internal:///(app-pages-browser)/./node_modules/next/dist/next-devtools/shared/forward-logs-shared.js:27
[ 2487724ms] [LOG] [Fast Refresh] rebuilding @ webpack-internal:///(app-pages-browser)/./node_modules/next/dist/next-devtools/shared/forward-logs-shared.js:27
[ 2488093ms] [LOG] [Fast Refresh] done in 369ms @ webpack-internal:///(app-pages-browser)/./node_modules/next/dist/next-devtools/shared/forward-logs-shared.js:27
[ 2497046ms] [LOG] [Fast Refresh] rebuilding @ webpack-internal:///(app-pages-browser)/./node_modules/next/dist/next-devtools/shared/forward-logs-shared.js:27
[ 2497490ms] [LOG] [Fast Refresh] done in 443ms @ webpack-internal:///(app-pages-browser)/./node_modules/next/dist/next-devtools/shared/forward-logs-shared.js:27
[ 2497600ms] [WARNING] THREE.WebGLShadowMap: PCFSoftShadowMap has been deprecated. Using PCFShadowMap instead. @ webpack-internal:///(app-pages-browser)/./node_modules/next/dist/next-devtools/shared/forward-logs-shared.js:27
[ 2580247ms] [LOG] [Fast Refresh] rebuilding @ webpack-internal:///(app-pages-browser)/./node_modules/next/dist/next-devtools/shared/forward-logs-shared.js:27
[ 2580660ms] [LOG] [Fast Refresh] done in 413ms @ webpack-internal:///(app-pages-browser)/./node_modules/next/dist/next-devtools/shared/forward-logs-shared.js:27
[ 2580722ms] [LOG] [Fast Refresh] rebuilding @ webpack-internal:///(app-pages-browser)/./node_modules/next/dist/next-devtools/shared/forward-logs-shared.js:27
[ 2581081ms] [LOG] [Fast Refresh] done in 360ms @ webpack-internal:///(app-pages-browser)/./node_modules/next/dist/next-devtools/shared/forward-logs-shared.js:27
[ 2581139ms] [LOG] [Fast Refresh] rebuilding @ webpack-internal:///(app-pages-browser)/./node_modules/next/dist/next-devtools/shared/forward-logs-shared.js:27
[ 2581418ms] [LOG] [Fast Refresh] done in 279ms @ webpack-internal:///(app-pages-browser)/./node_modules/next/dist/next-devtools/shared/forward-logs-shared.js:27
[ 2626158ms] [LOG] [Fast Refresh] rebuilding @ webpack-internal:///(app-pages-browser)/./node_modules/next/dist/next-devtools/shared/forward-logs-shared.js:27
[ 2626373ms] [LOG] [Fast Refresh] done in 215ms @ webpack-internal:///(app-pages-browser)/./node_modules/next/dist/next-devtools/shared/forward-logs-shared.js:27
[ 2630787ms] [LOG] [Fast Refresh] rebuilding @ webpack-internal:///(app-pages-browser)/./node_modules/next/dist/next-devtools/shared/forward-logs-shared.js:27
[ 2631141ms] [LOG] [Fast Refresh] done in 355ms @ webpack-internal:///(app-pages-browser)/./node_modules/next/dist/next-devtools/shared/forward-logs-shared.js:27
[ 2634697ms] [WARNING] The resource http://localhost:3000/_next/static/css/app/layout.css?v=1776622337693 was preloaded using link preload but not used within a few seconds from the window's load event. Please make sure it has an appropriate `as` value and it is preloaded intentionally. @ http://localhost:3000/campaign/cmmr6djjy0000ws482a52nc1y:0
[ 2654527ms] [WARNING] The resource http://localhost:3000/_next/static/css/app/layout.css?v=1776622337693 was preloaded using link preload but not used within a few seconds from the window's load event. Please make sure it has an appropriate `as` value and it is preloaded intentionally. @ http://localhost:3000/campaign/cmmr6djjy0000ws482a52nc1y:0
[ 2684541ms] [WARNING] The resource http://localhost:3000/_next/static/css/app/layout.css?v=1776622337693 was preloaded using link preload but not used within a few seconds from the window's load event. Please make sure it has an appropriate `as` value and it is preloaded intentionally. @ http://localhost:3000/campaign/cmmr6djjy0000ws482a52nc1y:0
[ 2714535ms] [WARNING] The resource http://localhost:3000/_next/static/css/app/layout.css?v=1776622337693 was preloaded using link preload but not used within a few seconds from the window's load event. Please make sure it has an appropriate `as` value and it is preloaded intentionally. @ http://localhost:3000/campaign/cmmr6djjy0000ws482a52nc1y:0
[ 2735747ms] [LOG] [Fast Refresh] rebuilding @ webpack-internal:///(app-pages-browser)/./node_modules/next/dist/next-devtools/shared/forward-logs-shared.js:27
[ 2736140ms] [LOG] [Fast Refresh] rebuilding @ webpack-internal:///(app-pages-browser)/./node_modules/next/dist/next-devtools/shared/forward-logs-shared.js:27
[ 2736174ms] [LOG] [Fast Refresh] done in 34ms @ webpack-internal:///(app-pages-browser)/./node_modules/next/dist/next-devtools/shared/forward-logs-shared.js:27
[ 2736727ms] [LOG] [Fast Refresh] done in 587ms @ webpack-internal:///(app-pages-browser)/./node_modules/next/dist/next-devtools/shared/forward-logs-shared.js:27
[ 2739987ms] [WARNING] The resource http://localhost:3000/_next/static/css/app/layout.css?v=1776622337693 was preloaded using link preload but not used within a few seconds from the window's load event. Please make sure it has an appropriate `as` value and it is preloaded intentionally. @ http://localhost:3000/campaign/cmmr6djjy0000ws482a52nc1y:0
[ 2743994ms] [LOG] [Fast Refresh] rebuilding @ webpack-internal:///(app-pages-browser)/./node_modules/next/dist/next-devtools/shared/forward-logs-shared.js:27
[ 2744244ms] [LOG] [Fast Refresh] done in 250ms @ webpack-internal:///(app-pages-browser)/./node_modules/next/dist/next-devtools/shared/forward-logs-shared.js:27
[ 2747317ms] [WARNING] The resource http://localhost:3000/_next/static/css/app/layout.css?v=1776622337693 was preloaded using link preload but not used within a few seconds from the window's load event. Please make sure it has an appropriate `as` value and it is preloaded intentionally. @ http://localhost:3000/campaign/cmmr6djjy0000ws482a52nc1y:0
[ 2751393ms] [LOG] [Fast Refresh] rebuilding @ webpack-internal:///(app-pages-browser)/./node_modules/next/dist/next-devtools/shared/forward-logs-shared.js:27
[ 2751804ms] NotFoundError: Failed to execute 'insertBefore' on 'Node': The node before which the new node is to be inserted is not a child of this node.
    at insertOrAppendPlacementNodeIntoContainer (webpack-internal:///(app-pages-browser)/./node_modules/next/dist/compiled/react-dom/cjs/react-dom-client.development.js:14150:17)
    at insertOrAppendPlacementNodeIntoContainer (webpack-internal:///(app-pages-browser)/./node_modules/next/dist/compiled/react-dom/cjs/react-dom-client.development.js:14174:11)
    at commitPlacement (webpack-internal:///(app-pages-browser)/./node_modules/next/dist/compiled/react-dom/cjs/react-dom-client.development.js:14280:11)
    at runWithFiberInDEV (webpack-internal:///(app-pages-browser)/./node_modules/next/dist/compiled/react-dom/cjs/react-dom-client.development.js:987:30)
    at commitReconciliationEffects (webpack-internal:///(app-pages-browser)/./node_modules/next/dist/compiled/react-dom/cjs/react-dom-client.development.js:16224:11)
    at commitMutationEffectsOnFiber (webpack-internal:///(app-pages-browser)/./node_modules/next/dist/compiled/react-dom/cjs/react-dom-client.development.js:15747:11)
    at recursivelyTraverseMutationEffects (webpack-internal:///(app-pages-browser)/./node_modules/next/dist/compiled/react-dom/cjs/react-dom-client.development.js:15731:11)
    at commitMutationEffectsOnFiber (webpack-internal:///(app-pages-browser)/./node_modules/next/dist/compiled/react-dom/cjs/react-dom-client.development.js:15746:11)
    at recursivelyTraverseMutationEffects (webpack-internal:///(app-pages-browser)/./node_modules/next/dist/compiled/react-dom/cjs/react-dom-client.development.js:15731:11)
    at commitMutationEffectsOnFiber (webpack-internal:///(app-pages-browser)/./node_modules/next/dist/compiled/react-dom/cjs/react-dom-client.development.js:16187:11)
    at recursivelyTraverseMutationEffects (webpack-internal:///(app-pages-browser)/./node_modules/next/dist/compiled/react-dom/cjs/react-dom-client.development.js:15731:11)
    at commitMutationEffectsOnFiber (webpack-internal:///(app-pages-browser)/./node_modules/next/dist/compiled/react-dom/cjs/react-dom-client.development.js:16187:11)
    at recursivelyTraverseMutationEffects (webpack-internal:///(app-pages-browser)/./node_modules/next/dist/compiled/react-dom/cjs/react-dom-client.development.js:15731:11)
    at commitMutationEffectsOnFiber (webpack-internal:///(app-pages-browser)/./node_modules/next/dist/compiled/react-dom/cjs/react-dom-client.development.js:15746:11)
    at recursivelyTraverseMutationEffects (webpack-internal:///(app-pages-browser)/./node_modules/next/dist/compiled/react-dom/cjs/react-dom-client.development.js:15731:11)
    at commitMutationEffectsOnFiber (webpack-internal:///(app-pages-browser)/./node_modules/next/dist/compiled/react-dom/cjs/react-dom-client.development.js:15762:11)
    at recursivelyTraverseMutationEffects (webpack-internal:///(app-pages-browser)/./node_modules/next/dist/compiled/react-dom/cjs/react-dom-client.development.js:15731:11)
    at commitMutationEffectsOnFiber (webpack-internal:///(app-pages-browser)/./node_modules/next/dist/compiled/react-dom/cjs/react-dom-client.development.js:15746:11)
    at recursivelyTraverseMutationEffects (webpack-internal:///(app-pages-browser)/./node_modules/next/dist/compiled/react-dom/cjs/react-dom-client.development.js:15731:11)
    at commitMutationEffectsOnFiber (webpack-internal:///(app-pages-browser)/./node_modules/next/dist/compiled/react-dom/cjs/react-dom-client.development.js:15746:11)
    at recursivelyTraverseMutationEffects (webpack-internal:///(app-pages-browser)/./node_modules/next/dist/compiled/react-dom/cjs/react-dom-client.development.js:15731:11)
    at commitMutationEffectsOnFiber (webpack-internal:///(app-pages-browser)/./node_modules/next/dist/compiled/react-dom/cjs/react-dom-client.development.js:15746:11)
    at recursivelyTraverseMutationEffects (webpack-internal:///(app-pages-browser)/./node_modules/next/dist/compiled/react-dom/cjs/react-dom-client.development.js:15731:11)
    at commitMutationEffectsOnFiber (webpack-internal:///(app-pages-browser)/./node_modules/next/dist/compiled/react-dom/cjs/react-dom-client.development.js:15746:11)
    at recursivelyTraverseMutationEffects (webpack-internal:///(app-pages-browser)/./node_modules/next/dist/compiled/react-dom/cjs/react-dom-client.development.js:15731:11)
    at commitMutationEffectsOnFiber (webpack-internal:///(app-pages-browser)/./node_modules/next/dist/compiled/react-dom/cjs/react-dom-client.development.js:15762:11)
    at recursivelyTraverseMutationEffects (webpack-internal:///(app-pages-browser)/./node_modules/next/dist/compiled/react-dom/cjs/react-dom-client.development.js:15731:11)
    at commitMutationEffectsOnFiber (webpack-internal:///(app-pages-browser)/./node_modules/next/dist/compiled/react-dom/cjs/react-dom-client.development.js:15746:11)
    at recursivelyTraverseMutationEffects (webpack-internal:///(app-pages-browser)/./node_modules/next/dist/compiled/react-dom/cjs/react-dom-client.development.js:15731:11)
    at commitMutationEffectsOnFiber (webpack-internal:///(app-pages-browser)/./node_modules/next/dist/compiled/react-dom/cjs/react-dom-client.development.js:15746:11)
    at recursivelyTraverseMutationEffects (webpack-internal:///(app-pages-browser)/./node_modules/next/dist/compiled/react-dom/cjs/react-dom-client.development.js:15731:11)
    at commitMutationEffectsOnFiber (webpack-internal:///(app-pages-browser)/./node_modules/next/dist/compiled/react-dom/cjs/react-dom-client.development.js:16187:11)
    at recursivelyTraverseMutationEffects (webpack-internal:///(app-pages-browser)/./node_modules/next/dist/compiled/react-dom/cjs/react-dom-client.development.js:15731:11)
    at commitMutationEffectsOnFiber (webpack-internal:///(app-pages-browser)/./node_modules/next/dist/compiled/react-dom/cjs/react-dom-client.development.js:16187:11)
    at recursivelyTraverseMutationEffects (webpack-internal:///(app-pages-browser)/./node_modules/next/dist/compiled/react-dom/cjs/react-dom-client.development.js:15731:11)
    at commitMutationEffectsOnFiber (webpack-internal:///(app-pages-browser)/./node_modules/next/dist/compiled/react-dom/cjs/react-dom-client.development.js:15746:11)
    at recursivelyTraverseMutationEffects (webpack-internal:///(app-pages-browser)/./node_modules/next/dist/compiled/react-dom/cjs/react-dom-client.development.js:15731:11)
    at commitMutationEffectsOnFiber (webpack-internal:///(app-pages-browser)/./node_modules/next/dist/compiled/react-dom/cjs/react-dom-client.development.js:15746:11)
    at recursivelyTraverseMutationEffects (webpack-internal:///(app-pages-browser)/./node_modules/next/dist/compiled/react-dom/cjs/react-dom-client.development.js:15731:11)
    at commitMutationEffectsOnFiber (webpack-internal:///(app-pages-browser)/./node_modules/next/dist/compiled/react-dom/cjs/react-dom-client.development.js:16187:11)
    at recursivelyTraverseMutationEffects (webpack-internal:///(app-pages-browser)/./node_modules/next/dist/compiled/react-dom/cjs/react-dom-client.development.js:15731:11)
    at commitMutationEffectsOnFiber (webpack-internal:///(app-pages-browser)/./node_modules/next/dist/compiled/react-dom/cjs/react-dom-client.development.js:16187:11)
    at recursivelyTraverseMutationEffects (webpack-internal:///(app-pages-browser)/./node_modules/next/dist/compiled/react-dom/cjs/react-dom-client.development.js:15731:11)
    at commitMutationEffectsOnFiber (webpack-internal:///(app-pages-browser)/./node_modules/next/dist/compiled/react-dom/cjs/react-dom-client.development.js:16187:11)
    at recursivelyTraverseMutationEffects (webpack-internal:///(app-pages-browser)/./node_modules/next/dist/compiled/react-dom/cjs/react-dom-client.development.js:15731:11)
    at commitMutationEffectsOnFiber (webpack-internal:///(app-pages-browser)/./node_modules/next/dist/compiled/react-dom/cjs/react-dom-client.development.js:15746:11)
    at recursivelyTraverseMutationEffects (webpack-internal:///(app-pages-browser)/./node_modules/next/dist/compiled/react-dom/cjs/react-dom-client.development.js:15731:11)
    at commitMutationEffectsOnFiber (webpack-internal:///(app-pages-browser)/./node_modules/next/dist/compiled/react-dom/cjs/react-dom-client.development.js:15762:11)
    at recursivelyTraverseMutationEffects (webpack-internal:///(app-pages-browser)/./node_modules/next/dist/compiled/react-dom/cjs/react-dom-client.development.js:15731:11)
    at commitMutationEffectsOnFiber (webpack-internal:///(app-pages-browser)/./node_modules/next/dist/compiled/react-dom/cjs/react-dom-client.development.js:15746:11)
[ 2751809ms] NotFoundError: Failed to execute 'removeChild' on 'Node': The node to be removed is not a child of this node.
    at removeChildFromContainer (webpack-internal:///(app-pages-browser)/./node_modules/next/dist/compiled/react-dom/cjs/react-dom-client.development.js:23674:9)
    at runWithFiberInDEV (webpack-internal:///(app-pages-browser)/./node_modules/next/dist/compiled/react-dom/cjs/react-dom-client.development.js:987:30)
    at commitDeletionEffectsOnFiber (webpack-internal:///(app-pages-browser)/./node_modules/next/dist/compiled/react-dom/cjs/react-dom-client.development.js:15436:17)
    at recursivelyTraverseDeletionEffects (webpack-internal:///(app-pages-browser)/./node_modules/next/dist/compiled/react-dom/cjs/react-dom-client.development.js:15351:9)
    at commitDeletionEffectsOnFiber (webpack-internal:///(app-pages-browser)/./node_modules/next/dist/compiled/react-dom/cjs/react-dom-client.development.js:15510:11)
    at recursivelyTraverseDeletionEffects (webpack-internal:///(app-pages-browser)/./node_modules/next/dist/compiled/react-dom/cjs/react-dom-client.development.js:15351:9)
    at commitDeletionEffectsOnFiber (webpack-internal:///(app-pages-browser)/./node_modules/next/dist/compiled/react-dom/cjs/react-dom-client.development.js:15510:11)
    at recursivelyTraverseDeletionEffects (webpack-internal:///(app-pages-browser)/./node_modules/next/dist/compiled/react-dom/cjs/react-dom-client.development.js:15351:9)
    at commitDeletionEffectsOnFiber (webpack-internal:///(app-pages-browser)/./node_modules/next/dist/compiled/react-dom/cjs/react-dom-client.development.js:15563:11)
    at recursivelyTraverseDeletionEffects (webpack-internal:///(app-pages-browser)/./node_modules/next/dist/compiled/react-dom/cjs/react-dom-client.development.js:15351:9)
    at commitDeletionEffectsOnFiber (webpack-internal:///(app-pages-browser)/./node_modules/next/dist/compiled/react-dom/cjs/react-dom-client.development.js:15570:11)
    at recursivelyTraverseDeletionEffects (webpack-internal:///(app-pages-browser)/./node_modules/next/dist/compiled/react-dom/cjs/react-dom-client.development.js:15351:9)
    at commitDeletionEffectsOnFiber (webpack-internal:///(app-pages-browser)/./node_modules/next/dist/compiled/react-dom/cjs/react-dom-client.development.js:15510:11)
    at recursivelyTraverseDeletionEffects (webpack-internal:///(app-pages-browser)/./node_modules/next/dist/compiled/react-dom/cjs/react-dom-client.development.js:15351:9)
    at commitDeletionEffectsOnFiber (webpack-internal:///(app-pages-browser)/./node_modules/next/dist/compiled/react-dom/cjs/react-dom-client.development.js:15526:11)
    at recursivelyTraverseDeletionEffects (webpack-internal:///(app-pages-browser)/./node_modules/next/dist/compiled/react-dom/cjs/react-dom-client.development.js:15351:9)
    at commitDeletionEffectsOnFiber (webpack-internal:///(app-pages-browser)/./node_modules/next/dist/compiled/react-dom/cjs/react-dom-client.development.js:15510:11)
    at recursivelyTraverseDeletionEffects (webpack-internal:///(app-pages-browser)/./node_modules/next/dist/compiled/react-dom/cjs/react-dom-client.development.js:15351:9)
    at commitDeletionEffectsOnFiber (webpack-internal:///(app-pages-browser)/./node_modules/next/dist/compiled/react-dom/cjs/react-dom-client.development.js:15510:11)
    at recursivelyTraverseDeletionEffects (webpack-internal:///(app-pages-browser)/./node_modules/next/dist/compiled/react-dom/cjs/react-dom-client.development.js:15351:9)
    at commitDeletionEffectsOnFiber (webpack-internal:///(app-pages-browser)/./node_modules/next/dist/compiled/react-dom/cjs/react-dom-client.development.js:15510:11)
    at recursivelyTraverseDeletionEffects (webpack-internal:///(app-pages-browser)/./node_modules/next/dist/compiled/react-dom/cjs/react-dom-client.development.js:15351:9)
    at commitDeletionEffectsOnFiber (webpack-internal:///(app-pages-browser)/./node_modules/next/dist/compiled/react-dom/cjs/react-dom-client.development.js:15510:11)
    at recursivelyTraverseDeletionEffects (webpack-internal:///(app-pages-browser)/./node_modules/next/dist/compiled/react-dom/cjs/react-dom-client.development.js:15351:9)
    at commitDeletionEffectsOnFiber (webpack-internal:///(app-pages-browser)/./node_modules/next/dist/compiled/react-dom/cjs/react-dom-client.development.js:15526:11)
    at recursivelyTraverseDeletionEffects (webpack-internal:///(app-pages-browser)/./node_modules/next/dist/compiled/react-dom/cjs/react-dom-client.development.js:15351:9)
    at commitDeletionEffectsOnFiber (webpack-internal:///(app-pages-browser)/./node_modules/next/dist/compiled/react-dom/cjs/react-dom-client.development.js:15510:11)
    at recursivelyTraverseDeletionEffects (webpack-internal:///(app-pages-browser)/./node_modules/next/dist/compiled/react-dom/cjs/react-dom-client.development.js:15351:9)
    at commitDeletionEffectsOnFiber (webpack-internal:///(app-pages-browser)/./node_modules/next/dist/compiled/react-dom/cjs/react-dom-client.development.js:15510:11)
    at recursivelyTraverseDeletionEffects (webpack-internal:///(app-pages-browser)/./node_modules/next/dist/compiled/react-dom/cjs/react-dom-client.development.js:15351:9)
    at commitDeletionEffectsOnFiber (webpack-internal:///(app-pages-browser)/./node_modules/next/dist/compiled/react-dom/cjs/react-dom-client.development.js:15570:11)
    at recursivelyTraverseDeletionEffects (webpack-internal:///(app-pages-browser)/./node_modules/next/dist/compiled/react-dom/cjs/react-dom-client.development.js:15351:9)
    at commitDeletionEffectsOnFiber (webpack-internal:///(app-pages-browser)/./node_modules/next/dist/compiled/react-dom/cjs/react-dom-client.development.js:15570:11)
    at recursivelyTraverseDeletionEffects (webpack-internal:///(app-pages-browser)/./node_modules/next/dist/compiled/react-dom/cjs/react-dom-client.development.js:15351:9)
    at commitDeletionEffectsOnFiber (webpack-internal:///(app-pages-browser)/./node_modules/next/dist/compiled/react-dom/cjs/react-dom-client.development.js:15510:11)
    at recursivelyTraverseDeletionEffects (webpack-internal:///(app-pages-browser)/./node_modules/next/dist/compiled/react-dom/cjs/react-dom-client.development.js:15351:9)
    at commitDeletionEffectsOnFiber (webpack-internal:///(app-pages-browser)/./node_modules/next/dist/compiled/react-dom/cjs/react-dom-client.development.js:15510:11)
    at recursivelyTraverseDeletionEffects (webpack-internal:///(app-pages-browser)/./node_modules/next/dist/compiled/react-dom/cjs/react-dom-client.development.js:15351:9)
    at commitDeletionEffectsOnFiber (webpack-internal:///(app-pages-browser)/./node_modules/next/dist/compiled/react-dom/cjs/react-dom-client.development.js:15563:11)
    at recursivelyTraverseDeletionEffects (webpack-internal:///(app-pages-browser)/./node_modules/next/dist/compiled/react-dom/cjs/react-dom-client.development.js:15351:9)
    at commitDeletionEffectsOnFiber (webpack-internal:///(app-pages-browser)/./node_modules/next/dist/compiled/react-dom/cjs/react-dom-client.development.js:15570:11)
    at recursivelyTraverseDeletionEffects (webpack-internal:///(app-pages-browser)/./node_modules/next/dist/compiled/react-dom/cjs/react-dom-client.development.js:15351:9)
    at commitDeletionEffectsOnFiber (webpack-internal:///(app-pages-browser)/./node_modules/next/dist/compiled/react-dom/cjs/react-dom-client.development.js:15570:11)
    at recursivelyTraverseDeletionEffects (webpack-internal:///(app-pages-browser)/./node_modules/next/dist/compiled/react-dom/cjs/react-dom-client.development.js:15351:9)
    at commitDeletionEffectsOnFiber (webpack-internal:///(app-pages-browser)/./node_modules/next/dist/compiled/react-dom/cjs/react-dom-client.development.js:15510:11)
    at recursivelyTraverseDeletionEffects (webpack-internal:///(app-pages-browser)/./node_modules/next/dist/compiled/react-dom/cjs/react-dom-client.development.js:15351:9)
    at commitDeletionEffectsOnFiber (webpack-internal:///(app-pages-browser)/./node_modules/next/dist/compiled/react-dom/cjs/react-dom-client.development.js:15526:11)
    at recursivelyTraverseDeletionEffects (webpack-internal:///(app-pages-browser)/./node_modules/next/dist/compiled/react-dom/cjs/react-dom-client.development.js:15351:9)
    at commitDeletionEffectsOnFiber (webpack-internal:///(app-pages-browser)/./node_modules/next/dist/compiled/react-dom/cjs/react-dom-client.development.js:15510:11)
    at recursivelyTraverseDeletionEffects (webpack-internal:///(app-pages-browser)/./node_modules/next/dist/compiled/react-dom/cjs/react-dom-client.development.js:15351:9)
[ 2751810ms] NotFoundError: Failed to execute 'removeChild' on 'Node': The node to be removed is not a child of this node.
    at removeChildFromContainer (webpack-internal:///(app-pages-browser)/./node_modules/next/dist/compiled/react-dom/cjs/react-dom-client.development.js:23674:9)
    at runWithFiberInDEV (webpack-internal:///(app-pages-browser)/./node_modules/next/dist/compiled/react-dom/cjs/react-dom-client.development.js:987:30)
    at commitDeletionEffectsOnFiber (webpack-internal:///(app-pages-browser)/./node_modules/next/dist/compiled/react-dom/cjs/react-dom-client.development.js:15436:17)
    at recursivelyTraverseDeletionEffects (webpack-internal:///(app-pages-browser)/./node_modules/next/dist/compiled/react-dom/cjs/react-dom-client.development.js:15351:9)
    at commitDeletionEffectsOnFiber (webpack-internal:///(app-pages-browser)/./node_modules/next/dist/compiled/react-dom/cjs/react-dom-client.development.js:15510:11)
    at recursivelyTraverseDeletionEffects (webpack-internal:///(app-pages-browser)/./node_modules/next/dist/compiled/react-dom/cjs/react-dom-client.development.js:15351:9)
    at commitDeletionEffectsOnFiber (webpack-internal:///(app-pages-browser)/./node_modules/next/dist/compiled/react-dom/cjs/react-dom-client.development.js:15510:11)
    at recursivelyTraverseDeletionEffects (webpack-internal:///(app-pages-browser)/./node_modules/next/dist/compiled/react-dom/cjs/react-dom-client.development.js:15351:9)
    at commitDeletionEffectsOnFiber (webpack-internal:///(app-pages-browser)/./node_modules/next/dist/compiled/react-dom/cjs/react-dom-client.development.js:15404:11)
    at recursivelyTraverseDeletionEffects (webpack-internal:///(app-pages-browser)/./node_modules/next/dist/compiled/react-dom/cjs/react-dom-client.development.js:15351:9)
    at commitDeletionEffectsOnFiber (webpack-internal:///(app-pages-browser)/./node_modules/next/dist/compiled/react-dom/cjs/react-dom-client.development.js:15404:11)
    at recursivelyTraverseDeletionEffects (webpack-internal:///(app-pages-browser)/./node_modules/next/dist/compiled/react-dom/cjs/react-dom-client.development.js:15351:9)
    at commitDeletionEffectsOnFiber (webpack-internal:///(app-pages-browser)/./node_modules/next/dist/compiled/react-dom/cjs/react-dom-client.development.js:15563:11)
    at recursivelyTraverseDeletionEffects (webpack-internal:///(app-pages-browser)/./node_modules/next/dist/compiled/react-dom/cjs/react-dom-client.development.js:15351:9)
    at commitDeletionEffectsOnFiber (webpack-internal:///(app-pages-browser)/./node_modules/next/dist/compiled/react-dom/cjs/react-dom-client.development.js:15510:11)
    at recursivelyTraverseDeletionEffects (webpack-internal:///(app-pages-browser)/./node_modules/next/dist/compiled/react-dom/cjs/react-dom-client.development.js:15351:9)
    at commitDeletionEffectsOnFiber (webpack-internal:///(app-pages-browser)/./node_modules/next/dist/compiled/react-dom/cjs/react-dom-client.development.js:15510:11)
    at recursivelyTraverseDeletionEffects (webpack-internal:///(app-pages-browser)/./node_modules/next/dist/compiled/react-dom/cjs/react-dom-client.development.js:15351:9)
    at commitDeletionEffectsOnFiber (webpack-internal:///(app-pages-browser)/./node_modules/next/dist/compiled/react-dom/cjs/react-dom-client.development.js:15526:11)
    at recursivelyTraverseDeletionEffects (webpack-internal:///(app-pages-browser)/./node_modules/next/dist/compiled/react-dom/cjs/react-dom-client.development.js:15351:9)
    at commitDeletionEffectsOnFiber (webpack-internal:///(app-pages-browser)/./node_modules/next/dist/compiled/react-dom/cjs/react-dom-client.development.js:15510:11)
    at recursivelyTraverseDeletionEffects (webpack-internal:///(app-pages-browser)/./node_modules/next/dist/compiled/react-dom/cjs/react-dom-client.development.js:15351:9)
    at commitDeletionEffectsOnFiber (webpack-internal:///(app-pages-browser)/./node_modules/next/dist/compiled/react-dom/cjs/react-dom-client.development.js:15526:11)
    at recursivelyTraverseDeletionEffects (webpack-internal:///(app-pages-browser)/./node_modules/next/dist/compiled/react-dom/cjs/react-dom-client.development.js:15351:9)
    at commitDeletionEffectsOnFiber (webpack-internal:///(app-pages-browser)/./node_modules/next/dist/compiled/react-dom/cjs/react-dom-client.development.js:15510:11)
    at recursivelyTraverseDeletionEffects (webpack-internal:///(app-pages-browser)/./node_modules/next/dist/compiled/react-dom/cjs/react-dom-client.development.js:15351:9)
    at commitDeletionEffectsOnFiber (webpack-internal:///(app-pages-browser)/./node_modules/next/dist/compiled/react-dom/cjs/react-dom-client.development.js:15510:11)
    at recursivelyTraverseMutationEffects (webpack-internal:///(app-pages-browser)/./node_modules/next/dist/compiled/react-dom/cjs/react-dom-client.development.js:15710:11)
    at commitMutationEffectsOnFiber (webpack-internal:///(app-pages-browser)/./node_modules/next/dist/compiled/react-dom/cjs/react-dom-client.development.js:15762:11)
    at recursivelyTraverseMutationEffects (webpack-internal:///(app-pages-browser)/./node_modules/next/dist/compiled/react-dom/cjs/react-dom-client.development.js:15731:11)
    at commitMutationEffectsOnFiber (webpack-internal:///(app-pages-browser)/./node_modules/next/dist/compiled/react-dom/cjs/react-dom-client.development.js:15746:11)
    at recursivelyTraverseMutationEffects (webpack-internal:///(app-pages-browser)/./node_modules/next/dist/compiled/react-dom/cjs/react-dom-client.development.js:15731:11)
    at commitMutationEffectsOnFiber (webpack-internal:///(app-pages-browser)/./node_modules/next/dist/compiled/react-dom/cjs/react-dom-client.development.js:16187:11)
    at recursivelyTraverseMutationEffects (webpack-internal:///(app-pages-browser)/./node_modules/next/dist/compiled/react-dom/cjs/react-dom-client.development.js:15731:11)
    at commitMutationEffectsOnFiber (webpack-internal:///(app-pages-browser)/./node_modules/next/dist/compiled/react-dom/cjs/react-dom-client.development.js:16187:11)
    at recursivelyTraverseMutationEffects (webpack-internal:///(app-pages-browser)/./node_modules/next/dist/compiled/react-dom/cjs/react-dom-client.development.js:15731:11)
    at commitMutationEffectsOnFiber (webpack-internal:///(app-pages-browser)/./node_modules/next/dist/compiled/react-dom/cjs/react-dom-client.development.js:16187:11)
    at recursivelyTraverseMutationEffects (webpack-internal:///(app-pages-browser)/./node_modules/next/dist/compiled/react-dom/cjs/react-dom-client.development.js:15731:11)
    at commitMutationEffectsOnFiber (webpack-internal:///(app-pages-browser)/./node_modules/next/dist/compiled/react-dom/cjs/react-dom-client.development.js:16187:11)
    at recursivelyTraverseMutationEffects (webpack-internal:///(app-pages-browser)/./node_modules/next/dist/compiled/react-dom/cjs/react-dom-client.development.js:15731:11)
    at commitMutationEffectsOnFiber (webpack-internal:///(app-pages-browser)/./node_modules/next/dist/compiled/react-dom/cjs/react-dom-client.development.js:16187:11)
    at recursivelyTraverseMutationEffects (webpack-internal:///(app-pages-browser)/./node_modules/next/dist/compiled/react-dom/cjs/react-dom-client.development.js:15731:11)
    at commitMutationEffectsOnFiber (webpack-internal:///(app-pages-browser)/./node_modules/next/dist/compiled/react-dom/cjs/react-dom-client.development.js:16187:11)
    at recursivelyTraverseMutationEffects (webpack-internal:///(app-pages-browser)/./node_modules/next/dist/compiled/react-dom/cjs/react-dom-client.development.js:15731:11)
    at commitMutationEffectsOnFiber (webpack-internal:///(app-pages-browser)/./node_modules/next/dist/compiled/react-dom/cjs/react-dom-client.development.js:16187:11)
    at recursivelyTraverseMutationEffects (webpack-internal:///(app-pages-browser)/./node_modules/next/dist/compiled/react-dom/cjs/react-dom-client.development.js:15731:11)
    at commitMutationEffectsOnFiber (webpack-internal:///(app-pages-browser)/./node_modules/next/dist/compiled/react-dom/cjs/react-dom-client.development.js:15746:11)
    at recursivelyTraverseMutationEffects (webpack-internal:///(app-pages-browser)/./node_modules/next/dist/compiled/react-dom/cjs/react-dom-client.development.js:15731:11)
    at commitMutationEffectsOnFiber (webpack-internal:///(app-pages-browser)/./node_modules/next/dist/compiled/react-dom/cjs/react-dom-client.development.js:15762:11)
    at recursivelyTraverseMutationEffects (webpack-internal:///(app-pages-browser)/./node_modules/next/dist/compiled/react-dom/cjs/react-dom-client.development.js:15731:11)
[ 2751810ms] [WARNING] [Fast Refresh] performing full reload because your application had an unrecoverable error @ webpack-internal:///(app-pages-browser)/./node_modules/next/dist/next-devtools/shared/forward-logs-shared.js:27
[ 2751821ms] [LOG] [Fast Refresh] rebuilding @ webpack-internal:///(app-pages-browser)/./node_modules/next/dist/next-devtools/shared/forward-logs-shared.js:27
[ 2752366ms] [WARNING] [Fast Refresh] performing full reload because your application had an unrecoverable error @ webpack-internal:///(app-pages-browser)/./node_modules/next/dist/next-devtools/shared/forward-logs-shared.js:27
[ 2752513ms] [LOG] [Fast Refresh] rebuilding @ webpack-internal:///(app-pages-browser)/./node_modules/next/dist/next-devtools/shared/forward-logs-shared.js:27
[ 2752714ms] [LOG] [Fast Refresh] done in 201ms @ webpack-internal:///(app-pages-browser)/./node_modules/next/dist/next-devtools/shared/forward-logs-shared.js:27
[ 2752777ms] [LOG] [Fast Refresh] rebuilding @ webpack-internal:///(app-pages-browser)/./node_modules/next/dist/next-devtools/shared/forward-logs-shared.js:27
[ 2753089ms] [LOG] [Fast Refresh] done in 312ms @ webpack-internal:///(app-pages-browser)/./node_modules/next/dist/next-devtools/shared/forward-logs-shared.js:27
[ 2753938ms] [INFO] %cDownload the React DevTools for a better development experience: https://react.dev/link/react-devtools font-weight:bold @ webpack-internal:///(app-pages-browser)/./node_modules/next/dist/next-devtools/shared/forward-logs-shared.js:27
[ 2754034ms] [LOG] [HMR] connected @ webpack-internal:///(app-pages-browser)/./node_modules/next/dist/next-devtools/shared/forward-logs-shared.js:27
[ 2754416ms] [LOG] [Fast Refresh] rebuilding @ webpack-internal:///(app-pages-browser)/./node_modules/next/dist/next-devtools/shared/forward-logs-shared.js:27
[ 2754744ms] [LOG] [Fast Refresh] done in 328ms @ webpack-internal:///(app-pages-browser)/./node_modules/next/dist/next-devtools/shared/forward-logs-shared.js:27
[ 2754840ms] [LOG] [Fast Refresh] rebuilding @ webpack-internal:///(app-pages-browser)/./node_modules/next/dist/next-devtools/shared/forward-logs-shared.js:27
[ 2755154ms] [LOG] [Fast Refresh] done in 314ms @ webpack-internal:///(app-pages-browser)/./node_modules/next/dist/next-devtools/shared/forward-logs-shared.js:27
[ 2755217ms] [LOG] [Fast Refresh] rebuilding @ webpack-internal:///(app-pages-browser)/./node_modules/next/dist/next-devtools/shared/forward-logs-shared.js:27
[ 2755408ms] [LOG] [Fast Refresh] done in 191ms @ webpack-internal:///(app-pages-browser)/./node_modules/next/dist/next-devtools/shared/forward-logs-shared.js:27
[ 2756028ms] [WARNING] Canvas2D: Multiple readback operations using getImageData are faster with the willReadFrequently attribute set to true. See: https://html.spec.whatwg.org/multipage/canvas.html#concept-canvas-will-read-frequently @ webpack-internal:///(app-pages-browser)/./src/components/dice/DiceMesh.ts:191
[ 2756052ms] [WARNING] Canvas2D: Multiple readback operations using getImageData are faster with the willReadFrequently attribute set to true. See: https://html.spec.whatwg.org/multipage/canvas.html#concept-canvas-will-read-frequently @ webpack-internal:///(app-pages-browser)/./src/components/dice/DiceMesh.ts:191
[ 2756085ms] [WARNING] Canvas2D: Multiple readback operations using getImageData are faster with the willReadFrequently attribute set to true. See: https://html.spec.whatwg.org/multipage/canvas.html#concept-canvas-will-read-frequently @ webpack-internal:///(app-pages-browser)/./src/components/dice/DiceMesh.ts:191
[ 2756118ms] [WARNING] Canvas2D: Multiple readback operations using getImageData are faster with the willReadFrequently attribute set to true. See: https://html.spec.whatwg.org/multipage/canvas.html#concept-canvas-will-read-frequently @ webpack-internal:///(app-pages-browser)/./src/components/dice/DiceMesh.ts:191
[ 2756152ms] [WARNING] Canvas2D: Multiple readback operations using getImageData are faster with the willReadFrequently attribute set to true. See: https://html.spec.whatwg.org/multipage/canvas.html#concept-canvas-will-read-frequently @ webpack-internal:///(app-pages-browser)/./src/components/dice/DiceMesh.ts:191
[ 2756202ms] [WARNING] Canvas2D: Multiple readback operations using getImageData are faster with the willReadFrequently attribute set to true. See: https://html.spec.whatwg.org/multipage/canvas.html#concept-canvas-will-read-frequently @ webpack-internal:///(app-pages-browser)/./src/components/dice/DiceMesh.ts:191
[ 2756235ms] [WARNING] Canvas2D: Multiple readback operations using getImageData are faster with the willReadFrequently attribute set to true. See: https://html.spec.whatwg.org/multipage/canvas.html#concept-canvas-will-read-frequently @ webpack-internal:///(app-pages-browser)/./src/components/dice/DiceMesh.ts:191
[ 2756285ms] [WARNING] Canvas2D: Multiple readback operations using getImageData are faster with the willReadFrequently attribute set to true. See: https://html.spec.whatwg.org/multipage/canvas.html#concept-canvas-will-read-frequently @ webpack-internal:///(app-pages-browser)/./src/components/dice/DiceMesh.ts:191
[ 2756335ms] [WARNING] Canvas2D: Multiple readback operations using getImageData are faster with the willReadFrequently attribute set to true. See: https://html.spec.whatwg.org/multipage/canvas.html#concept-canvas-will-read-frequently @ webpack-internal:///(app-pages-browser)/./src/components/dice/DiceMesh.ts:191
[ 2756385ms] [WARNING] Canvas2D: Multiple readback operations using getImageData are faster with the willReadFrequently attribute set to true. See: https://html.spec.whatwg.org/multipage/canvas.html#concept-canvas-will-read-frequently @ webpack-internal:///(app-pages-browser)/./src/components/dice/DiceMesh.ts:191
[ 2756418ms] [WARNING] Canvas2D: Multiple readback operations using getImageData are faster with the willReadFrequently attribute set to true. See: https://html.spec.whatwg.org/multipage/canvas.html#concept-canvas-will-read-frequently @ webpack-internal:///(app-pages-browser)/./src/components/dice/DiceMesh.ts:191
[ 2756468ms] [WARNING] Canvas2D: Multiple readback operations using getImageData are faster with the willReadFrequently attribute set to true. See: https://html.spec.whatwg.org/multipage/canvas.html#concept-canvas-will-read-frequently @ webpack-internal:///(app-pages-browser)/./src/components/dice/DiceMesh.ts:191
[ 2756502ms] [WARNING] Canvas2D: Multiple readback operations using getImageData are faster with the willReadFrequently attribute set to true. See: https://html.spec.whatwg.org/multipage/canvas.html#concept-canvas-will-read-frequently @ webpack-internal:///(app-pages-browser)/./src/components/dice/DiceMesh.ts:191
[ 2756535ms] [WARNING] Canvas2D: Multiple readback operations using getImageData are faster with the willReadFrequently attribute set to true. See: https://html.spec.whatwg.org/multipage/canvas.html#concept-canvas-will-read-frequently @ webpack-internal:///(app-pages-browser)/./src/components/dice/DiceMesh.ts:191
[ 2756568ms] [WARNING] Canvas2D: Multiple readback operations using getImageData are faster with the willReadFrequently attribute set to true. See: https://html.spec.whatwg.org/multipage/canvas.html#concept-canvas-will-read-frequently @ webpack-internal:///(app-pages-browser)/./src/components/dice/DiceMesh.ts:191
[ 2756602ms] [WARNING] Canvas2D: Multiple readback operations using getImageData are faster with the willReadFrequently attribute set to true. See: https://html.spec.whatwg.org/multipage/canvas.html#concept-canvas-will-read-frequently @ webpack-internal:///(app-pages-browser)/./src/components/dice/DiceMesh.ts:191
[ 2756635ms] [WARNING] Canvas2D: Multiple readback operations using getImageData are faster with the willReadFrequently attribute set to true. See: https://html.spec.whatwg.org/multipage/canvas.html#concept-canvas-will-read-frequently @ webpack-internal:///(app-pages-browser)/./src/components/dice/DiceMesh.ts:191
[ 2756669ms] [WARNING] Canvas2D: Multiple readback operations using getImageData are faster with the willReadFrequently attribute set to true. See: https://html.spec.whatwg.org/multipage/canvas.html#concept-canvas-will-read-frequently @ webpack-internal:///(app-pages-browser)/./src/components/dice/DiceMesh.ts:191
[ 2756702ms] [WARNING] Canvas2D: Multiple readback operations using getImageData are faster with the willReadFrequently attribute set to true. See: https://html.spec.whatwg.org/multipage/canvas.html#concept-canvas-will-read-frequently @ webpack-internal:///(app-pages-browser)/./src/components/dice/DiceMesh.ts:191
[ 2756735ms] [WARNING] Canvas2D: Multiple readback operations using getImageData are faster with the willReadFrequently attribute set to true. See: https://html.spec.whatwg.org/multipage/canvas.html#concept-canvas-will-read-frequently @ webpack-internal:///(app-pages-browser)/./src/components/dice/DiceMesh.ts:191
[ 2756769ms] [WARNING] Canvas2D: Multiple readback operations using getImageData are faster with the willReadFrequently attribute set to true. See: https://html.spec.whatwg.org/multipage/canvas.html#concept-canvas-will-read-frequently @ webpack-internal:///(app-pages-browser)/./src/components/dice/DiceMesh.ts:191
[ 2756802ms] [WARNING] Canvas2D: Multiple readback operations using getImageData are faster with the willReadFrequently attribute set to true. See: https://html.spec.whatwg.org/multipage/canvas.html#concept-canvas-will-read-frequently @ webpack-internal:///(app-pages-browser)/./src/components/dice/DiceMesh.ts:191
[ 2756852ms] [WARNING] Canvas2D: Multiple readback operations using getImageData are faster with the willReadFrequently attribute set to true. See: https://html.spec.whatwg.org/multipage/canvas.html#concept-canvas-will-read-frequently @ webpack-internal:///(app-pages-browser)/./src/components/dice/DiceMesh.ts:191
[ 2756885ms] [WARNING] Canvas2D: Multiple readback operations using getImageData are faster with the willReadFrequently attribute set to true. See: https://html.spec.whatwg.org/multipage/canvas.html#concept-canvas-will-read-frequently @ webpack-internal:///(app-pages-browser)/./src/components/dice/DiceMesh.ts:191
[ 2756919ms] [WARNING] Canvas2D: Multiple readback operations using getImageData are faster with the willReadFrequently attribute set to true. See: https://html.spec.whatwg.org/multipage/canvas.html#concept-canvas-will-read-frequently @ webpack-internal:///(app-pages-browser)/./src/components/dice/DiceMesh.ts:191
[ 2756969ms] [WARNING] Canvas2D: Multiple readback operations using getImageData are faster with the willReadFrequently attribute set to true. See: https://html.spec.whatwg.org/multipage/canvas.html#concept-canvas-will-read-frequently @ webpack-internal:///(app-pages-browser)/./src/components/dice/DiceMesh.ts:191
[ 2757002ms] [WARNING] Canvas2D: Multiple readback operations using getImageData are faster with the willReadFrequently attribute set to true. See: https://html.spec.whatwg.org/multipage/canvas.html#concept-canvas-will-read-frequently @ webpack-internal:///(app-pages-browser)/./src/components/dice/DiceMesh.ts:191
[ 2757035ms] [WARNING] Canvas2D: Multiple readback operations using getImageData are faster with the willReadFrequently attribute set to true. See: https://html.spec.whatwg.org/multipage/canvas.html#concept-canvas-will-read-frequently @ webpack-internal:///(app-pages-browser)/./src/components/dice/DiceMesh.ts:191
[ 2757069ms] [WARNING] Canvas2D: Multiple readback operations using getImageData are faster with the willReadFrequently attribute set to true. See: https://html.spec.whatwg.org/multipage/canvas.html#concept-canvas-will-read-frequently @ webpack-internal:///(app-pages-browser)/./src/components/dice/DiceMesh.ts:191
[ 2757102ms] [WARNING] Canvas2D: Multiple readback operations using getImageData are faster with the willReadFrequently attribute set to true. See: https://html.spec.whatwg.org/multipage/canvas.html#concept-canvas-will-read-frequently @ webpack-internal:///(app-pages-browser)/./src/components/dice/DiceMesh.ts:191
[ 2757152ms] [WARNING] Canvas2D: Multiple readback operations using getImageData are faster with the willReadFrequently attribute set to true. See: https://html.spec.whatwg.org/multipage/canvas.html#concept-canvas-will-read-frequently @ webpack-internal:///(app-pages-browser)/./src/components/dice/DiceMesh.ts:191
[ 2757185ms] [WARNING] Canvas2D: Multiple readback operations using getImageData are faster with the willReadFrequently attribute set to true. See: https://html.spec.whatwg.org/multipage/canvas.html#concept-canvas-will-read-frequently @ webpack-internal:///(app-pages-browser)/./src/components/dice/DiceMesh.ts:191
[ 2757219ms] [WARNING] Canvas2D: Multiple readback operations using getImageData are faster with the willReadFrequently attribute set to true. See: https://html.spec.whatwg.org/multipage/canvas.html#concept-canvas-will-read-frequently @ webpack-internal:///(app-pages-browser)/./src/components/dice/DiceMesh.ts:191
[ 2757252ms] [WARNING] Canvas2D: Multiple readback operations using getImageData are faster with the willReadFrequently attribute set to true. See: https://html.spec.whatwg.org/multipage/canvas.html#concept-canvas-will-read-frequently @ webpack-internal:///(app-pages-browser)/./src/components/dice/DiceMesh.ts:191
[ 2757302ms] [WARNING] Canvas2D: Multiple readback operations using getImageData are faster with the willReadFrequently attribute set to true. See: https://html.spec.whatwg.org/multipage/canvas.html#concept-canvas-will-read-frequently @ webpack-internal:///(app-pages-browser)/./src/components/dice/DiceMesh.ts:191
[ 2757335ms] [WARNING] Canvas2D: Multiple readback operations using getImageData are faster with the willReadFrequently attribute set to true. See: https://html.spec.whatwg.org/multipage/canvas.html#concept-canvas-will-read-frequently @ webpack-internal:///(app-pages-browser)/./src/components/dice/DiceMesh.ts:191
[ 2757369ms] [WARNING] Canvas2D: Multiple readback operations using getImageData are faster with the willReadFrequently attribute set to true. See: https://html.spec.whatwg.org/multipage/canvas.html#concept-canvas-will-read-frequently @ webpack-internal:///(app-pages-browser)/./src/components/dice/DiceMesh.ts:191
[ 2757402ms] [WARNING] Canvas2D: Multiple readback operations using getImageData are faster with the willReadFrequently attribute set to true. See: https://html.spec.whatwg.org/multipage/canvas.html#concept-canvas-will-read-frequently @ webpack-internal:///(app-pages-browser)/./src/components/dice/DiceMesh.ts:191
[ 2757435ms] [WARNING] Canvas2D: Multiple readback operations using getImageData are faster with the willReadFrequently attribute set to true. See: https://html.spec.whatwg.org/multipage/canvas.html#concept-canvas-will-read-frequently @ webpack-internal:///(app-pages-browser)/./src/components/dice/DiceMesh.ts:191
[ 2757469ms] [WARNING] Canvas2D: Multiple readback operations using getImageData are faster with the willReadFrequently attribute set to true. See: https://html.spec.whatwg.org/multipage/canvas.html#concept-canvas-will-read-frequently @ webpack-internal:///(app-pages-browser)/./src/components/dice/DiceMesh.ts:191
[ 2757519ms] [WARNING] Canvas2D: Multiple readback operations using getImageData are faster with the willReadFrequently attribute set to true. See: https://html.spec.whatwg.org/multipage/canvas.html#concept-canvas-will-read-frequently @ webpack-internal:///(app-pages-browser)/./src/components/dice/DiceMesh.ts:191
[ 2757552ms] [WARNING] Canvas2D: Multiple readback operations using getImageData are faster with the willReadFrequently attribute set to true. See: https://html.spec.whatwg.org/multipage/canvas.html#concept-canvas-will-read-frequently @ webpack-internal:///(app-pages-browser)/./src/components/dice/DiceMesh.ts:191
[ 2757586ms] [WARNING] Canvas2D: Multiple readback operations using getImageData are faster with the willReadFrequently attribute set to true. See: https://html.spec.whatwg.org/multipage/canvas.html#concept-canvas-will-read-frequently @ webpack-internal:///(app-pages-browser)/./src/components/dice/DiceMesh.ts:191
[ 2757635ms] [WARNING] Canvas2D: Multiple readback operations using getImageData are faster with the willReadFrequently attribute set to true. See: https://html.spec.whatwg.org/multipage/canvas.html#concept-canvas-will-read-frequently @ webpack-internal:///(app-pages-browser)/./src/components/dice/DiceMesh.ts:191
[ 2757669ms] [WARNING] Canvas2D: Multiple readback operations using getImageData are faster with the willReadFrequently attribute set to true. See: https://html.spec.whatwg.org/multipage/canvas.html#concept-canvas-will-read-frequently @ webpack-internal:///(app-pages-browser)/./src/components/dice/DiceMesh.ts:191
[ 2757702ms] [WARNING] Canvas2D: Multiple readback operations using getImageData are faster with the willReadFrequently attribute set to true. See: https://html.spec.whatwg.org/multipage/canvas.html#concept-canvas-will-read-frequently @ webpack-internal:///(app-pages-browser)/./src/components/dice/DiceMesh.ts:191
[ 2757736ms] [WARNING] Canvas2D: Multiple readback operations using getImageData are faster with the willReadFrequently attribute set to true. See: https://html.spec.whatwg.org/multipage/canvas.html#concept-canvas-will-read-frequently @ webpack-internal:///(app-pages-browser)/./src/components/dice/DiceMesh.ts:191
[ 2757769ms] [WARNING] Canvas2D: Multiple readback operations using getImageData are faster with the willReadFrequently attribute set to true. See: https://html.spec.whatwg.org/multipage/canvas.html#concept-canvas-will-read-frequently @ webpack-internal:///(app-pages-browser)/./src/components/dice/DiceMesh.ts:191
[ 2757802ms] [WARNING] Canvas2D: Multiple readback operations using getImageData are faster with the willReadFrequently attribute set to true. See: https://html.spec.whatwg.org/multipage/canvas.html#concept-canvas-will-read-frequently @ webpack-internal:///(app-pages-browser)/./src/components/dice/DiceMesh.ts:191
[ 2757836ms] [WARNING] Canvas2D: Multiple readback operations using getImageData are faster with the willReadFrequently attribute set to true. See: https://html.spec.whatwg.org/multipage/canvas.html#concept-canvas-will-read-frequently @ webpack-internal:///(app-pages-browser)/./src/components/dice/DiceMesh.ts:191
[ 2757869ms] [WARNING] Canvas2D: Multiple readback operations using getImageData are faster with the willReadFrequently attribute set to true. See: https://html.spec.whatwg.org/multipage/canvas.html#concept-canvas-will-read-frequently @ webpack-internal:///(app-pages-browser)/./src/components/dice/DiceMesh.ts:191
[ 2757902ms] [WARNING] Canvas2D: Multiple readback operations using getImageData are faster with the willReadFrequently attribute set to true. See: https://html.spec.whatwg.org/multipage/canvas.html#concept-canvas-will-read-frequently @ webpack-internal:///(app-pages-browser)/./src/components/dice/DiceMesh.ts:191
[ 2757952ms] [WARNING] Canvas2D: Multiple readback operations using getImageData are faster with the willReadFrequently attribute set to true. See: https://html.spec.whatwg.org/multipage/canvas.html#concept-canvas-will-read-frequently @ webpack-internal:///(app-pages-browser)/./src/components/dice/DiceMesh.ts:191
[ 2757986ms] [WARNING] Canvas2D: Multiple readback operations using getImageData are faster with the willReadFrequently attribute set to true. See: https://html.spec.whatwg.org/multipage/canvas.html#concept-canvas-will-read-frequently @ webpack-internal:///(app-pages-browser)/./src/components/dice/DiceMesh.ts:191
[ 2758036ms] [WARNING] Canvas2D: Multiple readback operations using getImageData are faster with the willReadFrequently attribute set to true. See: https://html.spec.whatwg.org/multipage/canvas.html#concept-canvas-will-read-frequently @ webpack-internal:///(app-pages-browser)/./src/components/dice/DiceMesh.ts:191
[ 2758086ms] [WARNING] Canvas2D: Multiple readback operations using getImageData are faster with the willReadFrequently attribute set to true. See: https://html.spec.whatwg.org/multipage/canvas.html#concept-canvas-will-read-frequently @ webpack-internal:///(app-pages-browser)/./src/components/dice/DiceMesh.ts:191
[ 2758119ms] [WARNING] Canvas2D: Multiple readback operations using getImageData are faster with the willReadFrequently attribute set to true. See: https://html.spec.whatwg.org/multipage/canvas.html#concept-canvas-will-read-frequently @ webpack-internal:///(app-pages-browser)/./src/components/dice/DiceMesh.ts:191
[ 2758153ms] [WARNING] Canvas2D: Multiple readback operations using getImageData are faster with the willReadFrequently attribute set to true. See: https://html.spec.whatwg.org/multipage/canvas.html#concept-canvas-will-read-frequently @ webpack-internal:///(app-pages-browser)/./src/components/dice/DiceMesh.ts:191
[ 2758203ms] [WARNING] Canvas2D: Multiple readback operations using getImageData are faster with the willReadFrequently attribute set to true. See: https://html.spec.whatwg.org/multipage/canvas.html#concept-canvas-will-read-frequently @ webpack-internal:///(app-pages-browser)/./src/components/dice/DiceMesh.ts:191
[ 2758236ms] [WARNING] Canvas2D: Multiple readback operations using getImageData are faster with the willReadFrequently attribute set to true. See: https://html.spec.whatwg.org/multipage/canvas.html#concept-canvas-will-read-frequently @ webpack-internal:///(app-pages-browser)/./src/components/dice/DiceMesh.ts:191
[ 2758269ms] [WARNING] Canvas2D: Multiple readback operations using getImageData are faster with the willReadFrequently attribute set to true. See: https://html.spec.whatwg.org/multipage/canvas.html#concept-canvas-will-read-frequently @ webpack-internal:///(app-pages-browser)/./src/components/dice/DiceMesh.ts:191
[ 2758302ms] [WARNING] Canvas2D: Multiple readback operations using getImageData are faster with the willReadFrequently attribute set to true. See: https://html.spec.whatwg.org/multipage/canvas.html#concept-canvas-will-read-frequently @ webpack-internal:///(app-pages-browser)/./src/components/dice/DiceMesh.ts:191
[ 2758336ms] [WARNING] Canvas2D: Multiple readback operations using getImageData are faster with the willReadFrequently attribute set to true. See: https://html.spec.whatwg.org/multipage/canvas.html#concept-canvas-will-read-frequently @ webpack-internal:///(app-pages-browser)/./src/components/dice/DiceMesh.ts:191
[ 2758369ms] [WARNING] Canvas2D: Multiple readback operations using getImageData are faster with the willReadFrequently attribute set to true. See: https://html.spec.whatwg.org/multipage/canvas.html#concept-canvas-will-read-frequently @ webpack-internal:///(app-pages-browser)/./src/components/dice/DiceMesh.ts:191
[ 2758419ms] [WARNING] Canvas2D: Multiple readback operations using getImageData are faster with the willReadFrequently attribute set to true. See: https://html.spec.whatwg.org/multipage/canvas.html#concept-canvas-will-read-frequently @ webpack-internal:///(app-pages-browser)/./src/components/dice/DiceMesh.ts:191
[ 2758453ms] [WARNING] Canvas2D: Multiple readback operations using getImageData are faster with the willReadFrequently attribute set to true. See: https://html.spec.whatwg.org/multipage/canvas.html#concept-canvas-will-read-frequently @ webpack-internal:///(app-pages-browser)/./src/components/dice/DiceMesh.ts:191
[ 2758486ms] [WARNING] Canvas2D: Multiple readback operations using getImageData are faster with the willReadFrequently attribute set to true. See: https://html.spec.whatwg.org/multipage/canvas.html#concept-canvas-will-read-frequently @ webpack-internal:///(app-pages-browser)/./src/components/dice/DiceMesh.ts:191
[ 2758519ms] [WARNING] Canvas2D: Multiple readback operations using getImageData are faster with the willReadFrequently attribute set to true. See: https://html.spec.whatwg.org/multipage/canvas.html#concept-canvas-will-read-frequently @ webpack-internal:///(app-pages-browser)/./src/components/dice/DiceMesh.ts:191
[ 2758570ms] [WARNING] Canvas2D: Multiple readback operations using getImageData are faster with the willReadFrequently attribute set to true. See: https://html.spec.whatwg.org/multipage/canvas.html#concept-canvas-will-read-frequently @ webpack-internal:///(app-pages-browser)/./src/components/dice/DiceMesh.ts:191
[ 2758603ms] [WARNING] Canvas2D: Multiple readback operations using getImageData are faster with the willReadFrequently attribute set to true. See: https://html.spec.whatwg.org/multipage/canvas.html#concept-canvas-will-read-frequently @ webpack-internal:///(app-pages-browser)/./src/components/dice/DiceMesh.ts:191
[ 2758636ms] [WARNING] Canvas2D: Multiple readback operations using getImageData are faster with the willReadFrequently attribute set to true. See: https://html.spec.whatwg.org/multipage/canvas.html#concept-canvas-will-read-frequently @ webpack-internal:///(app-pages-browser)/./src/components/dice/DiceMesh.ts:191
[ 2758670ms] [WARNING] Canvas2D: Multiple readback operations using getImageData are faster with the willReadFrequently attribute set to true. See: https://html.spec.whatwg.org/multipage/canvas.html#concept-canvas-will-read-frequently @ webpack-internal:///(app-pages-browser)/./src/components/dice/DiceMesh.ts:191
[ 2758703ms] [WARNING] Canvas2D: Multiple readback operations using getImageData are faster with the willReadFrequently attribute set to true. See: https://html.spec.whatwg.org/multipage/canvas.html#concept-canvas-will-read-frequently @ webpack-internal:///(app-pages-browser)/./src/components/dice/DiceMesh.ts:191
[ 2758736ms] [WARNING] Canvas2D: Multiple readback operations using getImageData are faster with the willReadFrequently attribute set to true. See: https://html.spec.whatwg.org/multipage/canvas.html#concept-canvas-will-read-frequently @ webpack-internal:///(app-pages-browser)/./src/components/dice/DiceMesh.ts:191
[ 2758769ms] [WARNING] Canvas2D: Multiple readback operations using getImageData are faster with the willReadFrequently attribute set to true. See: https://html.spec.whatwg.org/multipage/canvas.html#concept-canvas-will-read-frequently @ webpack-internal:///(app-pages-browser)/./src/components/dice/DiceMesh.ts:191
[ 2758803ms] [WARNING] Canvas2D: Multiple readback operations using getImageData are faster with the willReadFrequently attribute set to true. See: https://html.spec.whatwg.org/multipage/canvas.html#concept-canvas-will-read-frequently @ webpack-internal:///(app-pages-browser)/./src/components/dice/DiceMesh.ts:191
[ 2763951ms] [LOG] [Fast Refresh] rebuilding @ webpack-internal:///(app-pages-browser)/./node_modules/next/dist/next-devtools/shared/forward-logs-shared.js:27
[ 2764841ms] [WARNING] [Fast Refresh] performing full reload because your application had an unrecoverable error @ webpack-internal:///(app-pages-browser)/./node_modules/next/dist/next-devtools/shared/forward-logs-shared.js:27
[ 2766033ms] [INFO] %cDownload the React DevTools for a better development experience: https://react.dev/link/react-devtools font-weight:bold @ webpack-internal:///(app-pages-browser)/./node_modules/next/dist/next-devtools/shared/forward-logs-shared.js:27
[ 2766102ms] [LOG] [HMR] connected @ webpack-internal:///(app-pages-browser)/./node_modules/next/dist/next-devtools/shared/forward-logs-shared.js:27
[ 2767191ms] [WARNING] Canvas2D: Multiple readback operations using getImageData are faster with the willReadFrequently attribute set to true. See: https://html.spec.whatwg.org/multipage/canvas.html#concept-canvas-will-read-frequently @ webpack-internal:///(app-pages-browser)/./src/components/dice/DiceMesh.ts:191
[ 2767240ms] [WARNING] Canvas2D: Multiple readback operations using getImageData are faster with the willReadFrequently attribute set to true. See: https://html.spec.whatwg.org/multipage/canvas.html#concept-canvas-will-read-frequently @ webpack-internal:///(app-pages-browser)/./src/components/dice/DiceMesh.ts:191
[ 2767290ms] [WARNING] Canvas2D: Multiple readback operations using getImageData are faster with the willReadFrequently attribute set to true. See: https://html.spec.whatwg.org/multipage/canvas.html#concept-canvas-will-read-frequently @ webpack-internal:///(app-pages-browser)/./src/components/dice/DiceMesh.ts:191
[ 2767340ms] [WARNING] Canvas2D: Multiple readback operations using getImageData are faster with the willReadFrequently attribute set to true. See: https://html.spec.whatwg.org/multipage/canvas.html#concept-canvas-will-read-frequently @ webpack-internal:///(app-pages-browser)/./src/components/dice/DiceMesh.ts:191
[ 2767373ms] [WARNING] Canvas2D: Multiple readback operations using getImageData are faster with the willReadFrequently attribute set to true. See: https://html.spec.whatwg.org/multipage/canvas.html#concept-canvas-will-read-frequently @ webpack-internal:///(app-pages-browser)/./src/components/dice/DiceMesh.ts:191
[ 2767407ms] [WARNING] Canvas2D: Multiple readback operations using getImageData are faster with the willReadFrequently attribute set to true. See: https://html.spec.whatwg.org/multipage/canvas.html#concept-canvas-will-read-frequently @ webpack-internal:///(app-pages-browser)/./src/components/dice/DiceMesh.ts:191
[ 2767473ms] [WARNING] Canvas2D: Multiple readback operations using getImageData are faster with the willReadFrequently attribute set to true. See: https://html.spec.whatwg.org/multipage/canvas.html#concept-canvas-will-read-frequently @ webpack-internal:///(app-pages-browser)/./src/components/dice/DiceMesh.ts:191
[ 2767524ms] [WARNING] Canvas2D: Multiple readback operations using getImageData are faster with the willReadFrequently attribute set to true. See: https://html.spec.whatwg.org/multipage/canvas.html#concept-canvas-will-read-frequently @ webpack-internal:///(app-pages-browser)/./src/components/dice/DiceMesh.ts:191
[ 2767573ms] [WARNING] Canvas2D: Multiple readback operations using getImageData are faster with the willReadFrequently attribute set to true. See: https://html.spec.whatwg.org/multipage/canvas.html#concept-canvas-will-read-frequently @ webpack-internal:///(app-pages-browser)/./src/components/dice/DiceMesh.ts:191
[ 2767623ms] [WARNING] Canvas2D: Multiple readback operations using getImageData are faster with the willReadFrequently attribute set to true. See: https://html.spec.whatwg.org/multipage/canvas.html#concept-canvas-will-read-frequently @ webpack-internal:///(app-pages-browser)/./src/components/dice/DiceMesh.ts:191
[ 2767673ms] [WARNING] Canvas2D: Multiple readback operations using getImageData are faster with the willReadFrequently attribute set to true. See: https://html.spec.whatwg.org/multipage/canvas.html#concept-canvas-will-read-frequently @ webpack-internal:///(app-pages-browser)/./src/components/dice/DiceMesh.ts:191
[ 2767723ms] [WARNING] Canvas2D: Multiple readback operations using getImageData are faster with the willReadFrequently attribute set to true. See: https://html.spec.whatwg.org/multipage/canvas.html#concept-canvas-will-read-frequently @ webpack-internal:///(app-pages-browser)/./src/components/dice/DiceMesh.ts:191
[ 2767757ms] [WARNING] Canvas2D: Multiple readback operations using getImageData are faster with the willReadFrequently attribute set to true. See: https://html.spec.whatwg.org/multipage/canvas.html#concept-canvas-will-read-frequently @ webpack-internal:///(app-pages-browser)/./src/components/dice/DiceMesh.ts:191
[ 2767790ms] [WARNING] Canvas2D: Multiple readback operations using getImageData are faster with the willReadFrequently attribute set to true. See: https://html.spec.whatwg.org/multipage/canvas.html#concept-canvas-will-read-frequently @ webpack-internal:///(app-pages-browser)/./src/components/dice/DiceMesh.ts:191
[ 2767823ms] [WARNING] Canvas2D: Multiple readback operations using getImageData are faster with the willReadFrequently attribute set to true. See: https://html.spec.whatwg.org/multipage/canvas.html#concept-canvas-will-read-frequently @ webpack-internal:///(app-pages-browser)/./src/components/dice/DiceMesh.ts:191
[ 2767857ms] [WARNING] Canvas2D: Multiple readback operations using getImageData are faster with the willReadFrequently attribute set to true. See: https://html.spec.whatwg.org/multipage/canvas.html#concept-canvas-will-read-frequently @ webpack-internal:///(app-pages-browser)/./src/components/dice/DiceMesh.ts:191
[ 2767890ms] [WARNING] Canvas2D: Multiple readback operations using getImageData are faster with the willReadFrequently attribute set to true. See: https://html.spec.whatwg.org/multipage/canvas.html#concept-canvas-will-read-frequently @ webpack-internal:///(app-pages-browser)/./src/components/dice/DiceMesh.ts:191
[ 2767924ms] [WARNING] Canvas2D: Multiple readback operations using getImageData are faster with the willReadFrequently attribute set to true. See: https://html.spec.whatwg.org/multipage/canvas.html#concept-canvas-will-read-frequently @ webpack-internal:///(app-pages-browser)/./src/components/dice/DiceMesh.ts:191
[ 2767957ms] [WARNING] Canvas2D: Multiple readback operations using getImageData are faster with the willReadFrequently attribute set to true. See: https://html.spec.whatwg.org/multipage/canvas.html#concept-canvas-will-read-frequently @ webpack-internal:///(app-pages-browser)/./src/components/dice/DiceMesh.ts:191
[ 2767990ms] [WARNING] Canvas2D: Multiple readback operations using getImageData are faster with the willReadFrequently attribute set to true. See: https://html.spec.whatwg.org/multipage/canvas.html#concept-canvas-will-read-frequently @ webpack-internal:///(app-pages-browser)/./src/components/dice/DiceMesh.ts:191
[ 2768040ms] [WARNING] Canvas2D: Multiple readback operations using getImageData are faster with the willReadFrequently attribute set to true. See: https://html.spec.whatwg.org/multipage/canvas.html#concept-canvas-will-read-frequently @ webpack-internal:///(app-pages-browser)/./src/components/dice/DiceMesh.ts:191
[ 2768074ms] [WARNING] Canvas2D: Multiple readback operations using getImageData are faster with the willReadFrequently attribute set to true. See: https://html.spec.whatwg.org/multipage/canvas.html#concept-canvas-will-read-frequently @ webpack-internal:///(app-pages-browser)/./src/components/dice/DiceMesh.ts:191
[ 2768124ms] [WARNING] Canvas2D: Multiple readback operations using getImageData are faster with the willReadFrequently attribute set to true. See: https://html.spec.whatwg.org/multipage/canvas.html#concept-canvas-will-read-frequently @ webpack-internal:///(app-pages-browser)/./src/components/dice/DiceMesh.ts:191
[ 2768174ms] [WARNING] Canvas2D: Multiple readback operations using getImageData are faster with the willReadFrequently attribute set to true. See: https://html.spec.whatwg.org/multipage/canvas.html#concept-canvas-will-read-frequently @ webpack-internal:///(app-pages-browser)/./src/components/dice/DiceMesh.ts:191
[ 2768207ms] [WARNING] Canvas2D: Multiple readback operations using getImageData are faster with the willReadFrequently attribute set to true. See: https://html.spec.whatwg.org/multipage/canvas.html#concept-canvas-will-read-frequently @ webpack-internal:///(app-pages-browser)/./src/components/dice/DiceMesh.ts:191
[ 2768257ms] [WARNING] Canvas2D: Multiple readback operations using getImageData are faster with the willReadFrequently attribute set to true. See: https://html.spec.whatwg.org/multipage/canvas.html#concept-canvas-will-read-frequently @ webpack-internal:///(app-pages-browser)/./src/components/dice/DiceMesh.ts:191
[ 2768291ms] [WARNING] Canvas2D: Multiple readback operations using getImageData are faster with the willReadFrequently attribute set to true. See: https://html.spec.whatwg.org/multipage/canvas.html#concept-canvas-will-read-frequently @ webpack-internal:///(app-pages-browser)/./src/components/dice/DiceMesh.ts:191
[ 2768324ms] [WARNING] Canvas2D: Multiple readback operations using getImageData are faster with the willReadFrequently attribute set to true. See: https://html.spec.whatwg.org/multipage/canvas.html#concept-canvas-will-read-frequently @ webpack-internal:///(app-pages-browser)/./src/components/dice/DiceMesh.ts:191
[ 2768357ms] [WARNING] Canvas2D: Multiple readback operations using getImageData are faster with the willReadFrequently attribute set to true. See: https://html.spec.whatwg.org/multipage/canvas.html#concept-canvas-will-read-frequently @ webpack-internal:///(app-pages-browser)/./src/components/dice/DiceMesh.ts:191
[ 2768390ms] [WARNING] Canvas2D: Multiple readback operations using getImageData are faster with the willReadFrequently attribute set to true. See: https://html.spec.whatwg.org/multipage/canvas.html#concept-canvas-will-read-frequently @ webpack-internal:///(app-pages-browser)/./src/components/dice/DiceMesh.ts:191
[ 2768424ms] [WARNING] Canvas2D: Multiple readback operations using getImageData are faster with the willReadFrequently attribute set to true. See: https://html.spec.whatwg.org/multipage/canvas.html#concept-canvas-will-read-frequently @ webpack-internal:///(app-pages-browser)/./src/components/dice/DiceMesh.ts:191
[ 2768457ms] [WARNING] Canvas2D: Multiple readback operations using getImageData are faster with the willReadFrequently attribute set to true. See: https://html.spec.whatwg.org/multipage/canvas.html#concept-canvas-will-read-frequently @ webpack-internal:///(app-pages-browser)/./src/components/dice/DiceMesh.ts:191
[ 2768491ms] [WARNING] Canvas2D: Multiple readback operations using getImageData are faster with the willReadFrequently attribute set to true. See: https://html.spec.whatwg.org/multipage/canvas.html#concept-canvas-will-read-frequently @ webpack-internal:///(app-pages-browser)/./src/components/dice/DiceMesh.ts:191
[ 2768524ms] [WARNING] Canvas2D: Multiple readback operations using getImageData are faster with the willReadFrequently attribute set to true. See: https://html.spec.whatwg.org/multipage/canvas.html#concept-canvas-will-read-frequently @ webpack-internal:///(app-pages-browser)/./src/components/dice/DiceMesh.ts:191
[ 2768557ms] [WARNING] Canvas2D: Multiple readback operations using getImageData are faster with the willReadFrequently attribute set to true. See: https://html.spec.whatwg.org/multipage/canvas.html#concept-canvas-will-read-frequently @ webpack-internal:///(app-pages-browser)/./src/components/dice/DiceMesh.ts:191
[ 2768591ms] [WARNING] Canvas2D: Multiple readback operations using getImageData are faster with the willReadFrequently attribute set to true. See: https://html.spec.whatwg.org/multipage/canvas.html#concept-canvas-will-read-frequently @ webpack-internal:///(app-pages-browser)/./src/components/dice/DiceMesh.ts:191
[ 2768641ms] [WARNING] Canvas2D: Multiple readback operations using getImageData are faster with the willReadFrequently attribute set to true. See: https://html.spec.whatwg.org/multipage/canvas.html#concept-canvas-will-read-frequently @ webpack-internal:///(app-pages-browser)/./src/components/dice/DiceMesh.ts:191
[ 2768691ms] [WARNING] Canvas2D: Multiple readback operations using getImageData are faster with the willReadFrequently attribute set to true. See: https://html.spec.whatwg.org/multipage/canvas.html#concept-canvas-will-read-frequently @ webpack-internal:///(app-pages-browser)/./src/components/dice/DiceMesh.ts:191
[ 2768724ms] [WARNING] Canvas2D: Multiple readback operations using getImageData are faster with the willReadFrequently attribute set to true. See: https://html.spec.whatwg.org/multipage/canvas.html#concept-canvas-will-read-frequently @ webpack-internal:///(app-pages-browser)/./src/components/dice/DiceMesh.ts:191
[ 2768757ms] [WARNING] Canvas2D: Multiple readback operations using getImageData are faster with the willReadFrequently attribute set to true. See: https://html.spec.whatwg.org/multipage/canvas.html#concept-canvas-will-read-frequently @ webpack-internal:///(app-pages-browser)/./src/components/dice/DiceMesh.ts:191
[ 2768807ms] [WARNING] Canvas2D: Multiple readback operations using getImageData are faster with the willReadFrequently attribute set to true. See: https://html.spec.whatwg.org/multipage/canvas.html#concept-canvas-will-read-frequently @ webpack-internal:///(app-pages-browser)/./src/components/dice/DiceMesh.ts:191
[ 2768841ms] [WARNING] Canvas2D: Multiple readback operations using getImageData are faster with the willReadFrequently attribute set to true. See: https://html.spec.whatwg.org/multipage/canvas.html#concept-canvas-will-read-frequently @ webpack-internal:///(app-pages-browser)/./src/components/dice/DiceMesh.ts:191
[ 2768874ms] [WARNING] Canvas2D: Multiple readback operations using getImageData are faster with the willReadFrequently attribute set to true. See: https://html.spec.whatwg.org/multipage/canvas.html#concept-canvas-will-read-frequently @ webpack-internal:///(app-pages-browser)/./src/components/dice/DiceMesh.ts:191
[ 2768924ms] [WARNING] Canvas2D: Multiple readback operations using getImageData are faster with the willReadFrequently attribute set to true. See: https://html.spec.whatwg.org/multipage/canvas.html#concept-canvas-will-read-frequently @ webpack-internal:///(app-pages-browser)/./src/components/dice/DiceMesh.ts:191
[ 2768958ms] [WARNING] Canvas2D: Multiple readback operations using getImageData are faster with the willReadFrequently attribute set to true. See: https://html.spec.whatwg.org/multipage/canvas.html#concept-canvas-will-read-frequently @ webpack-internal:///(app-pages-browser)/./src/components/dice/DiceMesh.ts:191
[ 2769008ms] [WARNING] Canvas2D: Multiple readback operations using getImageData are faster with the willReadFrequently attribute set to true. See: https://html.spec.whatwg.org/multipage/canvas.html#concept-canvas-will-read-frequently @ webpack-internal:///(app-pages-browser)/./src/components/dice/DiceMesh.ts:191
[ 2769041ms] [WARNING] Canvas2D: Multiple readback operations using getImageData are faster with the willReadFrequently attribute set to true. See: https://html.spec.whatwg.org/multipage/canvas.html#concept-canvas-will-read-frequently @ webpack-internal:///(app-pages-browser)/./src/components/dice/DiceMesh.ts:191
[ 2769074ms] [WARNING] Canvas2D: Multiple readback operations using getImageData are faster with the willReadFrequently attribute set to true. See: https://html.spec.whatwg.org/multipage/canvas.html#concept-canvas-will-read-frequently @ webpack-internal:///(app-pages-browser)/./src/components/dice/DiceMesh.ts:191
[ 2769107ms] [WARNING] Canvas2D: Multiple readback operations using getImageData are faster with the willReadFrequently attribute set to true. See: https://html.spec.whatwg.org/multipage/canvas.html#concept-canvas-will-read-frequently @ webpack-internal:///(app-pages-browser)/./src/components/dice/DiceMesh.ts:191
[ 2769157ms] [WARNING] Canvas2D: Multiple readback operations using getImageData are faster with the willReadFrequently attribute set to true. See: https://html.spec.whatwg.org/multipage/canvas.html#concept-canvas-will-read-frequently @ webpack-internal:///(app-pages-browser)/./src/components/dice/DiceMesh.ts:191
[ 2769191ms] [WARNING] Canvas2D: Multiple readback operations using getImageData are faster with the willReadFrequently attribute set to true. See: https://html.spec.whatwg.org/multipage/canvas.html#concept-canvas-will-read-frequently @ webpack-internal:///(app-pages-browser)/./src/components/dice/DiceMesh.ts:191
[ 2769224ms] [WARNING] Canvas2D: Multiple readback operations using getImageData are faster with the willReadFrequently attribute set to true. See: https://html.spec.whatwg.org/multipage/canvas.html#concept-canvas-will-read-frequently @ webpack-internal:///(app-pages-browser)/./src/components/dice/DiceMesh.ts:191
[ 2769258ms] [WARNING] Canvas2D: Multiple readback operations using getImageData are faster with the willReadFrequently attribute set to true. See: https://html.spec.whatwg.org/multipage/canvas.html#concept-canvas-will-read-frequently @ webpack-internal:///(app-pages-browser)/./src/components/dice/DiceMesh.ts:191
[ 2769291ms] [WARNING] Canvas2D: Multiple readback operations using getImageData are faster with the willReadFrequently attribute set to true. See: https://html.spec.whatwg.org/multipage/canvas.html#concept-canvas-will-read-frequently @ webpack-internal:///(app-pages-browser)/./src/components/dice/DiceMesh.ts:191
[ 2769341ms] [WARNING] Canvas2D: Multiple readback operations using getImageData are faster with the willReadFrequently attribute set to true. See: https://html.spec.whatwg.org/multipage/canvas.html#concept-canvas-will-read-frequently @ webpack-internal:///(app-pages-browser)/./src/components/dice/DiceMesh.ts:191
[ 2769391ms] [WARNING] Canvas2D: Multiple readback operations using getImageData are faster with the willReadFrequently attribute set to true. See: https://html.spec.whatwg.org/multipage/canvas.html#concept-canvas-will-read-frequently @ webpack-internal:///(app-pages-browser)/./src/components/dice/DiceMesh.ts:191
[ 2769424ms] [WARNING] Canvas2D: Multiple readback operations using getImageData are faster with the willReadFrequently attribute set to true. See: https://html.spec.whatwg.org/multipage/canvas.html#concept-canvas-will-read-frequently @ webpack-internal:///(app-pages-browser)/./src/components/dice/DiceMesh.ts:191
[ 2769458ms] [WARNING] Canvas2D: Multiple readback operations using getImageData are faster with the willReadFrequently attribute set to true. See: https://html.spec.whatwg.org/multipage/canvas.html#concept-canvas-will-read-frequently @ webpack-internal:///(app-pages-browser)/./src/components/dice/DiceMesh.ts:191
[ 2769508ms] [WARNING] Canvas2D: Multiple readback operations using getImageData are faster with the willReadFrequently attribute set to true. See: https://html.spec.whatwg.org/multipage/canvas.html#concept-canvas-will-read-frequently @ webpack-internal:///(app-pages-browser)/./src/components/dice/DiceMesh.ts:191
[ 2769541ms] [WARNING] Canvas2D: Multiple readback operations using getImageData are faster with the willReadFrequently attribute set to true. See: https://html.spec.whatwg.org/multipage/canvas.html#concept-canvas-will-read-frequently @ webpack-internal:///(app-pages-browser)/./src/components/dice/DiceMesh.ts:191
[ 2769574ms] [WARNING] Canvas2D: Multiple readback operations using getImageData are faster with the willReadFrequently attribute set to true. See: https://html.spec.whatwg.org/multipage/canvas.html#concept-canvas-will-read-frequently @ webpack-internal:///(app-pages-browser)/./src/components/dice/DiceMesh.ts:191
[ 2769607ms] [WARNING] Canvas2D: Multiple readback operations using getImageData are faster with the willReadFrequently attribute set to true. See: https://html.spec.whatwg.org/multipage/canvas.html#concept-canvas-will-read-frequently @ webpack-internal:///(app-pages-browser)/./src/components/dice/DiceMesh.ts:191
[ 2769641ms] [WARNING] Canvas2D: Multiple readback operations using getImageData are faster with the willReadFrequently attribute set to true. See: https://html.spec.whatwg.org/multipage/canvas.html#concept-canvas-will-read-frequently @ webpack-internal:///(app-pages-browser)/./src/components/dice/DiceMesh.ts:191
[ 2769674ms] [WARNING] Canvas2D: Multiple readback operations using getImageData are faster with the willReadFrequently attribute set to true. See: https://html.spec.whatwg.org/multipage/canvas.html#concept-canvas-will-read-frequently @ webpack-internal:///(app-pages-browser)/./src/components/dice/DiceMesh.ts:191
[ 2769708ms] [WARNING] Canvas2D: Multiple readback operations using getImageData are faster with the willReadFrequently attribute set to true. See: https://html.spec.whatwg.org/multipage/canvas.html#concept-canvas-will-read-frequently @ webpack-internal:///(app-pages-browser)/./src/components/dice/DiceMesh.ts:191
[ 2769741ms] [WARNING] Canvas2D: Multiple readback operations using getImageData are faster with the willReadFrequently attribute set to true. See: https://html.spec.whatwg.org/multipage/canvas.html#concept-canvas-will-read-frequently @ webpack-internal:///(app-pages-browser)/./src/components/dice/DiceMesh.ts:191
[ 2769774ms] [WARNING] Canvas2D: Multiple readback operations using getImageData are faster with the willReadFrequently attribute set to true. See: https://html.spec.whatwg.org/multipage/canvas.html#concept-canvas-will-read-frequently @ webpack-internal:///(app-pages-browser)/./src/components/dice/DiceMesh.ts:191
[ 2769825ms] [WARNING] Canvas2D: Multiple readback operations using getImageData are faster with the willReadFrequently attribute set to true. See: https://html.spec.whatwg.org/multipage/canvas.html#concept-canvas-will-read-frequently @ webpack-internal:///(app-pages-browser)/./src/components/dice/DiceMesh.ts:191
[ 2769874ms] [WARNING] Canvas2D: Multiple readback operations using getImageData are faster with the willReadFrequently attribute set to true. See: https://html.spec.whatwg.org/multipage/canvas.html#concept-canvas-will-read-frequently @ webpack-internal:///(app-pages-browser)/./src/components/dice/DiceMesh.ts:191
[ 2769908ms] [WARNING] Canvas2D: Multiple readback operations using getImageData are faster with the willReadFrequently attribute set to true. See: https://html.spec.whatwg.org/multipage/canvas.html#concept-canvas-will-read-frequently @ webpack-internal:///(app-pages-browser)/./src/components/dice/DiceMesh.ts:191
[ 2769941ms] [WARNING] Canvas2D: Multiple readback operations using getImageData are faster with the willReadFrequently attribute set to true. See: https://html.spec.whatwg.org/multipage/canvas.html#concept-canvas-will-read-frequently @ webpack-internal:///(app-pages-browser)/./src/components/dice/DiceMesh.ts:191
[ 2769974ms] [WARNING] Canvas2D: Multiple readback operations using getImageData are faster with the willReadFrequently attribute set to true. See: https://html.spec.whatwg.org/multipage/canvas.html#concept-canvas-will-read-frequently @ webpack-internal:///(app-pages-browser)/./src/components/dice/DiceMesh.ts:191
[ 2770008ms] [WARNING] Canvas2D: Multiple readback operations using getImageData are faster with the willReadFrequently attribute set to true. See: https://html.spec.whatwg.org/multipage/canvas.html#concept-canvas-will-read-frequently @ webpack-internal:///(app-pages-browser)/./src/components/dice/DiceMesh.ts:191
[ 2770041ms] [WARNING] Canvas2D: Multiple readback operations using getImageData are faster with the willReadFrequently attribute set to true. See: https://html.spec.whatwg.org/multipage/canvas.html#concept-canvas-will-read-frequently @ webpack-internal:///(app-pages-browser)/./src/components/dice/DiceMesh.ts:191
[ 2770091ms] [WARNING] Canvas2D: Multiple readback operations using getImageData are faster with the willReadFrequently attribute set to true. See: https://html.spec.whatwg.org/multipage/canvas.html#concept-canvas-will-read-frequently @ webpack-internal:///(app-pages-browser)/./src/components/dice/DiceMesh.ts:191
[ 2770125ms] [WARNING] Canvas2D: Multiple readback operations using getImageData are faster with the willReadFrequently attribute set to true. See: https://html.spec.whatwg.org/multipage/canvas.html#concept-canvas-will-read-frequently @ webpack-internal:///(app-pages-browser)/./src/components/dice/DiceMesh.ts:191
[ 2774116ms] [LOG] [Fast Refresh] rebuilding @ webpack-internal:///(app-pages-browser)/./node_modules/next/dist/next-devtools/shared/forward-logs-shared.js:27
[ 2774765ms] [LOG] [Fast Refresh] done in 650ms @ webpack-internal:///(app-pages-browser)/./node_modules/next/dist/next-devtools/shared/forward-logs-shared.js:27
[ 2914153ms] [LOG] [Fast Refresh] rebuilding @ webpack-internal:///(app-pages-browser)/./node_modules/next/dist/next-devtools/shared/forward-logs-shared.js:27
[ 2915062ms] [LOG] [Fast Refresh] done in 910ms @ webpack-internal:///(app-pages-browser)/./node_modules/next/dist/next-devtools/shared/forward-logs-shared.js:27
[ 2923970ms] [LOG] [Fast Refresh] rebuilding @ webpack-internal:///(app-pages-browser)/./node_modules/next/dist/next-devtools/shared/forward-logs-shared.js:27
[ 2924422ms] [LOG] [Fast Refresh] done in 452ms @ webpack-internal:///(app-pages-browser)/./node_modules/next/dist/next-devtools/shared/forward-logs-shared.js:27
[ 2924537ms] [WARNING] THREE.WebGLShadowMap: PCFSoftShadowMap has been deprecated. Using PCFShadowMap instead. @ webpack-internal:///(app-pages-browser)/./node_modules/next/dist/next-devtools/shared/forward-logs-shared.js:27
[ 2927707ms] [LOG] [Fast Refresh] rebuilding @ webpack-internal:///(app-pages-browser)/./node_modules/next/dist/next-devtools/shared/forward-logs-shared.js:27
[ 2927829ms] [WARNING] The resource http://localhost:3000/_next/static/css/app/layout.css?v=1776622630778 was preloaded using link preload but not used within a few seconds from the window's load event. Please make sure it has an appropriate `as` value and it is preloaded intentionally. @ http://localhost:3000/campaign/cmmr6djjy0000ws482a52nc1y:0
[ 2928143ms] [LOG] [Fast Refresh] done in 435ms @ webpack-internal:///(app-pages-browser)/./node_modules/next/dist/next-devtools/shared/forward-logs-shared.js:27
[ 2928323ms] [LOG] [Fast Refresh] rebuilding @ webpack-internal:///(app-pages-browser)/./node_modules/next/dist/next-devtools/shared/forward-logs-shared.js:27
[ 2928568ms] [LOG] [Fast Refresh] done in 245ms @ webpack-internal:///(app-pages-browser)/./node_modules/next/dist/next-devtools/shared/forward-logs-shared.js:27
[ 2928632ms] [LOG] [Fast Refresh] rebuilding @ webpack-internal:///(app-pages-browser)/./node_modules/next/dist/next-devtools/shared/forward-logs-shared.js:27
[ 2928842ms] [LOG] [Fast Refresh] done in 209ms @ webpack-internal:///(app-pages-browser)/./node_modules/next/dist/next-devtools/shared/forward-logs-shared.js:27
[ 2933900ms] [WARNING] The resource http://localhost:3000/_next/static/css/app/layout.css?v=1776622630778 was preloaded using link preload but not used within a few seconds from the window's load event. Please make sure it has an appropriate `as` value and it is preloaded intentionally. @ http://localhost:3000/campaign/cmmr6djjy0000ws482a52nc1y:0
[ 2945740ms] [WARNING] The resource http://localhost:3000/_next/static/css/app/layout.css?v=1776622630778 was preloaded using link preload but not used within a few seconds from the window's load event. Please make sure it has an appropriate `as` value and it is preloaded intentionally. @ http://localhost:3000/campaign/cmmr6djjy0000ws482a52nc1y:0
[ 2963880ms] [WARNING] The resource http://localhost:3000/_next/static/css/app/layout.css?v=1776622630778 was preloaded using link preload but not used within a few seconds from the window's load event. Please make sure it has an appropriate `as` value and it is preloaded intentionally. @ http://localhost:3000/campaign/cmmr6djjy0000ws482a52nc1y:0
[ 2993888ms] [WARNING] The resource http://localhost:3000/_next/static/css/app/layout.css?v=1776622630778 was preloaded using link preload but not used within a few seconds from the window's load event. Please make sure it has an appropriate `as` value and it is preloaded intentionally. @ http://localhost:3000/campaign/cmmr6djjy0000ws482a52nc1y:0
[ 3023879ms] [WARNING] The resource http://localhost:3000/_next/static/css/app/layout.css?v=1776622630778 was preloaded using link preload but not used within a few seconds from the window's load event. Please make sure it has an appropriate `as` value and it is preloaded intentionally. @ http://localhost:3000/campaign/cmmr6djjy0000ws482a52nc1y:0
[ 3026201ms] [LOG] [Fast Refresh] rebuilding @ webpack-internal:///(app-pages-browser)/./node_modules/next/dist/next-devtools/shared/forward-logs-shared.js:27
[ 3026683ms] [LOG] [Fast Refresh] done in 482ms @ webpack-internal:///(app-pages-browser)/./node_modules/next/dist/next-devtools/shared/forward-logs-shared.js:27
[ 3026705ms] [LOG] [Fast Refresh] rebuilding @ webpack-internal:///(app-pages-browser)/./node_modules/next/dist/next-devtools/shared/forward-logs-shared.js:27
[ 3027136ms] [LOG] [Fast Refresh] done in 431ms @ webpack-internal:///(app-pages-browser)/./node_modules/next/dist/next-devtools/shared/forward-logs-shared.js:27
[ 3030502ms] [WARNING] The resource http://localhost:3000/_next/static/css/app/layout.css?v=1776622630778 was preloaded using link preload but not used within a few seconds from the window's load event. Please make sure it has an appropriate `as` value and it is preloaded intentionally. @ http://localhost:3000/campaign/cmmr6djjy0000ws482a52nc1y:0
[ 3033815ms] [LOG] [Fast Refresh] rebuilding @ webpack-internal:///(app-pages-browser)/./node_modules/next/dist/next-devtools/shared/forward-logs-shared.js:27
[ 3034130ms] [LOG] [Fast Refresh] done in 315ms @ webpack-internal:///(app-pages-browser)/./node_modules/next/dist/next-devtools/shared/forward-logs-shared.js:27
[ 3034169ms] [LOG] [Fast Refresh] rebuilding @ webpack-internal:///(app-pages-browser)/./node_modules/next/dist/next-devtools/shared/forward-logs-shared.js:27
[ 3034546ms] [LOG] [Fast Refresh] done in 377ms @ webpack-internal:///(app-pages-browser)/./node_modules/next/dist/next-devtools/shared/forward-logs-shared.js:27
[ 3037739ms] [WARNING] The resource http://localhost:3000/_next/static/css/app/layout.css?v=1776622630778 was preloaded using link preload but not used within a few seconds from the window's load event. Please make sure it has an appropriate `as` value and it is preloaded intentionally. @ http://localhost:3000/campaign/cmmr6djjy0000ws482a52nc1y:0
[ 3053895ms] [WARNING] The resource http://localhost:3000/_next/static/css/app/layout.css?v=1776622630778 was preloaded using link preload but not used within a few seconds from the window's load event. Please make sure it has an appropriate `as` value and it is preloaded intentionally. @ http://localhost:3000/campaign/cmmr6djjy0000ws482a52nc1y:0
[ 3054941ms] [LOG] [Fast Refresh] rebuilding @ webpack-internal:///(app-pages-browser)/./node_modules/next/dist/next-devtools/shared/forward-logs-shared.js:27
[ 3055220ms] [LOG] [Fast Refresh] done in 278ms @ webpack-internal:///(app-pages-browser)/./node_modules/next/dist/next-devtools/shared/forward-logs-shared.js:27
[ 3055238ms] [LOG] [Fast Refresh] rebuilding @ webpack-internal:///(app-pages-browser)/./node_modules/next/dist/next-devtools/shared/forward-logs-shared.js:27
[ 3055523ms] [LOG] [Fast Refresh] done in 285ms @ webpack-internal:///(app-pages-browser)/./node_modules/next/dist/next-devtools/shared/forward-logs-shared.js:27
[ 3058790ms] [WARNING] The resource http://localhost:3000/_next/static/css/app/layout.css?v=1776622630778 was preloaded using link preload but not used within a few seconds from the window's load event. Please make sure it has an appropriate `as` value and it is preloaded intentionally. @ http://localhost:3000/campaign/cmmr6djjy0000ws482a52nc1y:0
[ 3061855ms] [LOG] [Fast Refresh] rebuilding @ webpack-internal:///(app-pages-browser)/./node_modules/next/dist/next-devtools/shared/forward-logs-shared.js:27
[ 3062161ms] [LOG] [Fast Refresh] done in 306ms @ webpack-internal:///(app-pages-browser)/./node_modules/next/dist/next-devtools/shared/forward-logs-shared.js:27
[ 3062295ms] [LOG] [Fast Refresh] rebuilding @ webpack-internal:///(app-pages-browser)/./node_modules/next/dist/next-devtools/shared/forward-logs-shared.js:27
[ 3062622ms] [LOG] [Fast Refresh] done in 326ms @ webpack-internal:///(app-pages-browser)/./node_modules/next/dist/next-devtools/shared/forward-logs-shared.js:27
[ 3065789ms] [WARNING] The resource http://localhost:3000/_next/static/css/app/layout.css?v=1776622630778 was preloaded using link preload but not used within a few seconds from the window's load event. Please make sure it has an appropriate `as` value and it is preloaded intentionally. @ http://localhost:3000/campaign/cmmr6djjy0000ws482a52nc1y:0
[ 3067440ms] [LOG] [Fast Refresh] rebuilding @ webpack-internal:///(app-pages-browser)/./node_modules/next/dist/next-devtools/shared/forward-logs-shared.js:27
[ 3067720ms] [LOG] [Fast Refresh] rebuilding @ webpack-internal:///(app-pages-browser)/./node_modules/next/dist/next-devtools/shared/forward-logs-shared.js:27
[ 3067754ms] [LOG] [Fast Refresh] done in 34ms @ webpack-internal:///(app-pages-browser)/./node_modules/next/dist/next-devtools/shared/forward-logs-shared.js:27
[ 3068140ms] [LOG] [Fast Refresh] done in 419ms @ webpack-internal:///(app-pages-browser)/./node_modules/next/dist/next-devtools/shared/forward-logs-shared.js:27
[ 3071390ms] [WARNING] The resource http://localhost:3000/_next/static/css/app/layout.css?v=1776622630778 was preloaded using link preload but not used within a few seconds from the window's load event. Please make sure it has an appropriate `as` value and it is preloaded intentionally. @ http://localhost:3000/campaign/cmmr6djjy0000ws482a52nc1y:0
[ 3076755ms] [LOG] [Fast Refresh] rebuilding @ webpack-internal:///(app-pages-browser)/./node_modules/next/dist/next-devtools/shared/forward-logs-shared.js:27
[ 3077804ms] [LOG] [Fast Refresh] done in 1049ms @ webpack-internal:///(app-pages-browser)/./node_modules/next/dist/next-devtools/shared/forward-logs-shared.js:27
[ 3083910ms] [WARNING] The resource http://localhost:3000/_next/static/css/app/layout.css?v=1776622630778 was preloaded using link preload but not used within a few seconds from the window's load event. Please make sure it has an appropriate `as` value and it is preloaded intentionally. @ http://localhost:3000/campaign/cmmr6djjy0000ws482a52nc1y:0
[ 3091142ms] [LOG] [Fast Refresh] rebuilding @ webpack-internal:///(app-pages-browser)/./node_modules/next/dist/next-devtools/shared/forward-logs-shared.js:27
[ 3091568ms] [LOG] [Fast Refresh] rebuilding @ webpack-internal:///(app-pages-browser)/./node_modules/next/dist/next-devtools/shared/forward-logs-shared.js:27
[ 3091811ms] [LOG] [Fast Refresh] done in 242ms @ webpack-internal:///(app-pages-browser)/./node_modules/next/dist/next-devtools/shared/forward-logs-shared.js:27
[ 3092583ms] [LOG] [Fast Refresh] done in 1014ms @ webpack-internal:///(app-pages-browser)/./node_modules/next/dist/next-devtools/shared/forward-logs-shared.js:27
[ 3092612ms] [LOG] [Fast Refresh] rebuilding @ webpack-internal:///(app-pages-browser)/./node_modules/next/dist/next-devtools/shared/forward-logs-shared.js:27
[ 3092845ms] [LOG] [Fast Refresh] done in 233ms @ webpack-internal:///(app-pages-browser)/./node_modules/next/dist/next-devtools/shared/forward-logs-shared.js:27
[ 3096168ms] [WARNING] The resource http://localhost:3000/_next/static/css/app/layout.css?v=1776622630778 was preloaded using link preload but not used within a few seconds from the window's load event. Please make sure it has an appropriate `as` value and it is preloaded intentionally. @ http://localhost:3000/campaign/cmmr6djjy0000ws482a52nc1y:0
[ 3098327ms] [LOG] [Fast Refresh] rebuilding @ webpack-internal:///(app-pages-browser)/./node_modules/next/dist/next-devtools/shared/forward-logs-shared.js:27
[ 3098533ms] [LOG] [Fast Refresh] rebuilding @ webpack-internal:///(app-pages-browser)/./node_modules/next/dist/next-devtools/shared/forward-logs-shared.js:27
[ 3098554ms] [LOG] [Fast Refresh] done in 21ms @ webpack-internal:///(app-pages-browser)/./node_modules/next/dist/next-devtools/shared/forward-logs-shared.js:27
[ 3098945ms] [LOG] [Fast Refresh] done in 412ms @ webpack-internal:///(app-pages-browser)/./node_modules/next/dist/next-devtools/shared/forward-logs-shared.js:27
[ 3101986ms] [WARNING] The resource http://localhost:3000/_next/static/css/app/layout.css?v=1776622630778 was preloaded using link preload but not used within a few seconds from the window's load event. Please make sure it has an appropriate `as` value and it is preloaded intentionally. @ http://localhost:3000/campaign/cmmr6djjy0000ws482a52nc1y:0
[ 3107073ms] [LOG] [Fast Refresh] rebuilding @ webpack-internal:///(app-pages-browser)/./node_modules/next/dist/next-devtools/shared/forward-logs-shared.js:27
[ 3107500ms] [LOG] [Fast Refresh] done in 428ms @ webpack-internal:///(app-pages-browser)/./node_modules/next/dist/next-devtools/shared/forward-logs-shared.js:27
[ 3110779ms] [WARNING] The resource http://localhost:3000/_next/static/css/app/layout.css?v=1776622630778 was preloaded using link preload but not used within a few seconds from the window's load event. Please make sure it has an appropriate `as` value and it is preloaded intentionally. @ http://localhost:3000/campaign/cmmr6djjy0000ws482a52nc1y:0
[ 3113372ms] [LOG] [Fast Refresh] rebuilding @ webpack-internal:///(app-pages-browser)/./node_modules/next/dist/next-devtools/shared/forward-logs-shared.js:27
[ 3113594ms] [LOG] [Fast Refresh] done in 222ms @ webpack-internal:///(app-pages-browser)/./node_modules/next/dist/next-devtools/shared/forward-logs-shared.js:27
[ 3116737ms] [WARNING] The resource http://localhost:3000/_next/static/css/app/layout.css?v=1776622630778 was preloaded using link preload but not used within a few seconds from the window's load event. Please make sure it has an appropriate `as` value and it is preloaded intentionally. @ http://localhost:3000/campaign/cmmr6djjy0000ws482a52nc1y:0
[ 3124927ms] [WARNING] The resource http://localhost:3000/_next/static/css/app/layout.css?v=1776622630778 was preloaded using link preload but not used within a few seconds from the window's load event. Please make sure it has an appropriate `as` value and it is preloaded intentionally. @ http://localhost:3000/campaign/cmmr6djjy0000ws482a52nc1y:0
[ 3130382ms] [LOG] [Fast Refresh] rebuilding @ webpack-internal:///(app-pages-browser)/./node_modules/next/dist/next-devtools/shared/forward-logs-shared.js:27
[ 3130608ms] [LOG] [Fast Refresh] done in 227ms @ webpack-internal:///(app-pages-browser)/./node_modules/next/dist/next-devtools/shared/forward-logs-shared.js:27
[ 3133703ms] [WARNING] The resource http://localhost:3000/_next/static/css/app/layout.css?v=1776622630778 was preloaded using link preload but not used within a few seconds from the window's load event. Please make sure it has an appropriate `as` value and it is preloaded intentionally. @ http://localhost:3000/campaign/cmmr6djjy0000ws482a52nc1y:0
[ 3140867ms] [LOG] [Fast Refresh] rebuilding @ webpack-internal:///(app-pages-browser)/./node_modules/next/dist/next-devtools/shared/forward-logs-shared.js:27
[ 3141584ms] [LOG] [Fast Refresh] done in 717ms @ webpack-internal:///(app-pages-browser)/./node_modules/next/dist/next-devtools/shared/forward-logs-shared.js:27
[ 3141644ms] [LOG] [Fast Refresh] rebuilding @ webpack-internal:///(app-pages-browser)/./node_modules/next/dist/next-devtools/shared/forward-logs-shared.js:27
[ 3142286ms] [LOG] [Fast Refresh] done in 642ms @ webpack-internal:///(app-pages-browser)/./node_modules/next/dist/next-devtools/shared/forward-logs-shared.js:27
[ 3142356ms] [LOG] [Fast Refresh] rebuilding @ webpack-internal:///(app-pages-browser)/./node_modules/next/dist/next-devtools/shared/forward-logs-shared.js:27
[ 3142565ms] [LOG] [Fast Refresh] done in 209ms @ webpack-internal:///(app-pages-browser)/./node_modules/next/dist/next-devtools/shared/forward-logs-shared.js:27
[ 3145895ms] [WARNING] The resource http://localhost:3000/_next/static/css/app/layout.css?v=1776622630778 was preloaded using link preload but not used within a few seconds from the window's load event. Please make sure it has an appropriate `as` value and it is preloaded intentionally. @ http://localhost:3000/campaign/cmmr6djjy0000ws482a52nc1y:0
[ 3149291ms] [LOG] [Fast Refresh] rebuilding @ webpack-internal:///(app-pages-browser)/./node_modules/next/dist/next-devtools/shared/forward-logs-shared.js:27
[ 3150458ms] [LOG] [Fast Refresh] done in 1166ms @ webpack-internal:///(app-pages-browser)/./node_modules/next/dist/next-devtools/shared/forward-logs-shared.js:27
[ 3153904ms] [WARNING] The resource http://localhost:3000/_next/static/css/app/layout.css?v=1776622630778 was preloaded using link preload but not used within a few seconds from the window's load event. Please make sure it has an appropriate `as` value and it is preloaded intentionally. @ http://localhost:3000/campaign/cmmr6djjy0000ws482a52nc1y:0
[ 3183526ms] [WARNING] The resource http://localhost:3000/_next/static/css/app/layout.css?v=1776622630778 was preloaded using link preload but not used within a few seconds from the window's load event. Please make sure it has an appropriate `as` value and it is preloaded intentionally. @ http://localhost:3000/campaign/cmmr6djjy0000ws482a52nc1y:0
[ 3213626ms] [WARNING] The resource http://localhost:3000/_next/static/css/app/layout.css?v=1776622630778 was preloaded using link preload but not used within a few seconds from the window's load event. Please make sure it has an appropriate `as` value and it is preloaded intentionally. @ http://localhost:3000/campaign/cmmr6djjy0000ws482a52nc1y:0
[ 3243532ms] [WARNING] The resource http://localhost:3000/_next/static/css/app/layout.css?v=1776622630778 was preloaded using link preload but not used within a few seconds from the window's load event. Please make sure it has an appropriate `as` value and it is preloaded intentionally. @ http://localhost:3000/campaign/cmmr6djjy0000ws482a52nc1y:0
[ 3273536ms] [WARNING] The resource http://localhost:3000/_next/static/css/app/layout.css?v=1776622630778 was preloaded using link preload but not used within a few seconds from the window's load event. Please make sure it has an appropriate `as` value and it is preloaded intentionally. @ http://localhost:3000/campaign/cmmr6djjy0000ws482a52nc1y:0
[ 3283717ms] [LOG] [Fast Refresh] rebuilding @ webpack-internal:///(app-pages-browser)/./node_modules/next/dist/next-devtools/shared/forward-logs-shared.js:27
[ 3285109ms] [LOG] [Fast Refresh] done in 1392ms @ webpack-internal:///(app-pages-browser)/./node_modules/next/dist/next-devtools/shared/forward-logs-shared.js:27
[ 3288152ms] [WARNING] The resource http://localhost:3000/_next/static/css/app/layout.css?v=1776622630778 was preloaded using link preload but not used within a few seconds from the window's load event. Please make sure it has an appropriate `as` value and it is preloaded intentionally. @ http://localhost:3000/campaign/cmmr6djjy0000ws482a52nc1y:0
[ 3299923ms] [LOG] [Fast Refresh] rebuilding @ webpack-internal:///(app-pages-browser)/./node_modules/next/dist/next-devtools/shared/forward-logs-shared.js:27
[ 3300237ms] [LOG] [Fast Refresh] done in 314ms @ webpack-internal:///(app-pages-browser)/./node_modules/next/dist/next-devtools/shared/forward-logs-shared.js:27
[ 3300257ms] [LOG] [Fast Refresh] rebuilding @ webpack-internal:///(app-pages-browser)/./node_modules/next/dist/next-devtools/shared/forward-logs-shared.js:27
[ 3300494ms] [LOG] [Fast Refresh] done in 238ms @ webpack-internal:///(app-pages-browser)/./node_modules/next/dist/next-devtools/shared/forward-logs-shared.js:27
[ 3303816ms] [WARNING] The resource http://localhost:3000/_next/static/css/app/layout.css?v=1776622630778 was preloaded using link preload but not used within a few seconds from the window's load event. Please make sure it has an appropriate `as` value and it is preloaded intentionally. @ http://localhost:3000/campaign/cmmr6djjy0000ws482a52nc1y:0
[ 3311877ms] [LOG] [Fast Refresh] rebuilding @ webpack-internal:///(app-pages-browser)/./node_modules/next/dist/next-devtools/shared/forward-logs-shared.js:27
[ 3312142ms] [LOG] [Fast Refresh] done in 265ms @ webpack-internal:///(app-pages-browser)/./node_modules/next/dist/next-devtools/shared/forward-logs-shared.js:27
[ 3312163ms] [LOG] [Fast Refresh] rebuilding @ webpack-internal:///(app-pages-browser)/./node_modules/next/dist/next-devtools/shared/forward-logs-shared.js:27
[ 3312647ms] [LOG] [Fast Refresh] done in 483ms @ webpack-internal:///(app-pages-browser)/./node_modules/next/dist/next-devtools/shared/forward-logs-shared.js:27
[ 3315947ms] [WARNING] The resource http://localhost:3000/_next/static/css/app/layout.css?v=1776622630778 was preloaded using link preload but not used within a few seconds from the window's load event. Please make sure it has an appropriate `as` value and it is preloaded intentionally. @ http://localhost:3000/campaign/cmmr6djjy0000ws482a52nc1y:0
[ 3333596ms] [WARNING] The resource http://localhost:3000/_next/static/css/app/layout.css?v=1776622630778 was preloaded using link preload but not used within a few seconds from the window's load event. Please make sure it has an appropriate `as` value and it is preloaded intentionally. @ http://localhost:3000/campaign/cmmr6djjy0000ws482a52nc1y:0
[ 3363522ms] [WARNING] The resource http://localhost:3000/_next/static/css/app/layout.css?v=1776622630778 was preloaded using link preload but not used within a few seconds from the window's load event. Please make sure it has an appropriate `as` value and it is preloaded intentionally. @ http://localhost:3000/campaign/cmmr6djjy0000ws482a52nc1y:0
[ 3390114ms] [LOG] [Fast Refresh] rebuilding @ webpack-internal:///(app-pages-browser)/./node_modules/next/dist/next-devtools/shared/forward-logs-shared.js:27
[ 3390519ms] [LOG] [Fast Refresh] done in 404ms @ webpack-internal:///(app-pages-browser)/./node_modules/next/dist/next-devtools/shared/forward-logs-shared.js:27
[ 3390583ms] [LOG] [Fast Refresh] rebuilding @ webpack-internal:///(app-pages-browser)/./node_modules/next/dist/next-devtools/shared/forward-logs-shared.js:27
[ 3391390ms] [LOG] [Fast Refresh] done in 806ms @ webpack-internal:///(app-pages-browser)/./node_modules/next/dist/next-devtools/shared/forward-logs-shared.js:27
[ 3391460ms] [LOG] [Fast Refresh] rebuilding @ webpack-internal:///(app-pages-browser)/./node_modules/next/dist/next-devtools/shared/forward-logs-shared.js:27
[ 3391643ms] [LOG] [Fast Refresh] done in 184ms @ webpack-internal:///(app-pages-browser)/./node_modules/next/dist/next-devtools/shared/forward-logs-shared.js:27
[ 3394957ms] [WARNING] The resource http://localhost:3000/_next/static/css/app/layout.css?v=1776622630778 was preloaded using link preload but not used within a few seconds from the window's load event. Please make sure it has an appropriate `as` value and it is preloaded intentionally. @ http://localhost:3000/campaign/cmmr6djjy0000ws482a52nc1y:0
[ 3402304ms] [LOG] [Fast Refresh] rebuilding @ webpack-internal:///(app-pages-browser)/./node_modules/next/dist/next-devtools/shared/forward-logs-shared.js:27
[ 3402556ms] [LOG] [Fast Refresh] done in 252ms @ webpack-internal:///(app-pages-browser)/./node_modules/next/dist/next-devtools/shared/forward-logs-shared.js:27
[ 3402573ms] [LOG] [Fast Refresh] rebuilding @ webpack-internal:///(app-pages-browser)/./node_modules/next/dist/next-devtools/shared/forward-logs-shared.js:27
[ 3403002ms] [LOG] [Fast Refresh] done in 429ms @ webpack-internal:///(app-pages-browser)/./node_modules/next/dist/next-devtools/shared/forward-logs-shared.js:27
[ 3406276ms] [WARNING] The resource http://localhost:3000/_next/static/css/app/layout.css?v=1776622630778 was preloaded using link preload but not used within a few seconds from the window's load event. Please make sure it has an appropriate `as` value and it is preloaded intentionally. @ http://localhost:3000/campaign/cmmr6djjy0000ws482a52nc1y:0
[ 3412505ms] [LOG] [Fast Refresh] rebuilding @ webpack-internal:///(app-pages-browser)/./node_modules/next/dist/next-devtools/shared/forward-logs-shared.js:27
[ 3413084ms] [LOG] [Fast Refresh] done in 578ms @ webpack-internal:///(app-pages-browser)/./node_modules/next/dist/next-devtools/shared/forward-logs-shared.js:27
[ 3416156ms] [WARNING] The resource http://localhost:3000/_next/static/css/app/layout.css?v=1776622630778 was preloaded using link preload but not used within a few seconds from the window's load event. Please make sure it has an appropriate `as` value and it is preloaded intentionally. @ http://localhost:3000/campaign/cmmr6djjy0000ws482a52nc1y:0
[ 3423583ms] [WARNING] The resource http://localhost:3000/_next/static/css/app/layout.css?v=1776622630778 was preloaded using link preload but not used within a few seconds from the window's load event. Please make sure it has an appropriate `as` value and it is preloaded intentionally. @ http://localhost:3000/campaign/cmmr6djjy0000ws482a52nc1y:0
[ 3453533ms] [WARNING] The resource http://localhost:3000/_next/static/css/app/layout.css?v=1776622630778 was preloaded using link preload but not used within a few seconds from the window's load event. Please make sure it has an appropriate `as` value and it is preloaded intentionally. @ http://localhost:3000/campaign/cmmr6djjy0000ws482a52nc1y:0
[ 3483530ms] [WARNING] The resource http://localhost:3000/_next/static/css/app/layout.css?v=1776622630778 was preloaded using link preload but not used within a few seconds from the window's load event. Please make sure it has an appropriate `as` value and it is preloaded intentionally. @ http://localhost:3000/campaign/cmmr6djjy0000ws482a52nc1y:0
[ 3488291ms] [LOG] [Fast Refresh] rebuilding @ webpack-internal:///(app-pages-browser)/./node_modules/next/dist/next-devtools/shared/forward-logs-shared.js:27
[ 3488646ms] [LOG] [Fast Refresh] done in 356ms @ webpack-internal:///(app-pages-browser)/./node_modules/next/dist/next-devtools/shared/forward-logs-shared.js:27
[ 3488663ms] [LOG] [Fast Refresh] rebuilding @ webpack-internal:///(app-pages-browser)/./node_modules/next/dist/next-devtools/shared/forward-logs-shared.js:27
[ 3489098ms] [LOG] [Fast Refresh] done in 435ms @ webpack-internal:///(app-pages-browser)/./node_modules/next/dist/next-devtools/shared/forward-logs-shared.js:27
[ 3492275ms] [WARNING] The resource http://localhost:3000/_next/static/css/app/layout.css?v=1776622630778 was preloaded using link preload but not used within a few seconds from the window's load event. Please make sure it has an appropriate `as` value and it is preloaded intentionally. @ http://localhost:3000/campaign/cmmr6djjy0000ws482a52nc1y:0
[ 3513560ms] [WARNING] The resource http://localhost:3000/_next/static/css/app/layout.css?v=1776622630778 was preloaded using link preload but not used within a few seconds from the window's load event. Please make sure it has an appropriate `as` value and it is preloaded intentionally. @ http://localhost:3000/campaign/cmmr6djjy0000ws482a52nc1y:0
[ 3530971ms] [LOG] [Fast Refresh] rebuilding @ webpack-internal:///(app-pages-browser)/./node_modules/next/dist/next-devtools/shared/forward-logs-shared.js:27
[ 3531224ms] [LOG] [Fast Refresh] done in 254ms @ webpack-internal:///(app-pages-browser)/./node_modules/next/dist/next-devtools/shared/forward-logs-shared.js:27
[ 3531241ms] [LOG] [Fast Refresh] rebuilding @ webpack-internal:///(app-pages-browser)/./node_modules/next/dist/next-devtools/shared/forward-logs-shared.js:27
[ 3531448ms] [LOG] [Fast Refresh] done in 207ms @ webpack-internal:///(app-pages-browser)/./node_modules/next/dist/next-devtools/shared/forward-logs-shared.js:27
[ 3534593ms] [WARNING] The resource http://localhost:3000/_next/static/css/app/layout.css?v=1776622630778 was preloaded using link preload but not used within a few seconds from the window's load event. Please make sure it has an appropriate `as` value and it is preloaded intentionally. @ http://localhost:3000/campaign/cmmr6djjy0000ws482a52nc1y:0
[ 3543568ms] [WARNING] The resource http://localhost:3000/_next/static/css/app/layout.css?v=1776622630778 was preloaded using link preload but not used within a few seconds from the window's load event. Please make sure it has an appropriate `as` value and it is preloaded intentionally. @ http://localhost:3000/campaign/cmmr6djjy0000ws482a52nc1y:0
[ 3573537ms] [WARNING] The resource http://localhost:3000/_next/static/css/app/layout.css?v=1776622630778 was preloaded using link preload but not used within a few seconds from the window's load event. Please make sure it has an appropriate `as` value and it is preloaded intentionally. @ http://localhost:3000/campaign/cmmr6djjy0000ws482a52nc1y:0
[ 3603534ms] [WARNING] The resource http://localhost:3000/_next/static/css/app/layout.css?v=1776622630778 was preloaded using link preload but not used within a few seconds from the window's load event. Please make sure it has an appropriate `as` value and it is preloaded intentionally. @ http://localhost:3000/campaign/cmmr6djjy0000ws482a52nc1y:0
[ 3633542ms] [WARNING] The resource http://localhost:3000/_next/static/css/app/layout.css?v=1776622630778 was preloaded using link preload but not used within a few seconds from the window's load event. Please make sure it has an appropriate `as` value and it is preloaded intentionally. @ http://localhost:3000/campaign/cmmr6djjy0000ws482a52nc1y:0
[ 3663528ms] [WARNING] The resource http://localhost:3000/_next/static/css/app/layout.css?v=1776622630778 was preloaded using link preload but not used within a few seconds from the window's load event. Please make sure it has an appropriate `as` value and it is preloaded intentionally. @ http://localhost:3000/campaign/cmmr6djjy0000ws482a52nc1y:0
[ 3675308ms] [LOG] [Fast Refresh] rebuilding @ webpack-internal:///(app-pages-browser)/./node_modules/next/dist/next-devtools/shared/forward-logs-shared.js:27
[ 3676077ms] [LOG] [Fast Refresh] rebuilding @ webpack-internal:///(app-pages-browser)/./node_modules/next/dist/next-devtools/shared/forward-logs-shared.js:27
[ 3676140ms] [LOG] [Fast Refresh] done in 62ms @ webpack-internal:///(app-pages-browser)/./node_modules/next/dist/next-devtools/shared/forward-logs-shared.js:27
[ 3676480ms] [LOG] [Fast Refresh] done in 402ms @ webpack-internal:///(app-pages-browser)/./node_modules/next/dist/next-devtools/shared/forward-logs-shared.js:27
[ 3679814ms] [WARNING] The resource http://localhost:3000/_next/static/css/app/layout.css?v=1776622630778 was preloaded using link preload but not used within a few seconds from the window's load event. Please make sure it has an appropriate `as` value and it is preloaded intentionally. @ http://localhost:3000/campaign/cmmr6djjy0000ws482a52nc1y:0
[ 3693565ms] [WARNING] The resource http://localhost:3000/_next/static/css/app/layout.css?v=1776622630778 was preloaded using link preload but not used within a few seconds from the window's load event. Please make sure it has an appropriate `as` value and it is preloaded intentionally. @ http://localhost:3000/campaign/cmmr6djjy0000ws482a52nc1y:0
[ 3723532ms] [WARNING] The resource http://localhost:3000/_next/static/css/app/layout.css?v=1776622630778 was preloaded using link preload but not used within a few seconds from the window's load event. Please make sure it has an appropriate `as` value and it is preloaded intentionally. @ http://localhost:3000/campaign/cmmr6djjy0000ws482a52nc1y:0
[ 3753534ms] [WARNING] The resource http://localhost:3000/_next/static/css/app/layout.css?v=1776622630778 was preloaded using link preload but not used within a few seconds from the window's load event. Please make sure it has an appropriate `as` value and it is preloaded intentionally. @ http://localhost:3000/campaign/cmmr6djjy0000ws482a52nc1y:0
[ 3783529ms] [WARNING] The resource http://localhost:3000/_next/static/css/app/layout.css?v=1776622630778 was preloaded using link preload but not used within a few seconds from the window's load event. Please make sure it has an appropriate `as` value and it is preloaded intentionally. @ http://localhost:3000/campaign/cmmr6djjy0000ws482a52nc1y:0
[ 3813524ms] [WARNING] The resource http://localhost:3000/_next/static/css/app/layout.css?v=1776622630778 was preloaded using link preload but not used within a few seconds from the window's load event. Please make sure it has an appropriate `as` value and it is preloaded intentionally. @ http://localhost:3000/campaign/cmmr6djjy0000ws482a52nc1y:0
[ 3843536ms] [WARNING] The resource http://localhost:3000/_next/static/css/app/layout.css?v=1776622630778 was preloaded using link preload but not used within a few seconds from the window's load event. Please make sure it has an appropriate `as` value and it is preloaded intentionally. @ http://localhost:3000/campaign/cmmr6djjy0000ws482a52nc1y:0
[ 3873523ms] [WARNING] The resource http://localhost:3000/_next/static/css/app/layout.css?v=1776622630778 was preloaded using link preload but not used within a few seconds from the window's load event. Please make sure it has an appropriate `as` value and it is preloaded intentionally. @ http://localhost:3000/campaign/cmmr6djjy0000ws482a52nc1y:0
[ 3874119ms] [LOG] [Fast Refresh] rebuilding @ webpack-internal:///(app-pages-browser)/./node_modules/next/dist/next-devtools/shared/forward-logs-shared.js:27
[ 3875124ms] [LOG] [Fast Refresh] done in 1004ms @ webpack-internal:///(app-pages-browser)/./node_modules/next/dist/next-devtools/shared/forward-logs-shared.js:27
[ 3878151ms] [WARNING] The resource http://localhost:3000/_next/static/css/app/layout.css?v=1776622630778 was preloaded using link preload but not used within a few seconds from the window's load event. Please make sure it has an appropriate `as` value and it is preloaded intentionally. @ http://localhost:3000/campaign/cmmr6djjy0000ws482a52nc1y:0
[ 3903554ms] [WARNING] The resource http://localhost:3000/_next/static/css/app/layout.css?v=1776622630778 was preloaded using link preload but not used within a few seconds from the window's load event. Please make sure it has an appropriate `as` value and it is preloaded intentionally. @ http://localhost:3000/campaign/cmmr6djjy0000ws482a52nc1y:0
[ 3933523ms] [WARNING] The resource http://localhost:3000/_next/static/css/app/layout.css?v=1776622630778 was preloaded using link preload but not used within a few seconds from the window's load event. Please make sure it has an appropriate `as` value and it is preloaded intentionally. @ http://localhost:3000/campaign/cmmr6djjy0000ws482a52nc1y:0
[ 3963529ms] [WARNING] The resource http://localhost:3000/_next/static/css/app/layout.css?v=1776622630778 was preloaded using link preload but not used within a few seconds from the window's load event. Please make sure it has an appropriate `as` value and it is preloaded intentionally. @ http://localhost:3000/campaign/cmmr6djjy0000ws482a52nc1y:0
[ 3993523ms] [WARNING] The resource http://localhost:3000/_next/static/css/app/layout.css?v=1776622630778 was preloaded using link preload but not used within a few seconds from the window's load event. Please make sure it has an appropriate `as` value and it is preloaded intentionally. @ http://localhost:3000/campaign/cmmr6djjy0000ws482a52nc1y:0
[ 4023530ms] [WARNING] The resource http://localhost:3000/_next/static/css/app/layout.css?v=1776622630778 was preloaded using link preload but not used within a few seconds from the window's load event. Please make sure it has an appropriate `as` value and it is preloaded intentionally. @ http://localhost:3000/campaign/cmmr6djjy0000ws482a52nc1y:0
[ 4053535ms] [WARNING] The resource http://localhost:3000/_next/static/css/app/layout.css?v=1776622630778 was preloaded using link preload but not used within a few seconds from the window's load event. Please make sure it has an appropriate `as` value and it is preloaded intentionally. @ http://localhost:3000/campaign/cmmr6djjy0000ws482a52nc1y:0
[ 4083528ms] [WARNING] The resource http://localhost:3000/_next/static/css/app/layout.css?v=1776622630778 was preloaded using link preload but not used within a few seconds from the window's load event. Please make sure it has an appropriate `as` value and it is preloaded intentionally. @ http://localhost:3000/campaign/cmmr6djjy0000ws482a52nc1y:0
[ 4113530ms] [WARNING] The resource http://localhost:3000/_next/static/css/app/layout.css?v=1776622630778 was preloaded using link preload but not used within a few seconds from the window's load event. Please make sure it has an appropriate `as` value and it is preloaded intentionally. @ http://localhost:3000/campaign/cmmr6djjy0000ws482a52nc1y:0
[ 4143528ms] [WARNING] The resource http://localhost:3000/_next/static/css/app/layout.css?v=1776622630778 was preloaded using link preload but not used within a few seconds from the window's load event. Please make sure it has an appropriate `as` value and it is preloaded intentionally. @ http://localhost:3000/campaign/cmmr6djjy0000ws482a52nc1y:0
[ 4173518ms] [WARNING] The resource http://localhost:3000/_next/static/css/app/layout.css?v=1776622630778 was preloaded using link preload but not used within a few seconds from the window's load event. Please make sure it has an appropriate `as` value and it is preloaded intentionally. @ http://localhost:3000/campaign/cmmr6djjy0000ws482a52nc1y:0
[ 4203536ms] [WARNING] The resource http://localhost:3000/_next/static/css/app/layout.css?v=1776622630778 was preloaded using link preload but not used within a few seconds from the window's load event. Please make sure it has an appropriate `as` value and it is preloaded intentionally. @ http://localhost:3000/campaign/cmmr6djjy0000ws482a52nc1y:0
[ 4233528ms] [WARNING] The resource http://localhost:3000/_next/static/css/app/layout.css?v=1776622630778 was preloaded using link preload but not used within a few seconds from the window's load event. Please make sure it has an appropriate `as` value and it is preloaded intentionally. @ http://localhost:3000/campaign/cmmr6djjy0000ws482a52nc1y:0
[ 4263523ms] [WARNING] The resource http://localhost:3000/_next/static/css/app/layout.css?v=1776622630778 was preloaded using link preload but not used within a few seconds from the window's load event. Please make sure it has an appropriate `as` value and it is preloaded intentionally. @ http://localhost:3000/campaign/cmmr6djjy0000ws482a52nc1y:0
[ 4293538ms] [WARNING] The resource http://localhost:3000/_next/static/css/app/layout.css?v=1776622630778 was preloaded using link preload but not used within a few seconds from the window's load event. Please make sure it has an appropriate `as` value and it is preloaded intentionally. @ http://localhost:3000/campaign/cmmr6djjy0000ws482a52nc1y:0
[ 4323537ms] [WARNING] The resource http://localhost:3000/_next/static/css/app/layout.css?v=1776622630778 was preloaded using link preload but not used within a few seconds from the window's load event. Please make sure it has an appropriate `as` value and it is preloaded intentionally. @ http://localhost:3000/campaign/cmmr6djjy0000ws482a52nc1y:0
[ 4353537ms] [WARNING] The resource http://localhost:3000/_next/static/css/app/layout.css?v=1776622630778 was preloaded using link preload but not used within a few seconds from the window's load event. Please make sure it has an appropriate `as` value and it is preloaded intentionally. @ http://localhost:3000/campaign/cmmr6djjy0000ws482a52nc1y:0
[ 4383523ms] [WARNING] The resource http://localhost:3000/_next/static/css/app/layout.css?v=1776622630778 was preloaded using link preload but not used within a few seconds from the window's load event. Please make sure it has an appropriate `as` value and it is preloaded intentionally. @ http://localhost:3000/campaign/cmmr6djjy0000ws482a52nc1y:0
[ 4413522ms] [WARNING] The resource http://localhost:3000/_next/static/css/app/layout.css?v=1776622630778 was preloaded using link preload but not used within a few seconds from the window's load event. Please make sure it has an appropriate `as` value and it is preloaded intentionally. @ http://localhost:3000/campaign/cmmr6djjy0000ws482a52nc1y:0
[ 4443544ms] [WARNING] The resource http://localhost:3000/_next/static/css/app/layout.css?v=1776622630778 was preloaded using link preload but not used within a few seconds from the window's load event. Please make sure it has an appropriate `as` value and it is preloaded intentionally. @ http://localhost:3000/campaign/cmmr6djjy0000ws482a52nc1y:0
[ 4473523ms] [WARNING] The resource http://localhost:3000/_next/static/css/app/layout.css?v=1776622630778 was preloaded using link preload but not used within a few seconds from the window's load event. Please make sure it has an appropriate `as` value and it is preloaded intentionally. @ http://localhost:3000/campaign/cmmr6djjy0000ws482a52nc1y:0
[ 4503532ms] [WARNING] The resource http://localhost:3000/_next/static/css/app/layout.css?v=1776622630778 was preloaded using link preload but not used within a few seconds from the window's load event. Please make sure it has an appropriate `as` value and it is preloaded intentionally. @ http://localhost:3000/campaign/cmmr6djjy0000ws482a52nc1y:0
[ 4533527ms] [WARNING] The resource http://localhost:3000/_next/static/css/app/layout.css?v=1776622630778 was preloaded using link preload but not used within a few seconds from the window's load event. Please make sure it has an appropriate `as` value and it is preloaded intentionally. @ http://localhost:3000/campaign/cmmr6djjy0000ws482a52nc1y:0
[ 4563531ms] [WARNING] The resource http://localhost:3000/_next/static/css/app/layout.css?v=1776622630778 was preloaded using link preload but not used within a few seconds from the window's load event. Please make sure it has an appropriate `as` value and it is preloaded intentionally. @ http://localhost:3000/campaign/cmmr6djjy0000ws482a52nc1y:0
[ 4593534ms] [WARNING] The resource http://localhost:3000/_next/static/css/app/layout.css?v=1776622630778 was preloaded using link preload but not used within a few seconds from the window's load event. Please make sure it has an appropriate `as` value and it is preloaded intentionally. @ http://localhost:3000/campaign/cmmr6djjy0000ws482a52nc1y:0
[ 4623543ms] [WARNING] The resource http://localhost:3000/_next/static/css/app/layout.css?v=1776622630778 was preloaded using link preload but not used within a few seconds from the window's load event. Please make sure it has an appropriate `as` value and it is preloaded intentionally. @ http://localhost:3000/campaign/cmmr6djjy0000ws482a52nc1y:0
[ 4653541ms] [WARNING] The resource http://localhost:3000/_next/static/css/app/layout.css?v=1776622630778 was preloaded using link preload but not used within a few seconds from the window's load event. Please make sure it has an appropriate `as` value and it is preloaded intentionally. @ http://localhost:3000/campaign/cmmr6djjy0000ws482a52nc1y:0
[ 4683561ms] [WARNING] The resource http://localhost:3000/_next/static/css/app/layout.css?v=1776622630778 was preloaded using link preload but not used within a few seconds from the window's load event. Please make sure it has an appropriate `as` value and it is preloaded intentionally. @ http://localhost:3000/campaign/cmmr6djjy0000ws482a52nc1y:0
[ 4713548ms] [WARNING] The resource http://localhost:3000/_next/static/css/app/layout.css?v=1776622630778 was preloaded using link preload but not used within a few seconds from the window's load event. Please make sure it has an appropriate `as` value and it is preloaded intentionally. @ http://localhost:3000/campaign/cmmr6djjy0000ws482a52nc1y:0
[ 4743539ms] [WARNING] The resource http://localhost:3000/_next/static/css/app/layout.css?v=1776622630778 was preloaded using link preload but not used within a few seconds from the window's load event. Please make sure it has an appropriate `as` value and it is preloaded intentionally. @ http://localhost:3000/campaign/cmmr6djjy0000ws482a52nc1y:0
[ 4773548ms] [WARNING] The resource http://localhost:3000/_next/static/css/app/layout.css?v=1776622630778 was preloaded using link preload but not used within a few seconds from the window's load event. Please make sure it has an appropriate `as` value and it is preloaded intentionally. @ http://localhost:3000/campaign/cmmr6djjy0000ws482a52nc1y:0
[ 4803536ms] [WARNING] The resource http://localhost:3000/_next/static/css/app/layout.css?v=1776622630778 was preloaded using link preload but not used within a few seconds from the window's load event. Please make sure it has an appropriate `as` value and it is preloaded intentionally. @ http://localhost:3000/campaign/cmmr6djjy0000ws482a52nc1y:0
[ 4833576ms] [WARNING] The resource http://localhost:3000/_next/static/css/app/layout.css?v=1776622630778 was preloaded using link preload but not used within a few seconds from the window's load event. Please make sure it has an appropriate `as` value and it is preloaded intentionally. @ http://localhost:3000/campaign/cmmr6djjy0000ws482a52nc1y:0
[ 4863545ms] [WARNING] The resource http://localhost:3000/_next/static/css/app/layout.css?v=1776622630778 was preloaded using link preload but not used within a few seconds from the window's load event. Please make sure it has an appropriate `as` value and it is preloaded intentionally. @ http://localhost:3000/campaign/cmmr6djjy0000ws482a52nc1y:0
[ 4893543ms] [WARNING] The resource http://localhost:3000/_next/static/css/app/layout.css?v=1776622630778 was preloaded using link preload but not used within a few seconds from the window's load event. Please make sure it has an appropriate `as` value and it is preloaded intentionally. @ http://localhost:3000/campaign/cmmr6djjy0000ws482a52nc1y:0
[ 4923538ms] [WARNING] The resource http://localhost:3000/_next/static/css/app/layout.css?v=1776622630778 was preloaded using link preload but not used within a few seconds from the window's load event. Please make sure it has an appropriate `as` value and it is preloaded intentionally. @ http://localhost:3000/campaign/cmmr6djjy0000ws482a52nc1y:0
[ 4953537ms] [WARNING] The resource http://localhost:3000/_next/static/css/app/layout.css?v=1776622630778 was preloaded using link preload but not used within a few seconds from the window's load event. Please make sure it has an appropriate `as` value and it is preloaded intentionally. @ http://localhost:3000/campaign/cmmr6djjy0000ws482a52nc1y:0
[ 4983536ms] [WARNING] The resource http://localhost:3000/_next/static/css/app/layout.css?v=1776622630778 was preloaded using link preload but not used within a few seconds from the window's load event. Please make sure it has an appropriate `as` value and it is preloaded intentionally. @ http://localhost:3000/campaign/cmmr6djjy0000ws482a52nc1y:0
[ 5013550ms] [WARNING] The resource http://localhost:3000/_next/static/css/app/layout.css?v=1776622630778 was preloaded using link preload but not used within a few seconds from the window's load event. Please make sure it has an appropriate `as` value and it is preloaded intentionally. @ http://localhost:3000/campaign/cmmr6djjy0000ws482a52nc1y:0
[ 5043538ms] [WARNING] The resource http://localhost:3000/_next/static/css/app/layout.css?v=1776622630778 was preloaded using link preload but not used within a few seconds from the window's load event. Please make sure it has an appropriate `as` value and it is preloaded intentionally. @ http://localhost:3000/campaign/cmmr6djjy0000ws482a52nc1y:0
[ 5073535ms] [WARNING] The resource http://localhost:3000/_next/static/css/app/layout.css?v=1776622630778 was preloaded using link preload but not used within a few seconds from the window's load event. Please make sure it has an appropriate `as` value and it is preloaded intentionally. @ http://localhost:3000/campaign/cmmr6djjy0000ws482a52nc1y:0
[ 5103527ms] [WARNING] The resource http://localhost:3000/_next/static/css/app/layout.css?v=1776622630778 was preloaded using link preload but not used within a few seconds from the window's load event. Please make sure it has an appropriate `as` value and it is preloaded intentionally. @ http://localhost:3000/campaign/cmmr6djjy0000ws482a52nc1y:0
[ 5133534ms] [WARNING] The resource http://localhost:3000/_next/static/css/app/layout.css?v=1776622630778 was preloaded using link preload but not used within a few seconds from the window's load event. Please make sure it has an appropriate `as` value and it is preloaded intentionally. @ http://localhost:3000/campaign/cmmr6djjy0000ws482a52nc1y:0
[ 5163533ms] [WARNING] The resource http://localhost:3000/_next/static/css/app/layout.css?v=1776622630778 was preloaded using link preload but not used within a few seconds from the window's load event. Please make sure it has an appropriate `as` value and it is preloaded intentionally. @ http://localhost:3000/campaign/cmmr6djjy0000ws482a52nc1y:0
[ 5193526ms] [WARNING] The resource http://localhost:3000/_next/static/css/app/layout.css?v=1776622630778 was preloaded using link preload but not used within a few seconds from the window's load event. Please make sure it has an appropriate `as` value and it is preloaded intentionally. @ http://localhost:3000/campaign/cmmr6djjy0000ws482a52nc1y:0
[ 5223523ms] [WARNING] The resource http://localhost:3000/_next/static/css/app/layout.css?v=1776622630778 was preloaded using link preload but not used within a few seconds from the window's load event. Please make sure it has an appropriate `as` value and it is preloaded intentionally. @ http://localhost:3000/campaign/cmmr6djjy0000ws482a52nc1y:0
[ 5253526ms] [WARNING] The resource http://localhost:3000/_next/static/css/app/layout.css?v=1776622630778 was preloaded using link preload but not used within a few seconds from the window's load event. Please make sure it has an appropriate `as` value and it is preloaded intentionally. @ http://localhost:3000/campaign/cmmr6djjy0000ws482a52nc1y:0
[ 5283537ms] [WARNING] The resource http://localhost:3000/_next/static/css/app/layout.css?v=1776622630778 was preloaded using link preload but not used within a few seconds from the window's load event. Please make sure it has an appropriate `as` value and it is preloaded intentionally. @ http://localhost:3000/campaign/cmmr6djjy0000ws482a52nc1y:0
[ 5313525ms] [WARNING] The resource http://localhost:3000/_next/static/css/app/layout.css?v=1776622630778 was preloaded using link preload but not used within a few seconds from the window's load event. Please make sure it has an appropriate `as` value and it is preloaded intentionally. @ http://localhost:3000/campaign/cmmr6djjy0000ws482a52nc1y:0
[ 5343545ms] [WARNING] The resource http://localhost:3000/_next/static/css/app/layout.css?v=1776622630778 was preloaded using link preload but not used within a few seconds from the window's load event. Please make sure it has an appropriate `as` value and it is preloaded intentionally. @ http://localhost:3000/campaign/cmmr6djjy0000ws482a52nc1y:0
[ 5373539ms] [WARNING] The resource http://localhost:3000/_next/static/css/app/layout.css?v=1776622630778 was preloaded using link preload but not used within a few seconds from the window's load event. Please make sure it has an appropriate `as` value and it is preloaded intentionally. @ http://localhost:3000/campaign/cmmr6djjy0000ws482a52nc1y:0
[ 5403535ms] [WARNING] The resource http://localhost:3000/_next/static/css/app/layout.css?v=1776622630778 was preloaded using link preload but not used within a few seconds from the window's load event. Please make sure it has an appropriate `as` value and it is preloaded intentionally. @ http://localhost:3000/campaign/cmmr6djjy0000ws482a52nc1y:0
[ 5433534ms] [WARNING] The resource http://localhost:3000/_next/static/css/app/layout.css?v=1776622630778 was preloaded using link preload but not used within a few seconds from the window's load event. Please make sure it has an appropriate `as` value and it is preloaded intentionally. @ http://localhost:3000/campaign/cmmr6djjy0000ws482a52nc1y:0
[ 5463545ms] [WARNING] The resource http://localhost:3000/_next/static/css/app/layout.css?v=1776622630778 was preloaded using link preload but not used within a few seconds from the window's load event. Please make sure it has an appropriate `as` value and it is preloaded intentionally. @ http://localhost:3000/campaign/cmmr6djjy0000ws482a52nc1y:0
[ 5493561ms] [WARNING] The resource http://localhost:3000/_next/static/css/app/layout.css?v=1776622630778 was preloaded using link preload but not used within a few seconds from the window's load event. Please make sure it has an appropriate `as` value and it is preloaded intentionally. @ http://localhost:3000/campaign/cmmr6djjy0000ws482a52nc1y:0
[ 5523525ms] [WARNING] The resource http://localhost:3000/_next/static/css/app/layout.css?v=1776622630778 was preloaded using link preload but not used within a few seconds from the window's load event. Please make sure it has an appropriate `as` value and it is preloaded intentionally. @ http://localhost:3000/campaign/cmmr6djjy0000ws482a52nc1y:0
[ 5553537ms] [WARNING] The resource http://localhost:3000/_next/static/css/app/layout.css?v=1776622630778 was preloaded using link preload but not used within a few seconds from the window's load event. Please make sure it has an appropriate `as` value and it is preloaded intentionally. @ http://localhost:3000/campaign/cmmr6djjy0000ws482a52nc1y:0
[ 5583531ms] [WARNING] The resource http://localhost:3000/_next/static/css/app/layout.css?v=1776622630778 was preloaded using link preload but not used within a few seconds from the window's load event. Please make sure it has an appropriate `as` value and it is preloaded intentionally. @ http://localhost:3000/campaign/cmmr6djjy0000ws482a52nc1y:0
[ 5613563ms] [WARNING] The resource http://localhost:3000/_next/static/css/app/layout.css?v=1776622630778 was preloaded using link preload but not used within a few seconds from the window's load event. Please make sure it has an appropriate `as` value and it is preloaded intentionally. @ http://localhost:3000/campaign/cmmr6djjy0000ws482a52nc1y:0
[ 5643531ms] [WARNING] The resource http://localhost:3000/_next/static/css/app/layout.css?v=1776622630778 was preloaded using link preload but not used within a few seconds from the window's load event. Please make sure it has an appropriate `as` value and it is preloaded intentionally. @ http://localhost:3000/campaign/cmmr6djjy0000ws482a52nc1y:0
[ 5673527ms] [WARNING] The resource http://localhost:3000/_next/static/css/app/layout.css?v=1776622630778 was preloaded using link preload but not used within a few seconds from the window's load event. Please make sure it has an appropriate `as` value and it is preloaded intentionally. @ http://localhost:3000/campaign/cmmr6djjy0000ws482a52nc1y:0
[ 5703527ms] [WARNING] The resource http://localhost:3000/_next/static/css/app/layout.css?v=1776622630778 was preloaded using link preload but not used within a few seconds from the window's load event. Please make sure it has an appropriate `as` value and it is preloaded intentionally. @ http://localhost:3000/campaign/cmmr6djjy0000ws482a52nc1y:0
[ 5733534ms] [WARNING] The resource http://localhost:3000/_next/static/css/app/layout.css?v=1776622630778 was preloaded using link preload but not used within a few seconds from the window's load event. Please make sure it has an appropriate `as` value and it is preloaded intentionally. @ http://localhost:3000/campaign/cmmr6djjy0000ws482a52nc1y:0
[ 5763533ms] [WARNING] The resource http://localhost:3000/_next/static/css/app/layout.css?v=1776622630778 was preloaded using link preload but not used within a few seconds from the window's load event. Please make sure it has an appropriate `as` value and it is preloaded intentionally. @ http://localhost:3000/campaign/cmmr6djjy0000ws482a52nc1y:0
[ 5793535ms] [WARNING] The resource http://localhost:3000/_next/static/css/app/layout.css?v=1776622630778 was preloaded using link preload but not used within a few seconds from the window's load event. Please make sure it has an appropriate `as` value and it is preloaded intentionally. @ http://localhost:3000/campaign/cmmr6djjy0000ws482a52nc1y:0
[ 5823527ms] [WARNING] The resource http://localhost:3000/_next/static/css/app/layout.css?v=1776622630778 was preloaded using link preload but not used within a few seconds from the window's load event. Please make sure it has an appropriate `as` value and it is preloaded intentionally. @ http://localhost:3000/campaign/cmmr6djjy0000ws482a52nc1y:0
[ 5853531ms] [WARNING] The resource http://localhost:3000/_next/static/css/app/layout.css?v=1776622630778 was preloaded using link preload but not used within a few seconds from the window's load event. Please make sure it has an appropriate `as` value and it is preloaded intentionally. @ http://localhost:3000/campaign/cmmr6djjy0000ws482a52nc1y:0
[ 5883531ms] [WARNING] The resource http://localhost:3000/_next/static/css/app/layout.css?v=1776622630778 was preloaded using link preload but not used within a few seconds from the window's load event. Please make sure it has an appropriate `as` value and it is preloaded intentionally. @ http://localhost:3000/campaign/cmmr6djjy0000ws482a52nc1y:0
[ 5913529ms] [WARNING] The resource http://localhost:3000/_next/static/css/app/layout.css?v=1776622630778 was preloaded using link preload but not used within a few seconds from the window's load event. Please make sure it has an appropriate `as` value and it is preloaded intentionally. @ http://localhost:3000/campaign/cmmr6djjy0000ws482a52nc1y:0
[ 5943526ms] [WARNING] The resource http://localhost:3000/_next/static/css/app/layout.css?v=1776622630778 was preloaded using link preload but not used within a few seconds from the window's load event. Please make sure it has an appropriate `as` value and it is preloaded intentionally. @ http://localhost:3000/campaign/cmmr6djjy0000ws482a52nc1y:0
[ 5973542ms] [WARNING] The resource http://localhost:3000/_next/static/css/app/layout.css?v=1776622630778 was preloaded using link preload but not used within a few seconds from the window's load event. Please make sure it has an appropriate `as` value and it is preloaded intentionally. @ http://localhost:3000/campaign/cmmr6djjy0000ws482a52nc1y:0
[ 6003532ms] [WARNING] The resource http://localhost:3000/_next/static/css/app/layout.css?v=1776622630778 was preloaded using link preload but not used within a few seconds from the window's load event. Please make sure it has an appropriate `as` value and it is preloaded intentionally. @ http://localhost:3000/campaign/cmmr6djjy0000ws482a52nc1y:0
[ 6033536ms] [WARNING] The resource http://localhost:3000/_next/static/css/app/layout.css?v=1776622630778 was preloaded using link preload but not used within a few seconds from the window's load event. Please make sure it has an appropriate `as` value and it is preloaded intentionally. @ http://localhost:3000/campaign/cmmr6djjy0000ws482a52nc1y:0
[ 6063529ms] [WARNING] The resource http://localhost:3000/_next/static/css/app/layout.css?v=1776622630778 was preloaded using link preload but not used within a few seconds from the window's load event. Please make sure it has an appropriate `as` value and it is preloaded intentionally. @ http://localhost:3000/campaign/cmmr6djjy0000ws482a52nc1y:0
[ 6093542ms] [WARNING] The resource http://localhost:3000/_next/static/css/app/layout.css?v=1776622630778 was preloaded using link preload but not used within a few seconds from the window's load event. Please make sure it has an appropriate `as` value and it is preloaded intentionally. @ http://localhost:3000/campaign/cmmr6djjy0000ws482a52nc1y:0
[ 6123539ms] [WARNING] The resource http://localhost:3000/_next/static/css/app/layout.css?v=1776622630778 was preloaded using link preload but not used within a few seconds from the window's load event. Please make sure it has an appropriate `as` value and it is preloaded intentionally. @ http://localhost:3000/campaign/cmmr6djjy0000ws482a52nc1y:0
[ 6153542ms] [WARNING] The resource http://localhost:3000/_next/static/css/app/layout.css?v=1776622630778 was preloaded using link preload but not used within a few seconds from the window's load event. Please make sure it has an appropriate `as` value and it is preloaded intentionally. @ http://localhost:3000/campaign/cmmr6djjy0000ws482a52nc1y:0
[ 6183537ms] [WARNING] The resource http://localhost:3000/_next/static/css/app/layout.css?v=1776622630778 was preloaded using link preload but not used within a few seconds from the window's load event. Please make sure it has an appropriate `as` value and it is preloaded intentionally. @ http://localhost:3000/campaign/cmmr6djjy0000ws482a52nc1y:0
[ 6213535ms] [WARNING] The resource http://localhost:3000/_next/static/css/app/layout.css?v=1776622630778 was preloaded using link preload but not used within a few seconds from the window's load event. Please make sure it has an appropriate `as` value and it is preloaded intentionally. @ http://localhost:3000/campaign/cmmr6djjy0000ws482a52nc1y:0
[ 6243524ms] [WARNING] The resource http://localhost:3000/_next/static/css/app/layout.css?v=1776622630778 was preloaded using link preload but not used within a few seconds from the window's load event. Please make sure it has an appropriate `as` value and it is preloaded intentionally. @ http://localhost:3000/campaign/cmmr6djjy0000ws482a52nc1y:0
[ 6273525ms] [WARNING] The resource http://localhost:3000/_next/static/css/app/layout.css?v=1776622630778 was preloaded using link preload but not used within a few seconds from the window's load event. Please make sure it has an appropriate `as` value and it is preloaded intentionally. @ http://localhost:3000/campaign/cmmr6djjy0000ws482a52nc1y:0
[ 6303545ms] [WARNING] The resource http://localhost:3000/_next/static/css/app/layout.css?v=1776622630778 was preloaded using link preload but not used within a few seconds from the window's load event. Please make sure it has an appropriate `as` value and it is preloaded intentionally. @ http://localhost:3000/campaign/cmmr6djjy0000ws482a52nc1y:0
[ 6333520ms] [WARNING] The resource http://localhost:3000/_next/static/css/app/layout.css?v=1776622630778 was preloaded using link preload but not used within a few seconds from the window's load event. Please make sure it has an appropriate `as` value and it is preloaded intentionally. @ http://localhost:3000/campaign/cmmr6djjy0000ws482a52nc1y:0
[ 6363536ms] [WARNING] The resource http://localhost:3000/_next/static/css/app/layout.css?v=1776622630778 was preloaded using link preload but not used within a few seconds from the window's load event. Please make sure it has an appropriate `as` value and it is preloaded intentionally. @ http://localhost:3000/campaign/cmmr6djjy0000ws482a52nc1y:0
[ 6393544ms] [WARNING] The resource http://localhost:3000/_next/static/css/app/layout.css?v=1776622630778 was preloaded using link preload but not used within a few seconds from the window's load event. Please make sure it has an appropriate `as` value and it is preloaded intentionally. @ http://localhost:3000/campaign/cmmr6djjy0000ws482a52nc1y:0
[ 6423541ms] [WARNING] The resource http://localhost:3000/_next/static/css/app/layout.css?v=1776622630778 was preloaded using link preload but not used within a few seconds from the window's load event. Please make sure it has an appropriate `as` value and it is preloaded intentionally. @ http://localhost:3000/campaign/cmmr6djjy0000ws482a52nc1y:0
[ 6453531ms] [WARNING] The resource http://localhost:3000/_next/static/css/app/layout.css?v=1776622630778 was preloaded using link preload but not used within a few seconds from the window's load event. Please make sure it has an appropriate `as` value and it is preloaded intentionally. @ http://localhost:3000/campaign/cmmr6djjy0000ws482a52nc1y:0
[ 6483523ms] [WARNING] The resource http://localhost:3000/_next/static/css/app/layout.css?v=1776622630778 was preloaded using link preload but not used within a few seconds from the window's load event. Please make sure it has an appropriate `as` value and it is preloaded intentionally. @ http://localhost:3000/campaign/cmmr6djjy0000ws482a52nc1y:0
[ 6513525ms] [WARNING] The resource http://localhost:3000/_next/static/css/app/layout.css?v=1776622630778 was preloaded using link preload but not used within a few seconds from the window's load event. Please make sure it has an appropriate `as` value and it is preloaded intentionally. @ http://localhost:3000/campaign/cmmr6djjy0000ws482a52nc1y:0
[ 6543530ms] [WARNING] The resource http://localhost:3000/_next/static/css/app/layout.css?v=1776622630778 was preloaded using link preload but not used within a few seconds from the window's load event. Please make sure it has an appropriate `as` value and it is preloaded intentionally. @ http://localhost:3000/campaign/cmmr6djjy0000ws482a52nc1y:0
[ 6573526ms] [WARNING] The resource http://localhost:3000/_next/static/css/app/layout.css?v=1776622630778 was preloaded using link preload but not used within a few seconds from the window's load event. Please make sure it has an appropriate `as` value and it is preloaded intentionally. @ http://localhost:3000/campaign/cmmr6djjy0000ws482a52nc1y:0
[ 6603530ms] [WARNING] The resource http://localhost:3000/_next/static/css/app/layout.css?v=1776622630778 was preloaded using link preload but not used within a few seconds from the window's load event. Please make sure it has an appropriate `as` value and it is preloaded intentionally. @ http://localhost:3000/campaign/cmmr6djjy0000ws482a52nc1y:0
[ 6633535ms] [WARNING] The resource http://localhost:3000/_next/static/css/app/layout.css?v=1776622630778 was preloaded using link preload but not used within a few seconds from the window's load event. Please make sure it has an appropriate `as` value and it is preloaded intentionally. @ http://localhost:3000/campaign/cmmr6djjy0000ws482a52nc1y:0
[ 6637043ms] [LOG] [Fast Refresh] rebuilding @ webpack-internal:///(app-pages-browser)/./node_modules/next/dist/next-devtools/shared/forward-logs-shared.js:27
[ 6638635ms] [LOG] [Fast Refresh] rebuilding @ webpack-internal:///(app-pages-browser)/./node_modules/next/dist/next-devtools/shared/forward-logs-shared.js:27
[ 6638767ms] [WARNING] [Fast Refresh] performing full reload because your application had an unrecoverable error @ webpack-internal:///(app-pages-browser)/./node_modules/next/dist/next-devtools/shared/forward-logs-shared.js:27
[ 6639191ms] [LOG] [Fast Refresh] rebuilding @ webpack-internal:///(app-pages-browser)/./node_modules/next/dist/next-devtools/shared/forward-logs-shared.js:27
[ 6641464ms] [INFO] %cDownload the React DevTools for a better development experience: https://react.dev/link/react-devtools font-weight:bold @ webpack-internal:///(app-pages-browser)/./node_modules/next/dist/next-devtools/shared/forward-logs-shared.js:27
[ 6641601ms] [LOG] [HMR] connected @ webpack-internal:///(app-pages-browser)/./node_modules/next/dist/next-devtools/shared/forward-logs-shared.js:27
[ 6648247ms] [LOG] [Fast Refresh] rebuilding @ webpack-internal:///(app-pages-browser)/./node_modules/next/dist/next-devtools/shared/forward-logs-shared.js:27
[ 6648679ms] [LOG] [Fast Refresh] rebuilding @ webpack-internal:///(app-pages-browser)/./node_modules/next/dist/next-devtools/shared/forward-logs-shared.js:27
[ 6648803ms] [LOG] [Fast Refresh] done in 124ms @ webpack-internal:///(app-pages-browser)/./node_modules/next/dist/next-devtools/shared/forward-logs-shared.js:27
[ 6649194ms] [LOG] [Fast Refresh] done in 516ms @ webpack-internal:///(app-pages-browser)/./node_modules/next/dist/next-devtools/shared/forward-logs-shared.js:27
[ 6654383ms] [WARNING] Canvas2D: Multiple readback operations using getImageData are faster with the willReadFrequently attribute set to true. See: https://html.spec.whatwg.org/multipage/canvas.html#concept-canvas-will-read-frequently @ webpack-internal:///(app-pages-browser)/./src/components/dice/DiceMesh.ts:191
[ 6654387ms] [WARNING] Canvas2D: Multiple readback operations using getImageData are faster with the willReadFrequently attribute set to true. See: https://html.spec.whatwg.org/multipage/canvas.html#concept-canvas-will-read-frequently @ webpack-internal:///(app-pages-browser)/./src/components/dice/DiceMesh.ts:191
[ 6654393ms] [WARNING] Canvas2D: Multiple readback operations using getImageData are faster with the willReadFrequently attribute set to true. See: https://html.spec.whatwg.org/multipage/canvas.html#concept-canvas-will-read-frequently @ webpack-internal:///(app-pages-browser)/./src/components/dice/DiceMesh.ts:191
[ 6654396ms] [WARNING] Canvas2D: Multiple readback operations using getImageData are faster with the willReadFrequently attribute set to true. See: https://html.spec.whatwg.org/multipage/canvas.html#concept-canvas-will-read-frequently @ webpack-internal:///(app-pages-browser)/./src/components/dice/DiceMesh.ts:191
[ 6654399ms] [WARNING] Canvas2D: Multiple readback operations using getImageData are faster with the willReadFrequently attribute set to true. See: https://html.spec.whatwg.org/multipage/canvas.html#concept-canvas-will-read-frequently @ webpack-internal:///(app-pages-browser)/./src/components/dice/DiceMesh.ts:191
[ 6654402ms] [WARNING] Canvas2D: Multiple readback operations using getImageData are faster with the willReadFrequently attribute set to true. See: https://html.spec.whatwg.org/multipage/canvas.html#concept-canvas-will-read-frequently @ webpack-internal:///(app-pages-browser)/./src/components/dice/DiceMesh.ts:191
[ 6654405ms] [WARNING] Canvas2D: Multiple readback operations using getImageData are faster with the willReadFrequently attribute set to true. See: https://html.spec.whatwg.org/multipage/canvas.html#concept-canvas-will-read-frequently @ webpack-internal:///(app-pages-browser)/./src/components/dice/DiceMesh.ts:191
[ 6654408ms] [WARNING] Canvas2D: Multiple readback operations using getImageData are faster with the willReadFrequently attribute set to true. See: https://html.spec.whatwg.org/multipage/canvas.html#concept-canvas-will-read-frequently @ webpack-internal:///(app-pages-browser)/./src/components/dice/DiceMesh.ts:191
[ 6654412ms] [WARNING] Canvas2D: Multiple readback operations using getImageData are faster with the willReadFrequently attribute set to true. See: https://html.spec.whatwg.org/multipage/canvas.html#concept-canvas-will-read-frequently @ webpack-internal:///(app-pages-browser)/./src/components/dice/DiceMesh.ts:191
[ 6654415ms] [WARNING] Canvas2D: Multiple readback operations using getImageData are faster with the willReadFrequently attribute set to true. See: https://html.spec.whatwg.org/multipage/canvas.html#concept-canvas-will-read-frequently @ webpack-internal:///(app-pages-browser)/./src/components/dice/DiceMesh.ts:191
[ 6654419ms] [WARNING] Canvas2D: Multiple readback operations using getImageData are faster with the willReadFrequently attribute set to true. See: https://html.spec.whatwg.org/multipage/canvas.html#concept-canvas-will-read-frequently @ webpack-internal:///(app-pages-browser)/./src/components/dice/DiceMesh.ts:191
[ 6654422ms] [WARNING] Canvas2D: Multiple readback operations using getImageData are faster with the willReadFrequently attribute set to true. See: https://html.spec.whatwg.org/multipage/canvas.html#concept-canvas-will-read-frequently @ webpack-internal:///(app-pages-browser)/./src/components/dice/DiceMesh.ts:191
[ 6654424ms] [WARNING] Canvas2D: Multiple readback operations using getImageData are faster with the willReadFrequently attribute set to true. See: https://html.spec.whatwg.org/multipage/canvas.html#concept-canvas-will-read-frequently @ webpack-internal:///(app-pages-browser)/./src/components/dice/DiceMesh.ts:191
[ 6654426ms] [WARNING] Canvas2D: Multiple readback operations using getImageData are faster with the willReadFrequently attribute set to true. See: https://html.spec.whatwg.org/multipage/canvas.html#concept-canvas-will-read-frequently @ webpack-internal:///(app-pages-browser)/./src/components/dice/DiceMesh.ts:191
[ 6654428ms] [WARNING] Canvas2D: Multiple readback operations using getImageData are faster with the willReadFrequently attribute set to true. See: https://html.spec.whatwg.org/multipage/canvas.html#concept-canvas-will-read-frequently @ webpack-internal:///(app-pages-browser)/./src/components/dice/DiceMesh.ts:191
[ 6654430ms] [WARNING] Canvas2D: Multiple readback operations using getImageData are faster with the willReadFrequently attribute set to true. See: https://html.spec.whatwg.org/multipage/canvas.html#concept-canvas-will-read-frequently @ webpack-internal:///(app-pages-browser)/./src/components/dice/DiceMesh.ts:191
[ 6654432ms] [WARNING] Canvas2D: Multiple readback operations using getImageData are faster with the willReadFrequently attribute set to true. See: https://html.spec.whatwg.org/multipage/canvas.html#concept-canvas-will-read-frequently @ webpack-internal:///(app-pages-browser)/./src/components/dice/DiceMesh.ts:191
[ 6654435ms] [WARNING] Canvas2D: Multiple readback operations using getImageData are faster with the willReadFrequently attribute set to true. See: https://html.spec.whatwg.org/multipage/canvas.html#concept-canvas-will-read-frequently @ webpack-internal:///(app-pages-browser)/./src/components/dice/DiceMesh.ts:191
[ 6654437ms] [WARNING] Canvas2D: Multiple readback operations using getImageData are faster with the willReadFrequently attribute set to true. See: https://html.spec.whatwg.org/multipage/canvas.html#concept-canvas-will-read-frequently @ webpack-internal:///(app-pages-browser)/./src/components/dice/DiceMesh.ts:191
[ 6654440ms] [WARNING] Canvas2D: Multiple readback operations using getImageData are faster with the willReadFrequently attribute set to true. See: https://html.spec.whatwg.org/multipage/canvas.html#concept-canvas-will-read-frequently @ webpack-internal:///(app-pages-browser)/./src/components/dice/DiceMesh.ts:191
[ 6654442ms] [WARNING] Canvas2D: Multiple readback operations using getImageData are faster with the willReadFrequently attribute set to true. See: https://html.spec.whatwg.org/multipage/canvas.html#concept-canvas-will-read-frequently @ webpack-internal:///(app-pages-browser)/./src/components/dice/DiceMesh.ts:191
[ 6654445ms] [WARNING] Canvas2D: Multiple readback operations using getImageData are faster with the willReadFrequently attribute set to true. See: https://html.spec.whatwg.org/multipage/canvas.html#concept-canvas-will-read-frequently @ webpack-internal:///(app-pages-browser)/./src/components/dice/DiceMesh.ts:191
[ 6654447ms] [WARNING] Canvas2D: Multiple readback operations using getImageData are faster with the willReadFrequently attribute set to true. See: https://html.spec.whatwg.org/multipage/canvas.html#concept-canvas-will-read-frequently @ webpack-internal:///(app-pages-browser)/./src/components/dice/DiceMesh.ts:191
[ 6654449ms] [WARNING] Canvas2D: Multiple readback operations using getImageData are faster with the willReadFrequently attribute set to true. See: https://html.spec.whatwg.org/multipage/canvas.html#concept-canvas-will-read-frequently @ webpack-internal:///(app-pages-browser)/./src/components/dice/DiceMesh.ts:191
[ 6654451ms] [WARNING] Canvas2D: Multiple readback operations using getImageData are faster with the willReadFrequently attribute set to true. See: https://html.spec.whatwg.org/multipage/canvas.html#concept-canvas-will-read-frequently @ webpack-internal:///(app-pages-browser)/./src/components/dice/DiceMesh.ts:191
[ 6654454ms] [WARNING] Canvas2D: Multiple readback operations using getImageData are faster with the willReadFrequently attribute set to true. See: https://html.spec.whatwg.org/multipage/canvas.html#concept-canvas-will-read-frequently @ webpack-internal:///(app-pages-browser)/./src/components/dice/DiceMesh.ts:191
[ 6654456ms] [WARNING] Canvas2D: Multiple readback operations using getImageData are faster with the willReadFrequently attribute set to true. See: https://html.spec.whatwg.org/multipage/canvas.html#concept-canvas-will-read-frequently @ webpack-internal:///(app-pages-browser)/./src/components/dice/DiceMesh.ts:191
[ 6654458ms] [WARNING] Canvas2D: Multiple readback operations using getImageData are faster with the willReadFrequently attribute set to true. See: https://html.spec.whatwg.org/multipage/canvas.html#concept-canvas-will-read-frequently @ webpack-internal:///(app-pages-browser)/./src/components/dice/DiceMesh.ts:191
[ 6654461ms] [WARNING] Canvas2D: Multiple readback operations using getImageData are faster with the willReadFrequently attribute set to true. See: https://html.spec.whatwg.org/multipage/canvas.html#concept-canvas-will-read-frequently @ webpack-internal:///(app-pages-browser)/./src/components/dice/DiceMesh.ts:191
[ 6654463ms] [WARNING] Canvas2D: Multiple readback operations using getImageData are faster with the willReadFrequently attribute set to true. See: https://html.spec.whatwg.org/multipage/canvas.html#concept-canvas-will-read-frequently @ webpack-internal:///(app-pages-browser)/./src/components/dice/DiceMesh.ts:191
[ 6654465ms] [WARNING] Canvas2D: Multiple readback operations using getImageData are faster with the willReadFrequently attribute set to true. See: https://html.spec.whatwg.org/multipage/canvas.html#concept-canvas-will-read-frequently @ webpack-internal:///(app-pages-browser)/./src/components/dice/DiceMesh.ts:191
[ 6654467ms] [WARNING] Canvas2D: Multiple readback operations using getImageData are faster with the willReadFrequently attribute set to true. See: https://html.spec.whatwg.org/multipage/canvas.html#concept-canvas-will-read-frequently @ webpack-internal:///(app-pages-browser)/./src/components/dice/DiceMesh.ts:191
[ 6654470ms] [WARNING] Canvas2D: Multiple readback operations using getImageData are faster with the willReadFrequently attribute set to true. See: https://html.spec.whatwg.org/multipage/canvas.html#concept-canvas-will-read-frequently @ webpack-internal:///(app-pages-browser)/./src/components/dice/DiceMesh.ts:191
[ 6654472ms] [WARNING] Canvas2D: Multiple readback operations using getImageData are faster with the willReadFrequently attribute set to true. See: https://html.spec.whatwg.org/multipage/canvas.html#concept-canvas-will-read-frequently @ webpack-internal:///(app-pages-browser)/./src/components/dice/DiceMesh.ts:191
[ 6654475ms] [WARNING] Canvas2D: Multiple readback operations using getImageData are faster with the willReadFrequently attribute set to true. See: https://html.spec.whatwg.org/multipage/canvas.html#concept-canvas-will-read-frequently @ webpack-internal:///(app-pages-browser)/./src/components/dice/DiceMesh.ts:191
[ 6654477ms] [WARNING] Canvas2D: Multiple readback operations using getImageData are faster with the willReadFrequently attribute set to true. See: https://html.spec.whatwg.org/multipage/canvas.html#concept-canvas-will-read-frequently @ webpack-internal:///(app-pages-browser)/./src/components/dice/DiceMesh.ts:191
[ 6654479ms] [WARNING] Canvas2D: Multiple readback operations using getImageData are faster with the willReadFrequently attribute set to true. See: https://html.spec.whatwg.org/multipage/canvas.html#concept-canvas-will-read-frequently @ webpack-internal:///(app-pages-browser)/./src/components/dice/DiceMesh.ts:191
[ 6654481ms] [WARNING] Canvas2D: Multiple readback operations using getImageData are faster with the willReadFrequently attribute set to true. See: https://html.spec.whatwg.org/multipage/canvas.html#concept-canvas-will-read-frequently @ webpack-internal:///(app-pages-browser)/./src/components/dice/DiceMesh.ts:191
[ 6654484ms] [WARNING] Canvas2D: Multiple readback operations using getImageData are faster with the willReadFrequently attribute set to true. See: https://html.spec.whatwg.org/multipage/canvas.html#concept-canvas-will-read-frequently @ webpack-internal:///(app-pages-browser)/./src/components/dice/DiceMesh.ts:191
[ 6654486ms] [WARNING] Canvas2D: Multiple readback operations using getImageData are faster with the willReadFrequently attribute set to true. See: https://html.spec.whatwg.org/multipage/canvas.html#concept-canvas-will-read-frequently @ webpack-internal:///(app-pages-browser)/./src/components/dice/DiceMesh.ts:191
[ 6654489ms] [WARNING] Canvas2D: Multiple readback operations using getImageData are faster with the willReadFrequently attribute set to true. See: https://html.spec.whatwg.org/multipage/canvas.html#concept-canvas-will-read-frequently @ webpack-internal:///(app-pages-browser)/./src/components/dice/DiceMesh.ts:191
[ 6654491ms] [WARNING] Canvas2D: Multiple readback operations using getImageData are faster with the willReadFrequently attribute set to true. See: https://html.spec.whatwg.org/multipage/canvas.html#concept-canvas-will-read-frequently @ webpack-internal:///(app-pages-browser)/./src/components/dice/DiceMesh.ts:191
[ 6654493ms] [WARNING] Canvas2D: Multiple readback operations using getImageData are faster with the willReadFrequently attribute set to true. See: https://html.spec.whatwg.org/multipage/canvas.html#concept-canvas-will-read-frequently @ webpack-internal:///(app-pages-browser)/./src/components/dice/DiceMesh.ts:191
[ 6654499ms] [WARNING] Canvas2D: Multiple readback operations using getImageData are faster with the willReadFrequently attribute set to true. See: https://html.spec.whatwg.org/multipage/canvas.html#concept-canvas-will-read-frequently @ webpack-internal:///(app-pages-browser)/./src/components/dice/DiceMesh.ts:191
[ 6654501ms] [WARNING] Canvas2D: Multiple readback operations using getImageData are faster with the willReadFrequently attribute set to true. See: https://html.spec.whatwg.org/multipage/canvas.html#concept-canvas-will-read-frequently @ webpack-internal:///(app-pages-browser)/./src/components/dice/DiceMesh.ts:191
[ 6654504ms] [WARNING] Canvas2D: Multiple readback operations using getImageData are faster with the willReadFrequently attribute set to true. See: https://html.spec.whatwg.org/multipage/canvas.html#concept-canvas-will-read-frequently @ webpack-internal:///(app-pages-browser)/./src/components/dice/DiceMesh.ts:191
[ 6654506ms] [WARNING] Canvas2D: Multiple readback operations using getImageData are faster with the willReadFrequently attribute set to true. See: https://html.spec.whatwg.org/multipage/canvas.html#concept-canvas-will-read-frequently @ webpack-internal:///(app-pages-browser)/./src/components/dice/DiceMesh.ts:191
[ 6654508ms] [WARNING] Canvas2D: Multiple readback operations using getImageData are faster with the willReadFrequently attribute set to true. See: https://html.spec.whatwg.org/multipage/canvas.html#concept-canvas-will-read-frequently @ webpack-internal:///(app-pages-browser)/./src/components/dice/DiceMesh.ts:191
[ 6654510ms] [WARNING] Canvas2D: Multiple readback operations using getImageData are faster with the willReadFrequently attribute set to true. See: https://html.spec.whatwg.org/multipage/canvas.html#concept-canvas-will-read-frequently @ webpack-internal:///(app-pages-browser)/./src/components/dice/DiceMesh.ts:191
[ 6654513ms] [WARNING] Canvas2D: Multiple readback operations using getImageData are faster with the willReadFrequently attribute set to true. See: https://html.spec.whatwg.org/multipage/canvas.html#concept-canvas-will-read-frequently @ webpack-internal:///(app-pages-browser)/./src/components/dice/DiceMesh.ts:191
[ 6654515ms] [WARNING] Canvas2D: Multiple readback operations using getImageData are faster with the willReadFrequently attribute set to true. See: https://html.spec.whatwg.org/multipage/canvas.html#concept-canvas-will-read-frequently @ webpack-internal:///(app-pages-browser)/./src/components/dice/DiceMesh.ts:191
[ 6654517ms] [WARNING] Canvas2D: Multiple readback operations using getImageData are faster with the willReadFrequently attribute set to true. See: https://html.spec.whatwg.org/multipage/canvas.html#concept-canvas-will-read-frequently @ webpack-internal:///(app-pages-browser)/./src/components/dice/DiceMesh.ts:191
[ 6654521ms] [WARNING] Canvas2D: Multiple readback operations using getImageData are faster with the willReadFrequently attribute set to true. See: https://html.spec.whatwg.org/multipage/canvas.html#concept-canvas-will-read-frequently @ webpack-internal:///(app-pages-browser)/./src/components/dice/DiceMesh.ts:191
[ 6654523ms] [WARNING] Canvas2D: Multiple readback operations using getImageData are faster with the willReadFrequently attribute set to true. See: https://html.spec.whatwg.org/multipage/canvas.html#concept-canvas-will-read-frequently @ webpack-internal:///(app-pages-browser)/./src/components/dice/DiceMesh.ts:191
[ 6654526ms] [WARNING] Canvas2D: Multiple readback operations using getImageData are faster with the willReadFrequently attribute set to true. See: https://html.spec.whatwg.org/multipage/canvas.html#concept-canvas-will-read-frequently @ webpack-internal:///(app-pages-browser)/./src/components/dice/DiceMesh.ts:191
[ 6654528ms] [WARNING] Canvas2D: Multiple readback operations using getImageData are faster with the willReadFrequently attribute set to true. See: https://html.spec.whatwg.org/multipage/canvas.html#concept-canvas-will-read-frequently @ webpack-internal:///(app-pages-browser)/./src/components/dice/DiceMesh.ts:191
[ 6654530ms] [WARNING] Canvas2D: Multiple readback operations using getImageData are faster with the willReadFrequently attribute set to true. See: https://html.spec.whatwg.org/multipage/canvas.html#concept-canvas-will-read-frequently @ webpack-internal:///(app-pages-browser)/./src/components/dice/DiceMesh.ts:191
[ 6654532ms] [WARNING] Canvas2D: Multiple readback operations using getImageData are faster with the willReadFrequently attribute set to true. See: https://html.spec.whatwg.org/multipage/canvas.html#concept-canvas-will-read-frequently @ webpack-internal:///(app-pages-browser)/./src/components/dice/DiceMesh.ts:191
[ 6654535ms] [WARNING] Canvas2D: Multiple readback operations using getImageData are faster with the willReadFrequently attribute set to true. See: https://html.spec.whatwg.org/multipage/canvas.html#concept-canvas-will-read-frequently @ webpack-internal:///(app-pages-browser)/./src/components/dice/DiceMesh.ts:191
[ 6654538ms] [WARNING] Canvas2D: Multiple readback operations using getImageData are faster with the willReadFrequently attribute set to true. See: https://html.spec.whatwg.org/multipage/canvas.html#concept-canvas-will-read-frequently @ webpack-internal:///(app-pages-browser)/./src/components/dice/DiceMesh.ts:191
[ 6654540ms] [WARNING] Canvas2D: Multiple readback operations using getImageData are faster with the willReadFrequently attribute set to true. See: https://html.spec.whatwg.org/multipage/canvas.html#concept-canvas-will-read-frequently @ webpack-internal:///(app-pages-browser)/./src/components/dice/DiceMesh.ts:191
[ 6654543ms] [WARNING] Canvas2D: Multiple readback operations using getImageData are faster with the willReadFrequently attribute set to true. See: https://html.spec.whatwg.org/multipage/canvas.html#concept-canvas-will-read-frequently @ webpack-internal:///(app-pages-browser)/./src/components/dice/DiceMesh.ts:191
[ 6654545ms] [WARNING] Canvas2D: Multiple readback operations using getImageData are faster with the willReadFrequently attribute set to true. See: https://html.spec.whatwg.org/multipage/canvas.html#concept-canvas-will-read-frequently @ webpack-internal:///(app-pages-browser)/./src/components/dice/DiceMesh.ts:191
[ 6654547ms] [WARNING] Canvas2D: Multiple readback operations using getImageData are faster with the willReadFrequently attribute set to true. See: https://html.spec.whatwg.org/multipage/canvas.html#concept-canvas-will-read-frequently @ webpack-internal:///(app-pages-browser)/./src/components/dice/DiceMesh.ts:191
[ 6654550ms] [WARNING] Canvas2D: Multiple readback operations using getImageData are faster with the willReadFrequently attribute set to true. See: https://html.spec.whatwg.org/multipage/canvas.html#concept-canvas-will-read-frequently @ webpack-internal:///(app-pages-browser)/./src/components/dice/DiceMesh.ts:191
[ 6654553ms] [WARNING] Canvas2D: Multiple readback operations using getImageData are faster with the willReadFrequently attribute set to true. See: https://html.spec.whatwg.org/multipage/canvas.html#concept-canvas-will-read-frequently @ webpack-internal:///(app-pages-browser)/./src/components/dice/DiceMesh.ts:191
[ 6654556ms] [WARNING] Canvas2D: Multiple readback operations using getImageData are faster with the willReadFrequently attribute set to true. See: https://html.spec.whatwg.org/multipage/canvas.html#concept-canvas-will-read-frequently @ webpack-internal:///(app-pages-browser)/./src/components/dice/DiceMesh.ts:191
[ 6654558ms] [WARNING] Canvas2D: Multiple readback operations using getImageData are faster with the willReadFrequently attribute set to true. See: https://html.spec.whatwg.org/multipage/canvas.html#concept-canvas-will-read-frequently @ webpack-internal:///(app-pages-browser)/./src/components/dice/DiceMesh.ts:191
[ 6654560ms] [WARNING] Canvas2D: Multiple readback operations using getImageData are faster with the willReadFrequently attribute set to true. See: https://html.spec.whatwg.org/multipage/canvas.html#concept-canvas-will-read-frequently @ webpack-internal:///(app-pages-browser)/./src/components/dice/DiceMesh.ts:191
[ 6654562ms] [WARNING] Canvas2D: Multiple readback operations using getImageData are faster with the willReadFrequently attribute set to true. See: https://html.spec.whatwg.org/multipage/canvas.html#concept-canvas-will-read-frequently @ webpack-internal:///(app-pages-browser)/./src/components/dice/DiceMesh.ts:191
[ 6654565ms] [WARNING] Canvas2D: Multiple readback operations using getImageData are faster with the willReadFrequently attribute set to true. See: https://html.spec.whatwg.org/multipage/canvas.html#concept-canvas-will-read-frequently @ webpack-internal:///(app-pages-browser)/./src/components/dice/DiceMesh.ts:191
[ 6654567ms] [WARNING] Canvas2D: Multiple readback operations using getImageData are faster with the willReadFrequently attribute set to true. See: https://html.spec.whatwg.org/multipage/canvas.html#concept-canvas-will-read-frequently @ webpack-internal:///(app-pages-browser)/./src/components/dice/DiceMesh.ts:191
[ 6654570ms] [WARNING] Canvas2D: Multiple readback operations using getImageData are faster with the willReadFrequently attribute set to true. See: https://html.spec.whatwg.org/multipage/canvas.html#concept-canvas-will-read-frequently @ webpack-internal:///(app-pages-browser)/./src/components/dice/DiceMesh.ts:191
[ 6654572ms] [WARNING] Canvas2D: Multiple readback operations using getImageData are faster with the willReadFrequently attribute set to true. See: https://html.spec.whatwg.org/multipage/canvas.html#concept-canvas-will-read-frequently @ webpack-internal:///(app-pages-browser)/./src/components/dice/DiceMesh.ts:191
[ 6654574ms] [WARNING] Canvas2D: Multiple readback operations using getImageData are faster with the willReadFrequently attribute set to true. See: https://html.spec.whatwg.org/multipage/canvas.html#concept-canvas-will-read-frequently @ webpack-internal:///(app-pages-browser)/./src/components/dice/DiceMesh.ts:191
[ 6654576ms] [WARNING] Canvas2D: Multiple readback operations using getImageData are faster with the willReadFrequently attribute set to true. See: https://html.spec.whatwg.org/multipage/canvas.html#concept-canvas-will-read-frequently @ webpack-internal:///(app-pages-browser)/./src/components/dice/DiceMesh.ts:191
[ 6662233ms] [LOG] [Fast Refresh] rebuilding @ webpack-internal:///(app-pages-browser)/./node_modules/next/dist/next-devtools/shared/forward-logs-shared.js:27
[ 6662592ms] [LOG] [Fast Refresh] rebuilding @ webpack-internal:///(app-pages-browser)/./node_modules/next/dist/next-devtools/shared/forward-logs-shared.js:27
[ 6662675ms] [LOG] [Fast Refresh] done in 84ms @ webpack-internal:///(app-pages-browser)/./node_modules/next/dist/next-devtools/shared/forward-logs-shared.js:27
[ 6662951ms] [LOG] [Fast Refresh] done in 360ms @ webpack-internal:///(app-pages-browser)/./node_modules/next/dist/next-devtools/shared/forward-logs-shared.js:27
[ 6671829ms] [LOG] [Fast Refresh] rebuilding @ webpack-internal:///(app-pages-browser)/./node_modules/next/dist/next-devtools/shared/forward-logs-shared.js:27
[ 6672198ms] [LOG] [Fast Refresh] rebuilding @ webpack-internal:///(app-pages-browser)/./node_modules/next/dist/next-devtools/shared/forward-logs-shared.js:27
[ 6672305ms] [LOG] [Fast Refresh] done in 106ms @ webpack-internal:///(app-pages-browser)/./node_modules/next/dist/next-devtools/shared/forward-logs-shared.js:27
[ 6672612ms] [LOG] [Fast Refresh] done in 413ms @ webpack-internal:///(app-pages-browser)/./node_modules/next/dist/next-devtools/shared/forward-logs-shared.js:27
[ 6681282ms] [LOG] [Fast Refresh] rebuilding @ webpack-internal:///(app-pages-browser)/./node_modules/next/dist/next-devtools/shared/forward-logs-shared.js:27
[ 6682111ms] [LOG] [Fast Refresh] done in 829ms @ webpack-internal:///(app-pages-browser)/./node_modules/next/dist/next-devtools/shared/forward-logs-shared.js:27
[ 6693604ms] [LOG] [Fast Refresh] rebuilding @ webpack-internal:///(app-pages-browser)/./node_modules/next/dist/next-devtools/shared/forward-logs-shared.js:27
[ 6693975ms] [LOG] [Fast Refresh] rebuilding @ webpack-internal:///(app-pages-browser)/./node_modules/next/dist/next-devtools/shared/forward-logs-shared.js:27
[ 6694194ms] [LOG] [Fast Refresh] done in 219ms @ webpack-internal:///(app-pages-browser)/./node_modules/next/dist/next-devtools/shared/forward-logs-shared.js:27
[ 6694316ms] [LOG] [Fast Refresh] done in 340ms @ webpack-internal:///(app-pages-browser)/./node_modules/next/dist/next-devtools/shared/forward-logs-shared.js:27
[ 6717337ms] [LOG] [Fast Refresh] rebuilding @ webpack-internal:///(app-pages-browser)/./node_modules/next/dist/next-devtools/shared/forward-logs-shared.js:27
[ 6717844ms] [LOG] [Fast Refresh] rebuilding @ webpack-internal:///(app-pages-browser)/./node_modules/next/dist/next-devtools/shared/forward-logs-shared.js:27
[ 6718145ms] [LOG] [Fast Refresh] done in 301ms @ webpack-internal:///(app-pages-browser)/./node_modules/next/dist/next-devtools/shared/forward-logs-shared.js:27
[ 6718321ms] [LOG] [Fast Refresh] done in 478ms @ webpack-internal:///(app-pages-browser)/./node_modules/next/dist/next-devtools/shared/forward-logs-shared.js:27
[ 6721429ms] [WARNING] The resource http://localhost:3000/_next/static/css/app/layout.css?v=1776626424368 was preloaded using link preload but not used within a few seconds from the window's load event. Please make sure it has an appropriate `as` value and it is preloaded intentionally. @ http://localhost:3000/campaign/cmmr6djjy0000ws482a52nc1y:0
[ 6729418ms] [LOG] [Fast Refresh] rebuilding @ webpack-internal:///(app-pages-browser)/./node_modules/next/dist/next-devtools/shared/forward-logs-shared.js:27
[ 6729706ms] [LOG] [Fast Refresh] done in 288ms @ webpack-internal:///(app-pages-browser)/./node_modules/next/dist/next-devtools/shared/forward-logs-shared.js:27
[ 6729707ms] [LOG] [Fast Refresh] rebuilding @ webpack-internal:///(app-pages-browser)/./node_modules/next/dist/next-devtools/shared/forward-logs-shared.js:27
[ 6729953ms] [LOG] [Fast Refresh] done in 247ms @ webpack-internal:///(app-pages-browser)/./node_modules/next/dist/next-devtools/shared/forward-logs-shared.js:27
[ 6733284ms] [WARNING] The resource http://localhost:3000/_next/static/css/app/layout.css?v=1776626424368 was preloaded using link preload but not used within a few seconds from the window's load event. Please make sure it has an appropriate `as` value and it is preloaded intentionally. @ http://localhost:3000/campaign/cmmr6djjy0000ws482a52nc1y:0
[ 6782729ms] [LOG] [Fast Refresh] rebuilding @ webpack-internal:///(app-pages-browser)/./node_modules/next/dist/next-devtools/shared/forward-logs-shared.js:27
[ 6782975ms] [LOG] [Fast Refresh] done in 246ms @ webpack-internal:///(app-pages-browser)/./node_modules/next/dist/next-devtools/shared/forward-logs-shared.js:27
[ 6782976ms] [LOG] [Fast Refresh] rebuilding @ webpack-internal:///(app-pages-browser)/./node_modules/next/dist/next-devtools/shared/forward-logs-shared.js:27
[ 6783329ms] [LOG] [Fast Refresh] done in 354ms @ webpack-internal:///(app-pages-browser)/./node_modules/next/dist/next-devtools/shared/forward-logs-shared.js:27
[ 6786694ms] [WARNING] The resource http://localhost:3000/_next/static/css/app/layout.css?v=1776626424368 was preloaded using link preload but not used within a few seconds from the window's load event. Please make sure it has an appropriate `as` value and it is preloaded intentionally. @ http://localhost:3000/campaign/cmmr6djjy0000ws482a52nc1y:0
[ 6793782ms] [LOG] [Fast Refresh] rebuilding @ webpack-internal:///(app-pages-browser)/./node_modules/next/dist/next-devtools/shared/forward-logs-shared.js:27
[ 6794024ms] [LOG] [Fast Refresh] done in 242ms @ webpack-internal:///(app-pages-browser)/./node_modules/next/dist/next-devtools/shared/forward-logs-shared.js:27
[ 6794025ms] [LOG] [Fast Refresh] rebuilding @ webpack-internal:///(app-pages-browser)/./node_modules/next/dist/next-devtools/shared/forward-logs-shared.js:27
[ 6794202ms] [LOG] [Fast Refresh] done in 176ms @ webpack-internal:///(app-pages-browser)/./node_modules/next/dist/next-devtools/shared/forward-logs-shared.js:27
[ 6797357ms] [WARNING] The resource http://localhost:3000/_next/static/css/app/layout.css?v=1776626424368 was preloaded using link preload but not used within a few seconds from the window's load event. Please make sure it has an appropriate `as` value and it is preloaded intentionally. @ http://localhost:3000/campaign/cmmr6djjy0000ws482a52nc1y:0
[ 6801791ms] [LOG] [Fast Refresh] rebuilding @ webpack-internal:///(app-pages-browser)/./node_modules/next/dist/next-devtools/shared/forward-logs-shared.js:27
[ 6802215ms] [LOG] [Fast Refresh] done in 425ms @ webpack-internal:///(app-pages-browser)/./node_modules/next/dist/next-devtools/shared/forward-logs-shared.js:27
[ 6802229ms] [LOG] [Fast Refresh] rebuilding @ webpack-internal:///(app-pages-browser)/./node_modules/next/dist/next-devtools/shared/forward-logs-shared.js:27
[ 6802539ms] [LOG] [Fast Refresh] done in 310ms @ webpack-internal:///(app-pages-browser)/./node_modules/next/dist/next-devtools/shared/forward-logs-shared.js:27
[ 6805696ms] [WARNING] The resource http://localhost:3000/_next/static/css/app/layout.css?v=1776626424368 was preloaded using link preload but not used within a few seconds from the window's load event. Please make sure it has an appropriate `as` value and it is preloaded intentionally. @ http://localhost:3000/campaign/cmmr6djjy0000ws482a52nc1y:0
[ 6829684ms] [LOG] [Fast Refresh] rebuilding @ webpack-internal:///(app-pages-browser)/./node_modules/next/dist/next-devtools/shared/forward-logs-shared.js:27
[ 6830373ms] [LOG] [Fast Refresh] done in 689ms @ webpack-internal:///(app-pages-browser)/./node_modules/next/dist/next-devtools/shared/forward-logs-shared.js:27
[ 6833527ms] [WARNING] The resource http://localhost:3000/_next/static/css/app/layout.css?v=1776626424368 was preloaded using link preload but not used within a few seconds from the window's load event. Please make sure it has an appropriate `as` value and it is preloaded intentionally. @ http://localhost:3000/campaign/cmmr6djjy0000ws482a52nc1y:0
[ 6860302ms] [LOG] [Fast Refresh] rebuilding @ webpack-internal:///(app-pages-browser)/./node_modules/next/dist/next-devtools/shared/forward-logs-shared.js:27
[ 6860723ms] [ERROR] The final argument passed to %s changed size between renders. The order and size of this array must remain constant.

Previous: %s
Incoming: %s useEffect [cmmr6djjy0000ws482a52nc1y] [cmmr6djjy0000ws482a52nc1y, ] @ webpack-internal:///(app-pages-browser)/./node_modules/next/dist/next-devtools/userspace/app/errors/intercept-console-error.js:51
[ 6860728ms] [LOG] [Fast Refresh] done in 425ms @ webpack-internal:///(app-pages-browser)/./node_modules/next/dist/next-devtools/shared/forward-logs-shared.js:27
[ 6863944ms] [WARNING] The resource http://localhost:3000/_next/static/css/app/layout.css?v=1776626424368 was preloaded using link preload but not used within a few seconds from the window's load event. Please make sure it has an appropriate `as` value and it is preloaded intentionally. @ http://localhost:3000/campaign/cmmr6djjy0000ws482a52nc1y:0
[ 6888547ms] [LOG] [Fast Refresh] rebuilding @ webpack-internal:///(app-pages-browser)/./node_modules/next/dist/next-devtools/shared/forward-logs-shared.js:27
[ 6889265ms] [LOG] [Fast Refresh] done in 719ms @ webpack-internal:///(app-pages-browser)/./node_modules/next/dist/next-devtools/shared/forward-logs-shared.js:27
[ 6892420ms] [WARNING] The resource http://localhost:3000/_next/static/css/app/layout.css?v=1776626424368 was preloaded using link preload but not used within a few seconds from the window's load event. Please make sure it has an appropriate `as` value and it is preloaded intentionally. @ http://localhost:3000/campaign/cmmr6djjy0000ws482a52nc1y:0
[ 6913664ms] [LOG] [Fast Refresh] rebuilding @ webpack-internal:///(app-pages-browser)/./node_modules/next/dist/next-devtools/shared/forward-logs-shared.js:27
[ 6913944ms] [LOG] [Fast Refresh] done in 279ms @ webpack-internal:///(app-pages-browser)/./node_modules/next/dist/next-devtools/shared/forward-logs-shared.js:27
[ 6913945ms] [LOG] [Fast Refresh] rebuilding @ webpack-internal:///(app-pages-browser)/./node_modules/next/dist/next-devtools/shared/forward-logs-shared.js:27
[ 6914279ms] [LOG] [Fast Refresh] done in 334ms @ webpack-internal:///(app-pages-browser)/./node_modules/next/dist/next-devtools/shared/forward-logs-shared.js:27
[ 6917419ms] [WARNING] The resource http://localhost:3000/_next/static/css/app/layout.css?v=1776626424368 was preloaded using link preload but not used within a few seconds from the window's load event. Please make sure it has an appropriate `as` value and it is preloaded intentionally. @ http://localhost:3000/campaign/cmmr6djjy0000ws482a52nc1y:0
[ 7156993ms] [LOG] [Fast Refresh] rebuilding @ webpack-internal:///(app-pages-browser)/./node_modules/next/dist/next-devtools/shared/forward-logs-shared.js:27
[ 7157538ms] [LOG] [Fast Refresh] done in 545ms @ webpack-internal:///(app-pages-browser)/./node_modules/next/dist/next-devtools/shared/forward-logs-shared.js:27
[ 7160782ms] [WARNING] The resource http://localhost:3000/_next/static/css/app/layout.css?v=1776626424368 was preloaded using link preload but not used within a few seconds from the window's load event. Please make sure it has an appropriate `as` value and it is preloaded intentionally. @ http://localhost:3000/campaign/cmmr6djjy0000ws482a52nc1y:0
[ 7208284ms] [LOG] [Fast Refresh] rebuilding @ webpack-internal:///(app-pages-browser)/./node_modules/next/dist/next-devtools/shared/forward-logs-shared.js:27
[ 7208507ms] [LOG] [Fast Refresh] done in 223ms @ webpack-internal:///(app-pages-browser)/./node_modules/next/dist/next-devtools/shared/forward-logs-shared.js:27
[ 7208508ms] [LOG] [Fast Refresh] rebuilding @ webpack-internal:///(app-pages-browser)/./node_modules/next/dist/next-devtools/shared/forward-logs-shared.js:27
[ 7208696ms] [LOG] [Fast Refresh] done in 187ms @ webpack-internal:///(app-pages-browser)/./node_modules/next/dist/next-devtools/shared/forward-logs-shared.js:27
[ 7211849ms] [WARNING] The resource http://localhost:3000/_next/static/css/app/layout.css?v=1776626424368 was preloaded using link preload but not used within a few seconds from the window's load event. Please make sure it has an appropriate `as` value and it is preloaded intentionally. @ http://localhost:3000/campaign/cmmr6djjy0000ws482a52nc1y:0
[ 7228795ms] [LOG] [Fast Refresh] rebuilding @ webpack-internal:///(app-pages-browser)/./node_modules/next/dist/next-devtools/shared/forward-logs-shared.js:27
[ 7229020ms] [LOG] [Fast Refresh] done in 225ms @ webpack-internal:///(app-pages-browser)/./node_modules/next/dist/next-devtools/shared/forward-logs-shared.js:27
[ 7229021ms] [LOG] [Fast Refresh] rebuilding @ webpack-internal:///(app-pages-browser)/./node_modules/next/dist/next-devtools/shared/forward-logs-shared.js:27
[ 7229193ms] [LOG] [Fast Refresh] done in 173ms @ webpack-internal:///(app-pages-browser)/./node_modules/next/dist/next-devtools/shared/forward-logs-shared.js:27
[ 7232334ms] [WARNING] The resource http://localhost:3000/_next/static/css/app/layout.css?v=1776626424368 was preloaded using link preload but not used within a few seconds from the window's load event. Please make sure it has an appropriate `as` value and it is preloaded intentionally. @ http://localhost:3000/campaign/cmmr6djjy0000ws482a52nc1y:0
[ 7258473ms] [LOG] [Fast Refresh] rebuilding @ webpack-internal:///(app-pages-browser)/./node_modules/next/dist/next-devtools/shared/forward-logs-shared.js:27
[ 7258689ms] [LOG] [Fast Refresh] rebuilding @ webpack-internal:///(app-pages-browser)/./node_modules/next/dist/next-devtools/shared/forward-logs-shared.js:27
[ 7258754ms] [LOG] [Fast Refresh] done in 64ms @ webpack-internal:///(app-pages-browser)/./node_modules/next/dist/next-devtools/shared/forward-logs-shared.js:27
[ 7258884ms] [LOG] [Fast Refresh] done in 194ms @ webpack-internal:///(app-pages-browser)/./node_modules/next/dist/next-devtools/shared/forward-logs-shared.js:27
[ 7262029ms] [WARNING] The resource http://localhost:3000/_next/static/css/app/layout.css?v=1776626424368 was preloaded using link preload but not used within a few seconds from the window's load event. Please make sure it has an appropriate `as` value and it is preloaded intentionally. @ http://localhost:3000/campaign/cmmr6djjy0000ws482a52nc1y:0
[ 7275375ms] [LOG] [Fast Refresh] rebuilding @ webpack-internal:///(app-pages-browser)/./node_modules/next/dist/next-devtools/shared/forward-logs-shared.js:27
[ 7275684ms] [LOG] [Fast Refresh] done in 309ms @ webpack-internal:///(app-pages-browser)/./node_modules/next/dist/next-devtools/shared/forward-logs-shared.js:27
[ 7278923ms] [WARNING] The resource http://localhost:3000/_next/static/css/app/layout.css?v=1776626424368 was preloaded using link preload but not used within a few seconds from the window's load event. Please make sure it has an appropriate `as` value and it is preloaded intentionally. @ http://localhost:3000/campaign/cmmr6djjy0000ws482a52nc1y:0
[ 7281429ms] [LOG] [Fast Refresh] rebuilding @ webpack-internal:///(app-pages-browser)/./node_modules/next/dist/next-devtools/shared/forward-logs-shared.js:27
[ 7281713ms] [LOG] [Fast Refresh] done in 284ms @ webpack-internal:///(app-pages-browser)/./node_modules/next/dist/next-devtools/shared/forward-logs-shared.js:27
[ 7281769ms] [LOG] [Fast Refresh] rebuilding @ webpack-internal:///(app-pages-browser)/./node_modules/next/dist/next-devtools/shared/forward-logs-shared.js:27
[ 7282129ms] [LOG] [Fast Refresh] done in 360ms @ webpack-internal:///(app-pages-browser)/./node_modules/next/dist/next-devtools/shared/forward-logs-shared.js:27
[ 7285298ms] [WARNING] The resource http://localhost:3000/_next/static/css/app/layout.css?v=1776626424368 was preloaded using link preload but not used within a few seconds from the window's load event. Please make sure it has an appropriate `as` value and it is preloaded intentionally. @ http://localhost:3000/campaign/cmmr6djjy0000ws482a52nc1y:0
[ 7454250ms] [INFO] %cDownload the React DevTools for a better development experience: https://react.dev/link/react-devtools font-weight:bold @ webpack-internal:///(app-pages-browser)/./node_modules/next/dist/next-devtools/shared/forward-logs-shared.js:27
[ 7454409ms] [LOG] [HMR] connected @ webpack-internal:///(app-pages-browser)/./node_modules/next/dist/next-devtools/shared/forward-logs-shared.js:27
[ 7461753ms] [WARNING] Canvas2D: Multiple readback operations using getImageData are faster with the willReadFrequently attribute set to true. See: https://html.spec.whatwg.org/multipage/canvas.html#concept-canvas-will-read-frequently @ webpack-internal:///(app-pages-browser)/./src/components/dice/DiceMesh.ts:191
[ 7461763ms] [WARNING] Canvas2D: Multiple readback operations using getImageData are faster with the willReadFrequently attribute set to true. See: https://html.spec.whatwg.org/multipage/canvas.html#concept-canvas-will-read-frequently @ webpack-internal:///(app-pages-browser)/./src/components/dice/DiceMesh.ts:191
[ 7461768ms] [WARNING] Canvas2D: Multiple readback operations using getImageData are faster with the willReadFrequently attribute set to true. See: https://html.spec.whatwg.org/multipage/canvas.html#concept-canvas-will-read-frequently @ webpack-internal:///(app-pages-browser)/./src/components/dice/DiceMesh.ts:191
[ 7461774ms] [WARNING] Canvas2D: Multiple readback operations using getImageData are faster with the willReadFrequently attribute set to true. See: https://html.spec.whatwg.org/multipage/canvas.html#concept-canvas-will-read-frequently @ webpack-internal:///(app-pages-browser)/./src/components/dice/DiceMesh.ts:191
[ 7461779ms] [WARNING] Canvas2D: Multiple readback operations using getImageData are faster with the willReadFrequently attribute set to true. See: https://html.spec.whatwg.org/multipage/canvas.html#concept-canvas-will-read-frequently @ webpack-internal:///(app-pages-browser)/./src/components/dice/DiceMesh.ts:191
[ 7461784ms] [WARNING] Canvas2D: Multiple readback operations using getImageData are faster with the willReadFrequently attribute set to true. See: https://html.spec.whatwg.org/multipage/canvas.html#concept-canvas-will-read-frequently @ webpack-internal:///(app-pages-browser)/./src/components/dice/DiceMesh.ts:191
[ 7461789ms] [WARNING] Canvas2D: Multiple readback operations using getImageData are faster with the willReadFrequently attribute set to true. See: https://html.spec.whatwg.org/multipage/canvas.html#concept-canvas-will-read-frequently @ webpack-internal:///(app-pages-browser)/./src/components/dice/DiceMesh.ts:191
[ 7461795ms] [WARNING] Canvas2D: Multiple readback operations using getImageData are faster with the willReadFrequently attribute set to true. See: https://html.spec.whatwg.org/multipage/canvas.html#concept-canvas-will-read-frequently @ webpack-internal:///(app-pages-browser)/./src/components/dice/DiceMesh.ts:191
[ 7461802ms] [WARNING] Canvas2D: Multiple readback operations using getImageData are faster with the willReadFrequently attribute set to true. See: https://html.spec.whatwg.org/multipage/canvas.html#concept-canvas-will-read-frequently @ webpack-internal:///(app-pages-browser)/./src/components/dice/DiceMesh.ts:191
[ 7461808ms] [WARNING] Canvas2D: Multiple readback operations using getImageData are faster with the willReadFrequently attribute set to true. See: https://html.spec.whatwg.org/multipage/canvas.html#concept-canvas-will-read-frequently @ webpack-internal:///(app-pages-browser)/./src/components/dice/DiceMesh.ts:191
[ 7461814ms] [WARNING] Canvas2D: Multiple readback operations using getImageData are faster with the willReadFrequently attribute set to true. See: https://html.spec.whatwg.org/multipage/canvas.html#concept-canvas-will-read-frequently @ webpack-internal:///(app-pages-browser)/./src/components/dice/DiceMesh.ts:191
[ 7461819ms] [WARNING] Canvas2D: Multiple readback operations using getImageData are faster with the willReadFrequently attribute set to true. See: https://html.spec.whatwg.org/multipage/canvas.html#concept-canvas-will-read-frequently @ webpack-internal:///(app-pages-browser)/./src/components/dice/DiceMesh.ts:191
[ 7461823ms] [WARNING] Canvas2D: Multiple readback operations using getImageData are faster with the willReadFrequently attribute set to true. See: https://html.spec.whatwg.org/multipage/canvas.html#concept-canvas-will-read-frequently @ webpack-internal:///(app-pages-browser)/./src/components/dice/DiceMesh.ts:191
[ 7461828ms] [WARNING] Canvas2D: Multiple readback operations using getImageData are faster with the willReadFrequently attribute set to true. See: https://html.spec.whatwg.org/multipage/canvas.html#concept-canvas-will-read-frequently @ webpack-internal:///(app-pages-browser)/./src/components/dice/DiceMesh.ts:191
[ 7461835ms] [WARNING] Canvas2D: Multiple readback operations using getImageData are faster with the willReadFrequently attribute set to true. See: https://html.spec.whatwg.org/multipage/canvas.html#concept-canvas-will-read-frequently @ webpack-internal:///(app-pages-browser)/./src/components/dice/DiceMesh.ts:191
[ 7461840ms] [WARNING] Canvas2D: Multiple readback operations using getImageData are faster with the willReadFrequently attribute set to true. See: https://html.spec.whatwg.org/multipage/canvas.html#concept-canvas-will-read-frequently @ webpack-internal:///(app-pages-browser)/./src/components/dice/DiceMesh.ts:191
[ 7461844ms] [WARNING] Canvas2D: Multiple readback operations using getImageData are faster with the willReadFrequently attribute set to true. See: https://html.spec.whatwg.org/multipage/canvas.html#concept-canvas-will-read-frequently @ webpack-internal:///(app-pages-browser)/./src/components/dice/DiceMesh.ts:191
[ 7461848ms] [WARNING] Canvas2D: Multiple readback operations using getImageData are faster with the willReadFrequently attribute set to true. See: https://html.spec.whatwg.org/multipage/canvas.html#concept-canvas-will-read-frequently @ webpack-internal:///(app-pages-browser)/./src/components/dice/DiceMesh.ts:191
[ 7461852ms] [WARNING] Canvas2D: Multiple readback operations using getImageData are faster with the willReadFrequently attribute set to true. See: https://html.spec.whatwg.org/multipage/canvas.html#concept-canvas-will-read-frequently @ webpack-internal:///(app-pages-browser)/./src/components/dice/DiceMesh.ts:191
[ 7461855ms] [WARNING] Canvas2D: Multiple readback operations using getImageData are faster with the willReadFrequently attribute set to true. See: https://html.spec.whatwg.org/multipage/canvas.html#concept-canvas-will-read-frequently @ webpack-internal:///(app-pages-browser)/./src/components/dice/DiceMesh.ts:191
[ 7461859ms] [WARNING] Canvas2D: Multiple readback operations using getImageData are faster with the willReadFrequently attribute set to true. See: https://html.spec.whatwg.org/multipage/canvas.html#concept-canvas-will-read-frequently @ webpack-internal:///(app-pages-browser)/./src/components/dice/DiceMesh.ts:191
[ 7461862ms] [WARNING] Canvas2D: Multiple readback operations using getImageData are faster with the willReadFrequently attribute set to true. See: https://html.spec.whatwg.org/multipage/canvas.html#concept-canvas-will-read-frequently @ webpack-internal:///(app-pages-browser)/./src/components/dice/DiceMesh.ts:191
[ 7461867ms] [WARNING] Canvas2D: Multiple readback operations using getImageData are faster with the willReadFrequently attribute set to true. See: https://html.spec.whatwg.org/multipage/canvas.html#concept-canvas-will-read-frequently @ webpack-internal:///(app-pages-browser)/./src/components/dice/DiceMesh.ts:191
[ 7461870ms] [WARNING] Canvas2D: Multiple readback operations using getImageData are faster with the willReadFrequently attribute set to true. See: https://html.spec.whatwg.org/multipage/canvas.html#concept-canvas-will-read-frequently @ webpack-internal:///(app-pages-browser)/./src/components/dice/DiceMesh.ts:191
[ 7461873ms] [WARNING] Canvas2D: Multiple readback operations using getImageData are faster with the willReadFrequently attribute set to true. See: https://html.spec.whatwg.org/multipage/canvas.html#concept-canvas-will-read-frequently @ webpack-internal:///(app-pages-browser)/./src/components/dice/DiceMesh.ts:191
[ 7461877ms] [WARNING] Canvas2D: Multiple readback operations using getImageData are faster with the willReadFrequently attribute set to true. See: https://html.spec.whatwg.org/multipage/canvas.html#concept-canvas-will-read-frequently @ webpack-internal:///(app-pages-browser)/./src/components/dice/DiceMesh.ts:191
[ 7461881ms] [WARNING] Canvas2D: Multiple readback operations using getImageData are faster with the willReadFrequently attribute set to true. See: https://html.spec.whatwg.org/multipage/canvas.html#concept-canvas-will-read-frequently @ webpack-internal:///(app-pages-browser)/./src/components/dice/DiceMesh.ts:191
[ 7461884ms] [WARNING] Canvas2D: Multiple readback operations using getImageData are faster with the willReadFrequently attribute set to true. See: https://html.spec.whatwg.org/multipage/canvas.html#concept-canvas-will-read-frequently @ webpack-internal:///(app-pages-browser)/./src/components/dice/DiceMesh.ts:191
[ 7461887ms] [WARNING] Canvas2D: Multiple readback operations using getImageData are faster with the willReadFrequently attribute set to true. See: https://html.spec.whatwg.org/multipage/canvas.html#concept-canvas-will-read-frequently @ webpack-internal:///(app-pages-browser)/./src/components/dice/DiceMesh.ts:191
[ 7461890ms] [WARNING] Canvas2D: Multiple readback operations using getImageData are faster with the willReadFrequently attribute set to true. See: https://html.spec.whatwg.org/multipage/canvas.html#concept-canvas-will-read-frequently @ webpack-internal:///(app-pages-browser)/./src/components/dice/DiceMesh.ts:191
[ 7461893ms] [WARNING] Canvas2D: Multiple readback operations using getImageData are faster with the willReadFrequently attribute set to true. See: https://html.spec.whatwg.org/multipage/canvas.html#concept-canvas-will-read-frequently @ webpack-internal:///(app-pages-browser)/./src/components/dice/DiceMesh.ts:191
[ 7461897ms] [WARNING] Canvas2D: Multiple readback operations using getImageData are faster with the willReadFrequently attribute set to true. See: https://html.spec.whatwg.org/multipage/canvas.html#concept-canvas-will-read-frequently @ webpack-internal:///(app-pages-browser)/./src/components/dice/DiceMesh.ts:191
[ 7461901ms] [WARNING] Canvas2D: Multiple readback operations using getImageData are faster with the willReadFrequently attribute set to true. See: https://html.spec.whatwg.org/multipage/canvas.html#concept-canvas-will-read-frequently @ webpack-internal:///(app-pages-browser)/./src/components/dice/DiceMesh.ts:191
[ 7461905ms] [WARNING] Canvas2D: Multiple readback operations using getImageData are faster with the willReadFrequently attribute set to true. See: https://html.spec.whatwg.org/multipage/canvas.html#concept-canvas-will-read-frequently @ webpack-internal:///(app-pages-browser)/./src/components/dice/DiceMesh.ts:191
[ 7461908ms] [WARNING] Canvas2D: Multiple readback operations using getImageData are faster with the willReadFrequently attribute set to true. See: https://html.spec.whatwg.org/multipage/canvas.html#concept-canvas-will-read-frequently @ webpack-internal:///(app-pages-browser)/./src/components/dice/DiceMesh.ts:191
[ 7461911ms] [WARNING] Canvas2D: Multiple readback operations using getImageData are faster with the willReadFrequently attribute set to true. See: https://html.spec.whatwg.org/multipage/canvas.html#concept-canvas-will-read-frequently @ webpack-internal:///(app-pages-browser)/./src/components/dice/DiceMesh.ts:191
[ 7461914ms] [WARNING] Canvas2D: Multiple readback operations using getImageData are faster with the willReadFrequently attribute set to true. See: https://html.spec.whatwg.org/multipage/canvas.html#concept-canvas-will-read-frequently @ webpack-internal:///(app-pages-browser)/./src/components/dice/DiceMesh.ts:191
[ 7461918ms] [WARNING] Canvas2D: Multiple readback operations using getImageData are faster with the willReadFrequently attribute set to true. See: https://html.spec.whatwg.org/multipage/canvas.html#concept-canvas-will-read-frequently @ webpack-internal:///(app-pages-browser)/./src/components/dice/DiceMesh.ts:191
[ 7461921ms] [WARNING] Canvas2D: Multiple readback operations using getImageData are faster with the willReadFrequently attribute set to true. See: https://html.spec.whatwg.org/multipage/canvas.html#concept-canvas-will-read-frequently @ webpack-internal:///(app-pages-browser)/./src/components/dice/DiceMesh.ts:191
[ 7461924ms] [WARNING] Canvas2D: Multiple readback operations using getImageData are faster with the willReadFrequently attribute set to true. See: https://html.spec.whatwg.org/multipage/canvas.html#concept-canvas-will-read-frequently @ webpack-internal:///(app-pages-browser)/./src/components/dice/DiceMesh.ts:191
[ 7461929ms] [WARNING] Canvas2D: Multiple readback operations using getImageData are faster with the willReadFrequently attribute set to true. See: https://html.spec.whatwg.org/multipage/canvas.html#concept-canvas-will-read-frequently @ webpack-internal:///(app-pages-browser)/./src/components/dice/DiceMesh.ts:191
[ 7461933ms] [WARNING] Canvas2D: Multiple readback operations using getImageData are faster with the willReadFrequently attribute set to true. See: https://html.spec.whatwg.org/multipage/canvas.html#concept-canvas-will-read-frequently @ webpack-internal:///(app-pages-browser)/./src/components/dice/DiceMesh.ts:191
[ 7461937ms] [WARNING] Canvas2D: Multiple readback operations using getImageData are faster with the willReadFrequently attribute set to true. See: https://html.spec.whatwg.org/multipage/canvas.html#concept-canvas-will-read-frequently @ webpack-internal:///(app-pages-browser)/./src/components/dice/DiceMesh.ts:191
[ 7461941ms] [WARNING] Canvas2D: Multiple readback operations using getImageData are faster with the willReadFrequently attribute set to true. See: https://html.spec.whatwg.org/multipage/canvas.html#concept-canvas-will-read-frequently @ webpack-internal:///(app-pages-browser)/./src/components/dice/DiceMesh.ts:191
[ 7461944ms] [WARNING] Canvas2D: Multiple readback operations using getImageData are faster with the willReadFrequently attribute set to true. See: https://html.spec.whatwg.org/multipage/canvas.html#concept-canvas-will-read-frequently @ webpack-internal:///(app-pages-browser)/./src/components/dice/DiceMesh.ts:191
[ 7461947ms] [WARNING] Canvas2D: Multiple readback operations using getImageData are faster with the willReadFrequently attribute set to true. See: https://html.spec.whatwg.org/multipage/canvas.html#concept-canvas-will-read-frequently @ webpack-internal:///(app-pages-browser)/./src/components/dice/DiceMesh.ts:191
[ 7461952ms] [WARNING] Canvas2D: Multiple readback operations using getImageData are faster with the willReadFrequently attribute set to true. See: https://html.spec.whatwg.org/multipage/canvas.html#concept-canvas-will-read-frequently @ webpack-internal:///(app-pages-browser)/./src/components/dice/DiceMesh.ts:191
[ 7461956ms] [WARNING] Canvas2D: Multiple readback operations using getImageData are faster with the willReadFrequently attribute set to true. See: https://html.spec.whatwg.org/multipage/canvas.html#concept-canvas-will-read-frequently @ webpack-internal:///(app-pages-browser)/./src/components/dice/DiceMesh.ts:191
[ 7461959ms] [WARNING] Canvas2D: Multiple readback operations using getImageData are faster with the willReadFrequently attribute set to true. See: https://html.spec.whatwg.org/multipage/canvas.html#concept-canvas-will-read-frequently @ webpack-internal:///(app-pages-browser)/./src/components/dice/DiceMesh.ts:191
[ 7461963ms] [WARNING] Canvas2D: Multiple readback operations using getImageData are faster with the willReadFrequently attribute set to true. See: https://html.spec.whatwg.org/multipage/canvas.html#concept-canvas-will-read-frequently @ webpack-internal:///(app-pages-browser)/./src/components/dice/DiceMesh.ts:191
[ 7461967ms] [WARNING] Canvas2D: Multiple readback operations using getImageData are faster with the willReadFrequently attribute set to true. See: https://html.spec.whatwg.org/multipage/canvas.html#concept-canvas-will-read-frequently @ webpack-internal:///(app-pages-browser)/./src/components/dice/DiceMesh.ts:191
[ 7461971ms] [WARNING] Canvas2D: Multiple readback operations using getImageData are faster with the willReadFrequently attribute set to true. See: https://html.spec.whatwg.org/multipage/canvas.html#concept-canvas-will-read-frequently @ webpack-internal:///(app-pages-browser)/./src/components/dice/DiceMesh.ts:191
[ 7461975ms] [WARNING] Canvas2D: Multiple readback operations using getImageData are faster with the willReadFrequently attribute set to true. See: https://html.spec.whatwg.org/multipage/canvas.html#concept-canvas-will-read-frequently @ webpack-internal:///(app-pages-browser)/./src/components/dice/DiceMesh.ts:191
[ 7461978ms] [WARNING] Canvas2D: Multiple readback operations using getImageData are faster with the willReadFrequently attribute set to true. See: https://html.spec.whatwg.org/multipage/canvas.html#concept-canvas-will-read-frequently @ webpack-internal:///(app-pages-browser)/./src/components/dice/DiceMesh.ts:191
[ 7461982ms] [WARNING] Canvas2D: Multiple readback operations using getImageData are faster with the willReadFrequently attribute set to true. See: https://html.spec.whatwg.org/multipage/canvas.html#concept-canvas-will-read-frequently @ webpack-internal:///(app-pages-browser)/./src/components/dice/DiceMesh.ts:191
[ 7461986ms] [WARNING] Canvas2D: Multiple readback operations using getImageData are faster with the willReadFrequently attribute set to true. See: https://html.spec.whatwg.org/multipage/canvas.html#concept-canvas-will-read-frequently @ webpack-internal:///(app-pages-browser)/./src/components/dice/DiceMesh.ts:191
[ 7461989ms] [WARNING] Canvas2D: Multiple readback operations using getImageData are faster with the willReadFrequently attribute set to true. See: https://html.spec.whatwg.org/multipage/canvas.html#concept-canvas-will-read-frequently @ webpack-internal:///(app-pages-browser)/./src/components/dice/DiceMesh.ts:191
[ 7461992ms] [WARNING] Canvas2D: Multiple readback operations using getImageData are faster with the willReadFrequently attribute set to true. See: https://html.spec.whatwg.org/multipage/canvas.html#concept-canvas-will-read-frequently @ webpack-internal:///(app-pages-browser)/./src/components/dice/DiceMesh.ts:191
[ 7461996ms] [WARNING] Canvas2D: Multiple readback operations using getImageData are faster with the willReadFrequently attribute set to true. See: https://html.spec.whatwg.org/multipage/canvas.html#concept-canvas-will-read-frequently @ webpack-internal:///(app-pages-browser)/./src/components/dice/DiceMesh.ts:191
[ 7462000ms] [WARNING] Canvas2D: Multiple readback operations using getImageData are faster with the willReadFrequently attribute set to true. See: https://html.spec.whatwg.org/multipage/canvas.html#concept-canvas-will-read-frequently @ webpack-internal:///(app-pages-browser)/./src/components/dice/DiceMesh.ts:191
[ 7462004ms] [WARNING] Canvas2D: Multiple readback operations using getImageData are faster with the willReadFrequently attribute set to true. See: https://html.spec.whatwg.org/multipage/canvas.html#concept-canvas-will-read-frequently @ webpack-internal:///(app-pages-browser)/./src/components/dice/DiceMesh.ts:191
[ 7462009ms] [WARNING] Canvas2D: Multiple readback operations using getImageData are faster with the willReadFrequently attribute set to true. See: https://html.spec.whatwg.org/multipage/canvas.html#concept-canvas-will-read-frequently @ webpack-internal:///(app-pages-browser)/./src/components/dice/DiceMesh.ts:191
[ 7462013ms] [WARNING] Canvas2D: Multiple readback operations using getImageData are faster with the willReadFrequently attribute set to true. See: https://html.spec.whatwg.org/multipage/canvas.html#concept-canvas-will-read-frequently @ webpack-internal:///(app-pages-browser)/./src/components/dice/DiceMesh.ts:191
[ 7462017ms] [WARNING] Canvas2D: Multiple readback operations using getImageData are faster with the willReadFrequently attribute set to true. See: https://html.spec.whatwg.org/multipage/canvas.html#concept-canvas-will-read-frequently @ webpack-internal:///(app-pages-browser)/./src/components/dice/DiceMesh.ts:191
[ 7462020ms] [WARNING] Canvas2D: Multiple readback operations using getImageData are faster with the willReadFrequently attribute set to true. See: https://html.spec.whatwg.org/multipage/canvas.html#concept-canvas-will-read-frequently @ webpack-internal:///(app-pages-browser)/./src/components/dice/DiceMesh.ts:191
[ 7462024ms] [WARNING] Canvas2D: Multiple readback operations using getImageData are faster with the willReadFrequently attribute set to true. See: https://html.spec.whatwg.org/multipage/canvas.html#concept-canvas-will-read-frequently @ webpack-internal:///(app-pages-browser)/./src/components/dice/DiceMesh.ts:191
[ 7462027ms] [WARNING] Canvas2D: Multiple readback operations using getImageData are faster with the willReadFrequently attribute set to true. See: https://html.spec.whatwg.org/multipage/canvas.html#concept-canvas-will-read-frequently @ webpack-internal:///(app-pages-browser)/./src/components/dice/DiceMesh.ts:191
[ 7462031ms] [WARNING] Canvas2D: Multiple readback operations using getImageData are faster with the willReadFrequently attribute set to true. See: https://html.spec.whatwg.org/multipage/canvas.html#concept-canvas-will-read-frequently @ webpack-internal:///(app-pages-browser)/./src/components/dice/DiceMesh.ts:191
[ 7462034ms] [WARNING] Canvas2D: Multiple readback operations using getImageData are faster with the willReadFrequently attribute set to true. See: https://html.spec.whatwg.org/multipage/canvas.html#concept-canvas-will-read-frequently @ webpack-internal:///(app-pages-browser)/./src/components/dice/DiceMesh.ts:191
[ 7462037ms] [WARNING] Canvas2D: Multiple readback operations using getImageData are faster with the willReadFrequently attribute set to true. See: https://html.spec.whatwg.org/multipage/canvas.html#concept-canvas-will-read-frequently @ webpack-internal:///(app-pages-browser)/./src/components/dice/DiceMesh.ts:191
[ 7462041ms] [WARNING] Canvas2D: Multiple readback operations using getImageData are faster with the willReadFrequently attribute set to true. See: https://html.spec.whatwg.org/multipage/canvas.html#concept-canvas-will-read-frequently @ webpack-internal:///(app-pages-browser)/./src/components/dice/DiceMesh.ts:191
[ 7462044ms] [WARNING] Canvas2D: Multiple readback operations using getImageData are faster with the willReadFrequently attribute set to true. See: https://html.spec.whatwg.org/multipage/canvas.html#concept-canvas-will-read-frequently @ webpack-internal:///(app-pages-browser)/./src/components/dice/DiceMesh.ts:191
[ 7462047ms] [WARNING] Canvas2D: Multiple readback operations using getImageData are faster with the willReadFrequently attribute set to true. See: https://html.spec.whatwg.org/multipage/canvas.html#concept-canvas-will-read-frequently @ webpack-internal:///(app-pages-browser)/./src/components/dice/DiceMesh.ts:191
[ 7462051ms] [WARNING] Canvas2D: Multiple readback operations using getImageData are faster with the willReadFrequently attribute set to true. See: https://html.spec.whatwg.org/multipage/canvas.html#concept-canvas-will-read-frequently @ webpack-internal:///(app-pages-browser)/./src/components/dice/DiceMesh.ts:191
[ 7462056ms] [WARNING] Canvas2D: Multiple readback operations using getImageData are faster with the willReadFrequently attribute set to true. See: https://html.spec.whatwg.org/multipage/canvas.html#concept-canvas-will-read-frequently @ webpack-internal:///(app-pages-browser)/./src/components/dice/DiceMesh.ts:191
[ 7462060ms] [WARNING] Canvas2D: Multiple readback operations using getImageData are faster with the willReadFrequently attribute set to true. See: https://html.spec.whatwg.org/multipage/canvas.html#concept-canvas-will-read-frequently @ webpack-internal:///(app-pages-browser)/./src/components/dice/DiceMesh.ts:191
[ 7729413ms] [LOG] [Fast Refresh] rebuilding @ webpack-internal:///(app-pages-browser)/./node_modules/next/dist/next-devtools/shared/forward-logs-shared.js:27
[ 7730543ms] [LOG] [Fast Refresh] done in 1130ms @ webpack-internal:///(app-pages-browser)/./node_modules/next/dist/next-devtools/shared/forward-logs-shared.js:27
[ 7738562ms] [LOG] [Fast Refresh] rebuilding @ webpack-internal:///(app-pages-browser)/./node_modules/next/dist/next-devtools/shared/forward-logs-shared.js:27
[ 7738814ms] [LOG] [Fast Refresh] done in 251ms @ webpack-internal:///(app-pages-browser)/./node_modules/next/dist/next-devtools/shared/forward-logs-shared.js:27
[ 7738815ms] [LOG] [Fast Refresh] rebuilding @ webpack-internal:///(app-pages-browser)/./node_modules/next/dist/next-devtools/shared/forward-logs-shared.js:27
[ 7738987ms] [LOG] [Fast Refresh] done in 172ms @ webpack-internal:///(app-pages-browser)/./node_modules/next/dist/next-devtools/shared/forward-logs-shared.js:27
[ 7756419ms] [LOG] [Fast Refresh] rebuilding @ webpack-internal:///(app-pages-browser)/./node_modules/next/dist/next-devtools/shared/forward-logs-shared.js:27
[ 7756652ms] [LOG] [Fast Refresh] done in 233ms @ webpack-internal:///(app-pages-browser)/./node_modules/next/dist/next-devtools/shared/forward-logs-shared.js:27
[ 7756653ms] [LOG] [Fast Refresh] rebuilding @ webpack-internal:///(app-pages-browser)/./node_modules/next/dist/next-devtools/shared/forward-logs-shared.js:27
[ 7756834ms] [LOG] [Fast Refresh] done in 181ms @ webpack-internal:///(app-pages-browser)/./node_modules/next/dist/next-devtools/shared/forward-logs-shared.js:27
[ 7780496ms] [LOG] [Fast Refresh] rebuilding @ webpack-internal:///(app-pages-browser)/./node_modules/next/dist/next-devtools/shared/forward-logs-shared.js:27
[ 7781093ms] [LOG] [Fast Refresh] done in 597ms @ webpack-internal:///(app-pages-browser)/./node_modules/next/dist/next-devtools/shared/forward-logs-shared.js:27
[ 7805846ms] [LOG] [Fast Refresh] rebuilding @ webpack-internal:///(app-pages-browser)/./node_modules/next/dist/next-devtools/shared/forward-logs-shared.js:27
[ 7806254ms] [LOG] [Fast Refresh] done in 408ms @ webpack-internal:///(app-pages-browser)/./node_modules/next/dist/next-devtools/shared/forward-logs-shared.js:27
[ 7806265ms] [LOG] [Fast Refresh] rebuilding @ webpack-internal:///(app-pages-browser)/./node_modules/next/dist/next-devtools/shared/forward-logs-shared.js:27
[ 7806774ms] [LOG] [Fast Refresh] done in 509ms @ webpack-internal:///(app-pages-browser)/./node_modules/next/dist/next-devtools/shared/forward-logs-shared.js:27
[ 7827455ms] [INFO] %cDownload the React DevTools for a better development experience: https://react.dev/link/react-devtools font-weight:bold @ webpack-internal:///(app-pages-browser)/./node_modules/next/dist/next-devtools/shared/forward-logs-shared.js:27
[ 7827618ms] [LOG] [HMR] connected @ webpack-internal:///(app-pages-browser)/./node_modules/next/dist/next-devtools/shared/forward-logs-shared.js:27
[ 7835905ms] [WARNING] Canvas2D: Multiple readback operations using getImageData are faster with the willReadFrequently attribute set to true. See: https://html.spec.whatwg.org/multipage/canvas.html#concept-canvas-will-read-frequently @ webpack-internal:///(app-pages-browser)/./src/components/dice/DiceMesh.ts:191
[ 7835908ms] [WARNING] Canvas2D: Multiple readback operations using getImageData are faster with the willReadFrequently attribute set to true. See: https://html.spec.whatwg.org/multipage/canvas.html#concept-canvas-will-read-frequently @ webpack-internal:///(app-pages-browser)/./src/components/dice/DiceMesh.ts:191
[ 7835911ms] [WARNING] Canvas2D: Multiple readback operations using getImageData are faster with the willReadFrequently attribute set to true. See: https://html.spec.whatwg.org/multipage/canvas.html#concept-canvas-will-read-frequently @ webpack-internal:///(app-pages-browser)/./src/components/dice/DiceMesh.ts:191
[ 7835914ms] [WARNING] Canvas2D: Multiple readback operations using getImageData are faster with the willReadFrequently attribute set to true. See: https://html.spec.whatwg.org/multipage/canvas.html#concept-canvas-will-read-frequently @ webpack-internal:///(app-pages-browser)/./src/components/dice/DiceMesh.ts:191
[ 7835917ms] [WARNING] Canvas2D: Multiple readback operations using getImageData are faster with the willReadFrequently attribute set to true. See: https://html.spec.whatwg.org/multipage/canvas.html#concept-canvas-will-read-frequently @ webpack-internal:///(app-pages-browser)/./src/components/dice/DiceMesh.ts:191
[ 7835919ms] [WARNING] Canvas2D: Multiple readback operations using getImageData are faster with the willReadFrequently attribute set to true. See: https://html.spec.whatwg.org/multipage/canvas.html#concept-canvas-will-read-frequently @ webpack-internal:///(app-pages-browser)/./src/components/dice/DiceMesh.ts:191
[ 7835921ms] [WARNING] Canvas2D: Multiple readback operations using getImageData are faster with the willReadFrequently attribute set to true. See: https://html.spec.whatwg.org/multipage/canvas.html#concept-canvas-will-read-frequently @ webpack-internal:///(app-pages-browser)/./src/components/dice/DiceMesh.ts:191
[ 7835924ms] [WARNING] Canvas2D: Multiple readback operations using getImageData are faster with the willReadFrequently attribute set to true. See: https://html.spec.whatwg.org/multipage/canvas.html#concept-canvas-will-read-frequently @ webpack-internal:///(app-pages-browser)/./src/components/dice/DiceMesh.ts:191
[ 7835926ms] [WARNING] Canvas2D: Multiple readback operations using getImageData are faster with the willReadFrequently attribute set to true. See: https://html.spec.whatwg.org/multipage/canvas.html#concept-canvas-will-read-frequently @ webpack-internal:///(app-pages-browser)/./src/components/dice/DiceMesh.ts:191
[ 7835928ms] [WARNING] Canvas2D: Multiple readback operations using getImageData are faster with the willReadFrequently attribute set to true. See: https://html.spec.whatwg.org/multipage/canvas.html#concept-canvas-will-read-frequently @ webpack-internal:///(app-pages-browser)/./src/components/dice/DiceMesh.ts:191
[ 7835931ms] [WARNING] Canvas2D: Multiple readback operations using getImageData are faster with the willReadFrequently attribute set to true. See: https://html.spec.whatwg.org/multipage/canvas.html#concept-canvas-will-read-frequently @ webpack-internal:///(app-pages-browser)/./src/components/dice/DiceMesh.ts:191
[ 7835934ms] [WARNING] Canvas2D: Multiple readback operations using getImageData are faster with the willReadFrequently attribute set to true. See: https://html.spec.whatwg.org/multipage/canvas.html#concept-canvas-will-read-frequently @ webpack-internal:///(app-pages-browser)/./src/components/dice/DiceMesh.ts:191
[ 7835936ms] [WARNING] Canvas2D: Multiple readback operations using getImageData are faster with the willReadFrequently attribute set to true. See: https://html.spec.whatwg.org/multipage/canvas.html#concept-canvas-will-read-frequently @ webpack-internal:///(app-pages-browser)/./src/components/dice/DiceMesh.ts:191
[ 7835938ms] [WARNING] Canvas2D: Multiple readback operations using getImageData are faster with the willReadFrequently attribute set to true. See: https://html.spec.whatwg.org/multipage/canvas.html#concept-canvas-will-read-frequently @ webpack-internal:///(app-pages-browser)/./src/components/dice/DiceMesh.ts:191
[ 7835940ms] [WARNING] Canvas2D: Multiple readback operations using getImageData are faster with the willReadFrequently attribute set to true. See: https://html.spec.whatwg.org/multipage/canvas.html#concept-canvas-will-read-frequently @ webpack-internal:///(app-pages-browser)/./src/components/dice/DiceMesh.ts:191
[ 7835942ms] [WARNING] Canvas2D: Multiple readback operations using getImageData are faster with the willReadFrequently attribute set to true. See: https://html.spec.whatwg.org/multipage/canvas.html#concept-canvas-will-read-frequently @ webpack-internal:///(app-pages-browser)/./src/components/dice/DiceMesh.ts:191
[ 7835944ms] [WARNING] Canvas2D: Multiple readback operations using getImageData are faster with the willReadFrequently attribute set to true. See: https://html.spec.whatwg.org/multipage/canvas.html#concept-canvas-will-read-frequently @ webpack-internal:///(app-pages-browser)/./src/components/dice/DiceMesh.ts:191
[ 7835946ms] [WARNING] Canvas2D: Multiple readback operations using getImageData are faster with the willReadFrequently attribute set to true. See: https://html.spec.whatwg.org/multipage/canvas.html#concept-canvas-will-read-frequently @ webpack-internal:///(app-pages-browser)/./src/components/dice/DiceMesh.ts:191
[ 7835949ms] [WARNING] Canvas2D: Multiple readback operations using getImageData are faster with the willReadFrequently attribute set to true. See: https://html.spec.whatwg.org/multipage/canvas.html#concept-canvas-will-read-frequently @ webpack-internal:///(app-pages-browser)/./src/components/dice/DiceMesh.ts:191
[ 7835952ms] [WARNING] Canvas2D: Multiple readback operations using getImageData are faster with the willReadFrequently attribute set to true. See: https://html.spec.whatwg.org/multipage/canvas.html#concept-canvas-will-read-frequently @ webpack-internal:///(app-pages-browser)/./src/components/dice/DiceMesh.ts:191
[ 7835954ms] [WARNING] Canvas2D: Multiple readback operations using getImageData are faster with the willReadFrequently attribute set to true. See: https://html.spec.whatwg.org/multipage/canvas.html#concept-canvas-will-read-frequently @ webpack-internal:///(app-pages-browser)/./src/components/dice/DiceMesh.ts:191
[ 7835956ms] [WARNING] Canvas2D: Multiple readback operations using getImageData are faster with the willReadFrequently attribute set to true. See: https://html.spec.whatwg.org/multipage/canvas.html#concept-canvas-will-read-frequently @ webpack-internal:///(app-pages-browser)/./src/components/dice/DiceMesh.ts:191
[ 7835959ms] [WARNING] Canvas2D: Multiple readback operations using getImageData are faster with the willReadFrequently attribute set to true. See: https://html.spec.whatwg.org/multipage/canvas.html#concept-canvas-will-read-frequently @ webpack-internal:///(app-pages-browser)/./src/components/dice/DiceMesh.ts:191
[ 7835964ms] [WARNING] Canvas2D: Multiple readback operations using getImageData are faster with the willReadFrequently attribute set to true. See: https://html.spec.whatwg.org/multipage/canvas.html#concept-canvas-will-read-frequently @ webpack-internal:///(app-pages-browser)/./src/components/dice/DiceMesh.ts:191
[ 7835967ms] [WARNING] Canvas2D: Multiple readback operations using getImageData are faster with the willReadFrequently attribute set to true. See: https://html.spec.whatwg.org/multipage/canvas.html#concept-canvas-will-read-frequently @ webpack-internal:///(app-pages-browser)/./src/components/dice/DiceMesh.ts:191
[ 7835971ms] [WARNING] Canvas2D: Multiple readback operations using getImageData are faster with the willReadFrequently attribute set to true. See: https://html.spec.whatwg.org/multipage/canvas.html#concept-canvas-will-read-frequently @ webpack-internal:///(app-pages-browser)/./src/components/dice/DiceMesh.ts:191
[ 7835973ms] [WARNING] Canvas2D: Multiple readback operations using getImageData are faster with the willReadFrequently attribute set to true. See: https://html.spec.whatwg.org/multipage/canvas.html#concept-canvas-will-read-frequently @ webpack-internal:///(app-pages-browser)/./src/components/dice/DiceMesh.ts:191
[ 7835976ms] [WARNING] Canvas2D: Multiple readback operations using getImageData are faster with the willReadFrequently attribute set to true. See: https://html.spec.whatwg.org/multipage/canvas.html#concept-canvas-will-read-frequently @ webpack-internal:///(app-pages-browser)/./src/components/dice/DiceMesh.ts:191
[ 7835979ms] [WARNING] Canvas2D: Multiple readback operations using getImageData are faster with the willReadFrequently attribute set to true. See: https://html.spec.whatwg.org/multipage/canvas.html#concept-canvas-will-read-frequently @ webpack-internal:///(app-pages-browser)/./src/components/dice/DiceMesh.ts:191
[ 7835983ms] [WARNING] Canvas2D: Multiple readback operations using getImageData are faster with the willReadFrequently attribute set to true. See: https://html.spec.whatwg.org/multipage/canvas.html#concept-canvas-will-read-frequently @ webpack-internal:///(app-pages-browser)/./src/components/dice/DiceMesh.ts:191
[ 7835987ms] [WARNING] Canvas2D: Multiple readback operations using getImageData are faster with the willReadFrequently attribute set to true. See: https://html.spec.whatwg.org/multipage/canvas.html#concept-canvas-will-read-frequently @ webpack-internal:///(app-pages-browser)/./src/components/dice/DiceMesh.ts:191
[ 7835990ms] [WARNING] Canvas2D: Multiple readback operations using getImageData are faster with the willReadFrequently attribute set to true. See: https://html.spec.whatwg.org/multipage/canvas.html#concept-canvas-will-read-frequently @ webpack-internal:///(app-pages-browser)/./src/components/dice/DiceMesh.ts:191
[ 7835992ms] [WARNING] Canvas2D: Multiple readback operations using getImageData are faster with the willReadFrequently attribute set to true. See: https://html.spec.whatwg.org/multipage/canvas.html#concept-canvas-will-read-frequently @ webpack-internal:///(app-pages-browser)/./src/components/dice/DiceMesh.ts:191
[ 7835995ms] [WARNING] Canvas2D: Multiple readback operations using getImageData are faster with the willReadFrequently attribute set to true. See: https://html.spec.whatwg.org/multipage/canvas.html#concept-canvas-will-read-frequently @ webpack-internal:///(app-pages-browser)/./src/components/dice/DiceMesh.ts:191
[ 7835999ms] [WARNING] Canvas2D: Multiple readback operations using getImageData are faster with the willReadFrequently attribute set to true. See: https://html.spec.whatwg.org/multipage/canvas.html#concept-canvas-will-read-frequently @ webpack-internal:///(app-pages-browser)/./src/components/dice/DiceMesh.ts:191
[ 7836002ms] [WARNING] Canvas2D: Multiple readback operations using getImageData are faster with the willReadFrequently attribute set to true. See: https://html.spec.whatwg.org/multipage/canvas.html#concept-canvas-will-read-frequently @ webpack-internal:///(app-pages-browser)/./src/components/dice/DiceMesh.ts:191
[ 7836005ms] [WARNING] Canvas2D: Multiple readback operations using getImageData are faster with the willReadFrequently attribute set to true. See: https://html.spec.whatwg.org/multipage/canvas.html#concept-canvas-will-read-frequently @ webpack-internal:///(app-pages-browser)/./src/components/dice/DiceMesh.ts:191
[ 7836008ms] [WARNING] Canvas2D: Multiple readback operations using getImageData are faster with the willReadFrequently attribute set to true. See: https://html.spec.whatwg.org/multipage/canvas.html#concept-canvas-will-read-frequently @ webpack-internal:///(app-pages-browser)/./src/components/dice/DiceMesh.ts:191
[ 7836011ms] [WARNING] Canvas2D: Multiple readback operations using getImageData are faster with the willReadFrequently attribute set to true. See: https://html.spec.whatwg.org/multipage/canvas.html#concept-canvas-will-read-frequently @ webpack-internal:///(app-pages-browser)/./src/components/dice/DiceMesh.ts:191
[ 7836014ms] [WARNING] Canvas2D: Multiple readback operations using getImageData are faster with the willReadFrequently attribute set to true. See: https://html.spec.whatwg.org/multipage/canvas.html#concept-canvas-will-read-frequently @ webpack-internal:///(app-pages-browser)/./src/components/dice/DiceMesh.ts:191
[ 7836018ms] [WARNING] Canvas2D: Multiple readback operations using getImageData are faster with the willReadFrequently attribute set to true. See: https://html.spec.whatwg.org/multipage/canvas.html#concept-canvas-will-read-frequently @ webpack-internal:///(app-pages-browser)/./src/components/dice/DiceMesh.ts:191
[ 7836020ms] [WARNING] Canvas2D: Multiple readback operations using getImageData are faster with the willReadFrequently attribute set to true. See: https://html.spec.whatwg.org/multipage/canvas.html#concept-canvas-will-read-frequently @ webpack-internal:///(app-pages-browser)/./src/components/dice/DiceMesh.ts:191
[ 7836023ms] [WARNING] Canvas2D: Multiple readback operations using getImageData are faster with the willReadFrequently attribute set to true. See: https://html.spec.whatwg.org/multipage/canvas.html#concept-canvas-will-read-frequently @ webpack-internal:///(app-pages-browser)/./src/components/dice/DiceMesh.ts:191
[ 7836027ms] [WARNING] Canvas2D: Multiple readback operations using getImageData are faster with the willReadFrequently attribute set to true. See: https://html.spec.whatwg.org/multipage/canvas.html#concept-canvas-will-read-frequently @ webpack-internal:///(app-pages-browser)/./src/components/dice/DiceMesh.ts:191
[ 7836029ms] [WARNING] Canvas2D: Multiple readback operations using getImageData are faster with the willReadFrequently attribute set to true. See: https://html.spec.whatwg.org/multipage/canvas.html#concept-canvas-will-read-frequently @ webpack-internal:///(app-pages-browser)/./src/components/dice/DiceMesh.ts:191
[ 7836033ms] [WARNING] Canvas2D: Multiple readback operations using getImageData are faster with the willReadFrequently attribute set to true. See: https://html.spec.whatwg.org/multipage/canvas.html#concept-canvas-will-read-frequently @ webpack-internal:///(app-pages-browser)/./src/components/dice/DiceMesh.ts:191
[ 7836036ms] [WARNING] Canvas2D: Multiple readback operations using getImageData are faster with the willReadFrequently attribute set to true. See: https://html.spec.whatwg.org/multipage/canvas.html#concept-canvas-will-read-frequently @ webpack-internal:///(app-pages-browser)/./src/components/dice/DiceMesh.ts:191
[ 7836039ms] [WARNING] Canvas2D: Multiple readback operations using getImageData are faster with the willReadFrequently attribute set to true. See: https://html.spec.whatwg.org/multipage/canvas.html#concept-canvas-will-read-frequently @ webpack-internal:///(app-pages-browser)/./src/components/dice/DiceMesh.ts:191
[ 7836041ms] [WARNING] Canvas2D: Multiple readback operations using getImageData are faster with the willReadFrequently attribute set to true. See: https://html.spec.whatwg.org/multipage/canvas.html#concept-canvas-will-read-frequently @ webpack-internal:///(app-pages-browser)/./src/components/dice/DiceMesh.ts:191
[ 7836045ms] [WARNING] Canvas2D: Multiple readback operations using getImageData are faster with the willReadFrequently attribute set to true. See: https://html.spec.whatwg.org/multipage/canvas.html#concept-canvas-will-read-frequently @ webpack-internal:///(app-pages-browser)/./src/components/dice/DiceMesh.ts:191
[ 7836048ms] [WARNING] Canvas2D: Multiple readback operations using getImageData are faster with the willReadFrequently attribute set to true. See: https://html.spec.whatwg.org/multipage/canvas.html#concept-canvas-will-read-frequently @ webpack-internal:///(app-pages-browser)/./src/components/dice/DiceMesh.ts:191
[ 7836053ms] [WARNING] Canvas2D: Multiple readback operations using getImageData are faster with the willReadFrequently attribute set to true. See: https://html.spec.whatwg.org/multipage/canvas.html#concept-canvas-will-read-frequently @ webpack-internal:///(app-pages-browser)/./src/components/dice/DiceMesh.ts:191
[ 7836057ms] [WARNING] Canvas2D: Multiple readback operations using getImageData are faster with the willReadFrequently attribute set to true. See: https://html.spec.whatwg.org/multipage/canvas.html#concept-canvas-will-read-frequently @ webpack-internal:///(app-pages-browser)/./src/components/dice/DiceMesh.ts:191
[ 7836060ms] [WARNING] Canvas2D: Multiple readback operations using getImageData are faster with the willReadFrequently attribute set to true. See: https://html.spec.whatwg.org/multipage/canvas.html#concept-canvas-will-read-frequently @ webpack-internal:///(app-pages-browser)/./src/components/dice/DiceMesh.ts:191
[ 7836064ms] [WARNING] Canvas2D: Multiple readback operations using getImageData are faster with the willReadFrequently attribute set to true. See: https://html.spec.whatwg.org/multipage/canvas.html#concept-canvas-will-read-frequently @ webpack-internal:///(app-pages-browser)/./src/components/dice/DiceMesh.ts:191
[ 7836068ms] [WARNING] Canvas2D: Multiple readback operations using getImageData are faster with the willReadFrequently attribute set to true. See: https://html.spec.whatwg.org/multipage/canvas.html#concept-canvas-will-read-frequently @ webpack-internal:///(app-pages-browser)/./src/components/dice/DiceMesh.ts:191
[ 7836071ms] [WARNING] Canvas2D: Multiple readback operations using getImageData are faster with the willReadFrequently attribute set to true. See: https://html.spec.whatwg.org/multipage/canvas.html#concept-canvas-will-read-frequently @ webpack-internal:///(app-pages-browser)/./src/components/dice/DiceMesh.ts:191
[ 7836073ms] [WARNING] Canvas2D: Multiple readback operations using getImageData are faster with the willReadFrequently attribute set to true. See: https://html.spec.whatwg.org/multipage/canvas.html#concept-canvas-will-read-frequently @ webpack-internal:///(app-pages-browser)/./src/components/dice/DiceMesh.ts:191
[ 7836077ms] [WARNING] Canvas2D: Multiple readback operations using getImageData are faster with the willReadFrequently attribute set to true. See: https://html.spec.whatwg.org/multipage/canvas.html#concept-canvas-will-read-frequently @ webpack-internal:///(app-pages-browser)/./src/components/dice/DiceMesh.ts:191
[ 7836079ms] [WARNING] Canvas2D: Multiple readback operations using getImageData are faster with the willReadFrequently attribute set to true. See: https://html.spec.whatwg.org/multipage/canvas.html#concept-canvas-will-read-frequently @ webpack-internal:///(app-pages-browser)/./src/components/dice/DiceMesh.ts:191
[ 7836083ms] [WARNING] Canvas2D: Multiple readback operations using getImageData are faster with the willReadFrequently attribute set to true. See: https://html.spec.whatwg.org/multipage/canvas.html#concept-canvas-will-read-frequently @ webpack-internal:///(app-pages-browser)/./src/components/dice/DiceMesh.ts:191
[ 7836087ms] [WARNING] Canvas2D: Multiple readback operations using getImageData are faster with the willReadFrequently attribute set to true. See: https://html.spec.whatwg.org/multipage/canvas.html#concept-canvas-will-read-frequently @ webpack-internal:///(app-pages-browser)/./src/components/dice/DiceMesh.ts:191
[ 7836089ms] [WARNING] Canvas2D: Multiple readback operations using getImageData are faster with the willReadFrequently attribute set to true. See: https://html.spec.whatwg.org/multipage/canvas.html#concept-canvas-will-read-frequently @ webpack-internal:///(app-pages-browser)/./src/components/dice/DiceMesh.ts:191
[ 7836092ms] [WARNING] Canvas2D: Multiple readback operations using getImageData are faster with the willReadFrequently attribute set to true. See: https://html.spec.whatwg.org/multipage/canvas.html#concept-canvas-will-read-frequently @ webpack-internal:///(app-pages-browser)/./src/components/dice/DiceMesh.ts:191
[ 7836095ms] [WARNING] Canvas2D: Multiple readback operations using getImageData are faster with the willReadFrequently attribute set to true. See: https://html.spec.whatwg.org/multipage/canvas.html#concept-canvas-will-read-frequently @ webpack-internal:///(app-pages-browser)/./src/components/dice/DiceMesh.ts:191
[ 7836098ms] [WARNING] Canvas2D: Multiple readback operations using getImageData are faster with the willReadFrequently attribute set to true. See: https://html.spec.whatwg.org/multipage/canvas.html#concept-canvas-will-read-frequently @ webpack-internal:///(app-pages-browser)/./src/components/dice/DiceMesh.ts:191
[ 7836102ms] [WARNING] Canvas2D: Multiple readback operations using getImageData are faster with the willReadFrequently attribute set to true. See: https://html.spec.whatwg.org/multipage/canvas.html#concept-canvas-will-read-frequently @ webpack-internal:///(app-pages-browser)/./src/components/dice/DiceMesh.ts:191
[ 7836105ms] [WARNING] Canvas2D: Multiple readback operations using getImageData are faster with the willReadFrequently attribute set to true. See: https://html.spec.whatwg.org/multipage/canvas.html#concept-canvas-will-read-frequently @ webpack-internal:///(app-pages-browser)/./src/components/dice/DiceMesh.ts:191
[ 7836107ms] [WARNING] Canvas2D: Multiple readback operations using getImageData are faster with the willReadFrequently attribute set to true. See: https://html.spec.whatwg.org/multipage/canvas.html#concept-canvas-will-read-frequently @ webpack-internal:///(app-pages-browser)/./src/components/dice/DiceMesh.ts:191
[ 7836109ms] [WARNING] Canvas2D: Multiple readback operations using getImageData are faster with the willReadFrequently attribute set to true. See: https://html.spec.whatwg.org/multipage/canvas.html#concept-canvas-will-read-frequently @ webpack-internal:///(app-pages-browser)/./src/components/dice/DiceMesh.ts:191
[ 7836112ms] [WARNING] Canvas2D: Multiple readback operations using getImageData are faster with the willReadFrequently attribute set to true. See: https://html.spec.whatwg.org/multipage/canvas.html#concept-canvas-will-read-frequently @ webpack-internal:///(app-pages-browser)/./src/components/dice/DiceMesh.ts:191
[ 7836116ms] [WARNING] Canvas2D: Multiple readback operations using getImageData are faster with the willReadFrequently attribute set to true. See: https://html.spec.whatwg.org/multipage/canvas.html#concept-canvas-will-read-frequently @ webpack-internal:///(app-pages-browser)/./src/components/dice/DiceMesh.ts:191
[ 7836119ms] [WARNING] Canvas2D: Multiple readback operations using getImageData are faster with the willReadFrequently attribute set to true. See: https://html.spec.whatwg.org/multipage/canvas.html#concept-canvas-will-read-frequently @ webpack-internal:///(app-pages-browser)/./src/components/dice/DiceMesh.ts:191
[ 7836121ms] [WARNING] Canvas2D: Multiple readback operations using getImageData are faster with the willReadFrequently attribute set to true. See: https://html.spec.whatwg.org/multipage/canvas.html#concept-canvas-will-read-frequently @ webpack-internal:///(app-pages-browser)/./src/components/dice/DiceMesh.ts:191
[ 7836124ms] [WARNING] Canvas2D: Multiple readback operations using getImageData are faster with the willReadFrequently attribute set to true. See: https://html.spec.whatwg.org/multipage/canvas.html#concept-canvas-will-read-frequently @ webpack-internal:///(app-pages-browser)/./src/components/dice/DiceMesh.ts:191
[ 7836126ms] [WARNING] Canvas2D: Multiple readback operations using getImageData are faster with the willReadFrequently attribute set to true. See: https://html.spec.whatwg.org/multipage/canvas.html#concept-canvas-will-read-frequently @ webpack-internal:///(app-pages-browser)/./src/components/dice/DiceMesh.ts:191
[ 7841319ms] [LOG] [Fast Refresh] rebuilding @ webpack-internal:///(app-pages-browser)/./node_modules/next/dist/next-devtools/shared/forward-logs-shared.js:27
[ 7841710ms] NotFoundError: Failed to execute 'insertBefore' on 'Node': The node before which the new node is to be inserted is not a child of this node.
    at insertOrAppendPlacementNodeIntoContainer (webpack-internal:///(app-pages-browser)/./node_modules/next/dist/compiled/react-dom/cjs/react-dom-client.development.js:14150:17)
    at insertOrAppendPlacementNodeIntoContainer (webpack-internal:///(app-pages-browser)/./node_modules/next/dist/compiled/react-dom/cjs/react-dom-client.development.js:14174:11)
    at commitPlacement (webpack-internal:///(app-pages-browser)/./node_modules/next/dist/compiled/react-dom/cjs/react-dom-client.development.js:14280:11)
    at runWithFiberInDEV (webpack-internal:///(app-pages-browser)/./node_modules/next/dist/compiled/react-dom/cjs/react-dom-client.development.js:987:30)
    at commitReconciliationEffects (webpack-internal:///(app-pages-browser)/./node_modules/next/dist/compiled/react-dom/cjs/react-dom-client.development.js:16224:11)
    at commitMutationEffectsOnFiber (webpack-internal:///(app-pages-browser)/./node_modules/next/dist/compiled/react-dom/cjs/react-dom-client.development.js:15747:11)
    at recursivelyTraverseMutationEffects (webpack-internal:///(app-pages-browser)/./node_modules/next/dist/compiled/react-dom/cjs/react-dom-client.development.js:15731:11)
    at commitMutationEffectsOnFiber (webpack-internal:///(app-pages-browser)/./node_modules/next/dist/compiled/react-dom/cjs/react-dom-client.development.js:15746:11)
    at recursivelyTraverseMutationEffects (webpack-internal:///(app-pages-browser)/./node_modules/next/dist/compiled/react-dom/cjs/react-dom-client.development.js:15731:11)
    at commitMutationEffectsOnFiber (webpack-internal:///(app-pages-browser)/./node_modules/next/dist/compiled/react-dom/cjs/react-dom-client.development.js:16187:11)
    at recursivelyTraverseMutationEffects (webpack-internal:///(app-pages-browser)/./node_modules/next/dist/compiled/react-dom/cjs/react-dom-client.development.js:15731:11)
    at commitMutationEffectsOnFiber (webpack-internal:///(app-pages-browser)/./node_modules/next/dist/compiled/react-dom/cjs/react-dom-client.development.js:16187:11)
    at recursivelyTraverseMutationEffects (webpack-internal:///(app-pages-browser)/./node_modules/next/dist/compiled/react-dom/cjs/react-dom-client.development.js:15731:11)
    at commitMutationEffectsOnFiber (webpack-internal:///(app-pages-browser)/./node_modules/next/dist/compiled/react-dom/cjs/react-dom-client.development.js:15746:11)
    at recursivelyTraverseMutationEffects (webpack-internal:///(app-pages-browser)/./node_modules/next/dist/compiled/react-dom/cjs/react-dom-client.development.js:15731:11)
    at commitMutationEffectsOnFiber (webpack-internal:///(app-pages-browser)/./node_modules/next/dist/compiled/react-dom/cjs/react-dom-client.development.js:15762:11)
    at recursivelyTraverseMutationEffects (webpack-internal:///(app-pages-browser)/./node_modules/next/dist/compiled/react-dom/cjs/react-dom-client.development.js:15731:11)
    at commitMutationEffectsOnFiber (webpack-internal:///(app-pages-browser)/./node_modules/next/dist/compiled/react-dom/cjs/react-dom-client.development.js:15746:11)
    at recursivelyTraverseMutationEffects (webpack-internal:///(app-pages-browser)/./node_modules/next/dist/compiled/react-dom/cjs/react-dom-client.development.js:15731:11)
    at commitMutationEffectsOnFiber (webpack-internal:///(app-pages-browser)/./node_modules/next/dist/compiled/react-dom/cjs/react-dom-client.development.js:15746:11)
    at recursivelyTraverseMutationEffects (webpack-internal:///(app-pages-browser)/./node_modules/next/dist/compiled/react-dom/cjs/react-dom-client.development.js:15731:11)
    at commitMutationEffectsOnFiber (webpack-internal:///(app-pages-browser)/./node_modules/next/dist/compiled/react-dom/cjs/react-dom-client.development.js:15746:11)
    at recursivelyTraverseMutationEffects (webpack-internal:///(app-pages-browser)/./node_modules/next/dist/compiled/react-dom/cjs/react-dom-client.development.js:15731:11)
    at commitMutationEffectsOnFiber (webpack-internal:///(app-pages-browser)/./node_modules/next/dist/compiled/react-dom/cjs/react-dom-client.development.js:15746:11)
    at recursivelyTraverseMutationEffects (webpack-internal:///(app-pages-browser)/./node_modules/next/dist/compiled/react-dom/cjs/react-dom-client.development.js:15731:11)
    at commitMutationEffectsOnFiber (webpack-internal:///(app-pages-browser)/./node_modules/next/dist/compiled/react-dom/cjs/react-dom-client.development.js:15762:11)
    at recursivelyTraverseMutationEffects (webpack-internal:///(app-pages-browser)/./node_modules/next/dist/compiled/react-dom/cjs/react-dom-client.development.js:15731:11)
    at commitMutationEffectsOnFiber (webpack-internal:///(app-pages-browser)/./node_modules/next/dist/compiled/react-dom/cjs/react-dom-client.development.js:15746:11)
    at recursivelyTraverseMutationEffects (webpack-internal:///(app-pages-browser)/./node_modules/next/dist/compiled/react-dom/cjs/react-dom-client.development.js:15731:11)
    at commitMutationEffectsOnFiber (webpack-internal:///(app-pages-browser)/./node_modules/next/dist/compiled/react-dom/cjs/react-dom-client.development.js:15746:11)
    at recursivelyTraverseMutationEffects (webpack-internal:///(app-pages-browser)/./node_modules/next/dist/compiled/react-dom/cjs/react-dom-client.development.js:15731:11)
    at commitMutationEffectsOnFiber (webpack-internal:///(app-pages-browser)/./node_modules/next/dist/compiled/react-dom/cjs/react-dom-client.development.js:16187:11)
    at recursivelyTraverseMutationEffects (webpack-internal:///(app-pages-browser)/./node_modules/next/dist/compiled/react-dom/cjs/react-dom-client.development.js:15731:11)
    at commitMutationEffectsOnFiber (webpack-internal:///(app-pages-browser)/./node_modules/next/dist/compiled/react-dom/cjs/react-dom-client.development.js:16187:11)
    at recursivelyTraverseMutationEffects (webpack-internal:///(app-pages-browser)/./node_modules/next/dist/compiled/react-dom/cjs/react-dom-client.development.js:15731:11)
    at commitMutationEffectsOnFiber (webpack-internal:///(app-pages-browser)/./node_modules/next/dist/compiled/react-dom/cjs/react-dom-client.development.js:15746:11)
    at recursivelyTraverseMutationEffects (webpack-internal:///(app-pages-browser)/./node_modules/next/dist/compiled/react-dom/cjs/react-dom-client.development.js:15731:11)
    at commitMutationEffectsOnFiber (webpack-internal:///(app-pages-browser)/./node_modules/next/dist/compiled/react-dom/cjs/react-dom-client.development.js:15746:11)
    at recursivelyTraverseMutationEffects (webpack-internal:///(app-pages-browser)/./node_modules/next/dist/compiled/react-dom/cjs/react-dom-client.development.js:15731:11)
    at commitMutationEffectsOnFiber (webpack-internal:///(app-pages-browser)/./node_modules/next/dist/compiled/react-dom/cjs/react-dom-client.development.js:16187:11)
    at recursivelyTraverseMutationEffects (webpack-internal:///(app-pages-browser)/./node_modules/next/dist/compiled/react-dom/cjs/react-dom-client.development.js:15731:11)
    at commitMutationEffectsOnFiber (webpack-internal:///(app-pages-browser)/./node_modules/next/dist/compiled/react-dom/cjs/react-dom-client.development.js:16187:11)
    at recursivelyTraverseMutationEffects (webpack-internal:///(app-pages-browser)/./node_modules/next/dist/compiled/react-dom/cjs/react-dom-client.development.js:15731:11)
    at commitMutationEffectsOnFiber (webpack-internal:///(app-pages-browser)/./node_modules/next/dist/compiled/react-dom/cjs/react-dom-client.development.js:16187:11)
    at recursivelyTraverseMutationEffects (webpack-internal:///(app-pages-browser)/./node_modules/next/dist/compiled/react-dom/cjs/react-dom-client.development.js:15731:11)
    at commitMutationEffectsOnFiber (webpack-internal:///(app-pages-browser)/./node_modules/next/dist/compiled/react-dom/cjs/react-dom-client.development.js:15746:11)
    at recursivelyTraverseMutationEffects (webpack-internal:///(app-pages-browser)/./node_modules/next/dist/compiled/react-dom/cjs/react-dom-client.development.js:15731:11)
    at commitMutationEffectsOnFiber (webpack-internal:///(app-pages-browser)/./node_modules/next/dist/compiled/react-dom/cjs/react-dom-client.development.js:15762:11)
    at recursivelyTraverseMutationEffects (webpack-internal:///(app-pages-browser)/./node_modules/next/dist/compiled/react-dom/cjs/react-dom-client.development.js:15731:11)
    at commitMutationEffectsOnFiber (webpack-internal:///(app-pages-browser)/./node_modules/next/dist/compiled/react-dom/cjs/react-dom-client.development.js:15746:11)
[ 7841712ms] NotFoundError: Failed to execute 'removeChild' on 'Node': The node to be removed is not a child of this node.
    at removeChildFromContainer (webpack-internal:///(app-pages-browser)/./node_modules/next/dist/compiled/react-dom/cjs/react-dom-client.development.js:23674:9)
    at runWithFiberInDEV (webpack-internal:///(app-pages-browser)/./node_modules/next/dist/compiled/react-dom/cjs/react-dom-client.development.js:987:30)
    at commitDeletionEffectsOnFiber (webpack-internal:///(app-pages-browser)/./node_modules/next/dist/compiled/react-dom/cjs/react-dom-client.development.js:15436:17)
    at recursivelyTraverseDeletionEffects (webpack-internal:///(app-pages-browser)/./node_modules/next/dist/compiled/react-dom/cjs/react-dom-client.development.js:15351:9)
    at commitDeletionEffectsOnFiber (webpack-internal:///(app-pages-browser)/./node_modules/next/dist/compiled/react-dom/cjs/react-dom-client.development.js:15510:11)
    at recursivelyTraverseDeletionEffects (webpack-internal:///(app-pages-browser)/./node_modules/next/dist/compiled/react-dom/cjs/react-dom-client.development.js:15351:9)
    at commitDeletionEffectsOnFiber (webpack-internal:///(app-pages-browser)/./node_modules/next/dist/compiled/react-dom/cjs/react-dom-client.development.js:15510:11)
    at recursivelyTraverseDeletionEffects (webpack-internal:///(app-pages-browser)/./node_modules/next/dist/compiled/react-dom/cjs/react-dom-client.development.js:15351:9)
    at commitDeletionEffectsOnFiber (webpack-internal:///(app-pages-browser)/./node_modules/next/dist/compiled/react-dom/cjs/react-dom-client.development.js:15563:11)
    at recursivelyTraverseDeletionEffects (webpack-internal:///(app-pages-browser)/./node_modules/next/dist/compiled/react-dom/cjs/react-dom-client.development.js:15351:9)
    at commitDeletionEffectsOnFiber (webpack-internal:///(app-pages-browser)/./node_modules/next/dist/compiled/react-dom/cjs/react-dom-client.development.js:15570:11)
    at recursivelyTraverseDeletionEffects (webpack-internal:///(app-pages-browser)/./node_modules/next/dist/compiled/react-dom/cjs/react-dom-client.development.js:15351:9)
    at commitDeletionEffectsOnFiber (webpack-internal:///(app-pages-browser)/./node_modules/next/dist/compiled/react-dom/cjs/react-dom-client.development.js:15510:11)
    at recursivelyTraverseDeletionEffects (webpack-internal:///(app-pages-browser)/./node_modules/next/dist/compiled/react-dom/cjs/react-dom-client.development.js:15351:9)
    at commitDeletionEffectsOnFiber (webpack-internal:///(app-pages-browser)/./node_modules/next/dist/compiled/react-dom/cjs/react-dom-client.development.js:15526:11)
    at recursivelyTraverseDeletionEffects (webpack-internal:///(app-pages-browser)/./node_modules/next/dist/compiled/react-dom/cjs/react-dom-client.development.js:15351:9)
    at commitDeletionEffectsOnFiber (webpack-internal:///(app-pages-browser)/./node_modules/next/dist/compiled/react-dom/cjs/react-dom-client.development.js:15510:11)
    at recursivelyTraverseDeletionEffects (webpack-internal:///(app-pages-browser)/./node_modules/next/dist/compiled/react-dom/cjs/react-dom-client.development.js:15351:9)
    at commitDeletionEffectsOnFiber (webpack-internal:///(app-pages-browser)/./node_modules/next/dist/compiled/react-dom/cjs/react-dom-client.development.js:15510:11)
    at recursivelyTraverseDeletionEffects (webpack-internal:///(app-pages-browser)/./node_modules/next/dist/compiled/react-dom/cjs/react-dom-client.development.js:15351:9)
    at commitDeletionEffectsOnFiber (webpack-internal:///(app-pages-browser)/./node_modules/next/dist/compiled/react-dom/cjs/react-dom-client.development.js:15510:11)
    at recursivelyTraverseDeletionEffects (webpack-internal:///(app-pages-browser)/./node_modules/next/dist/compiled/react-dom/cjs/react-dom-client.development.js:15351:9)
    at commitDeletionEffectsOnFiber (webpack-internal:///(app-pages-browser)/./node_modules/next/dist/compiled/react-dom/cjs/react-dom-client.development.js:15510:11)
    at recursivelyTraverseDeletionEffects (webpack-internal:///(app-pages-browser)/./node_modules/next/dist/compiled/react-dom/cjs/react-dom-client.development.js:15351:9)
    at commitDeletionEffectsOnFiber (webpack-internal:///(app-pages-browser)/./node_modules/next/dist/compiled/react-dom/cjs/react-dom-client.development.js:15526:11)
    at recursivelyTraverseDeletionEffects (webpack-internal:///(app-pages-browser)/./node_modules/next/dist/compiled/react-dom/cjs/react-dom-client.development.js:15351:9)
    at commitDeletionEffectsOnFiber (webpack-internal:///(app-pages-browser)/./node_modules/next/dist/compiled/react-dom/cjs/react-dom-client.development.js:15510:11)
    at recursivelyTraverseDeletionEffects (webpack-internal:///(app-pages-browser)/./node_modules/next/dist/compiled/react-dom/cjs/react-dom-client.development.js:15351:9)
    at commitDeletionEffectsOnFiber (webpack-internal:///(app-pages-browser)/./node_modules/next/dist/compiled/react-dom/cjs/react-dom-client.development.js:15510:11)
    at recursivelyTraverseDeletionEffects (webpack-internal:///(app-pages-browser)/./node_modules/next/dist/compiled/react-dom/cjs/react-dom-client.development.js:15351:9)
    at commitDeletionEffectsOnFiber (webpack-internal:///(app-pages-browser)/./node_modules/next/dist/compiled/react-dom/cjs/react-dom-client.development.js:15570:11)
    at recursivelyTraverseDeletionEffects (webpack-internal:///(app-pages-browser)/./node_modules/next/dist/compiled/react-dom/cjs/react-dom-client.development.js:15351:9)
    at commitDeletionEffectsOnFiber (webpack-internal:///(app-pages-browser)/./node_modules/next/dist/compiled/react-dom/cjs/react-dom-client.development.js:15570:11)
    at recursivelyTraverseDeletionEffects (webpack-internal:///(app-pages-browser)/./node_modules/next/dist/compiled/react-dom/cjs/react-dom-client.development.js:15351:9)
    at commitDeletionEffectsOnFiber (webpack-internal:///(app-pages-browser)/./node_modules/next/dist/compiled/react-dom/cjs/react-dom-client.development.js:15510:11)
    at recursivelyTraverseDeletionEffects (webpack-internal:///(app-pages-browser)/./node_modules/next/dist/compiled/react-dom/cjs/react-dom-client.development.js:15351:9)
    at commitDeletionEffectsOnFiber (webpack-internal:///(app-pages-browser)/./node_modules/next/dist/compiled/react-dom/cjs/react-dom-client.development.js:15510:11)
    at recursivelyTraverseDeletionEffects (webpack-internal:///(app-pages-browser)/./node_modules/next/dist/compiled/react-dom/cjs/react-dom-client.development.js:15351:9)
    at commitDeletionEffectsOnFiber (webpack-internal:///(app-pages-browser)/./node_modules/next/dist/compiled/react-dom/cjs/react-dom-client.development.js:15563:11)
    at recursivelyTraverseDeletionEffects (webpack-internal:///(app-pages-browser)/./node_modules/next/dist/compiled/react-dom/cjs/react-dom-client.development.js:15351:9)
    at commitDeletionEffectsOnFiber (webpack-internal:///(app-pages-browser)/./node_modules/next/dist/compiled/react-dom/cjs/react-dom-client.development.js:15570:11)
    at recursivelyTraverseDeletionEffects (webpack-internal:///(app-pages-browser)/./node_modules/next/dist/compiled/react-dom/cjs/react-dom-client.development.js:15351:9)
    at commitDeletionEffectsOnFiber (webpack-internal:///(app-pages-browser)/./node_modules/next/dist/compiled/react-dom/cjs/react-dom-client.development.js:15570:11)
    at recursivelyTraverseDeletionEffects (webpack-internal:///(app-pages-browser)/./node_modules/next/dist/compiled/react-dom/cjs/react-dom-client.development.js:15351:9)
    at commitDeletionEffectsOnFiber (webpack-internal:///(app-pages-browser)/./node_modules/next/dist/compiled/react-dom/cjs/react-dom-client.development.js:15510:11)
    at recursivelyTraverseDeletionEffects (webpack-internal:///(app-pages-browser)/./node_modules/next/dist/compiled/react-dom/cjs/react-dom-client.development.js:15351:9)
    at commitDeletionEffectsOnFiber (webpack-internal:///(app-pages-browser)/./node_modules/next/dist/compiled/react-dom/cjs/react-dom-client.development.js:15526:11)
    at recursivelyTraverseDeletionEffects (webpack-internal:///(app-pages-browser)/./node_modules/next/dist/compiled/react-dom/cjs/react-dom-client.development.js:15351:9)
    at commitDeletionEffectsOnFiber (webpack-internal:///(app-pages-browser)/./node_modules/next/dist/compiled/react-dom/cjs/react-dom-client.development.js:15510:11)
    at recursivelyTraverseDeletionEffects (webpack-internal:///(app-pages-browser)/./node_modules/next/dist/compiled/react-dom/cjs/react-dom-client.development.js:15351:9)
[ 7841713ms] NotFoundError: Failed to execute 'removeChild' on 'Node': The node to be removed is not a child of this node.
    at removeChildFromContainer (webpack-internal:///(app-pages-browser)/./node_modules/next/dist/compiled/react-dom/cjs/react-dom-client.development.js:23674:9)
    at runWithFiberInDEV (webpack-internal:///(app-pages-browser)/./node_modules/next/dist/compiled/react-dom/cjs/react-dom-client.development.js:987:30)
    at commitDeletionEffectsOnFiber (webpack-internal:///(app-pages-browser)/./node_modules/next/dist/compiled/react-dom/cjs/react-dom-client.development.js:15436:17)
    at recursivelyTraverseDeletionEffects (webpack-internal:///(app-pages-browser)/./node_modules/next/dist/compiled/react-dom/cjs/react-dom-client.development.js:15351:9)
    at commitDeletionEffectsOnFiber (webpack-internal:///(app-pages-browser)/./node_modules/next/dist/compiled/react-dom/cjs/react-dom-client.development.js:15510:11)
    at recursivelyTraverseDeletionEffects (webpack-internal:///(app-pages-browser)/./node_modules/next/dist/compiled/react-dom/cjs/react-dom-client.development.js:15351:9)
    at commitDeletionEffectsOnFiber (webpack-internal:///(app-pages-browser)/./node_modules/next/dist/compiled/react-dom/cjs/react-dom-client.development.js:15510:11)
    at recursivelyTraverseDeletionEffects (webpack-internal:///(app-pages-browser)/./node_modules/next/dist/compiled/react-dom/cjs/react-dom-client.development.js:15351:9)
    at commitDeletionEffectsOnFiber (webpack-internal:///(app-pages-browser)/./node_modules/next/dist/compiled/react-dom/cjs/react-dom-client.development.js:15404:11)
    at recursivelyTraverseDeletionEffects (webpack-internal:///(app-pages-browser)/./node_modules/next/dist/compiled/react-dom/cjs/react-dom-client.development.js:15351:9)
    at commitDeletionEffectsOnFiber (webpack-internal:///(app-pages-browser)/./node_modules/next/dist/compiled/react-dom/cjs/react-dom-client.development.js:15404:11)
    at recursivelyTraverseDeletionEffects (webpack-internal:///(app-pages-browser)/./node_modules/next/dist/compiled/react-dom/cjs/react-dom-client.development.js:15351:9)
    at commitDeletionEffectsOnFiber (webpack-internal:///(app-pages-browser)/./node_modules/next/dist/compiled/react-dom/cjs/react-dom-client.development.js:15563:11)
    at recursivelyTraverseDeletionEffects (webpack-internal:///(app-pages-browser)/./node_modules/next/dist/compiled/react-dom/cjs/react-dom-client.development.js:15351:9)
    at commitDeletionEffectsOnFiber (webpack-internal:///(app-pages-browser)/./node_modules/next/dist/compiled/react-dom/cjs/react-dom-client.development.js:15510:11)
    at recursivelyTraverseDeletionEffects (webpack-internal:///(app-pages-browser)/./node_modules/next/dist/compiled/react-dom/cjs/react-dom-client.development.js:15351:9)
    at commitDeletionEffectsOnFiber (webpack-internal:///(app-pages-browser)/./node_modules/next/dist/compiled/react-dom/cjs/react-dom-client.development.js:15510:11)
    at recursivelyTraverseDeletionEffects (webpack-internal:///(app-pages-browser)/./node_modules/next/dist/compiled/react-dom/cjs/react-dom-client.development.js:15351:9)
    at commitDeletionEffectsOnFiber (webpack-internal:///(app-pages-browser)/./node_modules/next/dist/compiled/react-dom/cjs/react-dom-client.development.js:15526:11)
    at recursivelyTraverseDeletionEffects (webpack-internal:///(app-pages-browser)/./node_modules/next/dist/compiled/react-dom/cjs/react-dom-client.development.js:15351:9)
    at commitDeletionEffectsOnFiber (webpack-internal:///(app-pages-browser)/./node_modules/next/dist/compiled/react-dom/cjs/react-dom-client.development.js:15510:11)
    at recursivelyTraverseDeletionEffects (webpack-internal:///(app-pages-browser)/./node_modules/next/dist/compiled/react-dom/cjs/react-dom-client.development.js:15351:9)
    at commitDeletionEffectsOnFiber (webpack-internal:///(app-pages-browser)/./node_modules/next/dist/compiled/react-dom/cjs/react-dom-client.development.js:15526:11)
    at recursivelyTraverseDeletionEffects (webpack-internal:///(app-pages-browser)/./node_modules/next/dist/compiled/react-dom/cjs/react-dom-client.development.js:15351:9)
    at commitDeletionEffectsOnFiber (webpack-internal:///(app-pages-browser)/./node_modules/next/dist/compiled/react-dom/cjs/react-dom-client.development.js:15510:11)
    at recursivelyTraverseDeletionEffects (webpack-internal:///(app-pages-browser)/./node_modules/next/dist/compiled/react-dom/cjs/react-dom-client.development.js:15351:9)
    at commitDeletionEffectsOnFiber (webpack-internal:///(app-pages-browser)/./node_modules/next/dist/compiled/react-dom/cjs/react-dom-client.development.js:15510:11)
    at recursivelyTraverseMutationEffects (webpack-internal:///(app-pages-browser)/./node_modules/next/dist/compiled/react-dom/cjs/react-dom-client.development.js:15710:11)
    at commitMutationEffectsOnFiber (webpack-internal:///(app-pages-browser)/./node_modules/next/dist/compiled/react-dom/cjs/react-dom-client.development.js:15762:11)
    at recursivelyTraverseMutationEffects (webpack-internal:///(app-pages-browser)/./node_modules/next/dist/compiled/react-dom/cjs/react-dom-client.development.js:15731:11)
    at commitMutationEffectsOnFiber (webpack-internal:///(app-pages-browser)/./node_modules/next/dist/compiled/react-dom/cjs/react-dom-client.development.js:15746:11)
    at recursivelyTraverseMutationEffects (webpack-internal:///(app-pages-browser)/./node_modules/next/dist/compiled/react-dom/cjs/react-dom-client.development.js:15731:11)
    at commitMutationEffectsOnFiber (webpack-internal:///(app-pages-browser)/./node_modules/next/dist/compiled/react-dom/cjs/react-dom-client.development.js:16187:11)
    at recursivelyTraverseMutationEffects (webpack-internal:///(app-pages-browser)/./node_modules/next/dist/compiled/react-dom/cjs/react-dom-client.development.js:15731:11)
    at commitMutationEffectsOnFiber (webpack-internal:///(app-pages-browser)/./node_modules/next/dist/compiled/react-dom/cjs/react-dom-client.development.js:16187:11)
    at recursivelyTraverseMutationEffects (webpack-internal:///(app-pages-browser)/./node_modules/next/dist/compiled/react-dom/cjs/react-dom-client.development.js:15731:11)
    at commitMutationEffectsOnFiber (webpack-internal:///(app-pages-browser)/./node_modules/next/dist/compiled/react-dom/cjs/react-dom-client.development.js:16187:11)
    at recursivelyTraverseMutationEffects (webpack-internal:///(app-pages-browser)/./node_modules/next/dist/compiled/react-dom/cjs/react-dom-client.development.js:15731:11)
    at commitMutationEffectsOnFiber (webpack-internal:///(app-pages-browser)/./node_modules/next/dist/compiled/react-dom/cjs/react-dom-client.development.js:16187:11)
    at recursivelyTraverseMutationEffects (webpack-internal:///(app-pages-browser)/./node_modules/next/dist/compiled/react-dom/cjs/react-dom-client.development.js:15731:11)
    at commitMutationEffectsOnFiber (webpack-internal:///(app-pages-browser)/./node_modules/next/dist/compiled/react-dom/cjs/react-dom-client.development.js:16187:11)
    at recursivelyTraverseMutationEffects (webpack-internal:///(app-pages-browser)/./node_modules/next/dist/compiled/react-dom/cjs/react-dom-client.development.js:15731:11)
    at commitMutationEffectsOnFiber (webpack-internal:///(app-pages-browser)/./node_modules/next/dist/compiled/react-dom/cjs/react-dom-client.development.js:16187:11)
    at recursivelyTraverseMutationEffects (webpack-internal:///(app-pages-browser)/./node_modules/next/dist/compiled/react-dom/cjs/react-dom-client.development.js:15731:11)
    at commitMutationEffectsOnFiber (webpack-internal:///(app-pages-browser)/./node_modules/next/dist/compiled/react-dom/cjs/react-dom-client.development.js:16187:11)
    at recursivelyTraverseMutationEffects (webpack-internal:///(app-pages-browser)/./node_modules/next/dist/compiled/react-dom/cjs/react-dom-client.development.js:15731:11)
    at commitMutationEffectsOnFiber (webpack-internal:///(app-pages-browser)/./node_modules/next/dist/compiled/react-dom/cjs/react-dom-client.development.js:15746:11)
    at recursivelyTraverseMutationEffects (webpack-internal:///(app-pages-browser)/./node_modules/next/dist/compiled/react-dom/cjs/react-dom-client.development.js:15731:11)
    at commitMutationEffectsOnFiber (webpack-internal:///(app-pages-browser)/./node_modules/next/dist/compiled/react-dom/cjs/react-dom-client.development.js:15762:11)
    at recursivelyTraverseMutationEffects (webpack-internal:///(app-pages-browser)/./node_modules/next/dist/compiled/react-dom/cjs/react-dom-client.development.js:15731:11)
[ 7841713ms] [WARNING] [Fast Refresh] performing full reload because your application had an unrecoverable error @ webpack-internal:///(app-pages-browser)/./node_modules/next/dist/next-devtools/shared/forward-logs-shared.js:27
[ 7841721ms] [LOG] [Fast Refresh] rebuilding @ webpack-internal:///(app-pages-browser)/./node_modules/next/dist/next-devtools/shared/forward-logs-shared.js:27
[ 7842540ms] [LOG] [Fast Refresh] rebuilding @ webpack-internal:///(app-pages-browser)/./node_modules/next/dist/next-devtools/shared/forward-logs-shared.js:27
[ 7842617ms] [WARNING] [Fast Refresh] performing full reload because your application had an unrecoverable error @ webpack-internal:///(app-pages-browser)/./node_modules/next/dist/next-devtools/shared/forward-logs-shared.js:27
[ 7842750ms] [LOG] [Fast Refresh] done in 209ms @ webpack-internal:///(app-pages-browser)/./node_modules/next/dist/next-devtools/shared/forward-logs-shared.js:27
[ 7842809ms] [LOG] [Fast Refresh] rebuilding @ webpack-internal:///(app-pages-browser)/./node_modules/next/dist/next-devtools/shared/forward-logs-shared.js:27
[ 7842994ms] [LOG] [Fast Refresh] done in 185ms @ webpack-internal:///(app-pages-browser)/./node_modules/next/dist/next-devtools/shared/forward-logs-shared.js:27
[ 7843885ms] [INFO] %cDownload the React DevTools for a better development experience: https://react.dev/link/react-devtools font-weight:bold @ webpack-internal:///(app-pages-browser)/./node_modules/next/dist/next-devtools/shared/forward-logs-shared.js:27
[ 7843976ms] [LOG] [HMR] connected @ webpack-internal:///(app-pages-browser)/./node_modules/next/dist/next-devtools/shared/forward-logs-shared.js:27
[ 7850912ms] [WARNING] Canvas2D: Multiple readback operations using getImageData are faster with the willReadFrequently attribute set to true. See: https://html.spec.whatwg.org/multipage/canvas.html#concept-canvas-will-read-frequently @ webpack-internal:///(app-pages-browser)/./src/components/dice/DiceMesh.ts:191
[ 7850915ms] [WARNING] Canvas2D: Multiple readback operations using getImageData are faster with the willReadFrequently attribute set to true. See: https://html.spec.whatwg.org/multipage/canvas.html#concept-canvas-will-read-frequently @ webpack-internal:///(app-pages-browser)/./src/components/dice/DiceMesh.ts:191
[ 7850917ms] [WARNING] Canvas2D: Multiple readback operations using getImageData are faster with the willReadFrequently attribute set to true. See: https://html.spec.whatwg.org/multipage/canvas.html#concept-canvas-will-read-frequently @ webpack-internal:///(app-pages-browser)/./src/components/dice/DiceMesh.ts:191
[ 7850919ms] [WARNING] Canvas2D: Multiple readback operations using getImageData are faster with the willReadFrequently attribute set to true. See: https://html.spec.whatwg.org/multipage/canvas.html#concept-canvas-will-read-frequently @ webpack-internal:///(app-pages-browser)/./src/components/dice/DiceMesh.ts:191
[ 7850922ms] [WARNING] Canvas2D: Multiple readback operations using getImageData are faster with the willReadFrequently attribute set to true. See: https://html.spec.whatwg.org/multipage/canvas.html#concept-canvas-will-read-frequently @ webpack-internal:///(app-pages-browser)/./src/components/dice/DiceMesh.ts:191
[ 7850925ms] [WARNING] Canvas2D: Multiple readback operations using getImageData are faster with the willReadFrequently attribute set to true. See: https://html.spec.whatwg.org/multipage/canvas.html#concept-canvas-will-read-frequently @ webpack-internal:///(app-pages-browser)/./src/components/dice/DiceMesh.ts:191
[ 7850928ms] [WARNING] Canvas2D: Multiple readback operations using getImageData are faster with the willReadFrequently attribute set to true. See: https://html.spec.whatwg.org/multipage/canvas.html#concept-canvas-will-read-frequently @ webpack-internal:///(app-pages-browser)/./src/components/dice/DiceMesh.ts:191
[ 7850930ms] [WARNING] Canvas2D: Multiple readback operations using getImageData are faster with the willReadFrequently attribute set to true. See: https://html.spec.whatwg.org/multipage/canvas.html#concept-canvas-will-read-frequently @ webpack-internal:///(app-pages-browser)/./src/components/dice/DiceMesh.ts:191
[ 7850933ms] [WARNING] Canvas2D: Multiple readback operations using getImageData are faster with the willReadFrequently attribute set to true. See: https://html.spec.whatwg.org/multipage/canvas.html#concept-canvas-will-read-frequently @ webpack-internal:///(app-pages-browser)/./src/components/dice/DiceMesh.ts:191
[ 7850935ms] [WARNING] Canvas2D: Multiple readback operations using getImageData are faster with the willReadFrequently attribute set to true. See: https://html.spec.whatwg.org/multipage/canvas.html#concept-canvas-will-read-frequently @ webpack-internal:///(app-pages-browser)/./src/components/dice/DiceMesh.ts:191
[ 7850938ms] [WARNING] Canvas2D: Multiple readback operations using getImageData are faster with the willReadFrequently attribute set to true. See: https://html.spec.whatwg.org/multipage/canvas.html#concept-canvas-will-read-frequently @ webpack-internal:///(app-pages-browser)/./src/components/dice/DiceMesh.ts:191
[ 7850941ms] [WARNING] Canvas2D: Multiple readback operations using getImageData are faster with the willReadFrequently attribute set to true. See: https://html.spec.whatwg.org/multipage/canvas.html#concept-canvas-will-read-frequently @ webpack-internal:///(app-pages-browser)/./src/components/dice/DiceMesh.ts:191
[ 7850943ms] [WARNING] Canvas2D: Multiple readback operations using getImageData are faster with the willReadFrequently attribute set to true. See: https://html.spec.whatwg.org/multipage/canvas.html#concept-canvas-will-read-frequently @ webpack-internal:///(app-pages-browser)/./src/components/dice/DiceMesh.ts:191
[ 7850945ms] [WARNING] Canvas2D: Multiple readback operations using getImageData are faster with the willReadFrequently attribute set to true. See: https://html.spec.whatwg.org/multipage/canvas.html#concept-canvas-will-read-frequently @ webpack-internal:///(app-pages-browser)/./src/components/dice/DiceMesh.ts:191
[ 7850947ms] [WARNING] Canvas2D: Multiple readback operations using getImageData are faster with the willReadFrequently attribute set to true. See: https://html.spec.whatwg.org/multipage/canvas.html#concept-canvas-will-read-frequently @ webpack-internal:///(app-pages-browser)/./src/components/dice/DiceMesh.ts:191
[ 7850949ms] [WARNING] Canvas2D: Multiple readback operations using getImageData are faster with the willReadFrequently attribute set to true. See: https://html.spec.whatwg.org/multipage/canvas.html#concept-canvas-will-read-frequently @ webpack-internal:///(app-pages-browser)/./src/components/dice/DiceMesh.ts:191
[ 7850951ms] [WARNING] Canvas2D: Multiple readback operations using getImageData are faster with the willReadFrequently attribute set to true. See: https://html.spec.whatwg.org/multipage/canvas.html#concept-canvas-will-read-frequently @ webpack-internal:///(app-pages-browser)/./src/components/dice/DiceMesh.ts:191
[ 7850953ms] [WARNING] Canvas2D: Multiple readback operations using getImageData are faster with the willReadFrequently attribute set to true. See: https://html.spec.whatwg.org/multipage/canvas.html#concept-canvas-will-read-frequently @ webpack-internal:///(app-pages-browser)/./src/components/dice/DiceMesh.ts:191
[ 7850955ms] [WARNING] Canvas2D: Multiple readback operations using getImageData are faster with the willReadFrequently attribute set to true. See: https://html.spec.whatwg.org/multipage/canvas.html#concept-canvas-will-read-frequently @ webpack-internal:///(app-pages-browser)/./src/components/dice/DiceMesh.ts:191
[ 7850958ms] [WARNING] Canvas2D: Multiple readback operations using getImageData are faster with the willReadFrequently attribute set to true. See: https://html.spec.whatwg.org/multipage/canvas.html#concept-canvas-will-read-frequently @ webpack-internal:///(app-pages-browser)/./src/components/dice/DiceMesh.ts:191
[ 7850960ms] [WARNING] Canvas2D: Multiple readback operations using getImageData are faster with the willReadFrequently attribute set to true. See: https://html.spec.whatwg.org/multipage/canvas.html#concept-canvas-will-read-frequently @ webpack-internal:///(app-pages-browser)/./src/components/dice/DiceMesh.ts:191
[ 7850962ms] [WARNING] Canvas2D: Multiple readback operations using getImageData are faster with the willReadFrequently attribute set to true. See: https://html.spec.whatwg.org/multipage/canvas.html#concept-canvas-will-read-frequently @ webpack-internal:///(app-pages-browser)/./src/components/dice/DiceMesh.ts:191
[ 7850964ms] [WARNING] Canvas2D: Multiple readback operations using getImageData are faster with the willReadFrequently attribute set to true. See: https://html.spec.whatwg.org/multipage/canvas.html#concept-canvas-will-read-frequently @ webpack-internal:///(app-pages-browser)/./src/components/dice/DiceMesh.ts:191
[ 7850966ms] [WARNING] Canvas2D: Multiple readback operations using getImageData are faster with the willReadFrequently attribute set to true. See: https://html.spec.whatwg.org/multipage/canvas.html#concept-canvas-will-read-frequently @ webpack-internal:///(app-pages-browser)/./src/components/dice/DiceMesh.ts:191
[ 7850968ms] [WARNING] Canvas2D: Multiple readback operations using getImageData are faster with the willReadFrequently attribute set to true. See: https://html.spec.whatwg.org/multipage/canvas.html#concept-canvas-will-read-frequently @ webpack-internal:///(app-pages-browser)/./src/components/dice/DiceMesh.ts:191
[ 7850970ms] [WARNING] Canvas2D: Multiple readback operations using getImageData are faster with the willReadFrequently attribute set to true. See: https://html.spec.whatwg.org/multipage/canvas.html#concept-canvas-will-read-frequently @ webpack-internal:///(app-pages-browser)/./src/components/dice/DiceMesh.ts:191
[ 7850972ms] [WARNING] Canvas2D: Multiple readback operations using getImageData are faster with the willReadFrequently attribute set to true. See: https://html.spec.whatwg.org/multipage/canvas.html#concept-canvas-will-read-frequently @ webpack-internal:///(app-pages-browser)/./src/components/dice/DiceMesh.ts:191
[ 7850975ms] [WARNING] Canvas2D: Multiple readback operations using getImageData are faster with the willReadFrequently attribute set to true. See: https://html.spec.whatwg.org/multipage/canvas.html#concept-canvas-will-read-frequently @ webpack-internal:///(app-pages-browser)/./src/components/dice/DiceMesh.ts:191
[ 7850977ms] [WARNING] Canvas2D: Multiple readback operations using getImageData are faster with the willReadFrequently attribute set to true. See: https://html.spec.whatwg.org/multipage/canvas.html#concept-canvas-will-read-frequently @ webpack-internal:///(app-pages-browser)/./src/components/dice/DiceMesh.ts:191
[ 7850979ms] [WARNING] Canvas2D: Multiple readback operations using getImageData are faster with the willReadFrequently attribute set to true. See: https://html.spec.whatwg.org/multipage/canvas.html#concept-canvas-will-read-frequently @ webpack-internal:///(app-pages-browser)/./src/components/dice/DiceMesh.ts:191
[ 7850981ms] [WARNING] Canvas2D: Multiple readback operations using getImageData are faster with the willReadFrequently attribute set to true. See: https://html.spec.whatwg.org/multipage/canvas.html#concept-canvas-will-read-frequently @ webpack-internal:///(app-pages-browser)/./src/components/dice/DiceMesh.ts:191
[ 7850983ms] [WARNING] Canvas2D: Multiple readback operations using getImageData are faster with the willReadFrequently attribute set to true. See: https://html.spec.whatwg.org/multipage/canvas.html#concept-canvas-will-read-frequently @ webpack-internal:///(app-pages-browser)/./src/components/dice/DiceMesh.ts:191
[ 7850985ms] [WARNING] Canvas2D: Multiple readback operations using getImageData are faster with the willReadFrequently attribute set to true. See: https://html.spec.whatwg.org/multipage/canvas.html#concept-canvas-will-read-frequently @ webpack-internal:///(app-pages-browser)/./src/components/dice/DiceMesh.ts:191
[ 7850987ms] [WARNING] Canvas2D: Multiple readback operations using getImageData are faster with the willReadFrequently attribute set to true. See: https://html.spec.whatwg.org/multipage/canvas.html#concept-canvas-will-read-frequently @ webpack-internal:///(app-pages-browser)/./src/components/dice/DiceMesh.ts:191
[ 7850990ms] [WARNING] Canvas2D: Multiple readback operations using getImageData are faster with the willReadFrequently attribute set to true. See: https://html.spec.whatwg.org/multipage/canvas.html#concept-canvas-will-read-frequently @ webpack-internal:///(app-pages-browser)/./src/components/dice/DiceMesh.ts:191
[ 7850992ms] [WARNING] Canvas2D: Multiple readback operations using getImageData are faster with the willReadFrequently attribute set to true. See: https://html.spec.whatwg.org/multipage/canvas.html#concept-canvas-will-read-frequently @ webpack-internal:///(app-pages-browser)/./src/components/dice/DiceMesh.ts:191
[ 7850994ms] [WARNING] Canvas2D: Multiple readback operations using getImageData are faster with the willReadFrequently attribute set to true. See: https://html.spec.whatwg.org/multipage/canvas.html#concept-canvas-will-read-frequently @ webpack-internal:///(app-pages-browser)/./src/components/dice/DiceMesh.ts:191
[ 7850996ms] [WARNING] Canvas2D: Multiple readback operations using getImageData are faster with the willReadFrequently attribute set to true. See: https://html.spec.whatwg.org/multipage/canvas.html#concept-canvas-will-read-frequently @ webpack-internal:///(app-pages-browser)/./src/components/dice/DiceMesh.ts:191
[ 7850998ms] [WARNING] Canvas2D: Multiple readback operations using getImageData are faster with the willReadFrequently attribute set to true. See: https://html.spec.whatwg.org/multipage/canvas.html#concept-canvas-will-read-frequently @ webpack-internal:///(app-pages-browser)/./src/components/dice/DiceMesh.ts:191
[ 7851000ms] [WARNING] Canvas2D: Multiple readback operations using getImageData are faster with the willReadFrequently attribute set to true. See: https://html.spec.whatwg.org/multipage/canvas.html#concept-canvas-will-read-frequently @ webpack-internal:///(app-pages-browser)/./src/components/dice/DiceMesh.ts:191
[ 7851002ms] [WARNING] Canvas2D: Multiple readback operations using getImageData are faster with the willReadFrequently attribute set to true. See: https://html.spec.whatwg.org/multipage/canvas.html#concept-canvas-will-read-frequently @ webpack-internal:///(app-pages-browser)/./src/components/dice/DiceMesh.ts:191
[ 7851005ms] [WARNING] Canvas2D: Multiple readback operations using getImageData are faster with the willReadFrequently attribute set to true. See: https://html.spec.whatwg.org/multipage/canvas.html#concept-canvas-will-read-frequently @ webpack-internal:///(app-pages-browser)/./src/components/dice/DiceMesh.ts:191
[ 7851007ms] [WARNING] Canvas2D: Multiple readback operations using getImageData are faster with the willReadFrequently attribute set to true. See: https://html.spec.whatwg.org/multipage/canvas.html#concept-canvas-will-read-frequently @ webpack-internal:///(app-pages-browser)/./src/components/dice/DiceMesh.ts:191
[ 7851009ms] [WARNING] Canvas2D: Multiple readback operations using getImageData are faster with the willReadFrequently attribute set to true. See: https://html.spec.whatwg.org/multipage/canvas.html#concept-canvas-will-read-frequently @ webpack-internal:///(app-pages-browser)/./src/components/dice/DiceMesh.ts:191
[ 7851013ms] [WARNING] Canvas2D: Multiple readback operations using getImageData are faster with the willReadFrequently attribute set to true. See: https://html.spec.whatwg.org/multipage/canvas.html#concept-canvas-will-read-frequently @ webpack-internal:///(app-pages-browser)/./src/components/dice/DiceMesh.ts:191
[ 7851015ms] [WARNING] Canvas2D: Multiple readback operations using getImageData are faster with the willReadFrequently attribute set to true. See: https://html.spec.whatwg.org/multipage/canvas.html#concept-canvas-will-read-frequently @ webpack-internal:///(app-pages-browser)/./src/components/dice/DiceMesh.ts:191
[ 7851017ms] [WARNING] Canvas2D: Multiple readback operations using getImageData are faster with the willReadFrequently attribute set to true. See: https://html.spec.whatwg.org/multipage/canvas.html#concept-canvas-will-read-frequently @ webpack-internal:///(app-pages-browser)/./src/components/dice/DiceMesh.ts:191
[ 7851019ms] [WARNING] Canvas2D: Multiple readback operations using getImageData are faster with the willReadFrequently attribute set to true. See: https://html.spec.whatwg.org/multipage/canvas.html#concept-canvas-will-read-frequently @ webpack-internal:///(app-pages-browser)/./src/components/dice/DiceMesh.ts:191
[ 7851021ms] [WARNING] Canvas2D: Multiple readback operations using getImageData are faster with the willReadFrequently attribute set to true. See: https://html.spec.whatwg.org/multipage/canvas.html#concept-canvas-will-read-frequently @ webpack-internal:///(app-pages-browser)/./src/components/dice/DiceMesh.ts:191
[ 7851023ms] [WARNING] Canvas2D: Multiple readback operations using getImageData are faster with the willReadFrequently attribute set to true. See: https://html.spec.whatwg.org/multipage/canvas.html#concept-canvas-will-read-frequently @ webpack-internal:///(app-pages-browser)/./src/components/dice/DiceMesh.ts:191
[ 7851025ms] [WARNING] Canvas2D: Multiple readback operations using getImageData are faster with the willReadFrequently attribute set to true. See: https://html.spec.whatwg.org/multipage/canvas.html#concept-canvas-will-read-frequently @ webpack-internal:///(app-pages-browser)/./src/components/dice/DiceMesh.ts:191
[ 7851027ms] [WARNING] Canvas2D: Multiple readback operations using getImageData are faster with the willReadFrequently attribute set to true. See: https://html.spec.whatwg.org/multipage/canvas.html#concept-canvas-will-read-frequently @ webpack-internal:///(app-pages-browser)/./src/components/dice/DiceMesh.ts:191
[ 7851029ms] [WARNING] Canvas2D: Multiple readback operations using getImageData are faster with the willReadFrequently attribute set to true. See: https://html.spec.whatwg.org/multipage/canvas.html#concept-canvas-will-read-frequently @ webpack-internal:///(app-pages-browser)/./src/components/dice/DiceMesh.ts:191
[ 7851031ms] [WARNING] Canvas2D: Multiple readback operations using getImageData are faster with the willReadFrequently attribute set to true. See: https://html.spec.whatwg.org/multipage/canvas.html#concept-canvas-will-read-frequently @ webpack-internal:///(app-pages-browser)/./src/components/dice/DiceMesh.ts:191
[ 7851033ms] [WARNING] Canvas2D: Multiple readback operations using getImageData are faster with the willReadFrequently attribute set to true. See: https://html.spec.whatwg.org/multipage/canvas.html#concept-canvas-will-read-frequently @ webpack-internal:///(app-pages-browser)/./src/components/dice/DiceMesh.ts:191
[ 7851035ms] [WARNING] Canvas2D: Multiple readback operations using getImageData are faster with the willReadFrequently attribute set to true. See: https://html.spec.whatwg.org/multipage/canvas.html#concept-canvas-will-read-frequently @ webpack-internal:///(app-pages-browser)/./src/components/dice/DiceMesh.ts:191
[ 7851037ms] [WARNING] Canvas2D: Multiple readback operations using getImageData are faster with the willReadFrequently attribute set to true. See: https://html.spec.whatwg.org/multipage/canvas.html#concept-canvas-will-read-frequently @ webpack-internal:///(app-pages-browser)/./src/components/dice/DiceMesh.ts:191
[ 7851039ms] [WARNING] Canvas2D: Multiple readback operations using getImageData are faster with the willReadFrequently attribute set to true. See: https://html.spec.whatwg.org/multipage/canvas.html#concept-canvas-will-read-frequently @ webpack-internal:///(app-pages-browser)/./src/components/dice/DiceMesh.ts:191
[ 7851042ms] [WARNING] Canvas2D: Multiple readback operations using getImageData are faster with the willReadFrequently attribute set to true. See: https://html.spec.whatwg.org/multipage/canvas.html#concept-canvas-will-read-frequently @ webpack-internal:///(app-pages-browser)/./src/components/dice/DiceMesh.ts:191
[ 7851044ms] [WARNING] Canvas2D: Multiple readback operations using getImageData are faster with the willReadFrequently attribute set to true. See: https://html.spec.whatwg.org/multipage/canvas.html#concept-canvas-will-read-frequently @ webpack-internal:///(app-pages-browser)/./src/components/dice/DiceMesh.ts:191
[ 7851046ms] [WARNING] Canvas2D: Multiple readback operations using getImageData are faster with the willReadFrequently attribute set to true. See: https://html.spec.whatwg.org/multipage/canvas.html#concept-canvas-will-read-frequently @ webpack-internal:///(app-pages-browser)/./src/components/dice/DiceMesh.ts:191
[ 7851048ms] [WARNING] Canvas2D: Multiple readback operations using getImageData are faster with the willReadFrequently attribute set to true. See: https://html.spec.whatwg.org/multipage/canvas.html#concept-canvas-will-read-frequently @ webpack-internal:///(app-pages-browser)/./src/components/dice/DiceMesh.ts:191
[ 7851050ms] [WARNING] Canvas2D: Multiple readback operations using getImageData are faster with the willReadFrequently attribute set to true. See: https://html.spec.whatwg.org/multipage/canvas.html#concept-canvas-will-read-frequently @ webpack-internal:///(app-pages-browser)/./src/components/dice/DiceMesh.ts:191
[ 7851052ms] [WARNING] Canvas2D: Multiple readback operations using getImageData are faster with the willReadFrequently attribute set to true. See: https://html.spec.whatwg.org/multipage/canvas.html#concept-canvas-will-read-frequently @ webpack-internal:///(app-pages-browser)/./src/components/dice/DiceMesh.ts:191
[ 7851054ms] [WARNING] Canvas2D: Multiple readback operations using getImageData are faster with the willReadFrequently attribute set to true. See: https://html.spec.whatwg.org/multipage/canvas.html#concept-canvas-will-read-frequently @ webpack-internal:///(app-pages-browser)/./src/components/dice/DiceMesh.ts:191
[ 7851057ms] [WARNING] Canvas2D: Multiple readback operations using getImageData are faster with the willReadFrequently attribute set to true. See: https://html.spec.whatwg.org/multipage/canvas.html#concept-canvas-will-read-frequently @ webpack-internal:///(app-pages-browser)/./src/components/dice/DiceMesh.ts:191
[ 7851059ms] [WARNING] Canvas2D: Multiple readback operations using getImageData are faster with the willReadFrequently attribute set to true. See: https://html.spec.whatwg.org/multipage/canvas.html#concept-canvas-will-read-frequently @ webpack-internal:///(app-pages-browser)/./src/components/dice/DiceMesh.ts:191
[ 7851062ms] [WARNING] Canvas2D: Multiple readback operations using getImageData are faster with the willReadFrequently attribute set to true. See: https://html.spec.whatwg.org/multipage/canvas.html#concept-canvas-will-read-frequently @ webpack-internal:///(app-pages-browser)/./src/components/dice/DiceMesh.ts:191
[ 7851064ms] [WARNING] Canvas2D: Multiple readback operations using getImageData are faster with the willReadFrequently attribute set to true. See: https://html.spec.whatwg.org/multipage/canvas.html#concept-canvas-will-read-frequently @ webpack-internal:///(app-pages-browser)/./src/components/dice/DiceMesh.ts:191
[ 7851066ms] [WARNING] Canvas2D: Multiple readback operations using getImageData are faster with the willReadFrequently attribute set to true. See: https://html.spec.whatwg.org/multipage/canvas.html#concept-canvas-will-read-frequently @ webpack-internal:///(app-pages-browser)/./src/components/dice/DiceMesh.ts:191
[ 7851068ms] [WARNING] Canvas2D: Multiple readback operations using getImageData are faster with the willReadFrequently attribute set to true. See: https://html.spec.whatwg.org/multipage/canvas.html#concept-canvas-will-read-frequently @ webpack-internal:///(app-pages-browser)/./src/components/dice/DiceMesh.ts:191
[ 7851070ms] [WARNING] Canvas2D: Multiple readback operations using getImageData are faster with the willReadFrequently attribute set to true. See: https://html.spec.whatwg.org/multipage/canvas.html#concept-canvas-will-read-frequently @ webpack-internal:///(app-pages-browser)/./src/components/dice/DiceMesh.ts:191
[ 7851073ms] [WARNING] Canvas2D: Multiple readback operations using getImageData are faster with the willReadFrequently attribute set to true. See: https://html.spec.whatwg.org/multipage/canvas.html#concept-canvas-will-read-frequently @ webpack-internal:///(app-pages-browser)/./src/components/dice/DiceMesh.ts:191
[ 7851076ms] [WARNING] Canvas2D: Multiple readback operations using getImageData are faster with the willReadFrequently attribute set to true. See: https://html.spec.whatwg.org/multipage/canvas.html#concept-canvas-will-read-frequently @ webpack-internal:///(app-pages-browser)/./src/components/dice/DiceMesh.ts:191
[ 7851078ms] [WARNING] Canvas2D: Multiple readback operations using getImageData are faster with the willReadFrequently attribute set to true. See: https://html.spec.whatwg.org/multipage/canvas.html#concept-canvas-will-read-frequently @ webpack-internal:///(app-pages-browser)/./src/components/dice/DiceMesh.ts:191
[ 7851080ms] [WARNING] Canvas2D: Multiple readback operations using getImageData are faster with the willReadFrequently attribute set to true. See: https://html.spec.whatwg.org/multipage/canvas.html#concept-canvas-will-read-frequently @ webpack-internal:///(app-pages-browser)/./src/components/dice/DiceMesh.ts:191
[ 7910785ms] [LOG] [Fast Refresh] rebuilding @ webpack-internal:///(app-pages-browser)/./node_modules/next/dist/next-devtools/shared/forward-logs-shared.js:27
[ 7912330ms] [LOG] [Fast Refresh] done in 1546ms @ webpack-internal:///(app-pages-browser)/./node_modules/next/dist/next-devtools/shared/forward-logs-shared.js:27
[ 7933881ms] [LOG] [Fast Refresh] rebuilding @ webpack-internal:///(app-pages-browser)/./node_modules/next/dist/next-devtools/shared/forward-logs-shared.js:27
[ 7934629ms] [LOG] [Fast Refresh] rebuilding @ webpack-internal:///(app-pages-browser)/./node_modules/next/dist/next-devtools/shared/forward-logs-shared.js:27
[ 7934712ms] [LOG] [Fast Refresh] done in 82ms @ webpack-internal:///(app-pages-browser)/./node_modules/next/dist/next-devtools/shared/forward-logs-shared.js:27
[ 7935308ms] [LOG] [Fast Refresh] done in 678ms @ webpack-internal:///(app-pages-browser)/./node_modules/next/dist/next-devtools/shared/forward-logs-shared.js:27
[ 7935361ms] [LOG] [Fast Refresh] rebuilding @ webpack-internal:///(app-pages-browser)/./node_modules/next/dist/next-devtools/shared/forward-logs-shared.js:27
[ 7935548ms] [LOG] [Fast Refresh] done in 187ms @ webpack-internal:///(app-pages-browser)/./node_modules/next/dist/next-devtools/shared/forward-logs-shared.js:27
[ 7993087ms] [LOG] [Fast Refresh] rebuilding @ webpack-internal:///(app-pages-browser)/./node_modules/next/dist/next-devtools/shared/forward-logs-shared.js:27
[ 7993339ms] [LOG] [Fast Refresh] done in 253ms @ webpack-internal:///(app-pages-browser)/./node_modules/next/dist/next-devtools/shared/forward-logs-shared.js:27
[ 8066381ms] [LOG] [Fast Refresh] rebuilding @ webpack-internal:///(app-pages-browser)/./node_modules/next/dist/next-devtools/shared/forward-logs-shared.js:27
[ 8066891ms] [LOG] [Fast Refresh] done in 511ms @ webpack-internal:///(app-pages-browser)/./node_modules/next/dist/next-devtools/shared/forward-logs-shared.js:27
[ 8067282ms] [WARNING] THREE.WebGLShadowMap: PCFSoftShadowMap has been deprecated. Using PCFShadowMap instead. @ webpack-internal:///(app-pages-browser)/./node_modules/next/dist/next-devtools/shared/forward-logs-shared.js:27
[ 8070328ms] [LOG] [Fast Refresh] rebuilding @ webpack-internal:///(app-pages-browser)/./node_modules/next/dist/next-devtools/shared/forward-logs-shared.js:27
[ 8070580ms] [WARNING] The resource http://localhost:3000/_next/static/css/app/layout.css?v=1776627773513 was preloaded using link preload but not used within a few seconds from the window's load event. Please make sure it has an appropriate `as` value and it is preloaded intentionally. @ http://localhost:3000/campaign/cmmr6djjy0000ws482a52nc1y:0
[ 8071049ms] [LOG] [Fast Refresh] done in 721ms @ webpack-internal:///(app-pages-browser)/./node_modules/next/dist/next-devtools/shared/forward-logs-shared.js:27
[ 8071129ms] [LOG] [Fast Refresh] rebuilding @ webpack-internal:///(app-pages-browser)/./node_modules/next/dist/next-devtools/shared/forward-logs-shared.js:27
[ 8071351ms] [LOG] [Fast Refresh] done in 223ms @ webpack-internal:///(app-pages-browser)/./node_modules/next/dist/next-devtools/shared/forward-logs-shared.js:27
[ 8071532ms] [LOG] [Fast Refresh] rebuilding @ webpack-internal:///(app-pages-browser)/./node_modules/next/dist/next-devtools/shared/forward-logs-shared.js:27
[ 8074978ms] NotFoundError: Failed to execute 'insertBefore' on 'Node': The node before which the new node is to be inserted is not a child of this node.
    at insertOrAppendPlacementNodeIntoContainer (webpack-internal:///(app-pages-browser)/./node_modules/next/dist/compiled/react-dom/cjs/react-dom-client.development.js:14150:17)
    at insertOrAppendPlacementNodeIntoContainer (webpack-internal:///(app-pages-browser)/./node_modules/next/dist/compiled/react-dom/cjs/react-dom-client.development.js:14174:11)
    at commitPlacement (webpack-internal:///(app-pages-browser)/./node_modules/next/dist/compiled/react-dom/cjs/react-dom-client.development.js:14280:11)
    at runWithFiberInDEV (webpack-internal:///(app-pages-browser)/./node_modules/next/dist/compiled/react-dom/cjs/react-dom-client.development.js:987:30)
    at commitReconciliationEffects (webpack-internal:///(app-pages-browser)/./node_modules/next/dist/compiled/react-dom/cjs/react-dom-client.development.js:16224:11)
    at commitMutationEffectsOnFiber (webpack-internal:///(app-pages-browser)/./node_modules/next/dist/compiled/react-dom/cjs/react-dom-client.development.js:15747:11)
    at recursivelyTraverseMutationEffects (webpack-internal:///(app-pages-browser)/./node_modules/next/dist/compiled/react-dom/cjs/react-dom-client.development.js:15731:11)
    at commitMutationEffectsOnFiber (webpack-internal:///(app-pages-browser)/./node_modules/next/dist/compiled/react-dom/cjs/react-dom-client.development.js:15746:11)
    at recursivelyTraverseMutationEffects (webpack-internal:///(app-pages-browser)/./node_modules/next/dist/compiled/react-dom/cjs/react-dom-client.development.js:15731:11)
    at commitMutationEffectsOnFiber (webpack-internal:///(app-pages-browser)/./node_modules/next/dist/compiled/react-dom/cjs/react-dom-client.development.js:16187:11)
    at recursivelyTraverseMutationEffects (webpack-internal:///(app-pages-browser)/./node_modules/next/dist/compiled/react-dom/cjs/react-dom-client.development.js:15731:11)
    at commitMutationEffectsOnFiber (webpack-internal:///(app-pages-browser)/./node_modules/next/dist/compiled/react-dom/cjs/react-dom-client.development.js:16187:11)
    at recursivelyTraverseMutationEffects (webpack-internal:///(app-pages-browser)/./node_modules/next/dist/compiled/react-dom/cjs/react-dom-client.development.js:15731:11)
    at commitMutationEffectsOnFiber (webpack-internal:///(app-pages-browser)/./node_modules/next/dist/compiled/react-dom/cjs/react-dom-client.development.js:15746:11)
    at recursivelyTraverseMutationEffects (webpack-internal:///(app-pages-browser)/./node_modules/next/dist/compiled/react-dom/cjs/react-dom-client.development.js:15731:11)
    at commitMutationEffectsOnFiber (webpack-internal:///(app-pages-browser)/./node_modules/next/dist/compiled/react-dom/cjs/react-dom-client.development.js:15762:11)
    at recursivelyTraverseMutationEffects (webpack-internal:///(app-pages-browser)/./node_modules/next/dist/compiled/react-dom/cjs/react-dom-client.development.js:15731:11)
    at commitMutationEffectsOnFiber (webpack-internal:///(app-pages-browser)/./node_modules/next/dist/compiled/react-dom/cjs/react-dom-client.development.js:15746:11)
    at recursivelyTraverseMutationEffects (webpack-internal:///(app-pages-browser)/./node_modules/next/dist/compiled/react-dom/cjs/react-dom-client.development.js:15731:11)
    at commitMutationEffectsOnFiber (webpack-internal:///(app-pages-browser)/./node_modules/next/dist/compiled/react-dom/cjs/react-dom-client.development.js:15746:11)
    at recursivelyTraverseMutationEffects (webpack-internal:///(app-pages-browser)/./node_modules/next/dist/compiled/react-dom/cjs/react-dom-client.development.js:15731:11)
    at commitMutationEffectsOnFiber (webpack-internal:///(app-pages-browser)/./node_modules/next/dist/compiled/react-dom/cjs/react-dom-client.development.js:15746:11)
    at recursivelyTraverseMutationEffects (webpack-internal:///(app-pages-browser)/./node_modules/next/dist/compiled/react-dom/cjs/react-dom-client.development.js:15731:11)
    at commitMutationEffectsOnFiber (webpack-internal:///(app-pages-browser)/./node_modules/next/dist/compiled/react-dom/cjs/react-dom-client.development.js:15746:11)
    at recursivelyTraverseMutationEffects (webpack-internal:///(app-pages-browser)/./node_modules/next/dist/compiled/react-dom/cjs/react-dom-client.development.js:15731:11)
    at commitMutationEffectsOnFiber (webpack-internal:///(app-pages-browser)/./node_modules/next/dist/compiled/react-dom/cjs/react-dom-client.development.js:15762:11)
    at recursivelyTraverseMutationEffects (webpack-internal:///(app-pages-browser)/./node_modules/next/dist/compiled/react-dom/cjs/react-dom-client.development.js:15731:11)
    at commitMutationEffectsOnFiber (webpack-internal:///(app-pages-browser)/./node_modules/next/dist/compiled/react-dom/cjs/react-dom-client.development.js:15746:11)
    at recursivelyTraverseMutationEffects (webpack-internal:///(app-pages-browser)/./node_modules/next/dist/compiled/react-dom/cjs/react-dom-client.development.js:15731:11)
    at commitMutationEffectsOnFiber (webpack-internal:///(app-pages-browser)/./node_modules/next/dist/compiled/react-dom/cjs/react-dom-client.development.js:15746:11)
    at recursivelyTraverseMutationEffects (webpack-internal:///(app-pages-browser)/./node_modules/next/dist/compiled/react-dom/cjs/react-dom-client.development.js:15731:11)
    at commitMutationEffectsOnFiber (webpack-internal:///(app-pages-browser)/./node_modules/next/dist/compiled/react-dom/cjs/react-dom-client.development.js:16187:11)
    at recursivelyTraverseMutationEffects (webpack-internal:///(app-pages-browser)/./node_modules/next/dist/compiled/react-dom/cjs/react-dom-client.development.js:15731:11)
    at commitMutationEffectsOnFiber (webpack-internal:///(app-pages-browser)/./node_modules/next/dist/compiled/react-dom/cjs/react-dom-client.development.js:16187:11)
    at recursivelyTraverseMutationEffects (webpack-internal:///(app-pages-browser)/./node_modules/next/dist/compiled/react-dom/cjs/react-dom-client.development.js:15731:11)
    at commitMutationEffectsOnFiber (webpack-internal:///(app-pages-browser)/./node_modules/next/dist/compiled/react-dom/cjs/react-dom-client.development.js:15746:11)
    at recursivelyTraverseMutationEffects (webpack-internal:///(app-pages-browser)/./node_modules/next/dist/compiled/react-dom/cjs/react-dom-client.development.js:15731:11)
    at commitMutationEffectsOnFiber (webpack-internal:///(app-pages-browser)/./node_modules/next/dist/compiled/react-dom/cjs/react-dom-client.development.js:15746:11)
    at recursivelyTraverseMutationEffects (webpack-internal:///(app-pages-browser)/./node_modules/next/dist/compiled/react-dom/cjs/react-dom-client.development.js:15731:11)
    at commitMutationEffectsOnFiber (webpack-internal:///(app-pages-browser)/./node_modules/next/dist/compiled/react-dom/cjs/react-dom-client.development.js:16187:11)
    at recursivelyTraverseMutationEffects (webpack-internal:///(app-pages-browser)/./node_modules/next/dist/compiled/react-dom/cjs/react-dom-client.development.js:15731:11)
    at commitMutationEffectsOnFiber (webpack-internal:///(app-pages-browser)/./node_modules/next/dist/compiled/react-dom/cjs/react-dom-client.development.js:16187:11)
    at recursivelyTraverseMutationEffects (webpack-internal:///(app-pages-browser)/./node_modules/next/dist/compiled/react-dom/cjs/react-dom-client.development.js:15731:11)
    at commitMutationEffectsOnFiber (webpack-internal:///(app-pages-browser)/./node_modules/next/dist/compiled/react-dom/cjs/react-dom-client.development.js:16187:11)
    at recursivelyTraverseMutationEffects (webpack-internal:///(app-pages-browser)/./node_modules/next/dist/compiled/react-dom/cjs/react-dom-client.development.js:15731:11)
    at commitMutationEffectsOnFiber (webpack-internal:///(app-pages-browser)/./node_modules/next/dist/compiled/react-dom/cjs/react-dom-client.development.js:15746:11)
    at recursivelyTraverseMutationEffects (webpack-internal:///(app-pages-browser)/./node_modules/next/dist/compiled/react-dom/cjs/react-dom-client.development.js:15731:11)
    at commitMutationEffectsOnFiber (webpack-internal:///(app-pages-browser)/./node_modules/next/dist/compiled/react-dom/cjs/react-dom-client.development.js:15762:11)
    at recursivelyTraverseMutationEffects (webpack-internal:///(app-pages-browser)/./node_modules/next/dist/compiled/react-dom/cjs/react-dom-client.development.js:15731:11)
    at commitMutationEffectsOnFiber (webpack-internal:///(app-pages-browser)/./node_modules/next/dist/compiled/react-dom/cjs/react-dom-client.development.js:15746:11)
[ 8074982ms] NotFoundError: Failed to execute 'removeChild' on 'Node': The node to be removed is not a child of this node.
    at removeChildFromContainer (webpack-internal:///(app-pages-browser)/./node_modules/next/dist/compiled/react-dom/cjs/react-dom-client.development.js:23674:9)
    at runWithFiberInDEV (webpack-internal:///(app-pages-browser)/./node_modules/next/dist/compiled/react-dom/cjs/react-dom-client.development.js:987:30)
    at commitDeletionEffectsOnFiber (webpack-internal:///(app-pages-browser)/./node_modules/next/dist/compiled/react-dom/cjs/react-dom-client.development.js:15436:17)
    at recursivelyTraverseDeletionEffects (webpack-internal:///(app-pages-browser)/./node_modules/next/dist/compiled/react-dom/cjs/react-dom-client.development.js:15351:9)
    at commitDeletionEffectsOnFiber (webpack-internal:///(app-pages-browser)/./node_modules/next/dist/compiled/react-dom/cjs/react-dom-client.development.js:15510:11)
    at recursivelyTraverseDeletionEffects (webpack-internal:///(app-pages-browser)/./node_modules/next/dist/compiled/react-dom/cjs/react-dom-client.development.js:15351:9)
    at commitDeletionEffectsOnFiber (webpack-internal:///(app-pages-browser)/./node_modules/next/dist/compiled/react-dom/cjs/react-dom-client.development.js:15510:11)
    at recursivelyTraverseDeletionEffects (webpack-internal:///(app-pages-browser)/./node_modules/next/dist/compiled/react-dom/cjs/react-dom-client.development.js:15351:9)
    at commitDeletionEffectsOnFiber (webpack-internal:///(app-pages-browser)/./node_modules/next/dist/compiled/react-dom/cjs/react-dom-client.development.js:15563:11)
    at recursivelyTraverseDeletionEffects (webpack-internal:///(app-pages-browser)/./node_modules/next/dist/compiled/react-dom/cjs/react-dom-client.development.js:15351:9)
    at commitDeletionEffectsOnFiber (webpack-internal:///(app-pages-browser)/./node_modules/next/dist/compiled/react-dom/cjs/react-dom-client.development.js:15570:11)
    at recursivelyTraverseDeletionEffects (webpack-internal:///(app-pages-browser)/./node_modules/next/dist/compiled/react-dom/cjs/react-dom-client.development.js:15351:9)
    at commitDeletionEffectsOnFiber (webpack-internal:///(app-pages-browser)/./node_modules/next/dist/compiled/react-dom/cjs/react-dom-client.development.js:15510:11)
    at recursivelyTraverseDeletionEffects (webpack-internal:///(app-pages-browser)/./node_modules/next/dist/compiled/react-dom/cjs/react-dom-client.development.js:15351:9)
    at commitDeletionEffectsOnFiber (webpack-internal:///(app-pages-browser)/./node_modules/next/dist/compiled/react-dom/cjs/react-dom-client.development.js:15526:11)
    at recursivelyTraverseDeletionEffects (webpack-internal:///(app-pages-browser)/./node_modules/next/dist/compiled/react-dom/cjs/react-dom-client.development.js:15351:9)
    at commitDeletionEffectsOnFiber (webpack-internal:///(app-pages-browser)/./node_modules/next/dist/compiled/react-dom/cjs/react-dom-client.development.js:15510:11)
    at recursivelyTraverseDeletionEffects (webpack-internal:///(app-pages-browser)/./node_modules/next/dist/compiled/react-dom/cjs/react-dom-client.development.js:15351:9)
    at commitDeletionEffectsOnFiber (webpack-internal:///(app-pages-browser)/./node_modules/next/dist/compiled/react-dom/cjs/react-dom-client.development.js:15510:11)
    at recursivelyTraverseDeletionEffects (webpack-internal:///(app-pages-browser)/./node_modules/next/dist/compiled/react-dom/cjs/react-dom-client.development.js:15351:9)
    at commitDeletionEffectsOnFiber (webpack-internal:///(app-pages-browser)/./node_modules/next/dist/compiled/react-dom/cjs/react-dom-client.development.js:15510:11)
    at recursivelyTraverseDeletionEffects (webpack-internal:///(app-pages-browser)/./node_modules/next/dist/compiled/react-dom/cjs/react-dom-client.development.js:15351:9)
    at commitDeletionEffectsOnFiber (webpack-internal:///(app-pages-browser)/./node_modules/next/dist/compiled/react-dom/cjs/react-dom-client.development.js:15510:11)
    at recursivelyTraverseDeletionEffects (webpack-internal:///(app-pages-browser)/./node_modules/next/dist/compiled/react-dom/cjs/react-dom-client.development.js:15351:9)
    at commitDeletionEffectsOnFiber (webpack-internal:///(app-pages-browser)/./node_modules/next/dist/compiled/react-dom/cjs/react-dom-client.development.js:15526:11)
    at recursivelyTraverseDeletionEffects (webpack-internal:///(app-pages-browser)/./node_modules/next/dist/compiled/react-dom/cjs/react-dom-client.development.js:15351:9)
    at commitDeletionEffectsOnFiber (webpack-internal:///(app-pages-browser)/./node_modules/next/dist/compiled/react-dom/cjs/react-dom-client.development.js:15510:11)
    at recursivelyTraverseDeletionEffects (webpack-internal:///(app-pages-browser)/./node_modules/next/dist/compiled/react-dom/cjs/react-dom-client.development.js:15351:9)
    at commitDeletionEffectsOnFiber (webpack-internal:///(app-pages-browser)/./node_modules/next/dist/compiled/react-dom/cjs/react-dom-client.development.js:15510:11)
    at recursivelyTraverseDeletionEffects (webpack-internal:///(app-pages-browser)/./node_modules/next/dist/compiled/react-dom/cjs/react-dom-client.development.js:15351:9)
    at commitDeletionEffectsOnFiber (webpack-internal:///(app-pages-browser)/./node_modules/next/dist/compiled/react-dom/cjs/react-dom-client.development.js:15570:11)
    at recursivelyTraverseDeletionEffects (webpack-internal:///(app-pages-browser)/./node_modules/next/dist/compiled/react-dom/cjs/react-dom-client.development.js:15351:9)
    at commitDeletionEffectsOnFiber (webpack-internal:///(app-pages-browser)/./node_modules/next/dist/compiled/react-dom/cjs/react-dom-client.development.js:15570:11)
    at recursivelyTraverseDeletionEffects (webpack-internal:///(app-pages-browser)/./node_modules/next/dist/compiled/react-dom/cjs/react-dom-client.development.js:15351:9)
    at commitDeletionEffectsOnFiber (webpack-internal:///(app-pages-browser)/./node_modules/next/dist/compiled/react-dom/cjs/react-dom-client.development.js:15510:11)
    at recursivelyTraverseDeletionEffects (webpack-internal:///(app-pages-browser)/./node_modules/next/dist/compiled/react-dom/cjs/react-dom-client.development.js:15351:9)
    at commitDeletionEffectsOnFiber (webpack-internal:///(app-pages-browser)/./node_modules/next/dist/compiled/react-dom/cjs/react-dom-client.development.js:15510:11)
    at recursivelyTraverseDeletionEffects (webpack-internal:///(app-pages-browser)/./node_modules/next/dist/compiled/react-dom/cjs/react-dom-client.development.js:15351:9)
    at commitDeletionEffectsOnFiber (webpack-internal:///(app-pages-browser)/./node_modules/next/dist/compiled/react-dom/cjs/react-dom-client.development.js:15563:11)
    at recursivelyTraverseDeletionEffects (webpack-internal:///(app-pages-browser)/./node_modules/next/dist/compiled/react-dom/cjs/react-dom-client.development.js:15351:9)
    at commitDeletionEffectsOnFiber (webpack-internal:///(app-pages-browser)/./node_modules/next/dist/compiled/react-dom/cjs/react-dom-client.development.js:15570:11)
    at recursivelyTraverseDeletionEffects (webpack-internal:///(app-pages-browser)/./node_modules/next/dist/compiled/react-dom/cjs/react-dom-client.development.js:15351:9)
    at commitDeletionEffectsOnFiber (webpack-internal:///(app-pages-browser)/./node_modules/next/dist/compiled/react-dom/cjs/react-dom-client.development.js:15570:11)
    at recursivelyTraverseDeletionEffects (webpack-internal:///(app-pages-browser)/./node_modules/next/dist/compiled/react-dom/cjs/react-dom-client.development.js:15351:9)
    at commitDeletionEffectsOnFiber (webpack-internal:///(app-pages-browser)/./node_modules/next/dist/compiled/react-dom/cjs/react-dom-client.development.js:15510:11)
    at recursivelyTraverseDeletionEffects (webpack-internal:///(app-pages-browser)/./node_modules/next/dist/compiled/react-dom/cjs/react-dom-client.development.js:15351:9)
    at commitDeletionEffectsOnFiber (webpack-internal:///(app-pages-browser)/./node_modules/next/dist/compiled/react-dom/cjs/react-dom-client.development.js:15526:11)
    at recursivelyTraverseDeletionEffects (webpack-internal:///(app-pages-browser)/./node_modules/next/dist/compiled/react-dom/cjs/react-dom-client.development.js:15351:9)
    at commitDeletionEffectsOnFiber (webpack-internal:///(app-pages-browser)/./node_modules/next/dist/compiled/react-dom/cjs/react-dom-client.development.js:15510:11)
    at recursivelyTraverseDeletionEffects (webpack-internal:///(app-pages-browser)/./node_modules/next/dist/compiled/react-dom/cjs/react-dom-client.development.js:15351:9)
[ 8074983ms] NotFoundError: Failed to execute 'removeChild' on 'Node': The node to be removed is not a child of this node.
    at removeChildFromContainer (webpack-internal:///(app-pages-browser)/./node_modules/next/dist/compiled/react-dom/cjs/react-dom-client.development.js:23674:9)
    at runWithFiberInDEV (webpack-internal:///(app-pages-browser)/./node_modules/next/dist/compiled/react-dom/cjs/react-dom-client.development.js:987:30)
    at commitDeletionEffectsOnFiber (webpack-internal:///(app-pages-browser)/./node_modules/next/dist/compiled/react-dom/cjs/react-dom-client.development.js:15436:17)
    at recursivelyTraverseDeletionEffects (webpack-internal:///(app-pages-browser)/./node_modules/next/dist/compiled/react-dom/cjs/react-dom-client.development.js:15351:9)
    at commitDeletionEffectsOnFiber (webpack-internal:///(app-pages-browser)/./node_modules/next/dist/compiled/react-dom/cjs/react-dom-client.development.js:15510:11)
    at recursivelyTraverseDeletionEffects (webpack-internal:///(app-pages-browser)/./node_modules/next/dist/compiled/react-dom/cjs/react-dom-client.development.js:15351:9)
    at commitDeletionEffectsOnFiber (webpack-internal:///(app-pages-browser)/./node_modules/next/dist/compiled/react-dom/cjs/react-dom-client.development.js:15510:11)
    at recursivelyTraverseDeletionEffects (webpack-internal:///(app-pages-browser)/./node_modules/next/dist/compiled/react-dom/cjs/react-dom-client.development.js:15351:9)
    at commitDeletionEffectsOnFiber (webpack-internal:///(app-pages-browser)/./node_modules/next/dist/compiled/react-dom/cjs/react-dom-client.development.js:15404:11)
    at recursivelyTraverseDeletionEffects (webpack-internal:///(app-pages-browser)/./node_modules/next/dist/compiled/react-dom/cjs/react-dom-client.development.js:15351:9)
    at commitDeletionEffectsOnFiber (webpack-internal:///(app-pages-browser)/./node_modules/next/dist/compiled/react-dom/cjs/react-dom-client.development.js:15404:11)
    at recursivelyTraverseDeletionEffects (webpack-internal:///(app-pages-browser)/./node_modules/next/dist/compiled/react-dom/cjs/react-dom-client.development.js:15351:9)
    at commitDeletionEffectsOnFiber (webpack-internal:///(app-pages-browser)/./node_modules/next/dist/compiled/react-dom/cjs/react-dom-client.development.js:15563:11)
    at recursivelyTraverseDeletionEffects (webpack-internal:///(app-pages-browser)/./node_modules/next/dist/compiled/react-dom/cjs/react-dom-client.development.js:15351:9)
    at commitDeletionEffectsOnFiber (webpack-internal:///(app-pages-browser)/./node_modules/next/dist/compiled/react-dom/cjs/react-dom-client.development.js:15510:11)
    at recursivelyTraverseDeletionEffects (webpack-internal:///(app-pages-browser)/./node_modules/next/dist/compiled/react-dom/cjs/react-dom-client.development.js:15351:9)
    at commitDeletionEffectsOnFiber (webpack-internal:///(app-pages-browser)/./node_modules/next/dist/compiled/react-dom/cjs/react-dom-client.development.js:15510:11)
    at recursivelyTraverseDeletionEffects (webpack-internal:///(app-pages-browser)/./node_modules/next/dist/compiled/react-dom/cjs/react-dom-client.development.js:15351:9)
    at commitDeletionEffectsOnFiber (webpack-internal:///(app-pages-browser)/./node_modules/next/dist/compiled/react-dom/cjs/react-dom-client.development.js:15526:11)
    at recursivelyTraverseDeletionEffects (webpack-internal:///(app-pages-browser)/./node_modules/next/dist/compiled/react-dom/cjs/react-dom-client.development.js:15351:9)
    at commitDeletionEffectsOnFiber (webpack-internal:///(app-pages-browser)/./node_modules/next/dist/compiled/react-dom/cjs/react-dom-client.development.js:15510:11)
    at recursivelyTraverseDeletionEffects (webpack-internal:///(app-pages-browser)/./node_modules/next/dist/compiled/react-dom/cjs/react-dom-client.development.js:15351:9)
    at commitDeletionEffectsOnFiber (webpack-internal:///(app-pages-browser)/./node_modules/next/dist/compiled/react-dom/cjs/react-dom-client.development.js:15526:11)
    at recursivelyTraverseDeletionEffects (webpack-internal:///(app-pages-browser)/./node_modules/next/dist/compiled/react-dom/cjs/react-dom-client.development.js:15351:9)
    at commitDeletionEffectsOnFiber (webpack-internal:///(app-pages-browser)/./node_modules/next/dist/compiled/react-dom/cjs/react-dom-client.development.js:15510:11)
    at recursivelyTraverseDeletionEffects (webpack-internal:///(app-pages-browser)/./node_modules/next/dist/compiled/react-dom/cjs/react-dom-client.development.js:15351:9)
    at commitDeletionEffectsOnFiber (webpack-internal:///(app-pages-browser)/./node_modules/next/dist/compiled/react-dom/cjs/react-dom-client.development.js:15510:11)
    at recursivelyTraverseMutationEffects (webpack-internal:///(app-pages-browser)/./node_modules/next/dist/compiled/react-dom/cjs/react-dom-client.development.js:15710:11)
    at commitMutationEffectsOnFiber (webpack-internal:///(app-pages-browser)/./node_modules/next/dist/compiled/react-dom/cjs/react-dom-client.development.js:15762:11)
    at recursivelyTraverseMutationEffects (webpack-internal:///(app-pages-browser)/./node_modules/next/dist/compiled/react-dom/cjs/react-dom-client.development.js:15731:11)
    at commitMutationEffectsOnFiber (webpack-internal:///(app-pages-browser)/./node_modules/next/dist/compiled/react-dom/cjs/react-dom-client.development.js:15746:11)
    at recursivelyTraverseMutationEffects (webpack-internal:///(app-pages-browser)/./node_modules/next/dist/compiled/react-dom/cjs/react-dom-client.development.js:15731:11)
    at commitMutationEffectsOnFiber (webpack-internal:///(app-pages-browser)/./node_modules/next/dist/compiled/react-dom/cjs/react-dom-client.development.js:16187:11)
    at recursivelyTraverseMutationEffects (webpack-internal:///(app-pages-browser)/./node_modules/next/dist/compiled/react-dom/cjs/react-dom-client.development.js:15731:11)
    at commitMutationEffectsOnFiber (webpack-internal:///(app-pages-browser)/./node_modules/next/dist/compiled/react-dom/cjs/react-dom-client.development.js:16187:11)
    at recursivelyTraverseMutationEffects (webpack-internal:///(app-pages-browser)/./node_modules/next/dist/compiled/react-dom/cjs/react-dom-client.development.js:15731:11)
    at commitMutationEffectsOnFiber (webpack-internal:///(app-pages-browser)/./node_modules/next/dist/compiled/react-dom/cjs/react-dom-client.development.js:16187:11)
    at recursivelyTraverseMutationEffects (webpack-internal:///(app-pages-browser)/./node_modules/next/dist/compiled/react-dom/cjs/react-dom-client.development.js:15731:11)
    at commitMutationEffectsOnFiber (webpack-internal:///(app-pages-browser)/./node_modules/next/dist/compiled/react-dom/cjs/react-dom-client.development.js:16187:11)
    at recursivelyTraverseMutationEffects (webpack-internal:///(app-pages-browser)/./node_modules/next/dist/compiled/react-dom/cjs/react-dom-client.development.js:15731:11)
    at commitMutationEffectsOnFiber (webpack-internal:///(app-pages-browser)/./node_modules/next/dist/compiled/react-dom/cjs/react-dom-client.development.js:16187:11)
    at recursivelyTraverseMutationEffects (webpack-internal:///(app-pages-browser)/./node_modules/next/dist/compiled/react-dom/cjs/react-dom-client.development.js:15731:11)
    at commitMutationEffectsOnFiber (webpack-internal:///(app-pages-browser)/./node_modules/next/dist/compiled/react-dom/cjs/react-dom-client.development.js:16187:11)
    at recursivelyTraverseMutationEffects (webpack-internal:///(app-pages-browser)/./node_modules/next/dist/compiled/react-dom/cjs/react-dom-client.development.js:15731:11)
    at commitMutationEffectsOnFiber (webpack-internal:///(app-pages-browser)/./node_modules/next/dist/compiled/react-dom/cjs/react-dom-client.development.js:16187:11)
    at recursivelyTraverseMutationEffects (webpack-internal:///(app-pages-browser)/./node_modules/next/dist/compiled/react-dom/cjs/react-dom-client.development.js:15731:11)
    at commitMutationEffectsOnFiber (webpack-internal:///(app-pages-browser)/./node_modules/next/dist/compiled/react-dom/cjs/react-dom-client.development.js:15746:11)
    at recursivelyTraverseMutationEffects (webpack-internal:///(app-pages-browser)/./node_modules/next/dist/compiled/react-dom/cjs/react-dom-client.development.js:15731:11)
    at commitMutationEffectsOnFiber (webpack-internal:///(app-pages-browser)/./node_modules/next/dist/compiled/react-dom/cjs/react-dom-client.development.js:15762:11)
    at recursivelyTraverseMutationEffects (webpack-internal:///(app-pages-browser)/./node_modules/next/dist/compiled/react-dom/cjs/react-dom-client.development.js:15731:11)
[ 8074983ms] [WARNING] [Fast Refresh] performing full reload because your application had an unrecoverable error @ webpack-internal:///(app-pages-browser)/./node_modules/next/dist/next-devtools/shared/forward-logs-shared.js:27
[ 8075562ms] [LOG] [Fast Refresh] rebuilding @ webpack-internal:///(app-pages-browser)/./node_modules/next/dist/next-devtools/shared/forward-logs-shared.js:27
[ 8077124ms] [LOG] [Fast Refresh] done in 1562ms @ webpack-internal:///(app-pages-browser)/./node_modules/next/dist/next-devtools/shared/forward-logs-shared.js:27
[ 8078546ms] [INFO] %cDownload the React DevTools for a better development experience: https://react.dev/link/react-devtools font-weight:bold @ webpack-internal:///(app-pages-browser)/./node_modules/next/dist/next-devtools/shared/forward-logs-shared.js:27
[ 8078616ms] [LOG] [HMR] connected @ webpack-internal:///(app-pages-browser)/./node_modules/next/dist/next-devtools/shared/forward-logs-shared.js:27
[ 8078788ms] [LOG] [Fast Refresh] rebuilding @ webpack-internal:///(app-pages-browser)/./node_modules/next/dist/next-devtools/shared/forward-logs-shared.js:27
[ 8079550ms] [LOG] [Fast Refresh] done in 762ms @ webpack-internal:///(app-pages-browser)/./node_modules/next/dist/next-devtools/shared/forward-logs-shared.js:27
[ 8079642ms] [LOG] [Fast Refresh] rebuilding @ webpack-internal:///(app-pages-browser)/./node_modules/next/dist/next-devtools/shared/forward-logs-shared.js:27
[ 8079937ms] [LOG] [Fast Refresh] done in 294ms @ webpack-internal:///(app-pages-browser)/./node_modules/next/dist/next-devtools/shared/forward-logs-shared.js:27
[ 8080547ms] [WARNING] Canvas2D: Multiple readback operations using getImageData are faster with the willReadFrequently attribute set to true. See: https://html.spec.whatwg.org/multipage/canvas.html#concept-canvas-will-read-frequently @ webpack-internal:///(app-pages-browser)/./src/components/dice/DiceMesh.ts:191
[ 8080560ms] [WARNING] Canvas2D: Multiple readback operations using getImageData are faster with the willReadFrequently attribute set to true. See: https://html.spec.whatwg.org/multipage/canvas.html#concept-canvas-will-read-frequently @ webpack-internal:///(app-pages-browser)/./src/components/dice/DiceMesh.ts:191
[ 8080590ms] [WARNING] Canvas2D: Multiple readback operations using getImageData are faster with the willReadFrequently attribute set to true. See: https://html.spec.whatwg.org/multipage/canvas.html#concept-canvas-will-read-frequently @ webpack-internal:///(app-pages-browser)/./src/components/dice/DiceMesh.ts:191
[ 8080623ms] [WARNING] Canvas2D: Multiple readback operations using getImageData are faster with the willReadFrequently attribute set to true. See: https://html.spec.whatwg.org/multipage/canvas.html#concept-canvas-will-read-frequently @ webpack-internal:///(app-pages-browser)/./src/components/dice/DiceMesh.ts:191
[ 8080657ms] [WARNING] Canvas2D: Multiple readback operations using getImageData are faster with the willReadFrequently attribute set to true. See: https://html.spec.whatwg.org/multipage/canvas.html#concept-canvas-will-read-frequently @ webpack-internal:///(app-pages-browser)/./src/components/dice/DiceMesh.ts:191
[ 8080673ms] [WARNING] Canvas2D: Multiple readback operations using getImageData are faster with the willReadFrequently attribute set to true. See: https://html.spec.whatwg.org/multipage/canvas.html#concept-canvas-will-read-frequently @ webpack-internal:///(app-pages-browser)/./src/components/dice/DiceMesh.ts:191
[ 8080707ms] [WARNING] Canvas2D: Multiple readback operations using getImageData are faster with the willReadFrequently attribute set to true. See: https://html.spec.whatwg.org/multipage/canvas.html#concept-canvas-will-read-frequently @ webpack-internal:///(app-pages-browser)/./src/components/dice/DiceMesh.ts:191
[ 8080724ms] [WARNING] Canvas2D: Multiple readback operations using getImageData are faster with the willReadFrequently attribute set to true. See: https://html.spec.whatwg.org/multipage/canvas.html#concept-canvas-will-read-frequently @ webpack-internal:///(app-pages-browser)/./src/components/dice/DiceMesh.ts:191
[ 8080757ms] [WARNING] Canvas2D: Multiple readback operations using getImageData are faster with the willReadFrequently attribute set to true. See: https://html.spec.whatwg.org/multipage/canvas.html#concept-canvas-will-read-frequently @ webpack-internal:///(app-pages-browser)/./src/components/dice/DiceMesh.ts:191
[ 8080790ms] [WARNING] Canvas2D: Multiple readback operations using getImageData are faster with the willReadFrequently attribute set to true. See: https://html.spec.whatwg.org/multipage/canvas.html#concept-canvas-will-read-frequently @ webpack-internal:///(app-pages-browser)/./src/components/dice/DiceMesh.ts:191
[ 8080824ms] [WARNING] Canvas2D: Multiple readback operations using getImageData are faster with the willReadFrequently attribute set to true. See: https://html.spec.whatwg.org/multipage/canvas.html#concept-canvas-will-read-frequently @ webpack-internal:///(app-pages-browser)/./src/components/dice/DiceMesh.ts:191
[ 8080857ms] [WARNING] Canvas2D: Multiple readback operations using getImageData are faster with the willReadFrequently attribute set to true. See: https://html.spec.whatwg.org/multipage/canvas.html#concept-canvas-will-read-frequently @ webpack-internal:///(app-pages-browser)/./src/components/dice/DiceMesh.ts:191
[ 8080873ms] [WARNING] Canvas2D: Multiple readback operations using getImageData are faster with the willReadFrequently attribute set to true. See: https://html.spec.whatwg.org/multipage/canvas.html#concept-canvas-will-read-frequently @ webpack-internal:///(app-pages-browser)/./src/components/dice/DiceMesh.ts:191
[ 8080907ms] [WARNING] Canvas2D: Multiple readback operations using getImageData are faster with the willReadFrequently attribute set to true. See: https://html.spec.whatwg.org/multipage/canvas.html#concept-canvas-will-read-frequently @ webpack-internal:///(app-pages-browser)/./src/components/dice/DiceMesh.ts:191
[ 8080923ms] [WARNING] Canvas2D: Multiple readback operations using getImageData are faster with the willReadFrequently attribute set to true. See: https://html.spec.whatwg.org/multipage/canvas.html#concept-canvas-will-read-frequently @ webpack-internal:///(app-pages-browser)/./src/components/dice/DiceMesh.ts:191
[ 8080926ms] [WARNING] Canvas2D: Multiple readback operations using getImageData are faster with the willReadFrequently attribute set to true. See: https://html.spec.whatwg.org/multipage/canvas.html#concept-canvas-will-read-frequently @ webpack-internal:///(app-pages-browser)/./src/components/dice/DiceMesh.ts:191
[ 8080928ms] [WARNING] Canvas2D: Multiple readback operations using getImageData are faster with the willReadFrequently attribute set to true. See: https://html.spec.whatwg.org/multipage/canvas.html#concept-canvas-will-read-frequently @ webpack-internal:///(app-pages-browser)/./src/components/dice/DiceMesh.ts:191
[ 8080929ms] [WARNING] Canvas2D: Multiple readback operations using getImageData are faster with the willReadFrequently attribute set to true. See: https://html.spec.whatwg.org/multipage/canvas.html#concept-canvas-will-read-frequently @ webpack-internal:///(app-pages-browser)/./src/components/dice/DiceMesh.ts:191
[ 8080931ms] [WARNING] Canvas2D: Multiple readback operations using getImageData are faster with the willReadFrequently attribute set to true. See: https://html.spec.whatwg.org/multipage/canvas.html#concept-canvas-will-read-frequently @ webpack-internal:///(app-pages-browser)/./src/components/dice/DiceMesh.ts:191
[ 8080932ms] [WARNING] Canvas2D: Multiple readback operations using getImageData are faster with the willReadFrequently attribute set to true. See: https://html.spec.whatwg.org/multipage/canvas.html#concept-canvas-will-read-frequently @ webpack-internal:///(app-pages-browser)/./src/components/dice/DiceMesh.ts:191
[ 8080934ms] [WARNING] Canvas2D: Multiple readback operations using getImageData are faster with the willReadFrequently attribute set to true. See: https://html.spec.whatwg.org/multipage/canvas.html#concept-canvas-will-read-frequently @ webpack-internal:///(app-pages-browser)/./src/components/dice/DiceMesh.ts:191
[ 8080936ms] [WARNING] Canvas2D: Multiple readback operations using getImageData are faster with the willReadFrequently attribute set to true. See: https://html.spec.whatwg.org/multipage/canvas.html#concept-canvas-will-read-frequently @ webpack-internal:///(app-pages-browser)/./src/components/dice/DiceMesh.ts:191
[ 8080937ms] [WARNING] Canvas2D: Multiple readback operations using getImageData are faster with the willReadFrequently attribute set to true. See: https://html.spec.whatwg.org/multipage/canvas.html#concept-canvas-will-read-frequently @ webpack-internal:///(app-pages-browser)/./src/components/dice/DiceMesh.ts:191
[ 8080938ms] [WARNING] Canvas2D: Multiple readback operations using getImageData are faster with the willReadFrequently attribute set to true. See: https://html.spec.whatwg.org/multipage/canvas.html#concept-canvas-will-read-frequently @ webpack-internal:///(app-pages-browser)/./src/components/dice/DiceMesh.ts:191
[ 8080941ms] [WARNING] Canvas2D: Multiple readback operations using getImageData are faster with the willReadFrequently attribute set to true. See: https://html.spec.whatwg.org/multipage/canvas.html#concept-canvas-will-read-frequently @ webpack-internal:///(app-pages-browser)/./src/components/dice/DiceMesh.ts:191
[ 8080943ms] [WARNING] Canvas2D: Multiple readback operations using getImageData are faster with the willReadFrequently attribute set to true. See: https://html.spec.whatwg.org/multipage/canvas.html#concept-canvas-will-read-frequently @ webpack-internal:///(app-pages-browser)/./src/components/dice/DiceMesh.ts:191
[ 8080945ms] [WARNING] Canvas2D: Multiple readback operations using getImageData are faster with the willReadFrequently attribute set to true. See: https://html.spec.whatwg.org/multipage/canvas.html#concept-canvas-will-read-frequently @ webpack-internal:///(app-pages-browser)/./src/components/dice/DiceMesh.ts:191
[ 8080946ms] [WARNING] Canvas2D: Multiple readback operations using getImageData are faster with the willReadFrequently attribute set to true. See: https://html.spec.whatwg.org/multipage/canvas.html#concept-canvas-will-read-frequently @ webpack-internal:///(app-pages-browser)/./src/components/dice/DiceMesh.ts:191
[ 8080948ms] [WARNING] Canvas2D: Multiple readback operations using getImageData are faster with the willReadFrequently attribute set to true. See: https://html.spec.whatwg.org/multipage/canvas.html#concept-canvas-will-read-frequently @ webpack-internal:///(app-pages-browser)/./src/components/dice/DiceMesh.ts:191
[ 8080950ms] [WARNING] Canvas2D: Multiple readback operations using getImageData are faster with the willReadFrequently attribute set to true. See: https://html.spec.whatwg.org/multipage/canvas.html#concept-canvas-will-read-frequently @ webpack-internal:///(app-pages-browser)/./src/components/dice/DiceMesh.ts:191
[ 8080951ms] [WARNING] Canvas2D: Multiple readback operations using getImageData are faster with the willReadFrequently attribute set to true. See: https://html.spec.whatwg.org/multipage/canvas.html#concept-canvas-will-read-frequently @ webpack-internal:///(app-pages-browser)/./src/components/dice/DiceMesh.ts:191
[ 8080953ms] [WARNING] Canvas2D: Multiple readback operations using getImageData are faster with the willReadFrequently attribute set to true. See: https://html.spec.whatwg.org/multipage/canvas.html#concept-canvas-will-read-frequently @ webpack-internal:///(app-pages-browser)/./src/components/dice/DiceMesh.ts:191
[ 8080954ms] [WARNING] Canvas2D: Multiple readback operations using getImageData are faster with the willReadFrequently attribute set to true. See: https://html.spec.whatwg.org/multipage/canvas.html#concept-canvas-will-read-frequently @ webpack-internal:///(app-pages-browser)/./src/components/dice/DiceMesh.ts:191
[ 8080955ms] [WARNING] Canvas2D: Multiple readback operations using getImageData are faster with the willReadFrequently attribute set to true. See: https://html.spec.whatwg.org/multipage/canvas.html#concept-canvas-will-read-frequently @ webpack-internal:///(app-pages-browser)/./src/components/dice/DiceMesh.ts:191
[ 8080957ms] [WARNING] Canvas2D: Multiple readback operations using getImageData are faster with the willReadFrequently attribute set to true. See: https://html.spec.whatwg.org/multipage/canvas.html#concept-canvas-will-read-frequently @ webpack-internal:///(app-pages-browser)/./src/components/dice/DiceMesh.ts:191
[ 8080959ms] [WARNING] Canvas2D: Multiple readback operations using getImageData are faster with the willReadFrequently attribute set to true. See: https://html.spec.whatwg.org/multipage/canvas.html#concept-canvas-will-read-frequently @ webpack-internal:///(app-pages-browser)/./src/components/dice/DiceMesh.ts:191
[ 8080960ms] [WARNING] Canvas2D: Multiple readback operations using getImageData are faster with the willReadFrequently attribute set to true. See: https://html.spec.whatwg.org/multipage/canvas.html#concept-canvas-will-read-frequently @ webpack-internal:///(app-pages-browser)/./src/components/dice/DiceMesh.ts:191
[ 8080963ms] [WARNING] Canvas2D: Multiple readback operations using getImageData are faster with the willReadFrequently attribute set to true. See: https://html.spec.whatwg.org/multipage/canvas.html#concept-canvas-will-read-frequently @ webpack-internal:///(app-pages-browser)/./src/components/dice/DiceMesh.ts:191
[ 8080965ms] [WARNING] Canvas2D: Multiple readback operations using getImageData are faster with the willReadFrequently attribute set to true. See: https://html.spec.whatwg.org/multipage/canvas.html#concept-canvas-will-read-frequently @ webpack-internal:///(app-pages-browser)/./src/components/dice/DiceMesh.ts:191
[ 8080967ms] [WARNING] Canvas2D: Multiple readback operations using getImageData are faster with the willReadFrequently attribute set to true. See: https://html.spec.whatwg.org/multipage/canvas.html#concept-canvas-will-read-frequently @ webpack-internal:///(app-pages-browser)/./src/components/dice/DiceMesh.ts:191
[ 8080968ms] [WARNING] Canvas2D: Multiple readback operations using getImageData are faster with the willReadFrequently attribute set to true. See: https://html.spec.whatwg.org/multipage/canvas.html#concept-canvas-will-read-frequently @ webpack-internal:///(app-pages-browser)/./src/components/dice/DiceMesh.ts:191
[ 8080970ms] [WARNING] Canvas2D: Multiple readback operations using getImageData are faster with the willReadFrequently attribute set to true. See: https://html.spec.whatwg.org/multipage/canvas.html#concept-canvas-will-read-frequently @ webpack-internal:///(app-pages-browser)/./src/components/dice/DiceMesh.ts:191
[ 8080972ms] [WARNING] Canvas2D: Multiple readback operations using getImageData are faster with the willReadFrequently attribute set to true. See: https://html.spec.whatwg.org/multipage/canvas.html#concept-canvas-will-read-frequently @ webpack-internal:///(app-pages-browser)/./src/components/dice/DiceMesh.ts:191
[ 8080974ms] [WARNING] Canvas2D: Multiple readback operations using getImageData are faster with the willReadFrequently attribute set to true. See: https://html.spec.whatwg.org/multipage/canvas.html#concept-canvas-will-read-frequently @ webpack-internal:///(app-pages-browser)/./src/components/dice/DiceMesh.ts:191
[ 8080976ms] [WARNING] Canvas2D: Multiple readback operations using getImageData are faster with the willReadFrequently attribute set to true. See: https://html.spec.whatwg.org/multipage/canvas.html#concept-canvas-will-read-frequently @ webpack-internal:///(app-pages-browser)/./src/components/dice/DiceMesh.ts:191
[ 8080978ms] [WARNING] Canvas2D: Multiple readback operations using getImageData are faster with the willReadFrequently attribute set to true. See: https://html.spec.whatwg.org/multipage/canvas.html#concept-canvas-will-read-frequently @ webpack-internal:///(app-pages-browser)/./src/components/dice/DiceMesh.ts:191
[ 8080979ms] [WARNING] Canvas2D: Multiple readback operations using getImageData are faster with the willReadFrequently attribute set to true. See: https://html.spec.whatwg.org/multipage/canvas.html#concept-canvas-will-read-frequently @ webpack-internal:///(app-pages-browser)/./src/components/dice/DiceMesh.ts:191
[ 8080981ms] [WARNING] Canvas2D: Multiple readback operations using getImageData are faster with the willReadFrequently attribute set to true. See: https://html.spec.whatwg.org/multipage/canvas.html#concept-canvas-will-read-frequently @ webpack-internal:///(app-pages-browser)/./src/components/dice/DiceMesh.ts:191
[ 8080983ms] [WARNING] Canvas2D: Multiple readback operations using getImageData are faster with the willReadFrequently attribute set to true. See: https://html.spec.whatwg.org/multipage/canvas.html#concept-canvas-will-read-frequently @ webpack-internal:///(app-pages-browser)/./src/components/dice/DiceMesh.ts:191
[ 8080984ms] [WARNING] Canvas2D: Multiple readback operations using getImageData are faster with the willReadFrequently attribute set to true. See: https://html.spec.whatwg.org/multipage/canvas.html#concept-canvas-will-read-frequently @ webpack-internal:///(app-pages-browser)/./src/components/dice/DiceMesh.ts:191
[ 8080986ms] [WARNING] Canvas2D: Multiple readback operations using getImageData are faster with the willReadFrequently attribute set to true. See: https://html.spec.whatwg.org/multipage/canvas.html#concept-canvas-will-read-frequently @ webpack-internal:///(app-pages-browser)/./src/components/dice/DiceMesh.ts:191
[ 8080987ms] [WARNING] Canvas2D: Multiple readback operations using getImageData are faster with the willReadFrequently attribute set to true. See: https://html.spec.whatwg.org/multipage/canvas.html#concept-canvas-will-read-frequently @ webpack-internal:///(app-pages-browser)/./src/components/dice/DiceMesh.ts:191
[ 8080990ms] [WARNING] Canvas2D: Multiple readback operations using getImageData are faster with the willReadFrequently attribute set to true. See: https://html.spec.whatwg.org/multipage/canvas.html#concept-canvas-will-read-frequently @ webpack-internal:///(app-pages-browser)/./src/components/dice/DiceMesh.ts:191
[ 8080992ms] [WARNING] Canvas2D: Multiple readback operations using getImageData are faster with the willReadFrequently attribute set to true. See: https://html.spec.whatwg.org/multipage/canvas.html#concept-canvas-will-read-frequently @ webpack-internal:///(app-pages-browser)/./src/components/dice/DiceMesh.ts:191
[ 8080993ms] [WARNING] Canvas2D: Multiple readback operations using getImageData are faster with the willReadFrequently attribute set to true. See: https://html.spec.whatwg.org/multipage/canvas.html#concept-canvas-will-read-frequently @ webpack-internal:///(app-pages-browser)/./src/components/dice/DiceMesh.ts:191
[ 8080994ms] [WARNING] Canvas2D: Multiple readback operations using getImageData are faster with the willReadFrequently attribute set to true. See: https://html.spec.whatwg.org/multipage/canvas.html#concept-canvas-will-read-frequently @ webpack-internal:///(app-pages-browser)/./src/components/dice/DiceMesh.ts:191
[ 8080995ms] [WARNING] Canvas2D: Multiple readback operations using getImageData are faster with the willReadFrequently attribute set to true. See: https://html.spec.whatwg.org/multipage/canvas.html#concept-canvas-will-read-frequently @ webpack-internal:///(app-pages-browser)/./src/components/dice/DiceMesh.ts:191
[ 8080996ms] [WARNING] Canvas2D: Multiple readback operations using getImageData are faster with the willReadFrequently attribute set to true. See: https://html.spec.whatwg.org/multipage/canvas.html#concept-canvas-will-read-frequently @ webpack-internal:///(app-pages-browser)/./src/components/dice/DiceMesh.ts:191
[ 8080998ms] [WARNING] Canvas2D: Multiple readback operations using getImageData are faster with the willReadFrequently attribute set to true. See: https://html.spec.whatwg.org/multipage/canvas.html#concept-canvas-will-read-frequently @ webpack-internal:///(app-pages-browser)/./src/components/dice/DiceMesh.ts:191
[ 8080999ms] [WARNING] Canvas2D: Multiple readback operations using getImageData are faster with the willReadFrequently attribute set to true. See: https://html.spec.whatwg.org/multipage/canvas.html#concept-canvas-will-read-frequently @ webpack-internal:///(app-pages-browser)/./src/components/dice/DiceMesh.ts:191
[ 8081000ms] [WARNING] Canvas2D: Multiple readback operations using getImageData are faster with the willReadFrequently attribute set to true. See: https://html.spec.whatwg.org/multipage/canvas.html#concept-canvas-will-read-frequently @ webpack-internal:///(app-pages-browser)/./src/components/dice/DiceMesh.ts:191
[ 8081001ms] [WARNING] Canvas2D: Multiple readback operations using getImageData are faster with the willReadFrequently attribute set to true. See: https://html.spec.whatwg.org/multipage/canvas.html#concept-canvas-will-read-frequently @ webpack-internal:///(app-pages-browser)/./src/components/dice/DiceMesh.ts:191
[ 8081002ms] [WARNING] Canvas2D: Multiple readback operations using getImageData are faster with the willReadFrequently attribute set to true. See: https://html.spec.whatwg.org/multipage/canvas.html#concept-canvas-will-read-frequently @ webpack-internal:///(app-pages-browser)/./src/components/dice/DiceMesh.ts:191
[ 8081003ms] [WARNING] Canvas2D: Multiple readback operations using getImageData are faster with the willReadFrequently attribute set to true. See: https://html.spec.whatwg.org/multipage/canvas.html#concept-canvas-will-read-frequently @ webpack-internal:///(app-pages-browser)/./src/components/dice/DiceMesh.ts:191
[ 8081004ms] [WARNING] Canvas2D: Multiple readback operations using getImageData are faster with the willReadFrequently attribute set to true. See: https://html.spec.whatwg.org/multipage/canvas.html#concept-canvas-will-read-frequently @ webpack-internal:///(app-pages-browser)/./src/components/dice/DiceMesh.ts:191
[ 8081005ms] [WARNING] Canvas2D: Multiple readback operations using getImageData are faster with the willReadFrequently attribute set to true. See: https://html.spec.whatwg.org/multipage/canvas.html#concept-canvas-will-read-frequently @ webpack-internal:///(app-pages-browser)/./src/components/dice/DiceMesh.ts:191
[ 8081007ms] [WARNING] Canvas2D: Multiple readback operations using getImageData are faster with the willReadFrequently attribute set to true. See: https://html.spec.whatwg.org/multipage/canvas.html#concept-canvas-will-read-frequently @ webpack-internal:///(app-pages-browser)/./src/components/dice/DiceMesh.ts:191
[ 8081009ms] [WARNING] Canvas2D: Multiple readback operations using getImageData are faster with the willReadFrequently attribute set to true. See: https://html.spec.whatwg.org/multipage/canvas.html#concept-canvas-will-read-frequently @ webpack-internal:///(app-pages-browser)/./src/components/dice/DiceMesh.ts:191
[ 8081010ms] [WARNING] Canvas2D: Multiple readback operations using getImageData are faster with the willReadFrequently attribute set to true. See: https://html.spec.whatwg.org/multipage/canvas.html#concept-canvas-will-read-frequently @ webpack-internal:///(app-pages-browser)/./src/components/dice/DiceMesh.ts:191
[ 8081012ms] [WARNING] Canvas2D: Multiple readback operations using getImageData are faster with the willReadFrequently attribute set to true. See: https://html.spec.whatwg.org/multipage/canvas.html#concept-canvas-will-read-frequently @ webpack-internal:///(app-pages-browser)/./src/components/dice/DiceMesh.ts:191
[ 8081013ms] [WARNING] Canvas2D: Multiple readback operations using getImageData are faster with the willReadFrequently attribute set to true. See: https://html.spec.whatwg.org/multipage/canvas.html#concept-canvas-will-read-frequently @ webpack-internal:///(app-pages-browser)/./src/components/dice/DiceMesh.ts:191
[ 8081014ms] [WARNING] Canvas2D: Multiple readback operations using getImageData are faster with the willReadFrequently attribute set to true. See: https://html.spec.whatwg.org/multipage/canvas.html#concept-canvas-will-read-frequently @ webpack-internal:///(app-pages-browser)/./src/components/dice/DiceMesh.ts:191
[ 8081015ms] [WARNING] Canvas2D: Multiple readback operations using getImageData are faster with the willReadFrequently attribute set to true. See: https://html.spec.whatwg.org/multipage/canvas.html#concept-canvas-will-read-frequently @ webpack-internal:///(app-pages-browser)/./src/components/dice/DiceMesh.ts:191
[ 8081016ms] [WARNING] Canvas2D: Multiple readback operations using getImageData are faster with the willReadFrequently attribute set to true. See: https://html.spec.whatwg.org/multipage/canvas.html#concept-canvas-will-read-frequently @ webpack-internal:///(app-pages-browser)/./src/components/dice/DiceMesh.ts:191
[ 8081017ms] [WARNING] Canvas2D: Multiple readback operations using getImageData are faster with the willReadFrequently attribute set to true. See: https://html.spec.whatwg.org/multipage/canvas.html#concept-canvas-will-read-frequently @ webpack-internal:///(app-pages-browser)/./src/components/dice/DiceMesh.ts:191
[ 8081018ms] [WARNING] Canvas2D: Multiple readback operations using getImageData are faster with the willReadFrequently attribute set to true. See: https://html.spec.whatwg.org/multipage/canvas.html#concept-canvas-will-read-frequently @ webpack-internal:///(app-pages-browser)/./src/components/dice/DiceMesh.ts:191
[ 8088204ms] [LOG] [Fast Refresh] rebuilding @ webpack-internal:///(app-pages-browser)/./node_modules/next/dist/next-devtools/shared/forward-logs-shared.js:27
[ 8089145ms] [LOG] [Fast Refresh] done in 942ms @ webpack-internal:///(app-pages-browser)/./node_modules/next/dist/next-devtools/shared/forward-logs-shared.js:27
[ 8098409ms] [LOG] [Fast Refresh] rebuilding @ webpack-internal:///(app-pages-browser)/./node_modules/next/dist/next-devtools/shared/forward-logs-shared.js:27
[ 8098845ms] [LOG] [Fast Refresh] done in 435ms @ webpack-internal:///(app-pages-browser)/./node_modules/next/dist/next-devtools/shared/forward-logs-shared.js:27
[ 8167640ms] [LOG] [Fast Refresh] rebuilding @ webpack-internal:///(app-pages-browser)/./node_modules/next/dist/next-devtools/shared/forward-logs-shared.js:27
[ 8168325ms] [LOG] [Fast Refresh] done in 684ms @ webpack-internal:///(app-pages-browser)/./node_modules/next/dist/next-devtools/shared/forward-logs-shared.js:27
[ 8223547ms] [LOG] [Fast Refresh] rebuilding @ webpack-internal:///(app-pages-browser)/./node_modules/next/dist/next-devtools/shared/forward-logs-shared.js:27
[ 8224172ms] [LOG] [Fast Refresh] done in 625ms @ webpack-internal:///(app-pages-browser)/./node_modules/next/dist/next-devtools/shared/forward-logs-shared.js:27
[ 8230294ms] [LOG] [Fast Refresh] rebuilding @ webpack-internal:///(app-pages-browser)/./node_modules/next/dist/next-devtools/shared/forward-logs-shared.js:27
[ 8230885ms] [LOG] [Fast Refresh] done in 591ms @ webpack-internal:///(app-pages-browser)/./node_modules/next/dist/next-devtools/shared/forward-logs-shared.js:27
[ 8247509ms] [INFO] %cDownload the React DevTools for a better development experience: https://react.dev/link/react-devtools font-weight:bold @ webpack-internal:///(app-pages-browser)/./node_modules/next/dist/next-devtools/shared/forward-logs-shared.js:27
[ 8247580ms] [LOG] [HMR] connected @ webpack-internal:///(app-pages-browser)/./node_modules/next/dist/next-devtools/shared/forward-logs-shared.js:27
[ 8249022ms] [WARNING] Canvas2D: Multiple readback operations using getImageData are faster with the willReadFrequently attribute set to true. See: https://html.spec.whatwg.org/multipage/canvas.html#concept-canvas-will-read-frequently @ webpack-internal:///(app-pages-browser)/./src/components/dice/DiceMesh.ts:191
[ 8249028ms] [WARNING] Canvas2D: Multiple readback operations using getImageData are faster with the willReadFrequently attribute set to true. See: https://html.spec.whatwg.org/multipage/canvas.html#concept-canvas-will-read-frequently @ webpack-internal:///(app-pages-browser)/./src/components/dice/DiceMesh.ts:191
[ 8249034ms] [WARNING] Canvas2D: Multiple readback operations using getImageData are faster with the willReadFrequently attribute set to true. See: https://html.spec.whatwg.org/multipage/canvas.html#concept-canvas-will-read-frequently @ webpack-internal:///(app-pages-browser)/./src/components/dice/DiceMesh.ts:191
[ 8249038ms] [WARNING] Canvas2D: Multiple readback operations using getImageData are faster with the willReadFrequently attribute set to true. See: https://html.spec.whatwg.org/multipage/canvas.html#concept-canvas-will-read-frequently @ webpack-internal:///(app-pages-browser)/./src/components/dice/DiceMesh.ts:191
[ 8249042ms] [WARNING] Canvas2D: Multiple readback operations using getImageData are faster with the willReadFrequently attribute set to true. See: https://html.spec.whatwg.org/multipage/canvas.html#concept-canvas-will-read-frequently @ webpack-internal:///(app-pages-browser)/./src/components/dice/DiceMesh.ts:191
[ 8249045ms] [WARNING] Canvas2D: Multiple readback operations using getImageData are faster with the willReadFrequently attribute set to true. See: https://html.spec.whatwg.org/multipage/canvas.html#concept-canvas-will-read-frequently @ webpack-internal:///(app-pages-browser)/./src/components/dice/DiceMesh.ts:191
[ 8249048ms] [WARNING] Canvas2D: Multiple readback operations using getImageData are faster with the willReadFrequently attribute set to true. See: https://html.spec.whatwg.org/multipage/canvas.html#concept-canvas-will-read-frequently @ webpack-internal:///(app-pages-browser)/./src/components/dice/DiceMesh.ts:191
[ 8249052ms] [WARNING] Canvas2D: Multiple readback operations using getImageData are faster with the willReadFrequently attribute set to true. See: https://html.spec.whatwg.org/multipage/canvas.html#concept-canvas-will-read-frequently @ webpack-internal:///(app-pages-browser)/./src/components/dice/DiceMesh.ts:191
[ 8249055ms] [WARNING] Canvas2D: Multiple readback operations using getImageData are faster with the willReadFrequently attribute set to true. See: https://html.spec.whatwg.org/multipage/canvas.html#concept-canvas-will-read-frequently @ webpack-internal:///(app-pages-browser)/./src/components/dice/DiceMesh.ts:191
[ 8249057ms] [WARNING] Canvas2D: Multiple readback operations using getImageData are faster with the willReadFrequently attribute set to true. See: https://html.spec.whatwg.org/multipage/canvas.html#concept-canvas-will-read-frequently @ webpack-internal:///(app-pages-browser)/./src/components/dice/DiceMesh.ts:191
[ 8249061ms] [WARNING] Canvas2D: Multiple readback operations using getImageData are faster with the willReadFrequently attribute set to true. See: https://html.spec.whatwg.org/multipage/canvas.html#concept-canvas-will-read-frequently @ webpack-internal:///(app-pages-browser)/./src/components/dice/DiceMesh.ts:191
[ 8249064ms] [WARNING] Canvas2D: Multiple readback operations using getImageData are faster with the willReadFrequently attribute set to true. See: https://html.spec.whatwg.org/multipage/canvas.html#concept-canvas-will-read-frequently @ webpack-internal:///(app-pages-browser)/./src/components/dice/DiceMesh.ts:191
[ 8249069ms] [WARNING] Canvas2D: Multiple readback operations using getImageData are faster with the willReadFrequently attribute set to true. See: https://html.spec.whatwg.org/multipage/canvas.html#concept-canvas-will-read-frequently @ webpack-internal:///(app-pages-browser)/./src/components/dice/DiceMesh.ts:191
[ 8249070ms] [WARNING] Canvas2D: Multiple readback operations using getImageData are faster with the willReadFrequently attribute set to true. See: https://html.spec.whatwg.org/multipage/canvas.html#concept-canvas-will-read-frequently @ webpack-internal:///(app-pages-browser)/./src/components/dice/DiceMesh.ts:191
[ 8249072ms] [WARNING] Canvas2D: Multiple readback operations using getImageData are faster with the willReadFrequently attribute set to true. See: https://html.spec.whatwg.org/multipage/canvas.html#concept-canvas-will-read-frequently @ webpack-internal:///(app-pages-browser)/./src/components/dice/DiceMesh.ts:191
[ 8249074ms] [WARNING] Canvas2D: Multiple readback operations using getImageData are faster with the willReadFrequently attribute set to true. See: https://html.spec.whatwg.org/multipage/canvas.html#concept-canvas-will-read-frequently @ webpack-internal:///(app-pages-browser)/./src/components/dice/DiceMesh.ts:191
[ 8249077ms] [WARNING] Canvas2D: Multiple readback operations using getImageData are faster with the willReadFrequently attribute set to true. See: https://html.spec.whatwg.org/multipage/canvas.html#concept-canvas-will-read-frequently @ webpack-internal:///(app-pages-browser)/./src/components/dice/DiceMesh.ts:191
[ 8249080ms] [WARNING] Canvas2D: Multiple readback operations using getImageData are faster with the willReadFrequently attribute set to true. See: https://html.spec.whatwg.org/multipage/canvas.html#concept-canvas-will-read-frequently @ webpack-internal:///(app-pages-browser)/./src/components/dice/DiceMesh.ts:191
[ 8249086ms] [WARNING] Canvas2D: Multiple readback operations using getImageData are faster with the willReadFrequently attribute set to true. See: https://html.spec.whatwg.org/multipage/canvas.html#concept-canvas-will-read-frequently @ webpack-internal:///(app-pages-browser)/./src/components/dice/DiceMesh.ts:191
[ 8249089ms] [WARNING] Canvas2D: Multiple readback operations using getImageData are faster with the willReadFrequently attribute set to true. See: https://html.spec.whatwg.org/multipage/canvas.html#concept-canvas-will-read-frequently @ webpack-internal:///(app-pages-browser)/./src/components/dice/DiceMesh.ts:191
[ 8249094ms] [WARNING] Canvas2D: Multiple readback operations using getImageData are faster with the willReadFrequently attribute set to true. See: https://html.spec.whatwg.org/multipage/canvas.html#concept-canvas-will-read-frequently @ webpack-internal:///(app-pages-browser)/./src/components/dice/DiceMesh.ts:191
[ 8249097ms] [WARNING] Canvas2D: Multiple readback operations using getImageData are faster with the willReadFrequently attribute set to true. See: https://html.spec.whatwg.org/multipage/canvas.html#concept-canvas-will-read-frequently @ webpack-internal:///(app-pages-browser)/./src/components/dice/DiceMesh.ts:191
[ 8249099ms] [WARNING] Canvas2D: Multiple readback operations using getImageData are faster with the willReadFrequently attribute set to true. See: https://html.spec.whatwg.org/multipage/canvas.html#concept-canvas-will-read-frequently @ webpack-internal:///(app-pages-browser)/./src/components/dice/DiceMesh.ts:191
[ 8249103ms] [WARNING] Canvas2D: Multiple readback operations using getImageData are faster with the willReadFrequently attribute set to true. See: https://html.spec.whatwg.org/multipage/canvas.html#concept-canvas-will-read-frequently @ webpack-internal:///(app-pages-browser)/./src/components/dice/DiceMesh.ts:191
[ 8249106ms] [WARNING] Canvas2D: Multiple readback operations using getImageData are faster with the willReadFrequently attribute set to true. See: https://html.spec.whatwg.org/multipage/canvas.html#concept-canvas-will-read-frequently @ webpack-internal:///(app-pages-browser)/./src/components/dice/DiceMesh.ts:191
[ 8249109ms] [WARNING] Canvas2D: Multiple readback operations using getImageData are faster with the willReadFrequently attribute set to true. See: https://html.spec.whatwg.org/multipage/canvas.html#concept-canvas-will-read-frequently @ webpack-internal:///(app-pages-browser)/./src/components/dice/DiceMesh.ts:191
[ 8249111ms] [WARNING] Canvas2D: Multiple readback operations using getImageData are faster with the willReadFrequently attribute set to true. See: https://html.spec.whatwg.org/multipage/canvas.html#concept-canvas-will-read-frequently @ webpack-internal:///(app-pages-browser)/./src/components/dice/DiceMesh.ts:191
[ 8249113ms] [WARNING] Canvas2D: Multiple readback operations using getImageData are faster with the willReadFrequently attribute set to true. See: https://html.spec.whatwg.org/multipage/canvas.html#concept-canvas-will-read-frequently @ webpack-internal:///(app-pages-browser)/./src/components/dice/DiceMesh.ts:191
[ 8249116ms] [WARNING] Canvas2D: Multiple readback operations using getImageData are faster with the willReadFrequently attribute set to true. See: https://html.spec.whatwg.org/multipage/canvas.html#concept-canvas-will-read-frequently @ webpack-internal:///(app-pages-browser)/./src/components/dice/DiceMesh.ts:191
[ 8249120ms] [WARNING] Canvas2D: Multiple readback operations using getImageData are faster with the willReadFrequently attribute set to true. See: https://html.spec.whatwg.org/multipage/canvas.html#concept-canvas-will-read-frequently @ webpack-internal:///(app-pages-browser)/./src/components/dice/DiceMesh.ts:191
[ 8249122ms] [WARNING] Canvas2D: Multiple readback operations using getImageData are faster with the willReadFrequently attribute set to true. See: https://html.spec.whatwg.org/multipage/canvas.html#concept-canvas-will-read-frequently @ webpack-internal:///(app-pages-browser)/./src/components/dice/DiceMesh.ts:191
[ 8249125ms] [WARNING] Canvas2D: Multiple readback operations using getImageData are faster with the willReadFrequently attribute set to true. See: https://html.spec.whatwg.org/multipage/canvas.html#concept-canvas-will-read-frequently @ webpack-internal:///(app-pages-browser)/./src/components/dice/DiceMesh.ts:191
[ 8249128ms] [WARNING] Canvas2D: Multiple readback operations using getImageData are faster with the willReadFrequently attribute set to true. See: https://html.spec.whatwg.org/multipage/canvas.html#concept-canvas-will-read-frequently @ webpack-internal:///(app-pages-browser)/./src/components/dice/DiceMesh.ts:191
[ 8249131ms] [WARNING] Canvas2D: Multiple readback operations using getImageData are faster with the willReadFrequently attribute set to true. See: https://html.spec.whatwg.org/multipage/canvas.html#concept-canvas-will-read-frequently @ webpack-internal:///(app-pages-browser)/./src/components/dice/DiceMesh.ts:191
[ 8249135ms] [WARNING] Canvas2D: Multiple readback operations using getImageData are faster with the willReadFrequently attribute set to true. See: https://html.spec.whatwg.org/multipage/canvas.html#concept-canvas-will-read-frequently @ webpack-internal:///(app-pages-browser)/./src/components/dice/DiceMesh.ts:191
[ 8249138ms] [WARNING] Canvas2D: Multiple readback operations using getImageData are faster with the willReadFrequently attribute set to true. See: https://html.spec.whatwg.org/multipage/canvas.html#concept-canvas-will-read-frequently @ webpack-internal:///(app-pages-browser)/./src/components/dice/DiceMesh.ts:191
[ 8249140ms] [WARNING] Canvas2D: Multiple readback operations using getImageData are faster with the willReadFrequently attribute set to true. See: https://html.spec.whatwg.org/multipage/canvas.html#concept-canvas-will-read-frequently @ webpack-internal:///(app-pages-browser)/./src/components/dice/DiceMesh.ts:191
[ 8249152ms] [WARNING] Canvas2D: Multiple readback operations using getImageData are faster with the willReadFrequently attribute set to true. See: https://html.spec.whatwg.org/multipage/canvas.html#concept-canvas-will-read-frequently @ webpack-internal:///(app-pages-browser)/./src/components/dice/DiceMesh.ts:191
[ 8249155ms] [WARNING] Canvas2D: Multiple readback operations using getImageData are faster with the willReadFrequently attribute set to true. See: https://html.spec.whatwg.org/multipage/canvas.html#concept-canvas-will-read-frequently @ webpack-internal:///(app-pages-browser)/./src/components/dice/DiceMesh.ts:191
[ 8249157ms] [WARNING] Canvas2D: Multiple readback operations using getImageData are faster with the willReadFrequently attribute set to true. See: https://html.spec.whatwg.org/multipage/canvas.html#concept-canvas-will-read-frequently @ webpack-internal:///(app-pages-browser)/./src/components/dice/DiceMesh.ts:191
[ 8249160ms] [WARNING] Canvas2D: Multiple readback operations using getImageData are faster with the willReadFrequently attribute set to true. See: https://html.spec.whatwg.org/multipage/canvas.html#concept-canvas-will-read-frequently @ webpack-internal:///(app-pages-browser)/./src/components/dice/DiceMesh.ts:191
[ 8249163ms] [WARNING] Canvas2D: Multiple readback operations using getImageData are faster with the willReadFrequently attribute set to true. See: https://html.spec.whatwg.org/multipage/canvas.html#concept-canvas-will-read-frequently @ webpack-internal:///(app-pages-browser)/./src/components/dice/DiceMesh.ts:191
[ 8249165ms] [WARNING] Canvas2D: Multiple readback operations using getImageData are faster with the willReadFrequently attribute set to true. See: https://html.spec.whatwg.org/multipage/canvas.html#concept-canvas-will-read-frequently @ webpack-internal:///(app-pages-browser)/./src/components/dice/DiceMesh.ts:191
[ 8249169ms] [WARNING] Canvas2D: Multiple readback operations using getImageData are faster with the willReadFrequently attribute set to true. See: https://html.spec.whatwg.org/multipage/canvas.html#concept-canvas-will-read-frequently @ webpack-internal:///(app-pages-browser)/./src/components/dice/DiceMesh.ts:191
[ 8249172ms] [WARNING] Canvas2D: Multiple readback operations using getImageData are faster with the willReadFrequently attribute set to true. See: https://html.spec.whatwg.org/multipage/canvas.html#concept-canvas-will-read-frequently @ webpack-internal:///(app-pages-browser)/./src/components/dice/DiceMesh.ts:191
[ 8249174ms] [WARNING] Canvas2D: Multiple readback operations using getImageData are faster with the willReadFrequently attribute set to true. See: https://html.spec.whatwg.org/multipage/canvas.html#concept-canvas-will-read-frequently @ webpack-internal:///(app-pages-browser)/./src/components/dice/DiceMesh.ts:191
[ 8249176ms] [WARNING] Canvas2D: Multiple readback operations using getImageData are faster with the willReadFrequently attribute set to true. See: https://html.spec.whatwg.org/multipage/canvas.html#concept-canvas-will-read-frequently @ webpack-internal:///(app-pages-browser)/./src/components/dice/DiceMesh.ts:191
[ 8249179ms] [WARNING] Canvas2D: Multiple readback operations using getImageData are faster with the willReadFrequently attribute set to true. See: https://html.spec.whatwg.org/multipage/canvas.html#concept-canvas-will-read-frequently @ webpack-internal:///(app-pages-browser)/./src/components/dice/DiceMesh.ts:191
[ 8249181ms] [WARNING] Canvas2D: Multiple readback operations using getImageData are faster with the willReadFrequently attribute set to true. See: https://html.spec.whatwg.org/multipage/canvas.html#concept-canvas-will-read-frequently @ webpack-internal:///(app-pages-browser)/./src/components/dice/DiceMesh.ts:191
[ 8249185ms] [WARNING] Canvas2D: Multiple readback operations using getImageData are faster with the willReadFrequently attribute set to true. See: https://html.spec.whatwg.org/multipage/canvas.html#concept-canvas-will-read-frequently @ webpack-internal:///(app-pages-browser)/./src/components/dice/DiceMesh.ts:191
[ 8249187ms] [WARNING] Canvas2D: Multiple readback operations using getImageData are faster with the willReadFrequently attribute set to true. See: https://html.spec.whatwg.org/multipage/canvas.html#concept-canvas-will-read-frequently @ webpack-internal:///(app-pages-browser)/./src/components/dice/DiceMesh.ts:191
[ 8249190ms] [WARNING] Canvas2D: Multiple readback operations using getImageData are faster with the willReadFrequently attribute set to true. See: https://html.spec.whatwg.org/multipage/canvas.html#concept-canvas-will-read-frequently @ webpack-internal:///(app-pages-browser)/./src/components/dice/DiceMesh.ts:191
[ 8249192ms] [WARNING] Canvas2D: Multiple readback operations using getImageData are faster with the willReadFrequently attribute set to true. See: https://html.spec.whatwg.org/multipage/canvas.html#concept-canvas-will-read-frequently @ webpack-internal:///(app-pages-browser)/./src/components/dice/DiceMesh.ts:191
[ 8249194ms] [WARNING] Canvas2D: Multiple readback operations using getImageData are faster with the willReadFrequently attribute set to true. See: https://html.spec.whatwg.org/multipage/canvas.html#concept-canvas-will-read-frequently @ webpack-internal:///(app-pages-browser)/./src/components/dice/DiceMesh.ts:191
[ 8249196ms] [WARNING] Canvas2D: Multiple readback operations using getImageData are faster with the willReadFrequently attribute set to true. See: https://html.spec.whatwg.org/multipage/canvas.html#concept-canvas-will-read-frequently @ webpack-internal:///(app-pages-browser)/./src/components/dice/DiceMesh.ts:191
[ 8249198ms] [WARNING] Canvas2D: Multiple readback operations using getImageData are faster with the willReadFrequently attribute set to true. See: https://html.spec.whatwg.org/multipage/canvas.html#concept-canvas-will-read-frequently @ webpack-internal:///(app-pages-browser)/./src/components/dice/DiceMesh.ts:191
[ 8249202ms] [WARNING] Canvas2D: Multiple readback operations using getImageData are faster with the willReadFrequently attribute set to true. See: https://html.spec.whatwg.org/multipage/canvas.html#concept-canvas-will-read-frequently @ webpack-internal:///(app-pages-browser)/./src/components/dice/DiceMesh.ts:191
[ 8249204ms] [WARNING] Canvas2D: Multiple readback operations using getImageData are faster with the willReadFrequently attribute set to true. See: https://html.spec.whatwg.org/multipage/canvas.html#concept-canvas-will-read-frequently @ webpack-internal:///(app-pages-browser)/./src/components/dice/DiceMesh.ts:191
[ 8249207ms] [WARNING] Canvas2D: Multiple readback operations using getImageData are faster with the willReadFrequently attribute set to true. See: https://html.spec.whatwg.org/multipage/canvas.html#concept-canvas-will-read-frequently @ webpack-internal:///(app-pages-browser)/./src/components/dice/DiceMesh.ts:191
[ 8249208ms] [WARNING] Canvas2D: Multiple readback operations using getImageData are faster with the willReadFrequently attribute set to true. See: https://html.spec.whatwg.org/multipage/canvas.html#concept-canvas-will-read-frequently @ webpack-internal:///(app-pages-browser)/./src/components/dice/DiceMesh.ts:191
[ 8249210ms] [WARNING] Canvas2D: Multiple readback operations using getImageData are faster with the willReadFrequently attribute set to true. See: https://html.spec.whatwg.org/multipage/canvas.html#concept-canvas-will-read-frequently @ webpack-internal:///(app-pages-browser)/./src/components/dice/DiceMesh.ts:191
[ 8249212ms] [WARNING] Canvas2D: Multiple readback operations using getImageData are faster with the willReadFrequently attribute set to true. See: https://html.spec.whatwg.org/multipage/canvas.html#concept-canvas-will-read-frequently @ webpack-internal:///(app-pages-browser)/./src/components/dice/DiceMesh.ts:191
[ 8249215ms] [WARNING] Canvas2D: Multiple readback operations using getImageData are faster with the willReadFrequently attribute set to true. See: https://html.spec.whatwg.org/multipage/canvas.html#concept-canvas-will-read-frequently @ webpack-internal:///(app-pages-browser)/./src/components/dice/DiceMesh.ts:191
[ 8249218ms] [WARNING] Canvas2D: Multiple readback operations using getImageData are faster with the willReadFrequently attribute set to true. See: https://html.spec.whatwg.org/multipage/canvas.html#concept-canvas-will-read-frequently @ webpack-internal:///(app-pages-browser)/./src/components/dice/DiceMesh.ts:191
[ 8249221ms] [WARNING] Canvas2D: Multiple readback operations using getImageData are faster with the willReadFrequently attribute set to true. See: https://html.spec.whatwg.org/multipage/canvas.html#concept-canvas-will-read-frequently @ webpack-internal:///(app-pages-browser)/./src/components/dice/DiceMesh.ts:191
[ 8249223ms] [WARNING] Canvas2D: Multiple readback operations using getImageData are faster with the willReadFrequently attribute set to true. See: https://html.spec.whatwg.org/multipage/canvas.html#concept-canvas-will-read-frequently @ webpack-internal:///(app-pages-browser)/./src/components/dice/DiceMesh.ts:191
[ 8249226ms] [WARNING] Canvas2D: Multiple readback operations using getImageData are faster with the willReadFrequently attribute set to true. See: https://html.spec.whatwg.org/multipage/canvas.html#concept-canvas-will-read-frequently @ webpack-internal:///(app-pages-browser)/./src/components/dice/DiceMesh.ts:191
[ 8249227ms] [WARNING] Canvas2D: Multiple readback operations using getImageData are faster with the willReadFrequently attribute set to true. See: https://html.spec.whatwg.org/multipage/canvas.html#concept-canvas-will-read-frequently @ webpack-internal:///(app-pages-browser)/./src/components/dice/DiceMesh.ts:191
[ 8249229ms] [WARNING] Canvas2D: Multiple readback operations using getImageData are faster with the willReadFrequently attribute set to true. See: https://html.spec.whatwg.org/multipage/canvas.html#concept-canvas-will-read-frequently @ webpack-internal:///(app-pages-browser)/./src/components/dice/DiceMesh.ts:191
[ 8249231ms] [WARNING] Canvas2D: Multiple readback operations using getImageData are faster with the willReadFrequently attribute set to true. See: https://html.spec.whatwg.org/multipage/canvas.html#concept-canvas-will-read-frequently @ webpack-internal:///(app-pages-browser)/./src/components/dice/DiceMesh.ts:191
[ 8249233ms] [WARNING] Canvas2D: Multiple readback operations using getImageData are faster with the willReadFrequently attribute set to true. See: https://html.spec.whatwg.org/multipage/canvas.html#concept-canvas-will-read-frequently @ webpack-internal:///(app-pages-browser)/./src/components/dice/DiceMesh.ts:191
[ 8249237ms] [WARNING] Canvas2D: Multiple readback operations using getImageData are faster with the willReadFrequently attribute set to true. See: https://html.spec.whatwg.org/multipage/canvas.html#concept-canvas-will-read-frequently @ webpack-internal:///(app-pages-browser)/./src/components/dice/DiceMesh.ts:191
[ 8249239ms] [WARNING] Canvas2D: Multiple readback operations using getImageData are faster with the willReadFrequently attribute set to true. See: https://html.spec.whatwg.org/multipage/canvas.html#concept-canvas-will-read-frequently @ webpack-internal:///(app-pages-browser)/./src/components/dice/DiceMesh.ts:191
[ 8249241ms] [WARNING] Canvas2D: Multiple readback operations using getImageData are faster with the willReadFrequently attribute set to true. See: https://html.spec.whatwg.org/multipage/canvas.html#concept-canvas-will-read-frequently @ webpack-internal:///(app-pages-browser)/./src/components/dice/DiceMesh.ts:191
[ 8249243ms] [WARNING] Canvas2D: Multiple readback operations using getImageData are faster with the willReadFrequently attribute set to true. See: https://html.spec.whatwg.org/multipage/canvas.html#concept-canvas-will-read-frequently @ webpack-internal:///(app-pages-browser)/./src/components/dice/DiceMesh.ts:191
[ 8249245ms] [WARNING] Canvas2D: Multiple readback operations using getImageData are faster with the willReadFrequently attribute set to true. See: https://html.spec.whatwg.org/multipage/canvas.html#concept-canvas-will-read-frequently @ webpack-internal:///(app-pages-browser)/./src/components/dice/DiceMesh.ts:191
[ 8259308ms] [LOG] [Fast Refresh] rebuilding @ webpack-internal:///(app-pages-browser)/./node_modules/next/dist/next-devtools/shared/forward-logs-shared.js:27
[ 8259527ms] [LOG] [Fast Refresh] done in 220ms @ webpack-internal:///(app-pages-browser)/./node_modules/next/dist/next-devtools/shared/forward-logs-shared.js:27
[ 8393550ms] [LOG] [Fast Refresh] rebuilding @ webpack-internal:///(app-pages-browser)/./node_modules/next/dist/next-devtools/shared/forward-logs-shared.js:27
[ 8394317ms] NotFoundError: Failed to execute 'insertBefore' on 'Node': The node before which the new node is to be inserted is not a child of this node.
    at insertOrAppendPlacementNodeIntoContainer (webpack-internal:///(app-pages-browser)/./node_modules/next/dist/compiled/react-dom/cjs/react-dom-client.development.js:14150:17)
    at insertOrAppendPlacementNodeIntoContainer (webpack-internal:///(app-pages-browser)/./node_modules/next/dist/compiled/react-dom/cjs/react-dom-client.development.js:14174:11)
    at commitPlacement (webpack-internal:///(app-pages-browser)/./node_modules/next/dist/compiled/react-dom/cjs/react-dom-client.development.js:14280:11)
    at runWithFiberInDEV (webpack-internal:///(app-pages-browser)/./node_modules/next/dist/compiled/react-dom/cjs/react-dom-client.development.js:987:30)
    at commitReconciliationEffects (webpack-internal:///(app-pages-browser)/./node_modules/next/dist/compiled/react-dom/cjs/react-dom-client.development.js:16224:11)
    at commitMutationEffectsOnFiber (webpack-internal:///(app-pages-browser)/./node_modules/next/dist/compiled/react-dom/cjs/react-dom-client.development.js:15747:11)
    at recursivelyTraverseMutationEffects (webpack-internal:///(app-pages-browser)/./node_modules/next/dist/compiled/react-dom/cjs/react-dom-client.development.js:15731:11)
    at commitMutationEffectsOnFiber (webpack-internal:///(app-pages-browser)/./node_modules/next/dist/compiled/react-dom/cjs/react-dom-client.development.js:15746:11)
    at recursivelyTraverseMutationEffects (webpack-internal:///(app-pages-browser)/./node_modules/next/dist/compiled/react-dom/cjs/react-dom-client.development.js:15731:11)
    at commitMutationEffectsOnFiber (webpack-internal:///(app-pages-browser)/./node_modules/next/dist/compiled/react-dom/cjs/react-dom-client.development.js:16187:11)
    at recursivelyTraverseMutationEffects (webpack-internal:///(app-pages-browser)/./node_modules/next/dist/compiled/react-dom/cjs/react-dom-client.development.js:15731:11)
    at commitMutationEffectsOnFiber (webpack-internal:///(app-pages-browser)/./node_modules/next/dist/compiled/react-dom/cjs/react-dom-client.development.js:16187:11)
    at recursivelyTraverseMutationEffects (webpack-internal:///(app-pages-browser)/./node_modules/next/dist/compiled/react-dom/cjs/react-dom-client.development.js:15731:11)
    at commitMutationEffectsOnFiber (webpack-internal:///(app-pages-browser)/./node_modules/next/dist/compiled/react-dom/cjs/react-dom-client.development.js:15746:11)
    at recursivelyTraverseMutationEffects (webpack-internal:///(app-pages-browser)/./node_modules/next/dist/compiled/react-dom/cjs/react-dom-client.development.js:15731:11)
    at commitMutationEffectsOnFiber (webpack-internal:///(app-pages-browser)/./node_modules/next/dist/compiled/react-dom/cjs/react-dom-client.development.js:15762:11)
    at recursivelyTraverseMutationEffects (webpack-internal:///(app-pages-browser)/./node_modules/next/dist/compiled/react-dom/cjs/react-dom-client.development.js:15731:11)
    at commitMutationEffectsOnFiber (webpack-internal:///(app-pages-browser)/./node_modules/next/dist/compiled/react-dom/cjs/react-dom-client.development.js:15746:11)
    at recursivelyTraverseMutationEffects (webpack-internal:///(app-pages-browser)/./node_modules/next/dist/compiled/react-dom/cjs/react-dom-client.development.js:15731:11)
    at commitMutationEffectsOnFiber (webpack-internal:///(app-pages-browser)/./node_modules/next/dist/compiled/react-dom/cjs/react-dom-client.development.js:15746:11)
    at recursivelyTraverseMutationEffects (webpack-internal:///(app-pages-browser)/./node_modules/next/dist/compiled/react-dom/cjs/react-dom-client.development.js:15731:11)
    at commitMutationEffectsOnFiber (webpack-internal:///(app-pages-browser)/./node_modules/next/dist/compiled/react-dom/cjs/react-dom-client.development.js:15746:11)
    at recursivelyTraverseMutationEffects (webpack-internal:///(app-pages-browser)/./node_modules/next/dist/compiled/react-dom/cjs/react-dom-client.development.js:15731:11)
    at commitMutationEffectsOnFiber (webpack-internal:///(app-pages-browser)/./node_modules/next/dist/compiled/react-dom/cjs/react-dom-client.development.js:15746:11)
    at recursivelyTraverseMutationEffects (webpack-internal:///(app-pages-browser)/./node_modules/next/dist/compiled/react-dom/cjs/react-dom-client.development.js:15731:11)
    at commitMutationEffectsOnFiber (webpack-internal:///(app-pages-browser)/./node_modules/next/dist/compiled/react-dom/cjs/react-dom-client.development.js:15762:11)
    at recursivelyTraverseMutationEffects (webpack-internal:///(app-pages-browser)/./node_modules/next/dist/compiled/react-dom/cjs/react-dom-client.development.js:15731:11)
    at commitMutationEffectsOnFiber (webpack-internal:///(app-pages-browser)/./node_modules/next/dist/compiled/react-dom/cjs/react-dom-client.development.js:15746:11)
    at recursivelyTraverseMutationEffects (webpack-internal:///(app-pages-browser)/./node_modules/next/dist/compiled/react-dom/cjs/react-dom-client.development.js:15731:11)
    at commitMutationEffectsOnFiber (webpack-internal:///(app-pages-browser)/./node_modules/next/dist/compiled/react-dom/cjs/react-dom-client.development.js:15746:11)
    at recursivelyTraverseMutationEffects (webpack-internal:///(app-pages-browser)/./node_modules/next/dist/compiled/react-dom/cjs/react-dom-client.development.js:15731:11)
    at commitMutationEffectsOnFiber (webpack-internal:///(app-pages-browser)/./node_modules/next/dist/compiled/react-dom/cjs/react-dom-client.development.js:16187:11)
    at recursivelyTraverseMutationEffects (webpack-internal:///(app-pages-browser)/./node_modules/next/dist/compiled/react-dom/cjs/react-dom-client.development.js:15731:11)
    at commitMutationEffectsOnFiber (webpack-internal:///(app-pages-browser)/./node_modules/next/dist/compiled/react-dom/cjs/react-dom-client.development.js:16187:11)
    at recursivelyTraverseMutationEffects (webpack-internal:///(app-pages-browser)/./node_modules/next/dist/compiled/react-dom/cjs/react-dom-client.development.js:15731:11)
    at commitMutationEffectsOnFiber (webpack-internal:///(app-pages-browser)/./node_modules/next/dist/compiled/react-dom/cjs/react-dom-client.development.js:15746:11)
    at recursivelyTraverseMutationEffects (webpack-internal:///(app-pages-browser)/./node_modules/next/dist/compiled/react-dom/cjs/react-dom-client.development.js:15731:11)
    at commitMutationEffectsOnFiber (webpack-internal:///(app-pages-browser)/./node_modules/next/dist/compiled/react-dom/cjs/react-dom-client.development.js:15746:11)
    at recursivelyTraverseMutationEffects (webpack-internal:///(app-pages-browser)/./node_modules/next/dist/compiled/react-dom/cjs/react-dom-client.development.js:15731:11)
    at commitMutationEffectsOnFiber (webpack-internal:///(app-pages-browser)/./node_modules/next/dist/compiled/react-dom/cjs/react-dom-client.development.js:16187:11)
    at recursivelyTraverseMutationEffects (webpack-internal:///(app-pages-browser)/./node_modules/next/dist/compiled/react-dom/cjs/react-dom-client.development.js:15731:11)
    at commitMutationEffectsOnFiber (webpack-internal:///(app-pages-browser)/./node_modules/next/dist/compiled/react-dom/cjs/react-dom-client.development.js:16187:11)
    at recursivelyTraverseMutationEffects (webpack-internal:///(app-pages-browser)/./node_modules/next/dist/compiled/react-dom/cjs/react-dom-client.development.js:15731:11)
    at commitMutationEffectsOnFiber (webpack-internal:///(app-pages-browser)/./node_modules/next/dist/compiled/react-dom/cjs/react-dom-client.development.js:16187:11)
    at recursivelyTraverseMutationEffects (webpack-internal:///(app-pages-browser)/./node_modules/next/dist/compiled/react-dom/cjs/react-dom-client.development.js:15731:11)
    at commitMutationEffectsOnFiber (webpack-internal:///(app-pages-browser)/./node_modules/next/dist/compiled/react-dom/cjs/react-dom-client.development.js:15746:11)
    at recursivelyTraverseMutationEffects (webpack-internal:///(app-pages-browser)/./node_modules/next/dist/compiled/react-dom/cjs/react-dom-client.development.js:15731:11)
    at commitMutationEffectsOnFiber (webpack-internal:///(app-pages-browser)/./node_modules/next/dist/compiled/react-dom/cjs/react-dom-client.development.js:15762:11)
    at recursivelyTraverseMutationEffects (webpack-internal:///(app-pages-browser)/./node_modules/next/dist/compiled/react-dom/cjs/react-dom-client.development.js:15731:11)
    at commitMutationEffectsOnFiber (webpack-internal:///(app-pages-browser)/./node_modules/next/dist/compiled/react-dom/cjs/react-dom-client.development.js:15746:11)
[ 8394319ms] NotFoundError: Failed to execute 'removeChild' on 'Node': The node to be removed is not a child of this node.
    at removeChildFromContainer (webpack-internal:///(app-pages-browser)/./node_modules/next/dist/compiled/react-dom/cjs/react-dom-client.development.js:23674:9)
    at runWithFiberInDEV (webpack-internal:///(app-pages-browser)/./node_modules/next/dist/compiled/react-dom/cjs/react-dom-client.development.js:987:30)
    at commitDeletionEffectsOnFiber (webpack-internal:///(app-pages-browser)/./node_modules/next/dist/compiled/react-dom/cjs/react-dom-client.development.js:15436:17)
    at recursivelyTraverseDeletionEffects (webpack-internal:///(app-pages-browser)/./node_modules/next/dist/compiled/react-dom/cjs/react-dom-client.development.js:15351:9)
    at commitDeletionEffectsOnFiber (webpack-internal:///(app-pages-browser)/./node_modules/next/dist/compiled/react-dom/cjs/react-dom-client.development.js:15510:11)
    at recursivelyTraverseDeletionEffects (webpack-internal:///(app-pages-browser)/./node_modules/next/dist/compiled/react-dom/cjs/react-dom-client.development.js:15351:9)
    at commitDeletionEffectsOnFiber (webpack-internal:///(app-pages-browser)/./node_modules/next/dist/compiled/react-dom/cjs/react-dom-client.development.js:15510:11)
    at recursivelyTraverseDeletionEffects (webpack-internal:///(app-pages-browser)/./node_modules/next/dist/compiled/react-dom/cjs/react-dom-client.development.js:15351:9)
    at commitDeletionEffectsOnFiber (webpack-internal:///(app-pages-browser)/./node_modules/next/dist/compiled/react-dom/cjs/react-dom-client.development.js:15563:11)
    at recursivelyTraverseDeletionEffects (webpack-internal:///(app-pages-browser)/./node_modules/next/dist/compiled/react-dom/cjs/react-dom-client.development.js:15351:9)
    at commitDeletionEffectsOnFiber (webpack-internal:///(app-pages-browser)/./node_modules/next/dist/compiled/react-dom/cjs/react-dom-client.development.js:15570:11)
    at recursivelyTraverseDeletionEffects (webpack-internal:///(app-pages-browser)/./node_modules/next/dist/compiled/react-dom/cjs/react-dom-client.development.js:15351:9)
    at commitDeletionEffectsOnFiber (webpack-internal:///(app-pages-browser)/./node_modules/next/dist/compiled/react-dom/cjs/react-dom-client.development.js:15510:11)
    at recursivelyTraverseDeletionEffects (webpack-internal:///(app-pages-browser)/./node_modules/next/dist/compiled/react-dom/cjs/react-dom-client.development.js:15351:9)
    at commitDeletionEffectsOnFiber (webpack-internal:///(app-pages-browser)/./node_modules/next/dist/compiled/react-dom/cjs/react-dom-client.development.js:15526:11)
    at recursivelyTraverseDeletionEffects (webpack-internal:///(app-pages-browser)/./node_modules/next/dist/compiled/react-dom/cjs/react-dom-client.development.js:15351:9)
    at commitDeletionEffectsOnFiber (webpack-internal:///(app-pages-browser)/./node_modules/next/dist/compiled/react-dom/cjs/react-dom-client.development.js:15510:11)
    at recursivelyTraverseDeletionEffects (webpack-internal:///(app-pages-browser)/./node_modules/next/dist/compiled/react-dom/cjs/react-dom-client.development.js:15351:9)
    at commitDeletionEffectsOnFiber (webpack-internal:///(app-pages-browser)/./node_modules/next/dist/compiled/react-dom/cjs/react-dom-client.development.js:15510:11)
    at recursivelyTraverseDeletionEffects (webpack-internal:///(app-pages-browser)/./node_modules/next/dist/compiled/react-dom/cjs/react-dom-client.development.js:15351:9)
    at commitDeletionEffectsOnFiber (webpack-internal:///(app-pages-browser)/./node_modules/next/dist/compiled/react-dom/cjs/react-dom-client.development.js:15510:11)
    at recursivelyTraverseDeletionEffects (webpack-internal:///(app-pages-browser)/./node_modules/next/dist/compiled/react-dom/cjs/react-dom-client.development.js:15351:9)
    at commitDeletionEffectsOnFiber (webpack-internal:///(app-pages-browser)/./node_modules/next/dist/compiled/react-dom/cjs/react-dom-client.development.js:15510:11)
    at recursivelyTraverseDeletionEffects (webpack-internal:///(app-pages-browser)/./node_modules/next/dist/compiled/react-dom/cjs/react-dom-client.development.js:15351:9)
    at commitDeletionEffectsOnFiber (webpack-internal:///(app-pages-browser)/./node_modules/next/dist/compiled/react-dom/cjs/react-dom-client.development.js:15526:11)
    at recursivelyTraverseDeletionEffects (webpack-internal:///(app-pages-browser)/./node_modules/next/dist/compiled/react-dom/cjs/react-dom-client.development.js:15351:9)
    at commitDeletionEffectsOnFiber (webpack-internal:///(app-pages-browser)/./node_modules/next/dist/compiled/react-dom/cjs/react-dom-client.development.js:15510:11)
    at recursivelyTraverseDeletionEffects (webpack-internal:///(app-pages-browser)/./node_modules/next/dist/compiled/react-dom/cjs/react-dom-client.development.js:15351:9)
    at commitDeletionEffectsOnFiber (webpack-internal:///(app-pages-browser)/./node_modules/next/dist/compiled/react-dom/cjs/react-dom-client.development.js:15510:11)
    at recursivelyTraverseDeletionEffects (webpack-internal:///(app-pages-browser)/./node_modules/next/dist/compiled/react-dom/cjs/react-dom-client.development.js:15351:9)
    at commitDeletionEffectsOnFiber (webpack-internal:///(app-pages-browser)/./node_modules/next/dist/compiled/react-dom/cjs/react-dom-client.development.js:15570:11)
    at recursivelyTraverseDeletionEffects (webpack-internal:///(app-pages-browser)/./node_modules/next/dist/compiled/react-dom/cjs/react-dom-client.development.js:15351:9)
    at commitDeletionEffectsOnFiber (webpack-internal:///(app-pages-browser)/./node_modules/next/dist/compiled/react-dom/cjs/react-dom-client.development.js:15570:11)
    at recursivelyTraverseDeletionEffects (webpack-internal:///(app-pages-browser)/./node_modules/next/dist/compiled/react-dom/cjs/react-dom-client.development.js:15351:9)
    at commitDeletionEffectsOnFiber (webpack-internal:///(app-pages-browser)/./node_modules/next/dist/compiled/react-dom/cjs/react-dom-client.development.js:15510:11)
    at recursivelyTraverseDeletionEffects (webpack-internal:///(app-pages-browser)/./node_modules/next/dist/compiled/react-dom/cjs/react-dom-client.development.js:15351:9)
    at commitDeletionEffectsOnFiber (webpack-internal:///(app-pages-browser)/./node_modules/next/dist/compiled/react-dom/cjs/react-dom-client.development.js:15510:11)
    at recursivelyTraverseDeletionEffects (webpack-internal:///(app-pages-browser)/./node_modules/next/dist/compiled/react-dom/cjs/react-dom-client.development.js:15351:9)
    at commitDeletionEffectsOnFiber (webpack-internal:///(app-pages-browser)/./node_modules/next/dist/compiled/react-dom/cjs/react-dom-client.development.js:15563:11)
    at recursivelyTraverseDeletionEffects (webpack-internal:///(app-pages-browser)/./node_modules/next/dist/compiled/react-dom/cjs/react-dom-client.development.js:15351:9)
    at commitDeletionEffectsOnFiber (webpack-internal:///(app-pages-browser)/./node_modules/next/dist/compiled/react-dom/cjs/react-dom-client.development.js:15570:11)
    at recursivelyTraverseDeletionEffects (webpack-internal:///(app-pages-browser)/./node_modules/next/dist/compiled/react-dom/cjs/react-dom-client.development.js:15351:9)
    at commitDeletionEffectsOnFiber (webpack-internal:///(app-pages-browser)/./node_modules/next/dist/compiled/react-dom/cjs/react-dom-client.development.js:15570:11)
    at recursivelyTraverseDeletionEffects (webpack-internal:///(app-pages-browser)/./node_modules/next/dist/compiled/react-dom/cjs/react-dom-client.development.js:15351:9)
    at commitDeletionEffectsOnFiber (webpack-internal:///(app-pages-browser)/./node_modules/next/dist/compiled/react-dom/cjs/react-dom-client.development.js:15510:11)
    at recursivelyTraverseDeletionEffects (webpack-internal:///(app-pages-browser)/./node_modules/next/dist/compiled/react-dom/cjs/react-dom-client.development.js:15351:9)
    at commitDeletionEffectsOnFiber (webpack-internal:///(app-pages-browser)/./node_modules/next/dist/compiled/react-dom/cjs/react-dom-client.development.js:15526:11)
    at recursivelyTraverseDeletionEffects (webpack-internal:///(app-pages-browser)/./node_modules/next/dist/compiled/react-dom/cjs/react-dom-client.development.js:15351:9)
    at commitDeletionEffectsOnFiber (webpack-internal:///(app-pages-browser)/./node_modules/next/dist/compiled/react-dom/cjs/react-dom-client.development.js:15510:11)
    at recursivelyTraverseDeletionEffects (webpack-internal:///(app-pages-browser)/./node_modules/next/dist/compiled/react-dom/cjs/react-dom-client.development.js:15351:9)
[ 8394320ms] NotFoundError: Failed to execute 'removeChild' on 'Node': The node to be removed is not a child of this node.
    at removeChildFromContainer (webpack-internal:///(app-pages-browser)/./node_modules/next/dist/compiled/react-dom/cjs/react-dom-client.development.js:23674:9)
    at runWithFiberInDEV (webpack-internal:///(app-pages-browser)/./node_modules/next/dist/compiled/react-dom/cjs/react-dom-client.development.js:987:30)
    at commitDeletionEffectsOnFiber (webpack-internal:///(app-pages-browser)/./node_modules/next/dist/compiled/react-dom/cjs/react-dom-client.development.js:15436:17)
    at recursivelyTraverseDeletionEffects (webpack-internal:///(app-pages-browser)/./node_modules/next/dist/compiled/react-dom/cjs/react-dom-client.development.js:15351:9)
    at commitDeletionEffectsOnFiber (webpack-internal:///(app-pages-browser)/./node_modules/next/dist/compiled/react-dom/cjs/react-dom-client.development.js:15510:11)
    at recursivelyTraverseDeletionEffects (webpack-internal:///(app-pages-browser)/./node_modules/next/dist/compiled/react-dom/cjs/react-dom-client.development.js:15351:9)
    at commitDeletionEffectsOnFiber (webpack-internal:///(app-pages-browser)/./node_modules/next/dist/compiled/react-dom/cjs/react-dom-client.development.js:15510:11)
    at recursivelyTraverseDeletionEffects (webpack-internal:///(app-pages-browser)/./node_modules/next/dist/compiled/react-dom/cjs/react-dom-client.development.js:15351:9)
    at commitDeletionEffectsOnFiber (webpack-internal:///(app-pages-browser)/./node_modules/next/dist/compiled/react-dom/cjs/react-dom-client.development.js:15404:11)
    at recursivelyTraverseDeletionEffects (webpack-internal:///(app-pages-browser)/./node_modules/next/dist/compiled/react-dom/cjs/react-dom-client.development.js:15351:9)
    at commitDeletionEffectsOnFiber (webpack-internal:///(app-pages-browser)/./node_modules/next/dist/compiled/react-dom/cjs/react-dom-client.development.js:15404:11)
    at recursivelyTraverseDeletionEffects (webpack-internal:///(app-pages-browser)/./node_modules/next/dist/compiled/react-dom/cjs/react-dom-client.development.js:15351:9)
    at commitDeletionEffectsOnFiber (webpack-internal:///(app-pages-browser)/./node_modules/next/dist/compiled/react-dom/cjs/react-dom-client.development.js:15563:11)
    at recursivelyTraverseDeletionEffects (webpack-internal:///(app-pages-browser)/./node_modules/next/dist/compiled/react-dom/cjs/react-dom-client.development.js:15351:9)
    at commitDeletionEffectsOnFiber (webpack-internal:///(app-pages-browser)/./node_modules/next/dist/compiled/react-dom/cjs/react-dom-client.development.js:15510:11)
    at recursivelyTraverseDeletionEffects (webpack-internal:///(app-pages-browser)/./node_modules/next/dist/compiled/react-dom/cjs/react-dom-client.development.js:15351:9)
    at commitDeletionEffectsOnFiber (webpack-internal:///(app-pages-browser)/./node_modules/next/dist/compiled/react-dom/cjs/react-dom-client.development.js:15510:11)
    at recursivelyTraverseDeletionEffects (webpack-internal:///(app-pages-browser)/./node_modules/next/dist/compiled/react-dom/cjs/react-dom-client.development.js:15351:9)
    at commitDeletionEffectsOnFiber (webpack-internal:///(app-pages-browser)/./node_modules/next/dist/compiled/react-dom/cjs/react-dom-client.development.js:15526:11)
    at recursivelyTraverseDeletionEffects (webpack-internal:///(app-pages-browser)/./node_modules/next/dist/compiled/react-dom/cjs/react-dom-client.development.js:15351:9)
    at commitDeletionEffectsOnFiber (webpack-internal:///(app-pages-browser)/./node_modules/next/dist/compiled/react-dom/cjs/react-dom-client.development.js:15510:11)
    at recursivelyTraverseDeletionEffects (webpack-internal:///(app-pages-browser)/./node_modules/next/dist/compiled/react-dom/cjs/react-dom-client.development.js:15351:9)
    at commitDeletionEffectsOnFiber (webpack-internal:///(app-pages-browser)/./node_modules/next/dist/compiled/react-dom/cjs/react-dom-client.development.js:15526:11)
    at recursivelyTraverseDeletionEffects (webpack-internal:///(app-pages-browser)/./node_modules/next/dist/compiled/react-dom/cjs/react-dom-client.development.js:15351:9)
    at commitDeletionEffectsOnFiber (webpack-internal:///(app-pages-browser)/./node_modules/next/dist/compiled/react-dom/cjs/react-dom-client.development.js:15510:11)
    at recursivelyTraverseDeletionEffects (webpack-internal:///(app-pages-browser)/./node_modules/next/dist/compiled/react-dom/cjs/react-dom-client.development.js:15351:9)
    at commitDeletionEffectsOnFiber (webpack-internal:///(app-pages-browser)/./node_modules/next/dist/compiled/react-dom/cjs/react-dom-client.development.js:15510:11)
    at recursivelyTraverseMutationEffects (webpack-internal:///(app-pages-browser)/./node_modules/next/dist/compiled/react-dom/cjs/react-dom-client.development.js:15710:11)
    at commitMutationEffectsOnFiber (webpack-internal:///(app-pages-browser)/./node_modules/next/dist/compiled/react-dom/cjs/react-dom-client.development.js:15762:11)
    at recursivelyTraverseMutationEffects (webpack-internal:///(app-pages-browser)/./node_modules/next/dist/compiled/react-dom/cjs/react-dom-client.development.js:15731:11)
    at commitMutationEffectsOnFiber (webpack-internal:///(app-pages-browser)/./node_modules/next/dist/compiled/react-dom/cjs/react-dom-client.development.js:15746:11)
    at recursivelyTraverseMutationEffects (webpack-internal:///(app-pages-browser)/./node_modules/next/dist/compiled/react-dom/cjs/react-dom-client.development.js:15731:11)
    at commitMutationEffectsOnFiber (webpack-internal:///(app-pages-browser)/./node_modules/next/dist/compiled/react-dom/cjs/react-dom-client.development.js:16187:11)
    at recursivelyTraverseMutationEffects (webpack-internal:///(app-pages-browser)/./node_modules/next/dist/compiled/react-dom/cjs/react-dom-client.development.js:15731:11)
    at commitMutationEffectsOnFiber (webpack-internal:///(app-pages-browser)/./node_modules/next/dist/compiled/react-dom/cjs/react-dom-client.development.js:16187:11)
    at recursivelyTraverseMutationEffects (webpack-internal:///(app-pages-browser)/./node_modules/next/dist/compiled/react-dom/cjs/react-dom-client.development.js:15731:11)
    at commitMutationEffectsOnFiber (webpack-internal:///(app-pages-browser)/./node_modules/next/dist/compiled/react-dom/cjs/react-dom-client.development.js:16187:11)
    at recursivelyTraverseMutationEffects (webpack-internal:///(app-pages-browser)/./node_modules/next/dist/compiled/react-dom/cjs/react-dom-client.development.js:15731:11)
    at commitMutationEffectsOnFiber (webpack-internal:///(app-pages-browser)/./node_modules/next/dist/compiled/react-dom/cjs/react-dom-client.development.js:16187:11)
    at recursivelyTraverseMutationEffects (webpack-internal:///(app-pages-browser)/./node_modules/next/dist/compiled/react-dom/cjs/react-dom-client.development.js:15731:11)
    at commitMutationEffectsOnFiber (webpack-internal:///(app-pages-browser)/./node_modules/next/dist/compiled/react-dom/cjs/react-dom-client.development.js:16187:11)
    at recursivelyTraverseMutationEffects (webpack-internal:///(app-pages-browser)/./node_modules/next/dist/compiled/react-dom/cjs/react-dom-client.development.js:15731:11)
    at commitMutationEffectsOnFiber (webpack-internal:///(app-pages-browser)/./node_modules/next/dist/compiled/react-dom/cjs/react-dom-client.development.js:16187:11)
    at recursivelyTraverseMutationEffects (webpack-internal:///(app-pages-browser)/./node_modules/next/dist/compiled/react-dom/cjs/react-dom-client.development.js:15731:11)
    at commitMutationEffectsOnFiber (webpack-internal:///(app-pages-browser)/./node_modules/next/dist/compiled/react-dom/cjs/react-dom-client.development.js:16187:11)
    at recursivelyTraverseMutationEffects (webpack-internal:///(app-pages-browser)/./node_modules/next/dist/compiled/react-dom/cjs/react-dom-client.development.js:15731:11)
    at commitMutationEffectsOnFiber (webpack-internal:///(app-pages-browser)/./node_modules/next/dist/compiled/react-dom/cjs/react-dom-client.development.js:15746:11)
    at recursivelyTraverseMutationEffects (webpack-internal:///(app-pages-browser)/./node_modules/next/dist/compiled/react-dom/cjs/react-dom-client.development.js:15731:11)
    at commitMutationEffectsOnFiber (webpack-internal:///(app-pages-browser)/./node_modules/next/dist/compiled/react-dom/cjs/react-dom-client.development.js:15762:11)
    at recursivelyTraverseMutationEffects (webpack-internal:///(app-pages-browser)/./node_modules/next/dist/compiled/react-dom/cjs/react-dom-client.development.js:15731:11)
[ 8394320ms] [WARNING] [Fast Refresh] performing full reload because your application had an unrecoverable error @ webpack-internal:///(app-pages-browser)/./node_modules/next/dist/next-devtools/shared/forward-logs-shared.js:27
[ 8394329ms] [LOG] [Fast Refresh] rebuilding @ webpack-internal:///(app-pages-browser)/./node_modules/next/dist/next-devtools/shared/forward-logs-shared.js:27
[ 8394675ms] [LOG] [Fast Refresh] done in 346ms @ webpack-internal:///(app-pages-browser)/./node_modules/next/dist/next-devtools/shared/forward-logs-shared.js:27
[ 8394742ms] [LOG] [Fast Refresh] rebuilding @ webpack-internal:///(app-pages-browser)/./node_modules/next/dist/next-devtools/shared/forward-logs-shared.js:27
[ 8395004ms] [LOG] [Fast Refresh] done in 262ms @ webpack-internal:///(app-pages-browser)/./node_modules/next/dist/next-devtools/shared/forward-logs-shared.js:27
[ 8395953ms] [INFO] %cDownload the React DevTools for a better development experience: https://react.dev/link/react-devtools font-weight:bold @ webpack-internal:///(app-pages-browser)/./node_modules/next/dist/next-devtools/shared/forward-logs-shared.js:27
[ 8396024ms] [LOG] [HMR] connected @ webpack-internal:///(app-pages-browser)/./node_modules/next/dist/next-devtools/shared/forward-logs-shared.js:27
[ 8396151ms] [LOG] [Fast Refresh] rebuilding @ webpack-internal:///(app-pages-browser)/./node_modules/next/dist/next-devtools/shared/forward-logs-shared.js:27
[ 8396351ms] [LOG] [Fast Refresh] done in 201ms @ webpack-internal:///(app-pages-browser)/./node_modules/next/dist/next-devtools/shared/forward-logs-shared.js:27
[ 8396391ms] [LOG] [Fast Refresh] rebuilding @ webpack-internal:///(app-pages-browser)/./node_modules/next/dist/next-devtools/shared/forward-logs-shared.js:27
[ 8396589ms] [LOG] [Fast Refresh] done in 198ms @ webpack-internal:///(app-pages-browser)/./node_modules/next/dist/next-devtools/shared/forward-logs-shared.js:27
[ 8396639ms] [LOG] [Fast Refresh] rebuilding @ webpack-internal:///(app-pages-browser)/./node_modules/next/dist/next-devtools/shared/forward-logs-shared.js:27
[ 8396813ms] [LOG] [Fast Refresh] done in 174ms @ webpack-internal:///(app-pages-browser)/./node_modules/next/dist/next-devtools/shared/forward-logs-shared.js:27
[ 8397866ms] [WARNING] Canvas2D: Multiple readback operations using getImageData are faster with the willReadFrequently attribute set to true. See: https://html.spec.whatwg.org/multipage/canvas.html#concept-canvas-will-read-frequently @ webpack-internal:///(app-pages-browser)/./src/components/dice/DiceMesh.ts:191
[ 8397915ms] [WARNING] Canvas2D: Multiple readback operations using getImageData are faster with the willReadFrequently attribute set to true. See: https://html.spec.whatwg.org/multipage/canvas.html#concept-canvas-will-read-frequently @ webpack-internal:///(app-pages-browser)/./src/components/dice/DiceMesh.ts:191
[ 8397966ms] [WARNING] Canvas2D: Multiple readback operations using getImageData are faster with the willReadFrequently attribute set to true. See: https://html.spec.whatwg.org/multipage/canvas.html#concept-canvas-will-read-frequently @ webpack-internal:///(app-pages-browser)/./src/components/dice/DiceMesh.ts:191
[ 8398015ms] [WARNING] Canvas2D: Multiple readback operations using getImageData are faster with the willReadFrequently attribute set to true. See: https://html.spec.whatwg.org/multipage/canvas.html#concept-canvas-will-read-frequently @ webpack-internal:///(app-pages-browser)/./src/components/dice/DiceMesh.ts:191
[ 8398066ms] [WARNING] Canvas2D: Multiple readback operations using getImageData are faster with the willReadFrequently attribute set to true. See: https://html.spec.whatwg.org/multipage/canvas.html#concept-canvas-will-read-frequently @ webpack-internal:///(app-pages-browser)/./src/components/dice/DiceMesh.ts:191
[ 8398116ms] [WARNING] Canvas2D: Multiple readback operations using getImageData are faster with the willReadFrequently attribute set to true. See: https://html.spec.whatwg.org/multipage/canvas.html#concept-canvas-will-read-frequently @ webpack-internal:///(app-pages-browser)/./src/components/dice/DiceMesh.ts:191
[ 8398165ms] [WARNING] Canvas2D: Multiple readback operations using getImageData are faster with the willReadFrequently attribute set to true. See: https://html.spec.whatwg.org/multipage/canvas.html#concept-canvas-will-read-frequently @ webpack-internal:///(app-pages-browser)/./src/components/dice/DiceMesh.ts:191
[ 8398215ms] [WARNING] Canvas2D: Multiple readback operations using getImageData are faster with the willReadFrequently attribute set to true. See: https://html.spec.whatwg.org/multipage/canvas.html#concept-canvas-will-read-frequently @ webpack-internal:///(app-pages-browser)/./src/components/dice/DiceMesh.ts:191
[ 8398265ms] [WARNING] Canvas2D: Multiple readback operations using getImageData are faster with the willReadFrequently attribute set to true. See: https://html.spec.whatwg.org/multipage/canvas.html#concept-canvas-will-read-frequently @ webpack-internal:///(app-pages-browser)/./src/components/dice/DiceMesh.ts:191
[ 8398315ms] [WARNING] Canvas2D: Multiple readback operations using getImageData are faster with the willReadFrequently attribute set to true. See: https://html.spec.whatwg.org/multipage/canvas.html#concept-canvas-will-read-frequently @ webpack-internal:///(app-pages-browser)/./src/components/dice/DiceMesh.ts:191
[ 8398366ms] [WARNING] Canvas2D: Multiple readback operations using getImageData are faster with the willReadFrequently attribute set to true. See: https://html.spec.whatwg.org/multipage/canvas.html#concept-canvas-will-read-frequently @ webpack-internal:///(app-pages-browser)/./src/components/dice/DiceMesh.ts:191
[ 8398415ms] [WARNING] Canvas2D: Multiple readback operations using getImageData are faster with the willReadFrequently attribute set to true. See: https://html.spec.whatwg.org/multipage/canvas.html#concept-canvas-will-read-frequently @ webpack-internal:///(app-pages-browser)/./src/components/dice/DiceMesh.ts:191
[ 8398449ms] [WARNING] Canvas2D: Multiple readback operations using getImageData are faster with the willReadFrequently attribute set to true. See: https://html.spec.whatwg.org/multipage/canvas.html#concept-canvas-will-read-frequently @ webpack-internal:///(app-pages-browser)/./src/components/dice/DiceMesh.ts:191
[ 8398482ms] [WARNING] Canvas2D: Multiple readback operations using getImageData are faster with the willReadFrequently attribute set to true. See: https://html.spec.whatwg.org/multipage/canvas.html#concept-canvas-will-read-frequently @ webpack-internal:///(app-pages-browser)/./src/components/dice/DiceMesh.ts:191
[ 8398516ms] [WARNING] Canvas2D: Multiple readback operations using getImageData are faster with the willReadFrequently attribute set to true. See: https://html.spec.whatwg.org/multipage/canvas.html#concept-canvas-will-read-frequently @ webpack-internal:///(app-pages-browser)/./src/components/dice/DiceMesh.ts:191
[ 8398549ms] [WARNING] Canvas2D: Multiple readback operations using getImageData are faster with the willReadFrequently attribute set to true. See: https://html.spec.whatwg.org/multipage/canvas.html#concept-canvas-will-read-frequently @ webpack-internal:///(app-pages-browser)/./src/components/dice/DiceMesh.ts:191
[ 8398582ms] [WARNING] Canvas2D: Multiple readback operations using getImageData are faster with the willReadFrequently attribute set to true. See: https://html.spec.whatwg.org/multipage/canvas.html#concept-canvas-will-read-frequently @ webpack-internal:///(app-pages-browser)/./src/components/dice/DiceMesh.ts:191
[ 8398616ms] [WARNING] Canvas2D: Multiple readback operations using getImageData are faster with the willReadFrequently attribute set to true. See: https://html.spec.whatwg.org/multipage/canvas.html#concept-canvas-will-read-frequently @ webpack-internal:///(app-pages-browser)/./src/components/dice/DiceMesh.ts:191
[ 8398649ms] [WARNING] Canvas2D: Multiple readback operations using getImageData are faster with the willReadFrequently attribute set to true. See: https://html.spec.whatwg.org/multipage/canvas.html#concept-canvas-will-read-frequently @ webpack-internal:///(app-pages-browser)/./src/components/dice/DiceMesh.ts:191
[ 8398699ms] [WARNING] Canvas2D: Multiple readback operations using getImageData are faster with the willReadFrequently attribute set to true. See: https://html.spec.whatwg.org/multipage/canvas.html#concept-canvas-will-read-frequently @ webpack-internal:///(app-pages-browser)/./src/components/dice/DiceMesh.ts:191
[ 8398733ms] [WARNING] Canvas2D: Multiple readback operations using getImageData are faster with the willReadFrequently attribute set to true. See: https://html.spec.whatwg.org/multipage/canvas.html#concept-canvas-will-read-frequently @ webpack-internal:///(app-pages-browser)/./src/components/dice/DiceMesh.ts:191
[ 8398766ms] [WARNING] Canvas2D: Multiple readback operations using getImageData are faster with the willReadFrequently attribute set to true. See: https://html.spec.whatwg.org/multipage/canvas.html#concept-canvas-will-read-frequently @ webpack-internal:///(app-pages-browser)/./src/components/dice/DiceMesh.ts:191
[ 8398799ms] [WARNING] Canvas2D: Multiple readback operations using getImageData are faster with the willReadFrequently attribute set to true. See: https://html.spec.whatwg.org/multipage/canvas.html#concept-canvas-will-read-frequently @ webpack-internal:///(app-pages-browser)/./src/components/dice/DiceMesh.ts:191
[ 8398849ms] [WARNING] Canvas2D: Multiple readback operations using getImageData are faster with the willReadFrequently attribute set to true. See: https://html.spec.whatwg.org/multipage/canvas.html#concept-canvas-will-read-frequently @ webpack-internal:///(app-pages-browser)/./src/components/dice/DiceMesh.ts:191
[ 8398883ms] [WARNING] Canvas2D: Multiple readback operations using getImageData are faster with the willReadFrequently attribute set to true. See: https://html.spec.whatwg.org/multipage/canvas.html#concept-canvas-will-read-frequently @ webpack-internal:///(app-pages-browser)/./src/components/dice/DiceMesh.ts:191
[ 8398933ms] [WARNING] Canvas2D: Multiple readback operations using getImageData are faster with the willReadFrequently attribute set to true. See: https://html.spec.whatwg.org/multipage/canvas.html#concept-canvas-will-read-frequently @ webpack-internal:///(app-pages-browser)/./src/components/dice/DiceMesh.ts:191
[ 8398966ms] [WARNING] Canvas2D: Multiple readback operations using getImageData are faster with the willReadFrequently attribute set to true. See: https://html.spec.whatwg.org/multipage/canvas.html#concept-canvas-will-read-frequently @ webpack-internal:///(app-pages-browser)/./src/components/dice/DiceMesh.ts:191
[ 8398999ms] [WARNING] Canvas2D: Multiple readback operations using getImageData are faster with the willReadFrequently attribute set to true. See: https://html.spec.whatwg.org/multipage/canvas.html#concept-canvas-will-read-frequently @ webpack-internal:///(app-pages-browser)/./src/components/dice/DiceMesh.ts:191
[ 8399033ms] [WARNING] Canvas2D: Multiple readback operations using getImageData are faster with the willReadFrequently attribute set to true. See: https://html.spec.whatwg.org/multipage/canvas.html#concept-canvas-will-read-frequently @ webpack-internal:///(app-pages-browser)/./src/components/dice/DiceMesh.ts:191
[ 8399066ms] [WARNING] Canvas2D: Multiple readback operations using getImageData are faster with the willReadFrequently attribute set to true. See: https://html.spec.whatwg.org/multipage/canvas.html#concept-canvas-will-read-frequently @ webpack-internal:///(app-pages-browser)/./src/components/dice/DiceMesh.ts:191
[ 8399099ms] [WARNING] Canvas2D: Multiple readback operations using getImageData are faster with the willReadFrequently attribute set to true. See: https://html.spec.whatwg.org/multipage/canvas.html#concept-canvas-will-read-frequently @ webpack-internal:///(app-pages-browser)/./src/components/dice/DiceMesh.ts:191
[ 8399150ms] [WARNING] Canvas2D: Multiple readback operations using getImageData are faster with the willReadFrequently attribute set to true. See: https://html.spec.whatwg.org/multipage/canvas.html#concept-canvas-will-read-frequently @ webpack-internal:///(app-pages-browser)/./src/components/dice/DiceMesh.ts:191
[ 8399183ms] [WARNING] Canvas2D: Multiple readback operations using getImageData are faster with the willReadFrequently attribute set to true. See: https://html.spec.whatwg.org/multipage/canvas.html#concept-canvas-will-read-frequently @ webpack-internal:///(app-pages-browser)/./src/components/dice/DiceMesh.ts:191
[ 8399216ms] [WARNING] Canvas2D: Multiple readback operations using getImageData are faster with the willReadFrequently attribute set to true. See: https://html.spec.whatwg.org/multipage/canvas.html#concept-canvas-will-read-frequently @ webpack-internal:///(app-pages-browser)/./src/components/dice/DiceMesh.ts:191
[ 8399266ms] [WARNING] Canvas2D: Multiple readback operations using getImageData are faster with the willReadFrequently attribute set to true. See: https://html.spec.whatwg.org/multipage/canvas.html#concept-canvas-will-read-frequently @ webpack-internal:///(app-pages-browser)/./src/components/dice/DiceMesh.ts:191
[ 8399299ms] [WARNING] Canvas2D: Multiple readback operations using getImageData are faster with the willReadFrequently attribute set to true. See: https://html.spec.whatwg.org/multipage/canvas.html#concept-canvas-will-read-frequently @ webpack-internal:///(app-pages-browser)/./src/components/dice/DiceMesh.ts:191
[ 8399333ms] [WARNING] Canvas2D: Multiple readback operations using getImageData are faster with the willReadFrequently attribute set to true. See: https://html.spec.whatwg.org/multipage/canvas.html#concept-canvas-will-read-frequently @ webpack-internal:///(app-pages-browser)/./src/components/dice/DiceMesh.ts:191
[ 8399366ms] [WARNING] Canvas2D: Multiple readback operations using getImageData are faster with the willReadFrequently attribute set to true. See: https://html.spec.whatwg.org/multipage/canvas.html#concept-canvas-will-read-frequently @ webpack-internal:///(app-pages-browser)/./src/components/dice/DiceMesh.ts:191
[ 8399400ms] [WARNING] Canvas2D: Multiple readback operations using getImageData are faster with the willReadFrequently attribute set to true. See: https://html.spec.whatwg.org/multipage/canvas.html#concept-canvas-will-read-frequently @ webpack-internal:///(app-pages-browser)/./src/components/dice/DiceMesh.ts:191
[ 8399433ms] [WARNING] Canvas2D: Multiple readback operations using getImageData are faster with the willReadFrequently attribute set to true. See: https://html.spec.whatwg.org/multipage/canvas.html#concept-canvas-will-read-frequently @ webpack-internal:///(app-pages-browser)/./src/components/dice/DiceMesh.ts:191
[ 8399466ms] [WARNING] Canvas2D: Multiple readback operations using getImageData are faster with the willReadFrequently attribute set to true. See: https://html.spec.whatwg.org/multipage/canvas.html#concept-canvas-will-read-frequently @ webpack-internal:///(app-pages-browser)/./src/components/dice/DiceMesh.ts:191
[ 8399500ms] [WARNING] Canvas2D: Multiple readback operations using getImageData are faster with the willReadFrequently attribute set to true. See: https://html.spec.whatwg.org/multipage/canvas.html#concept-canvas-will-read-frequently @ webpack-internal:///(app-pages-browser)/./src/components/dice/DiceMesh.ts:191
[ 8399533ms] [WARNING] Canvas2D: Multiple readback operations using getImageData are faster with the willReadFrequently attribute set to true. See: https://html.spec.whatwg.org/multipage/canvas.html#concept-canvas-will-read-frequently @ webpack-internal:///(app-pages-browser)/./src/components/dice/DiceMesh.ts:191
[ 8399583ms] [WARNING] Canvas2D: Multiple readback operations using getImageData are faster with the willReadFrequently attribute set to true. See: https://html.spec.whatwg.org/multipage/canvas.html#concept-canvas-will-read-frequently @ webpack-internal:///(app-pages-browser)/./src/components/dice/DiceMesh.ts:191
[ 8399616ms] [WARNING] Canvas2D: Multiple readback operations using getImageData are faster with the willReadFrequently attribute set to true. See: https://html.spec.whatwg.org/multipage/canvas.html#concept-canvas-will-read-frequently @ webpack-internal:///(app-pages-browser)/./src/components/dice/DiceMesh.ts:191
[ 8399650ms] [WARNING] Canvas2D: Multiple readback operations using getImageData are faster with the willReadFrequently attribute set to true. See: https://html.spec.whatwg.org/multipage/canvas.html#concept-canvas-will-read-frequently @ webpack-internal:///(app-pages-browser)/./src/components/dice/DiceMesh.ts:191
[ 8399683ms] [WARNING] Canvas2D: Multiple readback operations using getImageData are faster with the willReadFrequently attribute set to true. See: https://html.spec.whatwg.org/multipage/canvas.html#concept-canvas-will-read-frequently @ webpack-internal:///(app-pages-browser)/./src/components/dice/DiceMesh.ts:191
[ 8399717ms] [WARNING] Canvas2D: Multiple readback operations using getImageData are faster with the willReadFrequently attribute set to true. See: https://html.spec.whatwg.org/multipage/canvas.html#concept-canvas-will-read-frequently @ webpack-internal:///(app-pages-browser)/./src/components/dice/DiceMesh.ts:191
[ 8399750ms] [WARNING] Canvas2D: Multiple readback operations using getImageData are faster with the willReadFrequently attribute set to true. See: https://html.spec.whatwg.org/multipage/canvas.html#concept-canvas-will-read-frequently @ webpack-internal:///(app-pages-browser)/./src/components/dice/DiceMesh.ts:191
[ 8399783ms] [WARNING] Canvas2D: Multiple readback operations using getImageData are faster with the willReadFrequently attribute set to true. See: https://html.spec.whatwg.org/multipage/canvas.html#concept-canvas-will-read-frequently @ webpack-internal:///(app-pages-browser)/./src/components/dice/DiceMesh.ts:191
[ 8399816ms] [WARNING] Canvas2D: Multiple readback operations using getImageData are faster with the willReadFrequently attribute set to true. See: https://html.spec.whatwg.org/multipage/canvas.html#concept-canvas-will-read-frequently @ webpack-internal:///(app-pages-browser)/./src/components/dice/DiceMesh.ts:191
[ 8399850ms] [WARNING] Canvas2D: Multiple readback operations using getImageData are faster with the willReadFrequently attribute set to true. See: https://html.spec.whatwg.org/multipage/canvas.html#concept-canvas-will-read-frequently @ webpack-internal:///(app-pages-browser)/./src/components/dice/DiceMesh.ts:191
[ 8399883ms] [WARNING] Canvas2D: Multiple readback operations using getImageData are faster with the willReadFrequently attribute set to true. See: https://html.spec.whatwg.org/multipage/canvas.html#concept-canvas-will-read-frequently @ webpack-internal:///(app-pages-browser)/./src/components/dice/DiceMesh.ts:191
[ 8399916ms] [WARNING] Canvas2D: Multiple readback operations using getImageData are faster with the willReadFrequently attribute set to true. See: https://html.spec.whatwg.org/multipage/canvas.html#concept-canvas-will-read-frequently @ webpack-internal:///(app-pages-browser)/./src/components/dice/DiceMesh.ts:191
[ 8399950ms] [WARNING] Canvas2D: Multiple readback operations using getImageData are faster with the willReadFrequently attribute set to true. See: https://html.spec.whatwg.org/multipage/canvas.html#concept-canvas-will-read-frequently @ webpack-internal:///(app-pages-browser)/./src/components/dice/DiceMesh.ts:191
[ 8400000ms] [WARNING] Canvas2D: Multiple readback operations using getImageData are faster with the willReadFrequently attribute set to true. See: https://html.spec.whatwg.org/multipage/canvas.html#concept-canvas-will-read-frequently @ webpack-internal:///(app-pages-browser)/./src/components/dice/DiceMesh.ts:191
[ 8400033ms] [WARNING] Canvas2D: Multiple readback operations using getImageData are faster with the willReadFrequently attribute set to true. See: https://html.spec.whatwg.org/multipage/canvas.html#concept-canvas-will-read-frequently @ webpack-internal:///(app-pages-browser)/./src/components/dice/DiceMesh.ts:191
[ 8400067ms] [WARNING] Canvas2D: Multiple readback operations using getImageData are faster with the willReadFrequently attribute set to true. See: https://html.spec.whatwg.org/multipage/canvas.html#concept-canvas-will-read-frequently @ webpack-internal:///(app-pages-browser)/./src/components/dice/DiceMesh.ts:191
[ 8400100ms] [WARNING] Canvas2D: Multiple readback operations using getImageData are faster with the willReadFrequently attribute set to true. See: https://html.spec.whatwg.org/multipage/canvas.html#concept-canvas-will-read-frequently @ webpack-internal:///(app-pages-browser)/./src/components/dice/DiceMesh.ts:191
[ 8400133ms] [WARNING] Canvas2D: Multiple readback operations using getImageData are faster with the willReadFrequently attribute set to true. See: https://html.spec.whatwg.org/multipage/canvas.html#concept-canvas-will-read-frequently @ webpack-internal:///(app-pages-browser)/./src/components/dice/DiceMesh.ts:191
[ 8400167ms] [WARNING] Canvas2D: Multiple readback operations using getImageData are faster with the willReadFrequently attribute set to true. See: https://html.spec.whatwg.org/multipage/canvas.html#concept-canvas-will-read-frequently @ webpack-internal:///(app-pages-browser)/./src/components/dice/DiceMesh.ts:191
[ 8400217ms] [WARNING] Canvas2D: Multiple readback operations using getImageData are faster with the willReadFrequently attribute set to true. See: https://html.spec.whatwg.org/multipage/canvas.html#concept-canvas-will-read-frequently @ webpack-internal:///(app-pages-browser)/./src/components/dice/DiceMesh.ts:191
[ 8400250ms] [WARNING] Canvas2D: Multiple readback operations using getImageData are faster with the willReadFrequently attribute set to true. See: https://html.spec.whatwg.org/multipage/canvas.html#concept-canvas-will-read-frequently @ webpack-internal:///(app-pages-browser)/./src/components/dice/DiceMesh.ts:191
[ 8400283ms] [WARNING] Canvas2D: Multiple readback operations using getImageData are faster with the willReadFrequently attribute set to true. See: https://html.spec.whatwg.org/multipage/canvas.html#concept-canvas-will-read-frequently @ webpack-internal:///(app-pages-browser)/./src/components/dice/DiceMesh.ts:191
[ 8400317ms] [WARNING] Canvas2D: Multiple readback operations using getImageData are faster with the willReadFrequently attribute set to true. See: https://html.spec.whatwg.org/multipage/canvas.html#concept-canvas-will-read-frequently @ webpack-internal:///(app-pages-browser)/./src/components/dice/DiceMesh.ts:191
[ 8400350ms] [WARNING] Canvas2D: Multiple readback operations using getImageData are faster with the willReadFrequently attribute set to true. See: https://html.spec.whatwg.org/multipage/canvas.html#concept-canvas-will-read-frequently @ webpack-internal:///(app-pages-browser)/./src/components/dice/DiceMesh.ts:191
[ 8400384ms] [WARNING] Canvas2D: Multiple readback operations using getImageData are faster with the willReadFrequently attribute set to true. See: https://html.spec.whatwg.org/multipage/canvas.html#concept-canvas-will-read-frequently @ webpack-internal:///(app-pages-browser)/./src/components/dice/DiceMesh.ts:191
[ 8400417ms] [WARNING] Canvas2D: Multiple readback operations using getImageData are faster with the willReadFrequently attribute set to true. See: https://html.spec.whatwg.org/multipage/canvas.html#concept-canvas-will-read-frequently @ webpack-internal:///(app-pages-browser)/./src/components/dice/DiceMesh.ts:191
[ 8400450ms] [WARNING] Canvas2D: Multiple readback operations using getImageData are faster with the willReadFrequently attribute set to true. See: https://html.spec.whatwg.org/multipage/canvas.html#concept-canvas-will-read-frequently @ webpack-internal:///(app-pages-browser)/./src/components/dice/DiceMesh.ts:191
[ 8400484ms] [WARNING] Canvas2D: Multiple readback operations using getImageData are faster with the willReadFrequently attribute set to true. See: https://html.spec.whatwg.org/multipage/canvas.html#concept-canvas-will-read-frequently @ webpack-internal:///(app-pages-browser)/./src/components/dice/DiceMesh.ts:191
[ 8400517ms] [WARNING] Canvas2D: Multiple readback operations using getImageData are faster with the willReadFrequently attribute set to true. See: https://html.spec.whatwg.org/multipage/canvas.html#concept-canvas-will-read-frequently @ webpack-internal:///(app-pages-browser)/./src/components/dice/DiceMesh.ts:191
[ 8400550ms] [WARNING] Canvas2D: Multiple readback operations using getImageData are faster with the willReadFrequently attribute set to true. See: https://html.spec.whatwg.org/multipage/canvas.html#concept-canvas-will-read-frequently @ webpack-internal:///(app-pages-browser)/./src/components/dice/DiceMesh.ts:191
[ 8400601ms] [WARNING] Canvas2D: Multiple readback operations using getImageData are faster with the willReadFrequently attribute set to true. See: https://html.spec.whatwg.org/multipage/canvas.html#concept-canvas-will-read-frequently @ webpack-internal:///(app-pages-browser)/./src/components/dice/DiceMesh.ts:191
[ 8400634ms] [WARNING] Canvas2D: Multiple readback operations using getImageData are faster with the willReadFrequently attribute set to true. See: https://html.spec.whatwg.org/multipage/canvas.html#concept-canvas-will-read-frequently @ webpack-internal:///(app-pages-browser)/./src/components/dice/DiceMesh.ts:191
[ 8400684ms] [WARNING] Canvas2D: Multiple readback operations using getImageData are faster with the willReadFrequently attribute set to true. See: https://html.spec.whatwg.org/multipage/canvas.html#concept-canvas-will-read-frequently @ webpack-internal:///(app-pages-browser)/./src/components/dice/DiceMesh.ts:191
[ 8400717ms] [WARNING] Canvas2D: Multiple readback operations using getImageData are faster with the willReadFrequently attribute set to true. See: https://html.spec.whatwg.org/multipage/canvas.html#concept-canvas-will-read-frequently @ webpack-internal:///(app-pages-browser)/./src/components/dice/DiceMesh.ts:191
[ 8408833ms] [LOG] [Fast Refresh] rebuilding @ webpack-internal:///(app-pages-browser)/./node_modules/next/dist/next-devtools/shared/forward-logs-shared.js:27
[ 8410663ms] [LOG] [Fast Refresh] done in 1831ms @ webpack-internal:///(app-pages-browser)/./node_modules/next/dist/next-devtools/shared/forward-logs-shared.js:27
[ 8446315ms] [LOG] [Fast Refresh] rebuilding @ webpack-internal:///(app-pages-browser)/./node_modules/next/dist/next-devtools/shared/forward-logs-shared.js:27
[ 8446704ms] [LOG] [Fast Refresh] done in 389ms @ webpack-internal:///(app-pages-browser)/./node_modules/next/dist/next-devtools/shared/forward-logs-shared.js:27
[ 8446740ms] [LOG] [Fast Refresh] rebuilding @ webpack-internal:///(app-pages-browser)/./node_modules/next/dist/next-devtools/shared/forward-logs-shared.js:27
[ 8447715ms] [LOG] [Fast Refresh] done in 975ms @ webpack-internal:///(app-pages-browser)/./node_modules/next/dist/next-devtools/shared/forward-logs-shared.js:27
[18495783ms] [LOG] [Fast Refresh] rebuilding @ webpack-internal:///(app-pages-browser)/./node_modules/next/dist/next-devtools/shared/forward-logs-shared.js:27
[18496989ms] [LOG] [Fast Refresh] rebuilding @ webpack-internal:///(app-pages-browser)/./node_modules/next/dist/next-devtools/shared/forward-logs-shared.js:27
[18497158ms] [LOG] [Fast Refresh] done in 169ms @ webpack-internal:///(app-pages-browser)/./node_modules/next/dist/next-devtools/shared/forward-logs-shared.js:27
[18497393ms] [LOG] [Fast Refresh] rebuilding @ webpack-internal:///(app-pages-browser)/./node_modules/next/dist/next-devtools/shared/forward-logs-shared.js:27
[18497602ms] [LOG] [Fast Refresh] done in 209ms @ webpack-internal:///(app-pages-browser)/./node_modules/next/dist/next-devtools/shared/forward-logs-shared.js:27
[18497776ms] [LOG] [Fast Refresh] done in 383ms @ webpack-internal:///(app-pages-browser)/./node_modules/next/dist/next-devtools/shared/forward-logs-shared.js:27
[18500849ms] [WARNING] The resource http://localhost:3000/_next/static/css/app/layout.css?v=1776638203424 was preloaded using link preload but not used within a few seconds from the window's load event. Please make sure it has an appropriate `as` value and it is preloaded intentionally. @ http://localhost:3000/campaign/cmmr6djjy0000ws482a52nc1y:0
[18503110ms] [LOG] [Fast Refresh] rebuilding @ webpack-internal:///(app-pages-browser)/./node_modules/next/dist/next-devtools/shared/forward-logs-shared.js:27
[18503924ms] [WARNING] THREE.WebGLShadowMap: PCFSoftShadowMap has been deprecated. Using PCFShadowMap instead. @ webpack-internal:///(app-pages-browser)/./node_modules/next/dist/next-devtools/shared/forward-logs-shared.js:27
[18504193ms] [LOG] [Fast Refresh] done in 1082ms @ webpack-internal:///(app-pages-browser)/./node_modules/next/dist/next-devtools/shared/forward-logs-shared.js:27
[18507243ms] [WARNING] The resource http://localhost:3000/_next/static/css/app/layout.css?v=1776638210177 was preloaded using link preload but not used within a few seconds from the window's load event. Please make sure it has an appropriate `as` value and it is preloaded intentionally. @ http://localhost:3000/campaign/cmmr6djjy0000ws482a52nc1y:0
[18507243ms] [WARNING] The resource http://localhost:3000/_next/static/css/app/layout.css?v=1776638203424 was preloaded using link preload but not used within a few seconds from the window's load event. Please make sure it has an appropriate `as` value and it is preloaded intentionally. @ http://localhost:3000/campaign/cmmr6djjy0000ws482a52nc1y:0
[18507787ms] [LOG] [Fast Refresh] rebuilding @ webpack-internal:///(app-pages-browser)/./node_modules/next/dist/next-devtools/shared/forward-logs-shared.js:27
[18508723ms] [LOG] [Fast Refresh] done in 936ms @ webpack-internal:///(app-pages-browser)/./node_modules/next/dist/next-devtools/shared/forward-logs-shared.js:27
[18511878ms] [WARNING] The resource http://localhost:3000/_next/static/css/app/layout.css?v=1776638210177 was preloaded using link preload but not used within a few seconds from the window's load event. Please make sure it has an appropriate `as` value and it is preloaded intentionally. @ http://localhost:3000/campaign/cmmr6djjy0000ws482a52nc1y:0
[18511878ms] [WARNING] The resource http://localhost:3000/_next/static/css/app/layout.css?v=1776638203424 was preloaded using link preload but not used within a few seconds from the window's load event. Please make sure it has an appropriate `as` value and it is preloaded intentionally. @ http://localhost:3000/campaign/cmmr6djjy0000ws482a52nc1y:0
[18515110ms] [LOG] [Fast Refresh] rebuilding @ webpack-internal:///(app-pages-browser)/./node_modules/next/dist/next-devtools/shared/forward-logs-shared.js:27
[18515967ms] [LOG] [Fast Refresh] done in 856ms @ webpack-internal:///(app-pages-browser)/./node_modules/next/dist/next-devtools/shared/forward-logs-shared.js:27
[18516007ms] [LOG] [Fast Refresh] rebuilding @ webpack-internal:///(app-pages-browser)/./node_modules/next/dist/next-devtools/shared/forward-logs-shared.js:27
[18516236ms] [LOG] [Fast Refresh] done in 228ms @ webpack-internal:///(app-pages-browser)/./node_modules/next/dist/next-devtools/shared/forward-logs-shared.js:27
[18519571ms] [WARNING] The resource http://localhost:3000/_next/static/css/app/layout.css?v=1776638210177 was preloaded using link preload but not used within a few seconds from the window's load event. Please make sure it has an appropriate `as` value and it is preloaded intentionally. @ http://localhost:3000/campaign/cmmr6djjy0000ws482a52nc1y:0
[18519571ms] [WARNING] The resource http://localhost:3000/_next/static/css/app/layout.css?v=1776638203424 was preloaded using link preload but not used within a few seconds from the window's load event. Please make sure it has an appropriate `as` value and it is preloaded intentionally. @ http://localhost:3000/campaign/cmmr6djjy0000ws482a52nc1y:0
[18619941ms] [LOG] [Fast Refresh] rebuilding @ webpack-internal:///(app-pages-browser)/./node_modules/next/dist/next-devtools/shared/forward-logs-shared.js:27
[18621632ms] [LOG] [Fast Refresh] done in 1690ms @ webpack-internal:///(app-pages-browser)/./node_modules/next/dist/next-devtools/shared/forward-logs-shared.js:27
[18624919ms] [WARNING] The resource http://localhost:3000/_next/static/css/app/layout.css?v=1776638210177 was preloaded using link preload but not used within a few seconds from the window's load event. Please make sure it has an appropriate `as` value and it is preloaded intentionally. @ http://localhost:3000/campaign/cmmr6djjy0000ws482a52nc1y:0
[18624919ms] [WARNING] The resource http://localhost:3000/_next/static/css/app/layout.css?v=1776638203424 was preloaded using link preload but not used within a few seconds from the window's load event. Please make sure it has an appropriate `as` value and it is preloaded intentionally. @ http://localhost:3000/campaign/cmmr6djjy0000ws482a52nc1y:0
[18632816ms] [LOG] [Fast Refresh] rebuilding @ webpack-internal:///(app-pages-browser)/./node_modules/next/dist/next-devtools/shared/forward-logs-shared.js:27
[18633003ms] [LOG] [Fast Refresh] rebuilding @ webpack-internal:///(app-pages-browser)/./node_modules/next/dist/next-devtools/shared/forward-logs-shared.js:27
[18633050ms] [LOG] [Fast Refresh] done in 47ms @ webpack-internal:///(app-pages-browser)/./node_modules/next/dist/next-devtools/shared/forward-logs-shared.js:27
[18633299ms] [LOG] [Fast Refresh] done in 297ms @ webpack-internal:///(app-pages-browser)/./node_modules/next/dist/next-devtools/shared/forward-logs-shared.js:27
[18636358ms] [WARNING] The resource http://localhost:3000/_next/static/css/app/layout.css?v=1776638210177 was preloaded using link preload but not used within a few seconds from the window's load event. Please make sure it has an appropriate `as` value and it is preloaded intentionally. @ http://localhost:3000/campaign/cmmr6djjy0000ws482a52nc1y:0
[18636358ms] [WARNING] The resource http://localhost:3000/_next/static/css/app/layout.css?v=1776638203424 was preloaded using link preload but not used within a few seconds from the window's load event. Please make sure it has an appropriate `as` value and it is preloaded intentionally. @ http://localhost:3000/campaign/cmmr6djjy0000ws482a52nc1y:0
[18700620ms] [LOG] [Fast Refresh] rebuilding @ webpack-internal:///(app-pages-browser)/./node_modules/next/dist/next-devtools/shared/forward-logs-shared.js:27
[18701421ms] [LOG] [Fast Refresh] done in 800ms @ webpack-internal:///(app-pages-browser)/./node_modules/next/dist/next-devtools/shared/forward-logs-shared.js:27
[18704449ms] [WARNING] The resource http://localhost:3000/_next/static/css/app/layout.css?v=1776638210177 was preloaded using link preload but not used within a few seconds from the window's load event. Please make sure it has an appropriate `as` value and it is preloaded intentionally. @ http://localhost:3000/campaign/cmmr6djjy0000ws482a52nc1y:0
[18704449ms] [WARNING] The resource http://localhost:3000/_next/static/css/app/layout.css?v=1776638407058 was preloaded using link preload but not used within a few seconds from the window's load event. Please make sure it has an appropriate `as` value and it is preloaded intentionally. @ http://localhost:3000/campaign/cmmr6djjy0000ws482a52nc1y:0
[18704449ms] [WARNING] The resource http://localhost:3000/_next/static/css/app/layout.css?v=1776638203424 was preloaded using link preload but not used within a few seconds from the window's load event. Please make sure it has an appropriate `as` value and it is preloaded intentionally. @ http://localhost:3000/campaign/cmmr6djjy0000ws482a52nc1y:0
[18714302ms] [LOG] [Fast Refresh] rebuilding @ webpack-internal:///(app-pages-browser)/./node_modules/next/dist/next-devtools/shared/forward-logs-shared.js:27
[18714537ms] [LOG] [Fast Refresh] done in 236ms @ webpack-internal:///(app-pages-browser)/./node_modules/next/dist/next-devtools/shared/forward-logs-shared.js:27
[18717599ms] [WARNING] The resource http://localhost:3000/_next/static/css/app/layout.css?v=1776638210177 was preloaded using link preload but not used within a few seconds from the window's load event. Please make sure it has an appropriate `as` value and it is preloaded intentionally. @ http://localhost:3000/campaign/cmmr6djjy0000ws482a52nc1y:0
[18717599ms] [WARNING] The resource http://localhost:3000/_next/static/css/app/layout.css?v=1776638407058 was preloaded using link preload but not used within a few seconds from the window's load event. Please make sure it has an appropriate `as` value and it is preloaded intentionally. @ http://localhost:3000/campaign/cmmr6djjy0000ws482a52nc1y:0
[18717599ms] [WARNING] The resource http://localhost:3000/_next/static/css/app/layout.css?v=1776638203424 was preloaded using link preload but not used within a few seconds from the window's load event. Please make sure it has an appropriate `as` value and it is preloaded intentionally. @ http://localhost:3000/campaign/cmmr6djjy0000ws482a52nc1y:0
[18755353ms] [LOG] [Fast Refresh] rebuilding @ webpack-internal:///(app-pages-browser)/./node_modules/next/dist/next-devtools/shared/forward-logs-shared.js:27
[18755611ms] [LOG] [Fast Refresh] done in 257ms @ webpack-internal:///(app-pages-browser)/./node_modules/next/dist/next-devtools/shared/forward-logs-shared.js:27
[18758662ms] [WARNING] The resource http://localhost:3000/_next/static/css/app/layout.css?v=1776638210177 was preloaded using link preload but not used within a few seconds from the window's load event. Please make sure it has an appropriate `as` value and it is preloaded intentionally. @ http://localhost:3000/campaign/cmmr6djjy0000ws482a52nc1y:0
[18758662ms] [WARNING] The resource http://localhost:3000/_next/static/css/app/layout.css?v=1776638407058 was preloaded using link preload but not used within a few seconds from the window's load event. Please make sure it has an appropriate `as` value and it is preloaded intentionally. @ http://localhost:3000/campaign/cmmr6djjy0000ws482a52nc1y:0
[18758662ms] [WARNING] The resource http://localhost:3000/_next/static/css/app/layout.css?v=1776638203424 was preloaded using link preload but not used within a few seconds from the window's load event. Please make sure it has an appropriate `as` value and it is preloaded intentionally. @ http://localhost:3000/campaign/cmmr6djjy0000ws482a52nc1y:0
[18785900ms] [LOG] [Fast Refresh] rebuilding @ webpack-internal:///(app-pages-browser)/./node_modules/next/dist/next-devtools/shared/forward-logs-shared.js:27
[18787325ms] [LOG] [Fast Refresh] done in 1424ms @ webpack-internal:///(app-pages-browser)/./node_modules/next/dist/next-devtools/shared/forward-logs-shared.js:27
[18790376ms] [WARNING] The resource http://localhost:3000/_next/static/css/app/layout.css?v=1776638210177 was preloaded using link preload but not used within a few seconds from the window's load event. Please make sure it has an appropriate `as` value and it is preloaded intentionally. @ http://localhost:3000/campaign/cmmr6djjy0000ws482a52nc1y:0
[18790376ms] [WARNING] The resource http://localhost:3000/_next/static/css/app/layout.css?v=1776638407058 was preloaded using link preload but not used within a few seconds from the window's load event. Please make sure it has an appropriate `as` value and it is preloaded intentionally. @ http://localhost:3000/campaign/cmmr6djjy0000ws482a52nc1y:0
[18790376ms] [WARNING] The resource http://localhost:3000/_next/static/css/app/layout.css?v=1776638203424 was preloaded using link preload but not used within a few seconds from the window's load event. Please make sure it has an appropriate `as` value and it is preloaded intentionally. @ http://localhost:3000/campaign/cmmr6djjy0000ws482a52nc1y:0
[18804784ms] [LOG] [Fast Refresh] rebuilding @ webpack-internal:///(app-pages-browser)/./node_modules/next/dist/next-devtools/shared/forward-logs-shared.js:27
[18805286ms] [LOG] [Fast Refresh] done in 502ms @ webpack-internal:///(app-pages-browser)/./node_modules/next/dist/next-devtools/shared/forward-logs-shared.js:27
[18808317ms] [WARNING] The resource http://localhost:3000/_next/static/css/app/layout.css?v=1776638210177 was preloaded using link preload but not used within a few seconds from the window's load event. Please make sure it has an appropriate `as` value and it is preloaded intentionally. @ http://localhost:3000/campaign/cmmr6djjy0000ws482a52nc1y:0
[18808318ms] [WARNING] The resource http://localhost:3000/_next/static/css/app/layout.css?v=1776638407058 was preloaded using link preload but not used within a few seconds from the window's load event. Please make sure it has an appropriate `as` value and it is preloaded intentionally. @ http://localhost:3000/campaign/cmmr6djjy0000ws482a52nc1y:0
[18808318ms] [WARNING] The resource http://localhost:3000/_next/static/css/app/layout.css?v=1776638203424 was preloaded using link preload but not used within a few seconds from the window's load event. Please make sure it has an appropriate `as` value and it is preloaded intentionally. @ http://localhost:3000/campaign/cmmr6djjy0000ws482a52nc1y:0
[18848400ms] [LOG] [Fast Refresh] rebuilding @ webpack-internal:///(app-pages-browser)/./node_modules/next/dist/next-devtools/shared/forward-logs-shared.js:27
[18848918ms] [LOG] [Fast Refresh] done in 517ms @ webpack-internal:///(app-pages-browser)/./node_modules/next/dist/next-devtools/shared/forward-logs-shared.js:27
[18851938ms] [WARNING] The resource http://localhost:3000/_next/static/css/app/layout.css?v=1776638210177 was preloaded using link preload but not used within a few seconds from the window's load event. Please make sure it has an appropriate `as` value and it is preloaded intentionally. @ http://localhost:3000/campaign/cmmr6djjy0000ws482a52nc1y:0
[18851938ms] [WARNING] The resource http://localhost:3000/_next/static/css/app/layout.css?v=1776638407058 was preloaded using link preload but not used within a few seconds from the window's load event. Please make sure it has an appropriate `as` value and it is preloaded intentionally. @ http://localhost:3000/campaign/cmmr6djjy0000ws482a52nc1y:0
[18851938ms] [WARNING] The resource http://localhost:3000/_next/static/css/app/layout.css?v=1776638203424 was preloaded using link preload but not used within a few seconds from the window's load event. Please make sure it has an appropriate `as` value and it is preloaded intentionally. @ http://localhost:3000/campaign/cmmr6djjy0000ws482a52nc1y:0
[48884512ms] [WARNING] The resource http://localhost:3000/_next/static/css/app/layout.css?v=1776638210177 was preloaded using link preload but not used within a few seconds from the window's load event. Please make sure it has an appropriate `as` value and it is preloaded intentionally. @ http://localhost:3000/campaign/cmmr6djjy0000ws482a52nc1y:0
[48884513ms] [WARNING] The resource http://localhost:3000/_next/static/css/app/layout.css?v=1776638407058 was preloaded using link preload but not used within a few seconds from the window's load event. Please make sure it has an appropriate `as` value and it is preloaded intentionally. @ http://localhost:3000/campaign/cmmr6djjy0000ws482a52nc1y:0
[48884513ms] [WARNING] The resource http://localhost:3000/_next/static/css/app/layout.css?v=1776638203424 was preloaded using link preload but not used within a few seconds from the window's load event. Please make sure it has an appropriate `as` value and it is preloaded intentionally. @ http://localhost:3000/campaign/cmmr6djjy0000ws482a52nc1y:0
[49319724ms] [LOG] [Fast Refresh] rebuilding @ webpack-internal:///(app-pages-browser)/./node_modules/next/dist/next-devtools/shared/forward-logs-shared.js:27
[49323139ms] [WARNING] The resource http://localhost:3000/_next/static/css/app/layout.css?v=1776638210177 was preloaded using link preload but not used within a few seconds from the window's load event. Please make sure it has an appropriate `as` value and it is preloaded intentionally. @ http://localhost:3000/campaign/cmmr6djjy0000ws482a52nc1y:0
[49323139ms] [WARNING] The resource http://localhost:3000/_next/static/css/app/layout.css?v=1776638407058 was preloaded using link preload but not used within a few seconds from the window's load event. Please make sure it has an appropriate `as` value and it is preloaded intentionally. @ http://localhost:3000/campaign/cmmr6djjy0000ws482a52nc1y:0
[49323139ms] [WARNING] The resource http://localhost:3000/_next/static/css/app/layout.css?v=1776638203424 was preloaded using link preload but not used within a few seconds from the window's load event. Please make sure it has an appropriate `as` value and it is preloaded intentionally. @ http://localhost:3000/campaign/cmmr6djjy0000ws482a52nc1y:0
[49323456ms] [LOG] [Fast Refresh] rebuilding @ webpack-internal:///(app-pages-browser)/./node_modules/next/dist/next-devtools/shared/forward-logs-shared.js:27
[49323641ms] [LOG] [Fast Refresh] done in 184ms @ webpack-internal:///(app-pages-browser)/./node_modules/next/dist/next-devtools/shared/forward-logs-shared.js:27
[49324494ms] [LOG] [Fast Refresh] done in 1038ms @ webpack-internal:///(app-pages-browser)/./node_modules/next/dist/next-devtools/shared/forward-logs-shared.js:27
[49324549ms] [LOG] [Fast Refresh] rebuilding @ webpack-internal:///(app-pages-browser)/./node_modules/next/dist/next-devtools/shared/forward-logs-shared.js:27
[49324784ms] [LOG] [Fast Refresh] done in 234ms @ webpack-internal:///(app-pages-browser)/./node_modules/next/dist/next-devtools/shared/forward-logs-shared.js:27
[49328247ms] [WARNING] The resource http://localhost:3000/_next/static/css/app/layout.css?v=1776638210177 was preloaded using link preload but not used within a few seconds from the window's load event. Please make sure it has an appropriate `as` value and it is preloaded intentionally. @ http://localhost:3000/campaign/cmmr6djjy0000ws482a52nc1y:0
[49328248ms] [WARNING] The resource http://localhost:3000/_next/static/css/app/layout.css?v=1776638407058 was preloaded using link preload but not used within a few seconds from the window's load event. Please make sure it has an appropriate `as` value and it is preloaded intentionally. @ http://localhost:3000/campaign/cmmr6djjy0000ws482a52nc1y:0
[49328248ms] [WARNING] The resource http://localhost:3000/_next/static/css/app/layout.css?v=1776638203424 was preloaded using link preload but not used within a few seconds from the window's load event. Please make sure it has an appropriate `as` value and it is preloaded intentionally. @ http://localhost:3000/campaign/cmmr6djjy0000ws482a52nc1y:0
[49852538ms] [INFO] %cDownload the React DevTools for a better development experience: https://react.dev/link/react-devtools font-weight:bold @ webpack-internal:///(app-pages-browser)/./node_modules/next/dist/next-devtools/shared/forward-logs-shared.js:27
[49852628ms] [LOG] [HMR] connected @ webpack-internal:///(app-pages-browser)/./node_modules/next/dist/next-devtools/shared/forward-logs-shared.js:27
[49854322ms] [WARNING] Canvas2D: Multiple readback operations using getImageData are faster with the willReadFrequently attribute set to true. See: https://html.spec.whatwg.org/multipage/canvas.html#concept-canvas-will-read-frequently @ webpack-internal:///(app-pages-browser)/./src/components/dice/DiceMesh.ts:191
[49854384ms] [WARNING] Canvas2D: Multiple readback operations using getImageData are faster with the willReadFrequently attribute set to true. See: https://html.spec.whatwg.org/multipage/canvas.html#concept-canvas-will-read-frequently @ webpack-internal:///(app-pages-browser)/./src/components/dice/DiceMesh.ts:191
[49854434ms] [WARNING] Canvas2D: Multiple readback operations using getImageData are faster with the willReadFrequently attribute set to true. See: https://html.spec.whatwg.org/multipage/canvas.html#concept-canvas-will-read-frequently @ webpack-internal:///(app-pages-browser)/./src/components/dice/DiceMesh.ts:191
[49854485ms] [WARNING] Canvas2D: Multiple readback operations using getImageData are faster with the willReadFrequently attribute set to true. See: https://html.spec.whatwg.org/multipage/canvas.html#concept-canvas-will-read-frequently @ webpack-internal:///(app-pages-browser)/./src/components/dice/DiceMesh.ts:191
[49854535ms] [WARNING] Canvas2D: Multiple readback operations using getImageData are faster with the willReadFrequently attribute set to true. See: https://html.spec.whatwg.org/multipage/canvas.html#concept-canvas-will-read-frequently @ webpack-internal:///(app-pages-browser)/./src/components/dice/DiceMesh.ts:191
[49854584ms] [WARNING] Canvas2D: Multiple readback operations using getImageData are faster with the willReadFrequently attribute set to true. See: https://html.spec.whatwg.org/multipage/canvas.html#concept-canvas-will-read-frequently @ webpack-internal:///(app-pages-browser)/./src/components/dice/DiceMesh.ts:191
[49854635ms] [WARNING] Canvas2D: Multiple readback operations using getImageData are faster with the willReadFrequently attribute set to true. See: https://html.spec.whatwg.org/multipage/canvas.html#concept-canvas-will-read-frequently @ webpack-internal:///(app-pages-browser)/./src/components/dice/DiceMesh.ts:191
[49854686ms] [WARNING] Canvas2D: Multiple readback operations using getImageData are faster with the willReadFrequently attribute set to true. See: https://html.spec.whatwg.org/multipage/canvas.html#concept-canvas-will-read-frequently @ webpack-internal:///(app-pages-browser)/./src/components/dice/DiceMesh.ts:191
[49854735ms] [WARNING] Canvas2D: Multiple readback operations using getImageData are faster with the willReadFrequently attribute set to true. See: https://html.spec.whatwg.org/multipage/canvas.html#concept-canvas-will-read-frequently @ webpack-internal:///(app-pages-browser)/./src/components/dice/DiceMesh.ts:191
[49854785ms] [WARNING] Canvas2D: Multiple readback operations using getImageData are faster with the willReadFrequently attribute set to true. See: https://html.spec.whatwg.org/multipage/canvas.html#concept-canvas-will-read-frequently @ webpack-internal:///(app-pages-browser)/./src/components/dice/DiceMesh.ts:191
[49854835ms] [WARNING] Canvas2D: Multiple readback operations using getImageData are faster with the willReadFrequently attribute set to true. See: https://html.spec.whatwg.org/multipage/canvas.html#concept-canvas-will-read-frequently @ webpack-internal:///(app-pages-browser)/./src/components/dice/DiceMesh.ts:191
[49854885ms] [WARNING] Canvas2D: Multiple readback operations using getImageData are faster with the willReadFrequently attribute set to true. See: https://html.spec.whatwg.org/multipage/canvas.html#concept-canvas-will-read-frequently @ webpack-internal:///(app-pages-browser)/./src/components/dice/DiceMesh.ts:191
[49854920ms] [WARNING] Canvas2D: Multiple readback operations using getImageData are faster with the willReadFrequently attribute set to true. See: https://html.spec.whatwg.org/multipage/canvas.html#concept-canvas-will-read-frequently @ webpack-internal:///(app-pages-browser)/./src/components/dice/DiceMesh.ts:191
[49854952ms] [WARNING] Canvas2D: Multiple readback operations using getImageData are faster with the willReadFrequently attribute set to true. See: https://html.spec.whatwg.org/multipage/canvas.html#concept-canvas-will-read-frequently @ webpack-internal:///(app-pages-browser)/./src/components/dice/DiceMesh.ts:191
[49855002ms] [WARNING] Canvas2D: Multiple readback operations using getImageData are faster with the willReadFrequently attribute set to true. See: https://html.spec.whatwg.org/multipage/canvas.html#concept-canvas-will-read-frequently @ webpack-internal:///(app-pages-browser)/./src/components/dice/DiceMesh.ts:191
[49855044ms] [WARNING] Canvas2D: Multiple readback operations using getImageData are faster with the willReadFrequently attribute set to true. See: https://html.spec.whatwg.org/multipage/canvas.html#concept-canvas-will-read-frequently @ webpack-internal:///(app-pages-browser)/./src/components/dice/DiceMesh.ts:191
[49855069ms] [WARNING] Canvas2D: Multiple readback operations using getImageData are faster with the willReadFrequently attribute set to true. See: https://html.spec.whatwg.org/multipage/canvas.html#concept-canvas-will-read-frequently @ webpack-internal:///(app-pages-browser)/./src/components/dice/DiceMesh.ts:191
[49855102ms] [WARNING] Canvas2D: Multiple readback operations using getImageData are faster with the willReadFrequently attribute set to true. See: https://html.spec.whatwg.org/multipage/canvas.html#concept-canvas-will-read-frequently @ webpack-internal:///(app-pages-browser)/./src/components/dice/DiceMesh.ts:191
[49855134ms] [WARNING] Canvas2D: Multiple readback operations using getImageData are faster with the willReadFrequently attribute set to true. See: https://html.spec.whatwg.org/multipage/canvas.html#concept-canvas-will-read-frequently @ webpack-internal:///(app-pages-browser)/./src/components/dice/DiceMesh.ts:191
[49855167ms] [WARNING] Canvas2D: Multiple readback operations using getImageData are faster with the willReadFrequently attribute set to true. See: https://html.spec.whatwg.org/multipage/canvas.html#concept-canvas-will-read-frequently @ webpack-internal:///(app-pages-browser)/./src/components/dice/DiceMesh.ts:191
[49855201ms] [WARNING] Canvas2D: Multiple readback operations using getImageData are faster with the willReadFrequently attribute set to true. See: https://html.spec.whatwg.org/multipage/canvas.html#concept-canvas-will-read-frequently @ webpack-internal:///(app-pages-browser)/./src/components/dice/DiceMesh.ts:191
[49855234ms] [WARNING] Canvas2D: Multiple readback operations using getImageData are faster with the willReadFrequently attribute set to true. See: https://html.spec.whatwg.org/multipage/canvas.html#concept-canvas-will-read-frequently @ webpack-internal:///(app-pages-browser)/./src/components/dice/DiceMesh.ts:191
[49855267ms] [WARNING] Canvas2D: Multiple readback operations using getImageData are faster with the willReadFrequently attribute set to true. See: https://html.spec.whatwg.org/multipage/canvas.html#concept-canvas-will-read-frequently @ webpack-internal:///(app-pages-browser)/./src/components/dice/DiceMesh.ts:191
[49855300ms] [WARNING] Canvas2D: Multiple readback operations using getImageData are faster with the willReadFrequently attribute set to true. See: https://html.spec.whatwg.org/multipage/canvas.html#concept-canvas-will-read-frequently @ webpack-internal:///(app-pages-browser)/./src/components/dice/DiceMesh.ts:191
[49855334ms] [WARNING] Canvas2D: Multiple readback operations using getImageData are faster with the willReadFrequently attribute set to true. See: https://html.spec.whatwg.org/multipage/canvas.html#concept-canvas-will-read-frequently @ webpack-internal:///(app-pages-browser)/./src/components/dice/DiceMesh.ts:191
[49855367ms] [WARNING] Canvas2D: Multiple readback operations using getImageData are faster with the willReadFrequently attribute set to true. See: https://html.spec.whatwg.org/multipage/canvas.html#concept-canvas-will-read-frequently @ webpack-internal:///(app-pages-browser)/./src/components/dice/DiceMesh.ts:191
[49855400ms] [WARNING] Canvas2D: Multiple readback operations using getImageData are faster with the willReadFrequently attribute set to true. See: https://html.spec.whatwg.org/multipage/canvas.html#concept-canvas-will-read-frequently @ webpack-internal:///(app-pages-browser)/./src/components/dice/DiceMesh.ts:191
[49855433ms] [WARNING] Canvas2D: Multiple readback operations using getImageData are faster with the willReadFrequently attribute set to true. See: https://html.spec.whatwg.org/multipage/canvas.html#concept-canvas-will-read-frequently @ webpack-internal:///(app-pages-browser)/./src/components/dice/DiceMesh.ts:191
[49855467ms] [WARNING] Canvas2D: Multiple readback operations using getImageData are faster with the willReadFrequently attribute set to true. See: https://html.spec.whatwg.org/multipage/canvas.html#concept-canvas-will-read-frequently @ webpack-internal:///(app-pages-browser)/./src/components/dice/DiceMesh.ts:191
[49855500ms] [WARNING] Canvas2D: Multiple readback operations using getImageData are faster with the willReadFrequently attribute set to true. See: https://html.spec.whatwg.org/multipage/canvas.html#concept-canvas-will-read-frequently @ webpack-internal:///(app-pages-browser)/./src/components/dice/DiceMesh.ts:191
[49855534ms] [WARNING] Canvas2D: Multiple readback operations using getImageData are faster with the willReadFrequently attribute set to true. See: https://html.spec.whatwg.org/multipage/canvas.html#concept-canvas-will-read-frequently @ webpack-internal:///(app-pages-browser)/./src/components/dice/DiceMesh.ts:191
[49855567ms] [WARNING] Canvas2D: Multiple readback operations using getImageData are faster with the willReadFrequently attribute set to true. See: https://html.spec.whatwg.org/multipage/canvas.html#concept-canvas-will-read-frequently @ webpack-internal:///(app-pages-browser)/./src/components/dice/DiceMesh.ts:191
[49855600ms] [WARNING] Canvas2D: Multiple readback operations using getImageData are faster with the willReadFrequently attribute set to true. See: https://html.spec.whatwg.org/multipage/canvas.html#concept-canvas-will-read-frequently @ webpack-internal:///(app-pages-browser)/./src/components/dice/DiceMesh.ts:191
[49855634ms] [WARNING] Canvas2D: Multiple readback operations using getImageData are faster with the willReadFrequently attribute set to true. See: https://html.spec.whatwg.org/multipage/canvas.html#concept-canvas-will-read-frequently @ webpack-internal:///(app-pages-browser)/./src/components/dice/DiceMesh.ts:191
[49855667ms] [WARNING] Canvas2D: Multiple readback operations using getImageData are faster with the willReadFrequently attribute set to true. See: https://html.spec.whatwg.org/multipage/canvas.html#concept-canvas-will-read-frequently @ webpack-internal:///(app-pages-browser)/./src/components/dice/DiceMesh.ts:191
[49855700ms] [WARNING] Canvas2D: Multiple readback operations using getImageData are faster with the willReadFrequently attribute set to true. See: https://html.spec.whatwg.org/multipage/canvas.html#concept-canvas-will-read-frequently @ webpack-internal:///(app-pages-browser)/./src/components/dice/DiceMesh.ts:191
[49855734ms] [WARNING] Canvas2D: Multiple readback operations using getImageData are faster with the willReadFrequently attribute set to true. See: https://html.spec.whatwg.org/multipage/canvas.html#concept-canvas-will-read-frequently @ webpack-internal:///(app-pages-browser)/./src/components/dice/DiceMesh.ts:191
[49855750ms] [WARNING] Canvas2D: Multiple readback operations using getImageData are faster with the willReadFrequently attribute set to true. See: https://html.spec.whatwg.org/multipage/canvas.html#concept-canvas-will-read-frequently @ webpack-internal:///(app-pages-browser)/./src/components/dice/DiceMesh.ts:191
[49855784ms] [WARNING] Canvas2D: Multiple readback operations using getImageData are faster with the willReadFrequently attribute set to true. See: https://html.spec.whatwg.org/multipage/canvas.html#concept-canvas-will-read-frequently @ webpack-internal:///(app-pages-browser)/./src/components/dice/DiceMesh.ts:191
[49855817ms] [WARNING] Canvas2D: Multiple readback operations using getImageData are faster with the willReadFrequently attribute set to true. See: https://html.spec.whatwg.org/multipage/canvas.html#concept-canvas-will-read-frequently @ webpack-internal:///(app-pages-browser)/./src/components/dice/DiceMesh.ts:191
[49855834ms] [WARNING] Canvas2D: Multiple readback operations using getImageData are faster with the willReadFrequently attribute set to true. See: https://html.spec.whatwg.org/multipage/canvas.html#concept-canvas-will-read-frequently @ webpack-internal:///(app-pages-browser)/./src/components/dice/DiceMesh.ts:191
[49855867ms] [WARNING] Canvas2D: Multiple readback operations using getImageData are faster with the willReadFrequently attribute set to true. See: https://html.spec.whatwg.org/multipage/canvas.html#concept-canvas-will-read-frequently @ webpack-internal:///(app-pages-browser)/./src/components/dice/DiceMesh.ts:191
[49855900ms] [WARNING] Canvas2D: Multiple readback operations using getImageData are faster with the willReadFrequently attribute set to true. See: https://html.spec.whatwg.org/multipage/canvas.html#concept-canvas-will-read-frequently @ webpack-internal:///(app-pages-browser)/./src/components/dice/DiceMesh.ts:191
[49855934ms] [WARNING] Canvas2D: Multiple readback operations using getImageData are faster with the willReadFrequently attribute set to true. See: https://html.spec.whatwg.org/multipage/canvas.html#concept-canvas-will-read-frequently @ webpack-internal:///(app-pages-browser)/./src/components/dice/DiceMesh.ts:191
[49855967ms] [WARNING] Canvas2D: Multiple readback operations using getImageData are faster with the willReadFrequently attribute set to true. See: https://html.spec.whatwg.org/multipage/canvas.html#concept-canvas-will-read-frequently @ webpack-internal:///(app-pages-browser)/./src/components/dice/DiceMesh.ts:191
[49856001ms] [WARNING] Canvas2D: Multiple readback operations using getImageData are faster with the willReadFrequently attribute set to true. See: https://html.spec.whatwg.org/multipage/canvas.html#concept-canvas-will-read-frequently @ webpack-internal:///(app-pages-browser)/./src/components/dice/DiceMesh.ts:191
[49856017ms] [WARNING] Canvas2D: Multiple readback operations using getImageData are faster with the willReadFrequently attribute set to true. See: https://html.spec.whatwg.org/multipage/canvas.html#concept-canvas-will-read-frequently @ webpack-internal:///(app-pages-browser)/./src/components/dice/DiceMesh.ts:191
[49856051ms] [WARNING] Canvas2D: Multiple readback operations using getImageData are faster with the willReadFrequently attribute set to true. See: https://html.spec.whatwg.org/multipage/canvas.html#concept-canvas-will-read-frequently @ webpack-internal:///(app-pages-browser)/./src/components/dice/DiceMesh.ts:191
[49856084ms] [WARNING] Canvas2D: Multiple readback operations using getImageData are faster with the willReadFrequently attribute set to true. See: https://html.spec.whatwg.org/multipage/canvas.html#concept-canvas-will-read-frequently @ webpack-internal:///(app-pages-browser)/./src/components/dice/DiceMesh.ts:191
[49856117ms] [WARNING] Canvas2D: Multiple readback operations using getImageData are faster with the willReadFrequently attribute set to true. See: https://html.spec.whatwg.org/multipage/canvas.html#concept-canvas-will-read-frequently @ webpack-internal:///(app-pages-browser)/./src/components/dice/DiceMesh.ts:191
[49856150ms] [WARNING] Canvas2D: Multiple readback operations using getImageData are faster with the willReadFrequently attribute set to true. See: https://html.spec.whatwg.org/multipage/canvas.html#concept-canvas-will-read-frequently @ webpack-internal:///(app-pages-browser)/./src/components/dice/DiceMesh.ts:191
[49856184ms] [WARNING] Canvas2D: Multiple readback operations using getImageData are faster with the willReadFrequently attribute set to true. See: https://html.spec.whatwg.org/multipage/canvas.html#concept-canvas-will-read-frequently @ webpack-internal:///(app-pages-browser)/./src/components/dice/DiceMesh.ts:191
[49856217ms] [WARNING] Canvas2D: Multiple readback operations using getImageData are faster with the willReadFrequently attribute set to true. See: https://html.spec.whatwg.org/multipage/canvas.html#concept-canvas-will-read-frequently @ webpack-internal:///(app-pages-browser)/./src/components/dice/DiceMesh.ts:191
[49856234ms] [WARNING] Canvas2D: Multiple readback operations using getImageData are faster with the willReadFrequently attribute set to true. See: https://html.spec.whatwg.org/multipage/canvas.html#concept-canvas-will-read-frequently @ webpack-internal:///(app-pages-browser)/./src/components/dice/DiceMesh.ts:191
[49856267ms] [WARNING] Canvas2D: Multiple readback operations using getImageData are faster with the willReadFrequently attribute set to true. See: https://html.spec.whatwg.org/multipage/canvas.html#concept-canvas-will-read-frequently @ webpack-internal:///(app-pages-browser)/./src/components/dice/DiceMesh.ts:191
[49856300ms] [WARNING] Canvas2D: Multiple readback operations using getImageData are faster with the willReadFrequently attribute set to true. See: https://html.spec.whatwg.org/multipage/canvas.html#concept-canvas-will-read-frequently @ webpack-internal:///(app-pages-browser)/./src/components/dice/DiceMesh.ts:191
[49856317ms] [WARNING] Canvas2D: Multiple readback operations using getImageData are faster with the willReadFrequently attribute set to true. See: https://html.spec.whatwg.org/multipage/canvas.html#concept-canvas-will-read-frequently @ webpack-internal:///(app-pages-browser)/./src/components/dice/DiceMesh.ts:191
[49856351ms] [WARNING] Canvas2D: Multiple readback operations using getImageData are faster with the willReadFrequently attribute set to true. See: https://html.spec.whatwg.org/multipage/canvas.html#concept-canvas-will-read-frequently @ webpack-internal:///(app-pages-browser)/./src/components/dice/DiceMesh.ts:191
[49856384ms] [WARNING] Canvas2D: Multiple readback operations using getImageData are faster with the willReadFrequently attribute set to true. See: https://html.spec.whatwg.org/multipage/canvas.html#concept-canvas-will-read-frequently @ webpack-internal:///(app-pages-browser)/./src/components/dice/DiceMesh.ts:191
[49856418ms] [WARNING] Canvas2D: Multiple readback operations using getImageData are faster with the willReadFrequently attribute set to true. See: https://html.spec.whatwg.org/multipage/canvas.html#concept-canvas-will-read-frequently @ webpack-internal:///(app-pages-browser)/./src/components/dice/DiceMesh.ts:191
[49856452ms] [WARNING] Canvas2D: Multiple readback operations using getImageData are faster with the willReadFrequently attribute set to true. See: https://html.spec.whatwg.org/multipage/canvas.html#concept-canvas-will-read-frequently @ webpack-internal:///(app-pages-browser)/./src/components/dice/DiceMesh.ts:191
[49856484ms] [WARNING] Canvas2D: Multiple readback operations using getImageData are faster with the willReadFrequently attribute set to true. See: https://html.spec.whatwg.org/multipage/canvas.html#concept-canvas-will-read-frequently @ webpack-internal:///(app-pages-browser)/./src/components/dice/DiceMesh.ts:191
[49856518ms] [WARNING] Canvas2D: Multiple readback operations using getImageData are faster with the willReadFrequently attribute set to true. See: https://html.spec.whatwg.org/multipage/canvas.html#concept-canvas-will-read-frequently @ webpack-internal:///(app-pages-browser)/./src/components/dice/DiceMesh.ts:191
[49856551ms] [WARNING] Canvas2D: Multiple readback operations using getImageData are faster with the willReadFrequently attribute set to true. See: https://html.spec.whatwg.org/multipage/canvas.html#concept-canvas-will-read-frequently @ webpack-internal:///(app-pages-browser)/./src/components/dice/DiceMesh.ts:191
[49856584ms] [WARNING] Canvas2D: Multiple readback operations using getImageData are faster with the willReadFrequently attribute set to true. See: https://html.spec.whatwg.org/multipage/canvas.html#concept-canvas-will-read-frequently @ webpack-internal:///(app-pages-browser)/./src/components/dice/DiceMesh.ts:191
[49856618ms] [WARNING] Canvas2D: Multiple readback operations using getImageData are faster with the willReadFrequently attribute set to true. See: https://html.spec.whatwg.org/multipage/canvas.html#concept-canvas-will-read-frequently @ webpack-internal:///(app-pages-browser)/./src/components/dice/DiceMesh.ts:191
[49856651ms] [WARNING] Canvas2D: Multiple readback operations using getImageData are faster with the willReadFrequently attribute set to true. See: https://html.spec.whatwg.org/multipage/canvas.html#concept-canvas-will-read-frequently @ webpack-internal:///(app-pages-browser)/./src/components/dice/DiceMesh.ts:191
[49856684ms] [WARNING] Canvas2D: Multiple readback operations using getImageData are faster with the willReadFrequently attribute set to true. See: https://html.spec.whatwg.org/multipage/canvas.html#concept-canvas-will-read-frequently @ webpack-internal:///(app-pages-browser)/./src/components/dice/DiceMesh.ts:191
[49856718ms] [WARNING] Canvas2D: Multiple readback operations using getImageData are faster with the willReadFrequently attribute set to true. See: https://html.spec.whatwg.org/multipage/canvas.html#concept-canvas-will-read-frequently @ webpack-internal:///(app-pages-browser)/./src/components/dice/DiceMesh.ts:191
[49856751ms] [WARNING] Canvas2D: Multiple readback operations using getImageData are faster with the willReadFrequently attribute set to true. See: https://html.spec.whatwg.org/multipage/canvas.html#concept-canvas-will-read-frequently @ webpack-internal:///(app-pages-browser)/./src/components/dice/DiceMesh.ts:191
[49856785ms] [WARNING] Canvas2D: Multiple readback operations using getImageData are faster with the willReadFrequently attribute set to true. See: https://html.spec.whatwg.org/multipage/canvas.html#concept-canvas-will-read-frequently @ webpack-internal:///(app-pages-browser)/./src/components/dice/DiceMesh.ts:191
[49856818ms] [WARNING] Canvas2D: Multiple readback operations using getImageData are faster with the willReadFrequently attribute set to true. See: https://html.spec.whatwg.org/multipage/canvas.html#concept-canvas-will-read-frequently @ webpack-internal:///(app-pages-browser)/./src/components/dice/DiceMesh.ts:191
[49856851ms] [WARNING] Canvas2D: Multiple readback operations using getImageData are faster with the willReadFrequently attribute set to true. See: https://html.spec.whatwg.org/multipage/canvas.html#concept-canvas-will-read-frequently @ webpack-internal:///(app-pages-browser)/./src/components/dice/DiceMesh.ts:191
[49856884ms] [WARNING] Canvas2D: Multiple readback operations using getImageData are faster with the willReadFrequently attribute set to true. See: https://html.spec.whatwg.org/multipage/canvas.html#concept-canvas-will-read-frequently @ webpack-internal:///(app-pages-browser)/./src/components/dice/DiceMesh.ts:191
[49856918ms] [WARNING] Canvas2D: Multiple readback operations using getImageData are faster with the willReadFrequently attribute set to true. See: https://html.spec.whatwg.org/multipage/canvas.html#concept-canvas-will-read-frequently @ webpack-internal:///(app-pages-browser)/./src/components/dice/DiceMesh.ts:191
[49856952ms] [WARNING] Canvas2D: Multiple readback operations using getImageData are faster with the willReadFrequently attribute set to true. See: https://html.spec.whatwg.org/multipage/canvas.html#concept-canvas-will-read-frequently @ webpack-internal:///(app-pages-browser)/./src/components/dice/DiceMesh.ts:191
[50081299ms] [LOG] [Fast Refresh] rebuilding @ webpack-internal:///(app-pages-browser)/./node_modules/next/dist/next-devtools/shared/forward-logs-shared.js:27
[50082165ms] [LOG] [Fast Refresh] rebuilding @ webpack-internal:///(app-pages-browser)/./node_modules/next/dist/next-devtools/shared/forward-logs-shared.js:27
[50082300ms] [LOG] [Fast Refresh] done in 134ms @ webpack-internal:///(app-pages-browser)/./node_modules/next/dist/next-devtools/shared/forward-logs-shared.js:27
[50082634ms] [LOG] [Fast Refresh] done in 469ms @ webpack-internal:///(app-pages-browser)/./node_modules/next/dist/next-devtools/shared/forward-logs-shared.js:27
[51764680ms] [LOG] [Fast Refresh] rebuilding @ webpack-internal:///(app-pages-browser)/./node_modules/next/dist/next-devtools/shared/forward-logs-shared.js:27
[51765570ms] [LOG] [Fast Refresh] done in 890ms @ webpack-internal:///(app-pages-browser)/./node_modules/next/dist/next-devtools/shared/forward-logs-shared.js:27
[51796768ms] [LOG] [Fast Refresh] rebuilding @ webpack-internal:///(app-pages-browser)/./node_modules/next/dist/next-devtools/shared/forward-logs-shared.js:27
[51798358ms] [LOG] [Fast Refresh] done in 1590ms @ webpack-internal:///(app-pages-browser)/./node_modules/next/dist/next-devtools/shared/forward-logs-shared.js:27
[51803719ms] [INFO] %cDownload the React DevTools for a better development experience: https://react.dev/link/react-devtools font-weight:bold @ webpack-internal:///(app-pages-browser)/./node_modules/next/dist/next-devtools/shared/forward-logs-shared.js:27
[51803786ms] [LOG] [HMR] connected @ webpack-internal:///(app-pages-browser)/./node_modules/next/dist/next-devtools/shared/forward-logs-shared.js:27
[51804481ms] [WARNING] Canvas2D: Multiple readback operations using getImageData are faster with the willReadFrequently attribute set to true. See: https://html.spec.whatwg.org/multipage/canvas.html#concept-canvas-will-read-frequently @ webpack-internal:///(app-pages-browser)/./src/components/dice/DiceMesh.ts:191
[51804544ms] [WARNING] Canvas2D: Multiple readback operations using getImageData are faster with the willReadFrequently attribute set to true. See: https://html.spec.whatwg.org/multipage/canvas.html#concept-canvas-will-read-frequently @ webpack-internal:///(app-pages-browser)/./src/components/dice/DiceMesh.ts:191
[51804594ms] [WARNING] Canvas2D: Multiple readback operations using getImageData are faster with the willReadFrequently attribute set to true. See: https://html.spec.whatwg.org/multipage/canvas.html#concept-canvas-will-read-frequently @ webpack-internal:///(app-pages-browser)/./src/components/dice/DiceMesh.ts:191
[51804627ms] [WARNING] Canvas2D: Multiple readback operations using getImageData are faster with the willReadFrequently attribute set to true. See: https://html.spec.whatwg.org/multipage/canvas.html#concept-canvas-will-read-frequently @ webpack-internal:///(app-pages-browser)/./src/components/dice/DiceMesh.ts:191
[51804677ms] [WARNING] Canvas2D: Multiple readback operations using getImageData are faster with the willReadFrequently attribute set to true. See: https://html.spec.whatwg.org/multipage/canvas.html#concept-canvas-will-read-frequently @ webpack-internal:///(app-pages-browser)/./src/components/dice/DiceMesh.ts:191
[51804727ms] [WARNING] Canvas2D: Multiple readback operations using getImageData are faster with the willReadFrequently attribute set to true. See: https://html.spec.whatwg.org/multipage/canvas.html#concept-canvas-will-read-frequently @ webpack-internal:///(app-pages-browser)/./src/components/dice/DiceMesh.ts:191
[51804761ms] [WARNING] Canvas2D: Multiple readback operations using getImageData are faster with the willReadFrequently attribute set to true. See: https://html.spec.whatwg.org/multipage/canvas.html#concept-canvas-will-read-frequently @ webpack-internal:///(app-pages-browser)/./src/components/dice/DiceMesh.ts:191
[51804811ms] [WARNING] Canvas2D: Multiple readback operations using getImageData are faster with the willReadFrequently attribute set to true. See: https://html.spec.whatwg.org/multipage/canvas.html#concept-canvas-will-read-frequently @ webpack-internal:///(app-pages-browser)/./src/components/dice/DiceMesh.ts:191
[51804844ms] [WARNING] Canvas2D: Multiple readback operations using getImageData are faster with the willReadFrequently attribute set to true. See: https://html.spec.whatwg.org/multipage/canvas.html#concept-canvas-will-read-frequently @ webpack-internal:///(app-pages-browser)/./src/components/dice/DiceMesh.ts:191
[51804894ms] [WARNING] Canvas2D: Multiple readback operations using getImageData are faster with the willReadFrequently attribute set to true. See: https://html.spec.whatwg.org/multipage/canvas.html#concept-canvas-will-read-frequently @ webpack-internal:///(app-pages-browser)/./src/components/dice/DiceMesh.ts:191
[51804944ms] [WARNING] Canvas2D: Multiple readback operations using getImageData are faster with the willReadFrequently attribute set to true. See: https://html.spec.whatwg.org/multipage/canvas.html#concept-canvas-will-read-frequently @ webpack-internal:///(app-pages-browser)/./src/components/dice/DiceMesh.ts:191
[51804995ms] [WARNING] Canvas2D: Multiple readback operations using getImageData are faster with the willReadFrequently attribute set to true. See: https://html.spec.whatwg.org/multipage/canvas.html#concept-canvas-will-read-frequently @ webpack-internal:///(app-pages-browser)/./src/components/dice/DiceMesh.ts:191
[51805029ms] [WARNING] Canvas2D: Multiple readback operations using getImageData are faster with the willReadFrequently attribute set to true. See: https://html.spec.whatwg.org/multipage/canvas.html#concept-canvas-will-read-frequently @ webpack-internal:///(app-pages-browser)/./src/components/dice/DiceMesh.ts:191
[51805061ms] [WARNING] Canvas2D: Multiple readback operations using getImageData are faster with the willReadFrequently attribute set to true. See: https://html.spec.whatwg.org/multipage/canvas.html#concept-canvas-will-read-frequently @ webpack-internal:///(app-pages-browser)/./src/components/dice/DiceMesh.ts:191
[51805095ms] [WARNING] Canvas2D: Multiple readback operations using getImageData are faster with the willReadFrequently attribute set to true. See: https://html.spec.whatwg.org/multipage/canvas.html#concept-canvas-will-read-frequently @ webpack-internal:///(app-pages-browser)/./src/components/dice/DiceMesh.ts:191
[51805128ms] [WARNING] Canvas2D: Multiple readback operations using getImageData are faster with the willReadFrequently attribute set to true. See: https://html.spec.whatwg.org/multipage/canvas.html#concept-canvas-will-read-frequently @ webpack-internal:///(app-pages-browser)/./src/components/dice/DiceMesh.ts:191
[51805178ms] [WARNING] Canvas2D: Multiple readback operations using getImageData are faster with the willReadFrequently attribute set to true. See: https://html.spec.whatwg.org/multipage/canvas.html#concept-canvas-will-read-frequently @ webpack-internal:///(app-pages-browser)/./src/components/dice/DiceMesh.ts:191
[51805212ms] [WARNING] Canvas2D: Multiple readback operations using getImageData are faster with the willReadFrequently attribute set to true. See: https://html.spec.whatwg.org/multipage/canvas.html#concept-canvas-will-read-frequently @ webpack-internal:///(app-pages-browser)/./src/components/dice/DiceMesh.ts:191
[51805245ms] [WARNING] Canvas2D: Multiple readback operations using getImageData are faster with the willReadFrequently attribute set to true. See: https://html.spec.whatwg.org/multipage/canvas.html#concept-canvas-will-read-frequently @ webpack-internal:///(app-pages-browser)/./src/components/dice/DiceMesh.ts:191
[51805295ms] [WARNING] Canvas2D: Multiple readback operations using getImageData are faster with the willReadFrequently attribute set to true. See: https://html.spec.whatwg.org/multipage/canvas.html#concept-canvas-will-read-frequently @ webpack-internal:///(app-pages-browser)/./src/components/dice/DiceMesh.ts:191
[51805328ms] [WARNING] Canvas2D: Multiple readback operations using getImageData are faster with the willReadFrequently attribute set to true. See: https://html.spec.whatwg.org/multipage/canvas.html#concept-canvas-will-read-frequently @ webpack-internal:///(app-pages-browser)/./src/components/dice/DiceMesh.ts:191
[51805364ms] [WARNING] Canvas2D: Multiple readback operations using getImageData are faster with the willReadFrequently attribute set to true. See: https://html.spec.whatwg.org/multipage/canvas.html#concept-canvas-will-read-frequently @ webpack-internal:///(app-pages-browser)/./src/components/dice/DiceMesh.ts:191
[51805412ms] [WARNING] Canvas2D: Multiple readback operations using getImageData are faster with the willReadFrequently attribute set to true. See: https://html.spec.whatwg.org/multipage/canvas.html#concept-canvas-will-read-frequently @ webpack-internal:///(app-pages-browser)/./src/components/dice/DiceMesh.ts:191
[51805446ms] [WARNING] Canvas2D: Multiple readback operations using getImageData are faster with the willReadFrequently attribute set to true. See: https://html.spec.whatwg.org/multipage/canvas.html#concept-canvas-will-read-frequently @ webpack-internal:///(app-pages-browser)/./src/components/dice/DiceMesh.ts:191
[51805478ms] [WARNING] Canvas2D: Multiple readback operations using getImageData are faster with the willReadFrequently attribute set to true. See: https://html.spec.whatwg.org/multipage/canvas.html#concept-canvas-will-read-frequently @ webpack-internal:///(app-pages-browser)/./src/components/dice/DiceMesh.ts:191
[51805529ms] [WARNING] Canvas2D: Multiple readback operations using getImageData are faster with the willReadFrequently attribute set to true. See: https://html.spec.whatwg.org/multipage/canvas.html#concept-canvas-will-read-frequently @ webpack-internal:///(app-pages-browser)/./src/components/dice/DiceMesh.ts:191
[51805564ms] [WARNING] Canvas2D: Multiple readback operations using getImageData are faster with the willReadFrequently attribute set to true. See: https://html.spec.whatwg.org/multipage/canvas.html#concept-canvas-will-read-frequently @ webpack-internal:///(app-pages-browser)/./src/components/dice/DiceMesh.ts:191
[51805595ms] [WARNING] Canvas2D: Multiple readback operations using getImageData are faster with the willReadFrequently attribute set to true. See: https://html.spec.whatwg.org/multipage/canvas.html#concept-canvas-will-read-frequently @ webpack-internal:///(app-pages-browser)/./src/components/dice/DiceMesh.ts:191
[51805645ms] [WARNING] Canvas2D: Multiple readback operations using getImageData are faster with the willReadFrequently attribute set to true. See: https://html.spec.whatwg.org/multipage/canvas.html#concept-canvas-will-read-frequently @ webpack-internal:///(app-pages-browser)/./src/components/dice/DiceMesh.ts:191
[51805678ms] [WARNING] Canvas2D: Multiple readback operations using getImageData are faster with the willReadFrequently attribute set to true. See: https://html.spec.whatwg.org/multipage/canvas.html#concept-canvas-will-read-frequently @ webpack-internal:///(app-pages-browser)/./src/components/dice/DiceMesh.ts:191
[51805712ms] [WARNING] Canvas2D: Multiple readback operations using getImageData are faster with the willReadFrequently attribute set to true. See: https://html.spec.whatwg.org/multipage/canvas.html#concept-canvas-will-read-frequently @ webpack-internal:///(app-pages-browser)/./src/components/dice/DiceMesh.ts:191
[51805765ms] [WARNING] Canvas2D: Multiple readback operations using getImageData are faster with the willReadFrequently attribute set to true. See: https://html.spec.whatwg.org/multipage/canvas.html#concept-canvas-will-read-frequently @ webpack-internal:///(app-pages-browser)/./src/components/dice/DiceMesh.ts:191
[51805795ms] [WARNING] Canvas2D: Multiple readback operations using getImageData are faster with the willReadFrequently attribute set to true. See: https://html.spec.whatwg.org/multipage/canvas.html#concept-canvas-will-read-frequently @ webpack-internal:///(app-pages-browser)/./src/components/dice/DiceMesh.ts:191
[51805829ms] [WARNING] Canvas2D: Multiple readback operations using getImageData are faster with the willReadFrequently attribute set to true. See: https://html.spec.whatwg.org/multipage/canvas.html#concept-canvas-will-read-frequently @ webpack-internal:///(app-pages-browser)/./src/components/dice/DiceMesh.ts:191
[51805879ms] [WARNING] Canvas2D: Multiple readback operations using getImageData are faster with the willReadFrequently attribute set to true. See: https://html.spec.whatwg.org/multipage/canvas.html#concept-canvas-will-read-frequently @ webpack-internal:///(app-pages-browser)/./src/components/dice/DiceMesh.ts:191
[51805912ms] [WARNING] Canvas2D: Multiple readback operations using getImageData are faster with the willReadFrequently attribute set to true. See: https://html.spec.whatwg.org/multipage/canvas.html#concept-canvas-will-read-frequently @ webpack-internal:///(app-pages-browser)/./src/components/dice/DiceMesh.ts:191
[51805969ms] [WARNING] Canvas2D: Multiple readback operations using getImageData are faster with the willReadFrequently attribute set to true. See: https://html.spec.whatwg.org/multipage/canvas.html#concept-canvas-will-read-frequently @ webpack-internal:///(app-pages-browser)/./src/components/dice/DiceMesh.ts:191
[51805984ms] [WARNING] Canvas2D: Multiple readback operations using getImageData are faster with the willReadFrequently attribute set to true. See: https://html.spec.whatwg.org/multipage/canvas.html#concept-canvas-will-read-frequently @ webpack-internal:///(app-pages-browser)/./src/components/dice/DiceMesh.ts:191
[51806013ms] [WARNING] Canvas2D: Multiple readback operations using getImageData are faster with the willReadFrequently attribute set to true. See: https://html.spec.whatwg.org/multipage/canvas.html#concept-canvas-will-read-frequently @ webpack-internal:///(app-pages-browser)/./src/components/dice/DiceMesh.ts:191
[51806049ms] [WARNING] Canvas2D: Multiple readback operations using getImageData are faster with the willReadFrequently attribute set to true. See: https://html.spec.whatwg.org/multipage/canvas.html#concept-canvas-will-read-frequently @ webpack-internal:///(app-pages-browser)/./src/components/dice/DiceMesh.ts:191
[51806085ms] [WARNING] Canvas2D: Multiple readback operations using getImageData are faster with the willReadFrequently attribute set to true. See: https://html.spec.whatwg.org/multipage/canvas.html#concept-canvas-will-read-frequently @ webpack-internal:///(app-pages-browser)/./src/components/dice/DiceMesh.ts:191
[51806114ms] [WARNING] Canvas2D: Multiple readback operations using getImageData are faster with the willReadFrequently attribute set to true. See: https://html.spec.whatwg.org/multipage/canvas.html#concept-canvas-will-read-frequently @ webpack-internal:///(app-pages-browser)/./src/components/dice/DiceMesh.ts:191
[51806145ms] [WARNING] Canvas2D: Multiple readback operations using getImageData are faster with the willReadFrequently attribute set to true. See: https://html.spec.whatwg.org/multipage/canvas.html#concept-canvas-will-read-frequently @ webpack-internal:///(app-pages-browser)/./src/components/dice/DiceMesh.ts:191
[51806178ms] [WARNING] Canvas2D: Multiple readback operations using getImageData are faster with the willReadFrequently attribute set to true. See: https://html.spec.whatwg.org/multipage/canvas.html#concept-canvas-will-read-frequently @ webpack-internal:///(app-pages-browser)/./src/components/dice/DiceMesh.ts:191
[51806211ms] [WARNING] Canvas2D: Multiple readback operations using getImageData are faster with the willReadFrequently attribute set to true. See: https://html.spec.whatwg.org/multipage/canvas.html#concept-canvas-will-read-frequently @ webpack-internal:///(app-pages-browser)/./src/components/dice/DiceMesh.ts:191
[51806244ms] [WARNING] Canvas2D: Multiple readback operations using getImageData are faster with the willReadFrequently attribute set to true. See: https://html.spec.whatwg.org/multipage/canvas.html#concept-canvas-will-read-frequently @ webpack-internal:///(app-pages-browser)/./src/components/dice/DiceMesh.ts:191
[51806278ms] [WARNING] Canvas2D: Multiple readback operations using getImageData are faster with the willReadFrequently attribute set to true. See: https://html.spec.whatwg.org/multipage/canvas.html#concept-canvas-will-read-frequently @ webpack-internal:///(app-pages-browser)/./src/components/dice/DiceMesh.ts:191
[51806311ms] [WARNING] Canvas2D: Multiple readback operations using getImageData are faster with the willReadFrequently attribute set to true. See: https://html.spec.whatwg.org/multipage/canvas.html#concept-canvas-will-read-frequently @ webpack-internal:///(app-pages-browser)/./src/components/dice/DiceMesh.ts:191
[51806344ms] [WARNING] Canvas2D: Multiple readback operations using getImageData are faster with the willReadFrequently attribute set to true. See: https://html.spec.whatwg.org/multipage/canvas.html#concept-canvas-will-read-frequently @ webpack-internal:///(app-pages-browser)/./src/components/dice/DiceMesh.ts:191
[51806378ms] [WARNING] Canvas2D: Multiple readback operations using getImageData are faster with the willReadFrequently attribute set to true. See: https://html.spec.whatwg.org/multipage/canvas.html#concept-canvas-will-read-frequently @ webpack-internal:///(app-pages-browser)/./src/components/dice/DiceMesh.ts:191
[51806411ms] [WARNING] Canvas2D: Multiple readback operations using getImageData are faster with the willReadFrequently attribute set to true. See: https://html.spec.whatwg.org/multipage/canvas.html#concept-canvas-will-read-frequently @ webpack-internal:///(app-pages-browser)/./src/components/dice/DiceMesh.ts:191
[51806445ms] [WARNING] Canvas2D: Multiple readback operations using getImageData are faster with the willReadFrequently attribute set to true. See: https://html.spec.whatwg.org/multipage/canvas.html#concept-canvas-will-read-frequently @ webpack-internal:///(app-pages-browser)/./src/components/dice/DiceMesh.ts:191
[51806478ms] [WARNING] Canvas2D: Multiple readback operations using getImageData are faster with the willReadFrequently attribute set to true. See: https://html.spec.whatwg.org/multipage/canvas.html#concept-canvas-will-read-frequently @ webpack-internal:///(app-pages-browser)/./src/components/dice/DiceMesh.ts:191
[51806511ms] [WARNING] Canvas2D: Multiple readback operations using getImageData are faster with the willReadFrequently attribute set to true. See: https://html.spec.whatwg.org/multipage/canvas.html#concept-canvas-will-read-frequently @ webpack-internal:///(app-pages-browser)/./src/components/dice/DiceMesh.ts:191
[51806544ms] [WARNING] Canvas2D: Multiple readback operations using getImageData are faster with the willReadFrequently attribute set to true. See: https://html.spec.whatwg.org/multipage/canvas.html#concept-canvas-will-read-frequently @ webpack-internal:///(app-pages-browser)/./src/components/dice/DiceMesh.ts:191
[51806578ms] [WARNING] Canvas2D: Multiple readback operations using getImageData are faster with the willReadFrequently attribute set to true. See: https://html.spec.whatwg.org/multipage/canvas.html#concept-canvas-will-read-frequently @ webpack-internal:///(app-pages-browser)/./src/components/dice/DiceMesh.ts:191
[51806611ms] [WARNING] Canvas2D: Multiple readback operations using getImageData are faster with the willReadFrequently attribute set to true. See: https://html.spec.whatwg.org/multipage/canvas.html#concept-canvas-will-read-frequently @ webpack-internal:///(app-pages-browser)/./src/components/dice/DiceMesh.ts:191
[51806645ms] [WARNING] Canvas2D: Multiple readback operations using getImageData are faster with the willReadFrequently attribute set to true. See: https://html.spec.whatwg.org/multipage/canvas.html#concept-canvas-will-read-frequently @ webpack-internal:///(app-pages-browser)/./src/components/dice/DiceMesh.ts:191
[51806678ms] [WARNING] Canvas2D: Multiple readback operations using getImageData are faster with the willReadFrequently attribute set to true. See: https://html.spec.whatwg.org/multipage/canvas.html#concept-canvas-will-read-frequently @ webpack-internal:///(app-pages-browser)/./src/components/dice/DiceMesh.ts:191
[51806711ms] [WARNING] Canvas2D: Multiple readback operations using getImageData are faster with the willReadFrequently attribute set to true. See: https://html.spec.whatwg.org/multipage/canvas.html#concept-canvas-will-read-frequently @ webpack-internal:///(app-pages-browser)/./src/components/dice/DiceMesh.ts:191
[51806744ms] [WARNING] Canvas2D: Multiple readback operations using getImageData are faster with the willReadFrequently attribute set to true. See: https://html.spec.whatwg.org/multipage/canvas.html#concept-canvas-will-read-frequently @ webpack-internal:///(app-pages-browser)/./src/components/dice/DiceMesh.ts:191
[51806778ms] [WARNING] Canvas2D: Multiple readback operations using getImageData are faster with the willReadFrequently attribute set to true. See: https://html.spec.whatwg.org/multipage/canvas.html#concept-canvas-will-read-frequently @ webpack-internal:///(app-pages-browser)/./src/components/dice/DiceMesh.ts:191
[51806811ms] [WARNING] Canvas2D: Multiple readback operations using getImageData are faster with the willReadFrequently attribute set to true. See: https://html.spec.whatwg.org/multipage/canvas.html#concept-canvas-will-read-frequently @ webpack-internal:///(app-pages-browser)/./src/components/dice/DiceMesh.ts:191
[51806845ms] [WARNING] Canvas2D: Multiple readback operations using getImageData are faster with the willReadFrequently attribute set to true. See: https://html.spec.whatwg.org/multipage/canvas.html#concept-canvas-will-read-frequently @ webpack-internal:///(app-pages-browser)/./src/components/dice/DiceMesh.ts:191
[51806878ms] [WARNING] Canvas2D: Multiple readback operations using getImageData are faster with the willReadFrequently attribute set to true. See: https://html.spec.whatwg.org/multipage/canvas.html#concept-canvas-will-read-frequently @ webpack-internal:///(app-pages-browser)/./src/components/dice/DiceMesh.ts:191
[51806911ms] [WARNING] Canvas2D: Multiple readback operations using getImageData are faster with the willReadFrequently attribute set to true. See: https://html.spec.whatwg.org/multipage/canvas.html#concept-canvas-will-read-frequently @ webpack-internal:///(app-pages-browser)/./src/components/dice/DiceMesh.ts:191
[51806945ms] [WARNING] Canvas2D: Multiple readback operations using getImageData are faster with the willReadFrequently attribute set to true. See: https://html.spec.whatwg.org/multipage/canvas.html#concept-canvas-will-read-frequently @ webpack-internal:///(app-pages-browser)/./src/components/dice/DiceMesh.ts:191
[51806978ms] [WARNING] Canvas2D: Multiple readback operations using getImageData are faster with the willReadFrequently attribute set to true. See: https://html.spec.whatwg.org/multipage/canvas.html#concept-canvas-will-read-frequently @ webpack-internal:///(app-pages-browser)/./src/components/dice/DiceMesh.ts:191
[51807011ms] [WARNING] Canvas2D: Multiple readback operations using getImageData are faster with the willReadFrequently attribute set to true. See: https://html.spec.whatwg.org/multipage/canvas.html#concept-canvas-will-read-frequently @ webpack-internal:///(app-pages-browser)/./src/components/dice/DiceMesh.ts:191
[51807045ms] [WARNING] Canvas2D: Multiple readback operations using getImageData are faster with the willReadFrequently attribute set to true. See: https://html.spec.whatwg.org/multipage/canvas.html#concept-canvas-will-read-frequently @ webpack-internal:///(app-pages-browser)/./src/components/dice/DiceMesh.ts:191
[51807078ms] [WARNING] Canvas2D: Multiple readback operations using getImageData are faster with the willReadFrequently attribute set to true. See: https://html.spec.whatwg.org/multipage/canvas.html#concept-canvas-will-read-frequently @ webpack-internal:///(app-pages-browser)/./src/components/dice/DiceMesh.ts:191
[51807112ms] [WARNING] Canvas2D: Multiple readback operations using getImageData are faster with the willReadFrequently attribute set to true. See: https://html.spec.whatwg.org/multipage/canvas.html#concept-canvas-will-read-frequently @ webpack-internal:///(app-pages-browser)/./src/components/dice/DiceMesh.ts:191
[51807145ms] [WARNING] Canvas2D: Multiple readback operations using getImageData are faster with the willReadFrequently attribute set to true. See: https://html.spec.whatwg.org/multipage/canvas.html#concept-canvas-will-read-frequently @ webpack-internal:///(app-pages-browser)/./src/components/dice/DiceMesh.ts:191
[51807178ms] [WARNING] Canvas2D: Multiple readback operations using getImageData are faster with the willReadFrequently attribute set to true. See: https://html.spec.whatwg.org/multipage/canvas.html#concept-canvas-will-read-frequently @ webpack-internal:///(app-pages-browser)/./src/components/dice/DiceMesh.ts:191
[51807212ms] [WARNING] Canvas2D: Multiple readback operations using getImageData are faster with the willReadFrequently attribute set to true. See: https://html.spec.whatwg.org/multipage/canvas.html#concept-canvas-will-read-frequently @ webpack-internal:///(app-pages-browser)/./src/components/dice/DiceMesh.ts:191
[51807245ms] [WARNING] Canvas2D: Multiple readback operations using getImageData are faster with the willReadFrequently attribute set to true. See: https://html.spec.whatwg.org/multipage/canvas.html#concept-canvas-will-read-frequently @ webpack-internal:///(app-pages-browser)/./src/components/dice/DiceMesh.ts:191
[51808088ms] [LOG] [Fast Refresh] rebuilding @ webpack-internal:///(app-pages-browser)/./node_modules/next/dist/next-devtools/shared/forward-logs-shared.js:27
[51808799ms] [LOG] [Fast Refresh] done in 712ms @ webpack-internal:///(app-pages-browser)/./node_modules/next/dist/next-devtools/shared/forward-logs-shared.js:27
[51858466ms] [LOG] [Fast Refresh] rebuilding @ webpack-internal:///(app-pages-browser)/./node_modules/next/dist/next-devtools/shared/forward-logs-shared.js:27
[51858719ms] [LOG] [Fast Refresh] done in 253ms @ webpack-internal:///(app-pages-browser)/./node_modules/next/dist/next-devtools/shared/forward-logs-shared.js:27
[51859199ms] [LOG] [Fast Refresh] rebuilding @ webpack-internal:///(app-pages-browser)/./node_modules/next/dist/next-devtools/shared/forward-logs-shared.js:27
[51859528ms] [LOG] [Fast Refresh] done in 329ms @ webpack-internal:///(app-pages-browser)/./node_modules/next/dist/next-devtools/shared/forward-logs-shared.js:27
[51859597ms] [LOG] [Fast Refresh] rebuilding @ webpack-internal:///(app-pages-browser)/./node_modules/next/dist/next-devtools/shared/forward-logs-shared.js:27
[51859801ms] [LOG] [Fast Refresh] done in 205ms @ webpack-internal:///(app-pages-browser)/./node_modules/next/dist/next-devtools/shared/forward-logs-shared.js:27
[51882689ms] [LOG] [Fast Refresh] rebuilding @ webpack-internal:///(app-pages-browser)/./node_modules/next/dist/next-devtools/shared/forward-logs-shared.js:27
[51883411ms] [LOG] [Fast Refresh] done in 722ms @ webpack-internal:///(app-pages-browser)/./node_modules/next/dist/next-devtools/shared/forward-logs-shared.js:27
[51883475ms] [LOG] [Fast Refresh] rebuilding @ webpack-internal:///(app-pages-browser)/./node_modules/next/dist/next-devtools/shared/forward-logs-shared.js:27
[51884217ms] [LOG] [Fast Refresh] done in 742ms @ webpack-internal:///(app-pages-browser)/./node_modules/next/dist/next-devtools/shared/forward-logs-shared.js:27
[51952152ms] [LOG] [Fast Refresh] rebuilding @ webpack-internal:///(app-pages-browser)/./node_modules/next/dist/next-devtools/shared/forward-logs-shared.js:27
[51952925ms] [LOG] [Fast Refresh] done in 773ms @ webpack-internal:///(app-pages-browser)/./node_modules/next/dist/next-devtools/shared/forward-logs-shared.js:27
[51964553ms] [LOG] [Fast Refresh] rebuilding @ webpack-internal:///(app-pages-browser)/./node_modules/next/dist/next-devtools/shared/forward-logs-shared.js:27
[51964792ms] [LOG] [Fast Refresh] done in 240ms @ webpack-internal:///(app-pages-browser)/./node_modules/next/dist/next-devtools/shared/forward-logs-shared.js:27
[51964826ms] [LOG] [Fast Refresh] rebuilding @ webpack-internal:///(app-pages-browser)/./node_modules/next/dist/next-devtools/shared/forward-logs-shared.js:27
[51965607ms] [LOG] [Fast Refresh] done in 781ms @ webpack-internal:///(app-pages-browser)/./node_modules/next/dist/next-devtools/shared/forward-logs-shared.js:27
[51974163ms] [LOG] [Fast Refresh] rebuilding @ webpack-internal:///(app-pages-browser)/./node_modules/next/dist/next-devtools/shared/forward-logs-shared.js:27
[51974386ms] [LOG] [Fast Refresh] done in 222ms @ webpack-internal:///(app-pages-browser)/./node_modules/next/dist/next-devtools/shared/forward-logs-shared.js:27
[51974429ms] [LOG] [Fast Refresh] rebuilding @ webpack-internal:///(app-pages-browser)/./node_modules/next/dist/next-devtools/shared/forward-logs-shared.js:27
[51974627ms] [LOG] [Fast Refresh] done in 197ms @ webpack-internal:///(app-pages-browser)/./node_modules/next/dist/next-devtools/shared/forward-logs-shared.js:27
[52016215ms] [LOG] [Fast Refresh] rebuilding @ webpack-internal:///(app-pages-browser)/./node_modules/next/dist/next-devtools/shared/forward-logs-shared.js:27
[52016596ms] [LOG] [Fast Refresh] done in 381ms @ webpack-internal:///(app-pages-browser)/./node_modules/next/dist/next-devtools/shared/forward-logs-shared.js:27
[52048991ms] [LOG] [Fast Refresh] rebuilding @ webpack-internal:///(app-pages-browser)/./node_modules/next/dist/next-devtools/shared/forward-logs-shared.js:27
[52049232ms] [LOG] [Fast Refresh] done in 242ms @ webpack-internal:///(app-pages-browser)/./node_modules/next/dist/next-devtools/shared/forward-logs-shared.js:27
[52049251ms] [LOG] [Fast Refresh] rebuilding @ webpack-internal:///(app-pages-browser)/./node_modules/next/dist/next-devtools/shared/forward-logs-shared.js:27
[52049469ms] [LOG] [Fast Refresh] done in 218ms @ webpack-internal:///(app-pages-browser)/./node_modules/next/dist/next-devtools/shared/forward-logs-shared.js:27
[52207525ms] [LOG] [Fast Refresh] rebuilding @ webpack-internal:///(app-pages-browser)/./node_modules/next/dist/next-devtools/shared/forward-logs-shared.js:27
[52207901ms] [LOG] [Fast Refresh] done in 376ms @ webpack-internal:///(app-pages-browser)/./node_modules/next/dist/next-devtools/shared/forward-logs-shared.js:27
[52319721ms] [LOG] [Fast Refresh] rebuilding @ webpack-internal:///(app-pages-browser)/./node_modules/next/dist/next-devtools/shared/forward-logs-shared.js:27
[52320639ms] [LOG] [Fast Refresh] done in 918ms @ webpack-internal:///(app-pages-browser)/./node_modules/next/dist/next-devtools/shared/forward-logs-shared.js:27
[52320846ms] [LOG] [Fast Refresh] rebuilding @ webpack-internal:///(app-pages-browser)/./node_modules/next/dist/next-devtools/shared/forward-logs-shared.js:27
[52321029ms] [LOG] [Fast Refresh] done in 182ms @ webpack-internal:///(app-pages-browser)/./node_modules/next/dist/next-devtools/shared/forward-logs-shared.js:27
[54231874ms] [LOG] [Fast Refresh] rebuilding @ webpack-internal:///(app-pages-browser)/./node_modules/next/dist/next-devtools/shared/forward-logs-shared.js:27
[54232673ms] [LOG] [Fast Refresh] rebuilding @ webpack-internal:///(app-pages-browser)/./node_modules/next/dist/next-devtools/shared/forward-logs-shared.js:27
[54232732ms] [LOG] [Fast Refresh] done in 58ms @ webpack-internal:///(app-pages-browser)/./node_modules/next/dist/next-devtools/shared/forward-logs-shared.js:27
[54232972ms] [LOG] [Fast Refresh] rebuilding @ webpack-internal:///(app-pages-browser)/./node_modules/next/dist/next-devtools/shared/forward-logs-shared.js:27
[54233014ms] [LOG] [Fast Refresh] done in 41ms @ webpack-internal:///(app-pages-browser)/./node_modules/next/dist/next-devtools/shared/forward-logs-shared.js:27
[54233269ms] [LOG] [Fast Refresh] done in 296ms @ webpack-internal:///(app-pages-browser)/./node_modules/next/dist/next-devtools/shared/forward-logs-shared.js:27
[54236380ms] [WARNING] The resource http://localhost:3000/_next/static/css/app/layout.css?v=1776673939340 was preloaded using link preload but not used within a few seconds from the window's load event. Please make sure it has an appropriate `as` value and it is preloaded intentionally. @ http://localhost:3000/campaign/cmmr6djjy0000ws482a52nc1y:0
[54236380ms] [WARNING] The resource http://localhost:3000/_next/static/css/app/layout.css?v=1776673939054 was preloaded using link preload but not used within a few seconds from the window's load event. Please make sure it has an appropriate `as` value and it is preloaded intentionally. @ http://localhost:3000/campaign/cmmr6djjy0000ws482a52nc1y:0
[54294923ms] [LOG] [Fast Refresh] rebuilding @ webpack-internal:///(app-pages-browser)/./node_modules/next/dist/next-devtools/shared/forward-logs-shared.js:27
[54296417ms] [LOG] [Fast Refresh] done in 1493ms @ webpack-internal:///(app-pages-browser)/./node_modules/next/dist/next-devtools/shared/forward-logs-shared.js:27
[54296481ms] [LOG] [Fast Refresh] rebuilding @ webpack-internal:///(app-pages-browser)/./node_modules/next/dist/next-devtools/shared/forward-logs-shared.js:27
[54296689ms] [LOG] [Fast Refresh] done in 207ms @ webpack-internal:///(app-pages-browser)/./node_modules/next/dist/next-devtools/shared/forward-logs-shared.js:27
[54299864ms] [WARNING] The resource http://localhost:3000/_next/static/css/app/layout.css?v=1776673939340 was preloaded using link preload but not used within a few seconds from the window's load event. Please make sure it has an appropriate `as` value and it is preloaded intentionally. @ http://localhost:3000/campaign/cmmr6djjy0000ws482a52nc1y:0
[54299865ms] [WARNING] The resource http://localhost:3000/_next/static/css/app/layout.css?v=1776673939054 was preloaded using link preload but not used within a few seconds from the window's load event. Please make sure it has an appropriate `as` value and it is preloaded intentionally. @ http://localhost:3000/campaign/cmmr6djjy0000ws482a52nc1y:0
[54302581ms] [LOG] [Fast Refresh] rebuilding @ webpack-internal:///(app-pages-browser)/./node_modules/next/dist/next-devtools/shared/forward-logs-shared.js:27
[54302784ms] [LOG] [Fast Refresh] done in 204ms @ webpack-internal:///(app-pages-browser)/./node_modules/next/dist/next-devtools/shared/forward-logs-shared.js:27
[54305916ms] [WARNING] The resource http://localhost:3000/_next/static/css/app/layout.css?v=1776673939340 was preloaded using link preload but not used within a few seconds from the window's load event. Please make sure it has an appropriate `as` value and it is preloaded intentionally. @ http://localhost:3000/campaign/cmmr6djjy0000ws482a52nc1y:0
[54305916ms] [WARNING] The resource http://localhost:3000/_next/static/css/app/layout.css?v=1776673939054 was preloaded using link preload but not used within a few seconds from the window's load event. Please make sure it has an appropriate `as` value and it is preloaded intentionally. @ http://localhost:3000/campaign/cmmr6djjy0000ws482a52nc1y:0
[54337668ms] [LOG] [Fast Refresh] rebuilding @ webpack-internal:///(app-pages-browser)/./node_modules/next/dist/next-devtools/shared/forward-logs-shared.js:27
[54337907ms] [LOG] [Fast Refresh] done in 239ms @ webpack-internal:///(app-pages-browser)/./node_modules/next/dist/next-devtools/shared/forward-logs-shared.js:27
[54341008ms] [WARNING] The resource http://localhost:3000/_next/static/css/app/layout.css?v=1776673939340 was preloaded using link preload but not used within a few seconds from the window's load event. Please make sure it has an appropriate `as` value and it is preloaded intentionally. @ http://localhost:3000/campaign/cmmr6djjy0000ws482a52nc1y:0
[54341008ms] [WARNING] The resource http://localhost:3000/_next/static/css/app/layout.css?v=1776673939054 was preloaded using link preload but not used within a few seconds from the window's load event. Please make sure it has an appropriate `as` value and it is preloaded intentionally. @ http://localhost:3000/campaign/cmmr6djjy0000ws482a52nc1y:0
[54357891ms] [LOG] [Fast Refresh] rebuilding @ webpack-internal:///(app-pages-browser)/./node_modules/next/dist/next-devtools/shared/forward-logs-shared.js:27
[54358103ms] [LOG] [Fast Refresh] done in 212ms @ webpack-internal:///(app-pages-browser)/./node_modules/next/dist/next-devtools/shared/forward-logs-shared.js:27
[54361230ms] [WARNING] The resource http://localhost:3000/_next/static/css/app/layout.css?v=1776673939340 was preloaded using link preload but not used within a few seconds from the window's load event. Please make sure it has an appropriate `as` value and it is preloaded intentionally. @ http://localhost:3000/campaign/cmmr6djjy0000ws482a52nc1y:0
[54361230ms] [WARNING] The resource http://localhost:3000/_next/static/css/app/layout.css?v=1776673939054 was preloaded using link preload but not used within a few seconds from the window's load event. Please make sure it has an appropriate `as` value and it is preloaded intentionally. @ http://localhost:3000/campaign/cmmr6djjy0000ws482a52nc1y:0
[54402461ms] [LOG] [Fast Refresh] rebuilding @ webpack-internal:///(app-pages-browser)/./node_modules/next/dist/next-devtools/shared/forward-logs-shared.js:27
[54402664ms] [LOG] [Fast Refresh] done in 204ms @ webpack-internal:///(app-pages-browser)/./node_modules/next/dist/next-devtools/shared/forward-logs-shared.js:27
[54405806ms] [WARNING] The resource http://localhost:3000/_next/static/css/app/layout.css?v=1776673939340 was preloaded using link preload but not used within a few seconds from the window's load event. Please make sure it has an appropriate `as` value and it is preloaded intentionally. @ http://localhost:3000/campaign/cmmr6djjy0000ws482a52nc1y:0
[54405806ms] [WARNING] The resource http://localhost:3000/_next/static/css/app/layout.css?v=1776673939054 was preloaded using link preload but not used within a few seconds from the window's load event. Please make sure it has an appropriate `as` value and it is preloaded intentionally. @ http://localhost:3000/campaign/cmmr6djjy0000ws482a52nc1y:0
[54419052ms] [LOG] [Fast Refresh] rebuilding @ webpack-internal:///(app-pages-browser)/./node_modules/next/dist/next-devtools/shared/forward-logs-shared.js:27
[54419243ms] [LOG] [Fast Refresh] rebuilding @ webpack-internal:///(app-pages-browser)/./node_modules/next/dist/next-devtools/shared/forward-logs-shared.js:27
[54419286ms] [LOG] [Fast Refresh] done in 43ms @ webpack-internal:///(app-pages-browser)/./node_modules/next/dist/next-devtools/shared/forward-logs-shared.js:27
[54419539ms] [LOG] [Fast Refresh] done in 297ms @ webpack-internal:///(app-pages-browser)/./node_modules/next/dist/next-devtools/shared/forward-logs-shared.js:27
[54422691ms] [WARNING] The resource http://localhost:3000/_next/static/css/app/layout.css?v=1776673939054 was preloaded using link preload but not used within a few seconds from the window's load event. Please make sure it has an appropriate `as` value and it is preloaded intentionally. @ http://localhost:3000/campaign/cmmr6djjy0000ws482a52nc1y:0
[54422691ms] [WARNING] The resource http://localhost:3000/_next/static/css/app/layout.css?v=1776674125598 was preloaded using link preload but not used within a few seconds from the window's load event. Please make sure it has an appropriate `as` value and it is preloaded intentionally. @ http://localhost:3000/campaign/cmmr6djjy0000ws482a52nc1y:0
[54422691ms] [WARNING] The resource http://localhost:3000/_next/static/css/app/layout.css?v=1776673939340 was preloaded using link preload but not used within a few seconds from the window's load event. Please make sure it has an appropriate `as` value and it is preloaded intentionally. @ http://localhost:3000/campaign/cmmr6djjy0000ws482a52nc1y:0
[54436279ms] [LOG] [Fast Refresh] rebuilding @ webpack-internal:///(app-pages-browser)/./node_modules/next/dist/next-devtools/shared/forward-logs-shared.js:27
[54436484ms] [LOG] [Fast Refresh] rebuilding @ webpack-internal:///(app-pages-browser)/./node_modules/next/dist/next-devtools/shared/forward-logs-shared.js:27
[54436580ms] [LOG] [Fast Refresh] done in 96ms @ webpack-internal:///(app-pages-browser)/./node_modules/next/dist/next-devtools/shared/forward-logs-shared.js:27
[54437802ms] [LOG] [Fast Refresh] rebuilding @ webpack-internal:///(app-pages-browser)/./node_modules/next/dist/next-devtools/shared/forward-logs-shared.js:27
[54437856ms] [LOG] [Fast Refresh] done in 55ms @ webpack-internal:///(app-pages-browser)/./node_modules/next/dist/next-devtools/shared/forward-logs-shared.js:27
[54438299ms] [LOG] [Fast Refresh] done in 497ms @ webpack-internal:///(app-pages-browser)/./node_modules/next/dist/next-devtools/shared/forward-logs-shared.js:27
[54441356ms] [WARNING] The resource http://localhost:3000/_next/static/css/app/layout.css?v=1776673939054 was preloaded using link preload but not used within a few seconds from the window's load event. Please make sure it has an appropriate `as` value and it is preloaded intentionally. @ http://localhost:3000/campaign/cmmr6djjy0000ws482a52nc1y:0
[54441356ms] [WARNING] The resource http://localhost:3000/_next/static/css/app/layout.css?v=1776674125598 was preloaded using link preload but not used within a few seconds from the window's load event. Please make sure it has an appropriate `as` value and it is preloaded intentionally. @ http://localhost:3000/campaign/cmmr6djjy0000ws482a52nc1y:0
[54441356ms] [WARNING] The resource http://localhost:3000/_next/static/css/app/layout.css?v=1776673939340 was preloaded using link preload but not used within a few seconds from the window's load event. Please make sure it has an appropriate `as` value and it is preloaded intentionally. @ http://localhost:3000/campaign/cmmr6djjy0000ws482a52nc1y:0
[54466472ms] [LOG] [Fast Refresh] rebuilding @ webpack-internal:///(app-pages-browser)/./node_modules/next/dist/next-devtools/shared/forward-logs-shared.js:27
[54467403ms] [LOG] [Fast Refresh] done in 931ms @ webpack-internal:///(app-pages-browser)/./node_modules/next/dist/next-devtools/shared/forward-logs-shared.js:27
[54467458ms] [LOG] [Fast Refresh] rebuilding @ webpack-internal:///(app-pages-browser)/./node_modules/next/dist/next-devtools/shared/forward-logs-shared.js:27
[54467678ms] [LOG] [Fast Refresh] done in 219ms @ webpack-internal:///(app-pages-browser)/./node_modules/next/dist/next-devtools/shared/forward-logs-shared.js:27
[54470893ms] [WARNING] The resource http://localhost:3000/_next/static/css/app/layout.css?v=1776673939054 was preloaded using link preload but not used within a few seconds from the window's load event. Please make sure it has an appropriate `as` value and it is preloaded intentionally. @ http://localhost:3000/campaign/cmmr6djjy0000ws482a52nc1y:0
[54470893ms] [WARNING] The resource http://localhost:3000/_next/static/css/app/layout.css?v=1776674125598 was preloaded using link preload but not used within a few seconds from the window's load event. Please make sure it has an appropriate `as` value and it is preloaded intentionally. @ http://localhost:3000/campaign/cmmr6djjy0000ws482a52nc1y:0
[54470893ms] [WARNING] The resource http://localhost:3000/_next/static/css/app/layout.css?v=1776673939340 was preloaded using link preload but not used within a few seconds from the window's load event. Please make sure it has an appropriate `as` value and it is preloaded intentionally. @ http://localhost:3000/campaign/cmmr6djjy0000ws482a52nc1y:0
[54500315ms] [LOG] [Fast Refresh] rebuilding @ webpack-internal:///(app-pages-browser)/./node_modules/next/dist/next-devtools/shared/forward-logs-shared.js:27
[54500667ms] [LOG] [Fast Refresh] done in 352ms @ webpack-internal:///(app-pages-browser)/./node_modules/next/dist/next-devtools/shared/forward-logs-shared.js:27
[54504062ms] [WARNING] The resource http://localhost:3000/_next/static/css/app/layout.css?v=1776673939054 was preloaded using link preload but not used within a few seconds from the window's load event. Please make sure it has an appropriate `as` value and it is preloaded intentionally. @ http://localhost:3000/campaign/cmmr6djjy0000ws482a52nc1y:0
[54504062ms] [WARNING] The resource http://localhost:3000/_next/static/css/app/layout.css?v=1776674125598 was preloaded using link preload but not used within a few seconds from the window's load event. Please make sure it has an appropriate `as` value and it is preloaded intentionally. @ http://localhost:3000/campaign/cmmr6djjy0000ws482a52nc1y:0
[54504062ms] [WARNING] The resource http://localhost:3000/_next/static/css/app/layout.css?v=1776673939340 was preloaded using link preload but not used within a few seconds from the window's load event. Please make sure it has an appropriate `as` value and it is preloaded intentionally. @ http://localhost:3000/campaign/cmmr6djjy0000ws482a52nc1y:0
[54515387ms] [LOG] [Fast Refresh] rebuilding @ webpack-internal:///(app-pages-browser)/./node_modules/next/dist/next-devtools/shared/forward-logs-shared.js:27
[54515590ms] [LOG] [Fast Refresh] done in 203ms @ webpack-internal:///(app-pages-browser)/./node_modules/next/dist/next-devtools/shared/forward-logs-shared.js:27
[54518707ms] [WARNING] The resource http://localhost:3000/_next/static/css/app/layout.css?v=1776673939054 was preloaded using link preload but not used within a few seconds from the window's load event. Please make sure it has an appropriate `as` value and it is preloaded intentionally. @ http://localhost:3000/campaign/cmmr6djjy0000ws482a52nc1y:0
[54518707ms] [WARNING] The resource http://localhost:3000/_next/static/css/app/layout.css?v=1776674125598 was preloaded using link preload but not used within a few seconds from the window's load event. Please make sure it has an appropriate `as` value and it is preloaded intentionally. @ http://localhost:3000/campaign/cmmr6djjy0000ws482a52nc1y:0
[54518707ms] [WARNING] The resource http://localhost:3000/_next/static/css/app/layout.css?v=1776673939340 was preloaded using link preload but not used within a few seconds from the window's load event. Please make sure it has an appropriate `as` value and it is preloaded intentionally. @ http://localhost:3000/campaign/cmmr6djjy0000ws482a52nc1y:0
[54530194ms] [LOG] [Fast Refresh] rebuilding @ webpack-internal:///(app-pages-browser)/./node_modules/next/dist/next-devtools/shared/forward-logs-shared.js:27
[54530400ms] [LOG] [Fast Refresh] done in 206ms @ webpack-internal:///(app-pages-browser)/./node_modules/next/dist/next-devtools/shared/forward-logs-shared.js:27
[54533523ms] [WARNING] The resource http://localhost:3000/_next/static/css/app/layout.css?v=1776673939054 was preloaded using link preload but not used within a few seconds from the window's load event. Please make sure it has an appropriate `as` value and it is preloaded intentionally. @ http://localhost:3000/campaign/cmmr6djjy0000ws482a52nc1y:0
[54533523ms] [WARNING] The resource http://localhost:3000/_next/static/css/app/layout.css?v=1776674125598 was preloaded using link preload but not used within a few seconds from the window's load event. Please make sure it has an appropriate `as` value and it is preloaded intentionally. @ http://localhost:3000/campaign/cmmr6djjy0000ws482a52nc1y:0
[54533523ms] [WARNING] The resource http://localhost:3000/_next/static/css/app/layout.css?v=1776673939340 was preloaded using link preload but not used within a few seconds from the window's load event. Please make sure it has an appropriate `as` value and it is preloaded intentionally. @ http://localhost:3000/campaign/cmmr6djjy0000ws482a52nc1y:0
[54539229ms] [LOG] [Fast Refresh] rebuilding @ webpack-internal:///(app-pages-browser)/./node_modules/next/dist/next-devtools/shared/forward-logs-shared.js:27
[54539412ms] [LOG] [Fast Refresh] done in 183ms @ webpack-internal:///(app-pages-browser)/./node_modules/next/dist/next-devtools/shared/forward-logs-shared.js:27
[54542521ms] [WARNING] The resource http://localhost:3000/_next/static/css/app/layout.css?v=1776673939054 was preloaded using link preload but not used within a few seconds from the window's load event. Please make sure it has an appropriate `as` value and it is preloaded intentionally. @ http://localhost:3000/campaign/cmmr6djjy0000ws482a52nc1y:0
[54542521ms] [WARNING] The resource http://localhost:3000/_next/static/css/app/layout.css?v=1776674125598 was preloaded using link preload but not used within a few seconds from the window's load event. Please make sure it has an appropriate `as` value and it is preloaded intentionally. @ http://localhost:3000/campaign/cmmr6djjy0000ws482a52nc1y:0
[54542521ms] [WARNING] The resource http://localhost:3000/_next/static/css/app/layout.css?v=1776673939340 was preloaded using link preload but not used within a few seconds from the window's load event. Please make sure it has an appropriate `as` value and it is preloaded intentionally. @ http://localhost:3000/campaign/cmmr6djjy0000ws482a52nc1y:0
[54548093ms] [LOG] [Fast Refresh] rebuilding @ webpack-internal:///(app-pages-browser)/./node_modules/next/dist/next-devtools/shared/forward-logs-shared.js:27
[54548291ms] [LOG] [Fast Refresh] done in 199ms @ webpack-internal:///(app-pages-browser)/./node_modules/next/dist/next-devtools/shared/forward-logs-shared.js:27
[54551411ms] [WARNING] The resource http://localhost:3000/_next/static/css/app/layout.css?v=1776673939054 was preloaded using link preload but not used within a few seconds from the window's load event. Please make sure it has an appropriate `as` value and it is preloaded intentionally. @ http://localhost:3000/campaign/cmmr6djjy0000ws482a52nc1y:0
[54551411ms] [WARNING] The resource http://localhost:3000/_next/static/css/app/layout.css?v=1776674125598 was preloaded using link preload but not used within a few seconds from the window's load event. Please make sure it has an appropriate `as` value and it is preloaded intentionally. @ http://localhost:3000/campaign/cmmr6djjy0000ws482a52nc1y:0
[54551411ms] [WARNING] The resource http://localhost:3000/_next/static/css/app/layout.css?v=1776673939340 was preloaded using link preload but not used within a few seconds from the window's load event. Please make sure it has an appropriate `as` value and it is preloaded intentionally. @ http://localhost:3000/campaign/cmmr6djjy0000ws482a52nc1y:0
[56391846ms] [LOG] [Fast Refresh] rebuilding @ webpack-internal:///(app-pages-browser)/./node_modules/next/dist/next-devtools/shared/forward-logs-shared.js:27
[56396303ms] [WARNING] The resource http://localhost:3000/_next/static/css/app/layout.css?v=1776673939054 was preloaded using link preload but not used within a few seconds from the window's load event. Please make sure it has an appropriate `as` value and it is preloaded intentionally. @ http://localhost:3000/campaign/cmmr6djjy0000ws482a52nc1y:0
[56396303ms] [WARNING] The resource http://localhost:3000/_next/static/css/app/layout.css?v=1776674125598 was preloaded using link preload but not used within a few seconds from the window's load event. Please make sure it has an appropriate `as` value and it is preloaded intentionally. @ http://localhost:3000/campaign/cmmr6djjy0000ws482a52nc1y:0
[56396312ms] [WARNING] The resource http://localhost:3000/_next/static/css/app/layout.css?v=1776673939340 was preloaded using link preload but not used within a few seconds from the window's load event. Please make sure it has an appropriate `as` value and it is preloaded intentionally. @ http://localhost:3000/campaign/cmmr6djjy0000ws482a52nc1y:0
[56396563ms] [LOG] [Fast Refresh] rebuilding @ webpack-internal:///(app-pages-browser)/./node_modules/next/dist/next-devtools/shared/forward-logs-shared.js:27
[56396745ms] [LOG] [Fast Refresh] done in 182ms @ webpack-internal:///(app-pages-browser)/./node_modules/next/dist/next-devtools/shared/forward-logs-shared.js:27
[56400038ms] [WARNING] The resource http://localhost:3000/_next/static/css/app/layout.css?v=1776673939054 was preloaded using link preload but not used within a few seconds from the window's load event. Please make sure it has an appropriate `as` value and it is preloaded intentionally. @ http://localhost:3000/campaign/cmmr6djjy0000ws482a52nc1y:0
[56400038ms] [WARNING] The resource http://localhost:3000/_next/static/css/app/layout.css?v=1776674125598 was preloaded using link preload but not used within a few seconds from the window's load event. Please make sure it has an appropriate `as` value and it is preloaded intentionally. @ http://localhost:3000/campaign/cmmr6djjy0000ws482a52nc1y:0
[56400038ms] [WARNING] The resource http://localhost:3000/_next/static/css/app/layout.css?v=1776673939340 was preloaded using link preload but not used within a few seconds from the window's load event. Please make sure it has an appropriate `as` value and it is preloaded intentionally. @ http://localhost:3000/campaign/cmmr6djjy0000ws482a52nc1y:0
[56400051ms] [LOG] [Fast Refresh] done in 3488ms @ webpack-internal:///(app-pages-browser)/./node_modules/next/dist/next-devtools/shared/forward-logs-shared.js:27
[56403715ms] [WARNING] The resource http://localhost:3000/_next/static/css/app/layout.css?v=1776673939054 was preloaded using link preload but not used within a few seconds from the window's load event. Please make sure it has an appropriate `as` value and it is preloaded intentionally. @ http://localhost:3000/campaign/cmmr6djjy0000ws482a52nc1y:0
[56403715ms] [WARNING] The resource http://localhost:3000/_next/static/css/app/layout.css?v=1776674125598 was preloaded using link preload but not used within a few seconds from the window's load event. Please make sure it has an appropriate `as` value and it is preloaded intentionally. @ http://localhost:3000/campaign/cmmr6djjy0000ws482a52nc1y:0
[56403716ms] [WARNING] The resource http://localhost:3000/_next/static/css/app/layout.css?v=1776673939340 was preloaded using link preload but not used within a few seconds from the window's load event. Please make sure it has an appropriate `as` value and it is preloaded intentionally. @ http://localhost:3000/campaign/cmmr6djjy0000ws482a52nc1y:0
