[     532ms] [INFO] %cDownload the React DevTools for a better development experience: https://react.dev/link/react-devtools font-weight:bold @ webpack-internal:///(app-pages-browser)/./node_modules/next/dist/next-devtools/shared/forward-logs-shared.js:27
[     625ms] [LOG] [HMR] connected @ webpack-internal:///(app-pages-browser)/./node_modules/next/dist/next-devtools/shared/forward-logs-shared.js:27
[    2674ms] [WARNING] Canvas2D: Multiple readback operations using getImageData are faster with the willReadFrequently attribute set to true. See: https://html.spec.whatwg.org/multipage/canvas.html#concept-canvas-will-read-frequently @ webpack-internal:///(app-pages-browser)/./src/components/dice/DiceMesh.ts:191
[    2679ms] [WARNING] Canvas2D: Multiple readback operations using getImageData are faster with the willReadFrequently attribute set to true. See: https://html.spec.whatwg.org/multipage/canvas.html#concept-canvas-will-read-frequently @ webpack-internal:///(app-pages-browser)/./src/components/dice/DiceMesh.ts:191
[    2683ms] [WARNING] Canvas2D: Multiple readback operations using getImageData are faster with the willReadFrequently attribute set to true. See: https://html.spec.whatwg.org/multipage/canvas.html#concept-canvas-will-read-frequently @ webpack-internal:///(app-pages-browser)/./src/components/dice/DiceMesh.ts:191
[    2687ms] [WARNING] Canvas2D: Multiple readback operations using getImageData are faster with the willReadFrequently attribute set to true. See: https://html.spec.whatwg.org/multipage/canvas.html#concept-canvas-will-read-frequently @ webpack-internal:///(app-pages-browser)/./src/components/dice/DiceMesh.ts:191
[    2690ms] [WARNING] Canvas2D: Multiple readback operations using getImageData are faster with the willReadFrequently attribute set to true. See: https://html.spec.whatwg.org/multipage/canvas.html#concept-canvas-will-read-frequently @ webpack-internal:///(app-pages-browser)/./src/components/dice/DiceMesh.ts:191
[    2694ms] [WARNING] Canvas2D: Multiple readback operations using getImageData are faster with the willReadFrequently attribute set to true. See: https://html.spec.whatwg.org/multipage/canvas.html#concept-canvas-will-read-frequently @ webpack-internal:///(app-pages-browser)/./src/components/dice/DiceMesh.ts:191
[    2697ms] [WARNING] Canvas2D: Multiple readback operations using getImageData are faster with the willReadFrequently attribute set to true. See: https://html.spec.whatwg.org/multipage/canvas.html#concept-canvas-will-read-frequently @ webpack-internal:///(app-pages-browser)/./src/components/dice/DiceMesh.ts:191
[    2701ms] [WARNING] Canvas2D: Multiple readback operations using getImageData are faster with the willReadFrequently attribute set to true. See: https://html.spec.whatwg.org/multipage/canvas.html#concept-canvas-will-read-frequently @ webpack-internal:///(app-pages-browser)/./src/components/dice/DiceMesh.ts:191
[    2708ms] [WARNING] Canvas2D: Multiple readback operations using getImageData are faster with the willReadFrequently attribute set to true. See: https://html.spec.whatwg.org/multipage/canvas.html#concept-canvas-will-read-frequently @ webpack-internal:///(app-pages-browser)/./src/components/dice/DiceMesh.ts:191
[    2713ms] [WARNING] Canvas2D: Multiple readback operations using getImageData are faster with the willReadFrequently attribute set to true. See: https://html.spec.whatwg.org/multipage/canvas.html#concept-canvas-will-read-frequently @ webpack-internal:///(app-pages-browser)/./src/components/dice/DiceMesh.ts:191
[    2716ms] [WARNING] Canvas2D: Multiple readback operations using getImageData are faster with the willReadFrequently attribute set to true. See: https://html.spec.whatwg.org/multipage/canvas.html#concept-canvas-will-read-frequently @ webpack-internal:///(app-pages-browser)/./src/components/dice/DiceMesh.ts:191
[    2720ms] [WARNING] Canvas2D: Multiple readback operations using getImageData are faster with the willReadFrequently attribute set to true. See: https://html.spec.whatwg.org/multipage/canvas.html#concept-canvas-will-read-frequently @ webpack-internal:///(app-pages-browser)/./src/components/dice/DiceMesh.ts:191
[    2723ms] [WARNING] Canvas2D: Multiple readback operations using getImageData are faster with the willReadFrequently attribute set to true. See: https://html.spec.whatwg.org/multipage/canvas.html#concept-canvas-will-read-frequently @ webpack-internal:///(app-pages-browser)/./src/components/dice/DiceMesh.ts:191
[    2727ms] [WARNING] Canvas2D: Multiple readback operations using getImageData are faster with the willReadFrequently attribute set to true. See: https://html.spec.whatwg.org/multipage/canvas.html#concept-canvas-will-read-frequently @ webpack-internal:///(app-pages-browser)/./src/components/dice/DiceMesh.ts:191
[    2730ms] [WARNING] Canvas2D: Multiple readback operations using getImageData are faster with the willReadFrequently attribute set to true. See: https://html.spec.whatwg.org/multipage/canvas.html#concept-canvas-will-read-frequently @ webpack-internal:///(app-pages-browser)/./src/components/dice/DiceMesh.ts:191
[    2732ms] [WARNING] Canvas2D: Multiple readback operations using getImageData are faster with the willReadFrequently attribute set to true. See: https://html.spec.whatwg.org/multipage/canvas.html#concept-canvas-will-read-frequently @ webpack-internal:///(app-pages-browser)/./src/components/dice/DiceMesh.ts:191
[    2736ms] [WARNING] Canvas2D: Multiple readback operations using getImageData are faster with the willReadFrequently attribute set to true. See: https://html.spec.whatwg.org/multipage/canvas.html#concept-canvas-will-read-frequently @ webpack-internal:///(app-pages-browser)/./src/components/dice/DiceMesh.ts:191
[    2739ms] [WARNING] Canvas2D: Multiple readback operations using getImageData are faster with the willReadFrequently attribute set to true. See: https://html.spec.whatwg.org/multipage/canvas.html#concept-canvas-will-read-frequently @ webpack-internal:///(app-pages-browser)/./src/components/dice/DiceMesh.ts:191
[    2742ms] [WARNING] Canvas2D: Multiple readback operations using getImageData are faster with the willReadFrequently attribute set to true. See: https://html.spec.whatwg.org/multipage/canvas.html#concept-canvas-will-read-frequently @ webpack-internal:///(app-pages-browser)/./src/components/dice/DiceMesh.ts:191
[    2745ms] [WARNING] Canvas2D: Multiple readback operations using getImageData are faster with the willReadFrequently attribute set to true. See: https://html.spec.whatwg.org/multipage/canvas.html#concept-canvas-will-read-frequently @ webpack-internal:///(app-pages-browser)/./src/components/dice/DiceMesh.ts:191
[    2747ms] [WARNING] Canvas2D: Multiple readback operations using getImageData are faster with the willReadFrequently attribute set to true. See: https://html.spec.whatwg.org/multipage/canvas.html#concept-canvas-will-read-frequently @ webpack-internal:///(app-pages-browser)/./src/components/dice/DiceMesh.ts:191
[    2750ms] [WARNING] Canvas2D: Multiple readback operations using getImageData are faster with the willReadFrequently attribute set to true. See: https://html.spec.whatwg.org/multipage/canvas.html#concept-canvas-will-read-frequently @ webpack-internal:///(app-pages-browser)/./src/components/dice/DiceMesh.ts:191
[    2754ms] [WARNING] Canvas2D: Multiple readback operations using getImageData are faster with the willReadFrequently attribute set to true. See: https://html.spec.whatwg.org/multipage/canvas.html#concept-canvas-will-read-frequently @ webpack-internal:///(app-pages-browser)/./src/components/dice/DiceMesh.ts:191
[    2757ms] [WARNING] Canvas2D: Multiple readback operations using getImageData are faster with the willReadFrequently attribute set to true. See: https://html.spec.whatwg.org/multipage/canvas.html#concept-canvas-will-read-frequently @ webpack-internal:///(app-pages-browser)/./src/components/dice/DiceMesh.ts:191
[    2760ms] [WARNING] Canvas2D: Multiple readback operations using getImageData are faster with the willReadFrequently attribute set to true. See: https://html.spec.whatwg.org/multipage/canvas.html#concept-canvas-will-read-frequently @ webpack-internal:///(app-pages-browser)/./src/components/dice/DiceMesh.ts:191
[    2764ms] [WARNING] Canvas2D: Multiple readback operations using getImageData are faster with the willReadFrequently attribute set to true. See: https://html.spec.whatwg.org/multipage/canvas.html#concept-canvas-will-read-frequently @ webpack-internal:///(app-pages-browser)/./src/components/dice/DiceMesh.ts:191
[    2768ms] [WARNING] Canvas2D: Multiple readback operations using getImageData are faster with the willReadFrequently attribute set to true. See: https://html.spec.whatwg.org/multipage/canvas.html#concept-canvas-will-read-frequently @ webpack-internal:///(app-pages-browser)/./src/components/dice/DiceMesh.ts:191
[    2770ms] [WARNING] Canvas2D: Multiple readback operations using getImageData are faster with the willReadFrequently attribute set to true. See: https://html.spec.whatwg.org/multipage/canvas.html#concept-canvas-will-read-frequently @ webpack-internal:///(app-pages-browser)/./src/components/dice/DiceMesh.ts:191
[    2774ms] [WARNING] Canvas2D: Multiple readback operations using getImageData are faster with the willReadFrequently attribute set to true. See: https://html.spec.whatwg.org/multipage/canvas.html#concept-canvas-will-read-frequently @ webpack-internal:///(app-pages-browser)/./src/components/dice/DiceMesh.ts:191
[    2777ms] [WARNING] Canvas2D: Multiple readback operations using getImageData are faster with the willReadFrequently attribute set to true. See: https://html.spec.whatwg.org/multipage/canvas.html#concept-canvas-will-read-frequently @ webpack-internal:///(app-pages-browser)/./src/components/dice/DiceMesh.ts:191
[    2780ms] [WARNING] Canvas2D: Multiple readback operations using getImageData are faster with the willReadFrequently attribute set to true. See: https://html.spec.whatwg.org/multipage/canvas.html#concept-canvas-will-read-frequently @ webpack-internal:///(app-pages-browser)/./src/components/dice/DiceMesh.ts:191
[    2783ms] [WARNING] Canvas2D: Multiple readback operations using getImageData are faster with the willReadFrequently attribute set to true. See: https://html.spec.whatwg.org/multipage/canvas.html#concept-canvas-will-read-frequently @ webpack-internal:///(app-pages-browser)/./src/components/dice/DiceMesh.ts:191
[    2786ms] [WARNING] Canvas2D: Multiple readback operations using getImageData are faster with the willReadFrequently attribute set to true. See: https://html.spec.whatwg.org/multipage/canvas.html#concept-canvas-will-read-frequently @ webpack-internal:///(app-pages-browser)/./src/components/dice/DiceMesh.ts:191
[    2789ms] [WARNING] Canvas2D: Multiple readback operations using getImageData are faster with the willReadFrequently attribute set to true. See: https://html.spec.whatwg.org/multipage/canvas.html#concept-canvas-will-read-frequently @ webpack-internal:///(app-pages-browser)/./src/components/dice/DiceMesh.ts:191
[    2793ms] [WARNING] Canvas2D: Multiple readback operations using getImageData are faster with the willReadFrequently attribute set to true. See: https://html.spec.whatwg.org/multipage/canvas.html#concept-canvas-will-read-frequently @ webpack-internal:///(app-pages-browser)/./src/components/dice/DiceMesh.ts:191
[    2795ms] [WARNING] Canvas2D: Multiple readback operations using getImageData are faster with the willReadFrequently attribute set to true. See: https://html.spec.whatwg.org/multipage/canvas.html#concept-canvas-will-read-frequently @ webpack-internal:///(app-pages-browser)/./src/components/dice/DiceMesh.ts:191
[    2799ms] [WARNING] Canvas2D: Multiple readback operations using getImageData are faster with the willReadFrequently attribute set to true. See: https://html.spec.whatwg.org/multipage/canvas.html#concept-canvas-will-read-frequently @ webpack-internal:///(app-pages-browser)/./src/components/dice/DiceMesh.ts:191
[    2802ms] [WARNING] Canvas2D: Multiple readback operations using getImageData are faster with the willReadFrequently attribute set to true. See: https://html.spec.whatwg.org/multipage/canvas.html#concept-canvas-will-read-frequently @ webpack-internal:///(app-pages-browser)/./src/components/dice/DiceMesh.ts:191
[    2805ms] [WARNING] Canvas2D: Multiple readback operations using getImageData are faster with the willReadFrequently attribute set to true. See: https://html.spec.whatwg.org/multipage/canvas.html#concept-canvas-will-read-frequently @ webpack-internal:///(app-pages-browser)/./src/components/dice/DiceMesh.ts:191
[    2810ms] [WARNING] Canvas2D: Multiple readback operations using getImageData are faster with the willReadFrequently attribute set to true. See: https://html.spec.whatwg.org/multipage/canvas.html#concept-canvas-will-read-frequently @ webpack-internal:///(app-pages-browser)/./src/components/dice/DiceMesh.ts:191
[    2813ms] [WARNING] Canvas2D: Multiple readback operations using getImageData are faster with the willReadFrequently attribute set to true. See: https://html.spec.whatwg.org/multipage/canvas.html#concept-canvas-will-read-frequently @ webpack-internal:///(app-pages-browser)/./src/components/dice/DiceMesh.ts:191
[    2816ms] [WARNING] Canvas2D: Multiple readback operations using getImageData are faster with the willReadFrequently attribute set to true. See: https://html.spec.whatwg.org/multipage/canvas.html#concept-canvas-will-read-frequently @ webpack-internal:///(app-pages-browser)/./src/components/dice/DiceMesh.ts:191
[    2819ms] [WARNING] Canvas2D: Multiple readback operations using getImageData are faster with the willReadFrequently attribute set to true. See: https://html.spec.whatwg.org/multipage/canvas.html#concept-canvas-will-read-frequently @ webpack-internal:///(app-pages-browser)/./src/components/dice/DiceMesh.ts:191
[    2823ms] [WARNING] Canvas2D: Multiple readback operations using getImageData are faster with the willReadFrequently attribute set to true. See: https://html.spec.whatwg.org/multipage/canvas.html#concept-canvas-will-read-frequently @ webpack-internal:///(app-pages-browser)/./src/components/dice/DiceMesh.ts:191
[    2826ms] [WARNING] Canvas2D: Multiple readback operations using getImageData are faster with the willReadFrequently attribute set to true. See: https://html.spec.whatwg.org/multipage/canvas.html#concept-canvas-will-read-frequently @ webpack-internal:///(app-pages-browser)/./src/components/dice/DiceMesh.ts:191
[    2828ms] [WARNING] Canvas2D: Multiple readback operations using getImageData are faster with the willReadFrequently attribute set to true. See: https://html.spec.whatwg.org/multipage/canvas.html#concept-canvas-will-read-frequently @ webpack-internal:///(app-pages-browser)/./src/components/dice/DiceMesh.ts:191
[    2831ms] [WARNING] Canvas2D: Multiple readback operations using getImageData are faster with the willReadFrequently attribute set to true. See: https://html.spec.whatwg.org/multipage/canvas.html#concept-canvas-will-read-frequently @ webpack-internal:///(app-pages-browser)/./src/components/dice/DiceMesh.ts:191
[    2836ms] [WARNING] Canvas2D: Multiple readback operations using getImageData are faster with the willReadFrequently attribute set to true. See: https://html.spec.whatwg.org/multipage/canvas.html#concept-canvas-will-read-frequently @ webpack-internal:///(app-pages-browser)/./src/components/dice/DiceMesh.ts:191
[    2839ms] [WARNING] Canvas2D: Multiple readback operations using getImageData are faster with the willReadFrequently attribute set to true. See: https://html.spec.whatwg.org/multipage/canvas.html#concept-canvas-will-read-frequently @ webpack-internal:///(app-pages-browser)/./src/components/dice/DiceMesh.ts:191
[    2842ms] [WARNING] Canvas2D: Multiple readback operations using getImageData are faster with the willReadFrequently attribute set to true. See: https://html.spec.whatwg.org/multipage/canvas.html#concept-canvas-will-read-frequently @ webpack-internal:///(app-pages-browser)/./src/components/dice/DiceMesh.ts:191
[    2845ms] [WARNING] Canvas2D: Multiple readback operations using getImageData are faster with the willReadFrequently attribute set to true. See: https://html.spec.whatwg.org/multipage/canvas.html#concept-canvas-will-read-frequently @ webpack-internal:///(app-pages-browser)/./src/components/dice/DiceMesh.ts:191
[    2849ms] [WARNING] Canvas2D: Multiple readback operations using getImageData are faster with the willReadFrequently attribute set to true. See: https://html.spec.whatwg.org/multipage/canvas.html#concept-canvas-will-read-frequently @ webpack-internal:///(app-pages-browser)/./src/components/dice/DiceMesh.ts:191
[    2852ms] [WARNING] Canvas2D: Multiple readback operations using getImageData are faster with the willReadFrequently attribute set to true. See: https://html.spec.whatwg.org/multipage/canvas.html#concept-canvas-will-read-frequently @ webpack-internal:///(app-pages-browser)/./src/components/dice/DiceMesh.ts:191
[    2855ms] [WARNING] Canvas2D: Multiple readback operations using getImageData are faster with the willReadFrequently attribute set to true. See: https://html.spec.whatwg.org/multipage/canvas.html#concept-canvas-will-read-frequently @ webpack-internal:///(app-pages-browser)/./src/components/dice/DiceMesh.ts:191
[    2858ms] [WARNING] Canvas2D: Multiple readback operations using getImageData are faster with the willReadFrequently attribute set to true. See: https://html.spec.whatwg.org/multipage/canvas.html#concept-canvas-will-read-frequently @ webpack-internal:///(app-pages-browser)/./src/components/dice/DiceMesh.ts:191
[    2861ms] [WARNING] Canvas2D: Multiple readback operations using getImageData are faster with the willReadFrequently attribute set to true. See: https://html.spec.whatwg.org/multipage/canvas.html#concept-canvas-will-read-frequently @ webpack-internal:///(app-pages-browser)/./src/components/dice/DiceMesh.ts:191
[    2864ms] [WARNING] Canvas2D: Multiple readback operations using getImageData are faster with the willReadFrequently attribute set to true. See: https://html.spec.whatwg.org/multipage/canvas.html#concept-canvas-will-read-frequently @ webpack-internal:///(app-pages-browser)/./src/components/dice/DiceMesh.ts:191
[    2866ms] [WARNING] Canvas2D: Multiple readback operations using getImageData are faster with the willReadFrequently attribute set to true. See: https://html.spec.whatwg.org/multipage/canvas.html#concept-canvas-will-read-frequently @ webpack-internal:///(app-pages-browser)/./src/components/dice/DiceMesh.ts:191
[    2869ms] [WARNING] Canvas2D: Multiple readback operations using getImageData are faster with the willReadFrequently attribute set to true. See: https://html.spec.whatwg.org/multipage/canvas.html#concept-canvas-will-read-frequently @ webpack-internal:///(app-pages-browser)/./src/components/dice/DiceMesh.ts:191
[    2872ms] [WARNING] Canvas2D: Multiple readback operations using getImageData are faster with the willReadFrequently attribute set to true. See: https://html.spec.whatwg.org/multipage/canvas.html#concept-canvas-will-read-frequently @ webpack-internal:///(app-pages-browser)/./src/components/dice/DiceMesh.ts:191
[    2874ms] [WARNING] Canvas2D: Multiple readback operations using getImageData are faster with the willReadFrequently attribute set to true. See: https://html.spec.whatwg.org/multipage/canvas.html#concept-canvas-will-read-frequently @ webpack-internal:///(app-pages-browser)/./src/components/dice/DiceMesh.ts:191
[    2878ms] [WARNING] Canvas2D: Multiple readback operations using getImageData are faster with the willReadFrequently attribute set to true. See: https://html.spec.whatwg.org/multipage/canvas.html#concept-canvas-will-read-frequently @ webpack-internal:///(app-pages-browser)/./src/components/dice/DiceMesh.ts:191
[    2881ms] [WARNING] Canvas2D: Multiple readback operations using getImageData are faster with the willReadFrequently attribute set to true. See: https://html.spec.whatwg.org/multipage/canvas.html#concept-canvas-will-read-frequently @ webpack-internal:///(app-pages-browser)/./src/components/dice/DiceMesh.ts:191
[    2884ms] [WARNING] Canvas2D: Multiple readback operations using getImageData are faster with the willReadFrequently attribute set to true. See: https://html.spec.whatwg.org/multipage/canvas.html#concept-canvas-will-read-frequently @ webpack-internal:///(app-pages-browser)/./src/components/dice/DiceMesh.ts:191
[    2887ms] [WARNING] Canvas2D: Multiple readback operations using getImageData are faster with the willReadFrequently attribute set to true. See: https://html.spec.whatwg.org/multipage/canvas.html#concept-canvas-will-read-frequently @ webpack-internal:///(app-pages-browser)/./src/components/dice/DiceMesh.ts:191
[    2890ms] [WARNING] Canvas2D: Multiple readback operations using getImageData are faster with the willReadFrequently attribute set to true. See: https://html.spec.whatwg.org/multipage/canvas.html#concept-canvas-will-read-frequently @ webpack-internal:///(app-pages-browser)/./src/components/dice/DiceMesh.ts:191
[    2893ms] [WARNING] Canvas2D: Multiple readback operations using getImageData are faster with the willReadFrequently attribute set to true. See: https://html.spec.whatwg.org/multipage/canvas.html#concept-canvas-will-read-frequently @ webpack-internal:///(app-pages-browser)/./src/components/dice/DiceMesh.ts:191
[    2896ms] [WARNING] Canvas2D: Multiple readback operations using getImageData are faster with the willReadFrequently attribute set to true. See: https://html.spec.whatwg.org/multipage/canvas.html#concept-canvas-will-read-frequently @ webpack-internal:///(app-pages-browser)/./src/components/dice/DiceMesh.ts:191
[    2899ms] [WARNING] Canvas2D: Multiple readback operations using getImageData are faster with the willReadFrequently attribute set to true. See: https://html.spec.whatwg.org/multipage/canvas.html#concept-canvas-will-read-frequently @ webpack-internal:///(app-pages-browser)/./src/components/dice/DiceMesh.ts:191
[    2902ms] [WARNING] Canvas2D: Multiple readback operations using getImageData are faster with the willReadFrequently attribute set to true. See: https://html.spec.whatwg.org/multipage/canvas.html#concept-canvas-will-read-frequently @ webpack-internal:///(app-pages-browser)/./src/components/dice/DiceMesh.ts:191
[    2905ms] [WARNING] Canvas2D: Multiple readback operations using getImageData are faster with the willReadFrequently attribute set to true. See: https://html.spec.whatwg.org/multipage/canvas.html#concept-canvas-will-read-frequently @ webpack-internal:///(app-pages-browser)/./src/components/dice/DiceMesh.ts:191
[    2910ms] [WARNING] Canvas2D: Multiple readback operations using getImageData are faster with the willReadFrequently attribute set to true. See: https://html.spec.whatwg.org/multipage/canvas.html#concept-canvas-will-read-frequently @ webpack-internal:///(app-pages-browser)/./src/components/dice/DiceMesh.ts:191
[    2913ms] [WARNING] Canvas2D: Multiple readback operations using getImageData are faster with the willReadFrequently attribute set to true. See: https://html.spec.whatwg.org/multipage/canvas.html#concept-canvas-will-read-frequently @ webpack-internal:///(app-pages-browser)/./src/components/dice/DiceMesh.ts:191
[    2916ms] [WARNING] Canvas2D: Multiple readback operations using getImageData are faster with the willReadFrequently attribute set to true. See: https://html.spec.whatwg.org/multipage/canvas.html#concept-canvas-will-read-frequently @ webpack-internal:///(app-pages-browser)/./src/components/dice/DiceMesh.ts:191
[    2919ms] [WARNING] Canvas2D: Multiple readback operations using getImageData are faster with the willReadFrequently attribute set to true. See: https://html.spec.whatwg.org/multipage/canvas.html#concept-canvas-will-read-frequently @ webpack-internal:///(app-pages-browser)/./src/components/dice/DiceMesh.ts:191
[    2921ms] [WARNING] Canvas2D: Multiple readback operations using getImageData are faster with the willReadFrequently attribute set to true. See: https://html.spec.whatwg.org/multipage/canvas.html#concept-canvas-will-read-frequently @ webpack-internal:///(app-pages-browser)/./src/components/dice/DiceMesh.ts:191
[   32512ms] [LOG] [Fast Refresh] rebuilding @ webpack-internal:///(app-pages-browser)/./node_modules/next/dist/next-devtools/shared/forward-logs-shared.js:27
[   33340ms] [LOG] [Fast Refresh] done in 829ms @ webpack-internal:///(app-pages-browser)/./node_modules/next/dist/next-devtools/shared/forward-logs-shared.js:27
[   35139ms] [LOG] [Fast Refresh] rebuilding @ webpack-internal:///(app-pages-browser)/./node_modules/next/dist/next-devtools/shared/forward-logs-shared.js:27
[   35780ms] [LOG] [Fast Refresh] done in 641ms @ webpack-internal:///(app-pages-browser)/./node_modules/next/dist/next-devtools/shared/forward-logs-shared.js:27
[   38423ms] [LOG] [Fast Refresh] rebuilding @ webpack-internal:///(app-pages-browser)/./node_modules/next/dist/next-devtools/shared/forward-logs-shared.js:27
[   39213ms] [LOG] [Fast Refresh] rebuilding @ webpack-internal:///(app-pages-browser)/./node_modules/next/dist/next-devtools/shared/forward-logs-shared.js:27
[   39298ms] [LOG] [Fast Refresh] done in 86ms @ webpack-internal:///(app-pages-browser)/./node_modules/next/dist/next-devtools/shared/forward-logs-shared.js:27
[   39722ms] [LOG] [Fast Refresh] rebuilding @ webpack-internal:///(app-pages-browser)/./node_modules/next/dist/next-devtools/shared/forward-logs-shared.js:27
[   39723ms] [LOG] [Fast Refresh] done in 0ms @ webpack-internal:///(app-pages-browser)/./node_modules/next/dist/next-devtools/shared/forward-logs-shared.js:27
[   40307ms] [LOG] [Fast Refresh] done in 585ms @ webpack-internal:///(app-pages-browser)/./node_modules/next/dist/next-devtools/shared/forward-logs-shared.js:27
[  131483ms] [LOG] [Fast Refresh] rebuilding @ webpack-internal:///(app-pages-browser)/./node_modules/next/dist/next-devtools/shared/forward-logs-shared.js:27
[  131746ms] [LOG] [Fast Refresh] done in 262ms @ webpack-internal:///(app-pages-browser)/./node_modules/next/dist/next-devtools/shared/forward-logs-shared.js:27
[  131779ms] [LOG] [Fast Refresh] rebuilding @ webpack-internal:///(app-pages-browser)/./node_modules/next/dist/next-devtools/shared/forward-logs-shared.js:27
[  132107ms] [LOG] [Fast Refresh] done in 328ms @ webpack-internal:///(app-pages-browser)/./node_modules/next/dist/next-devtools/shared/forward-logs-shared.js:27
[  138695ms] [LOG] [Fast Refresh] rebuilding @ webpack-internal:///(app-pages-browser)/./node_modules/next/dist/next-devtools/shared/forward-logs-shared.js:27
[  138938ms] [LOG] [Fast Refresh] rebuilding @ webpack-internal:///(app-pages-browser)/./node_modules/next/dist/next-devtools/shared/forward-logs-shared.js:27
[  139208ms] [LOG] [Fast Refresh] done in 271ms @ webpack-internal:///(app-pages-browser)/./node_modules/next/dist/next-devtools/shared/forward-logs-shared.js:27
[  139374ms] [LOG] [Fast Refresh] done in 437ms @ webpack-internal:///(app-pages-browser)/./node_modules/next/dist/next-devtools/shared/forward-logs-shared.js:27
[  142479ms] [WARNING] The resource http://localhost:3000/_next/static/css/app/layout.css?v=1778831614169 was preloaded using link preload but not used within a few seconds from the window's load event. Please make sure it has an appropriate `as` value and it is preloaded intentionally. @ http://localhost:3000/campaign/cmmr6djjy0000ws482a52nc1y:0
[  142479ms] [WARNING] The resource http://localhost:3000/_next/static/css/app/layout.css?v=1778831613919 was preloaded using link preload but not used within a few seconds from the window's load event. Please make sure it has an appropriate `as` value and it is preloaded intentionally. @ http://localhost:3000/campaign/cmmr6djjy0000ws482a52nc1y:0
[  203997ms] [LOG] [Fast Refresh] rebuilding @ webpack-internal:///(app-pages-browser)/./node_modules/next/dist/next-devtools/shared/forward-logs-shared.js:27
[  204405ms] [LOG] [Fast Refresh] rebuilding @ webpack-internal:///(app-pages-browser)/./node_modules/next/dist/next-devtools/shared/forward-logs-shared.js:27
[  204505ms] [LOG] [Fast Refresh] done in 99ms @ webpack-internal:///(app-pages-browser)/./node_modules/next/dist/next-devtools/shared/forward-logs-shared.js:27
[  204908ms] [LOG] [Fast Refresh] done in 502ms @ webpack-internal:///(app-pages-browser)/./node_modules/next/dist/next-devtools/shared/forward-logs-shared.js:27
[  208275ms] [WARNING] The resource http://localhost:3000/_next/static/css/app/layout.css?v=1778831614169 was preloaded using link preload but not used within a few seconds from the window's load event. Please make sure it has an appropriate `as` value and it is preloaded intentionally. @ http://localhost:3000/campaign/cmmr6djjy0000ws482a52nc1y:0
[  208275ms] [WARNING] The resource http://localhost:3000/_next/static/css/app/layout.css?v=1778831613919 was preloaded using link preload but not used within a few seconds from the window's load event. Please make sure it has an appropriate `as` value and it is preloaded intentionally. @ http://localhost:3000/campaign/cmmr6djjy0000ws482a52nc1y:0
[  211042ms] [LOG] [Fast Refresh] rebuilding @ webpack-internal:///(app-pages-browser)/./node_modules/next/dist/next-devtools/shared/forward-logs-shared.js:27
[  211300ms] [LOG] [Fast Refresh] rebuilding @ webpack-internal:///(app-pages-browser)/./node_modules/next/dist/next-devtools/shared/forward-logs-shared.js:27
[  211395ms] [LOG] [Fast Refresh] done in 94ms @ webpack-internal:///(app-pages-browser)/./node_modules/next/dist/next-devtools/shared/forward-logs-shared.js:27
[  211527ms] [LOG] [Fast Refresh] done in 227ms @ webpack-internal:///(app-pages-browser)/./node_modules/next/dist/next-devtools/shared/forward-logs-shared.js:27
[  214769ms] [WARNING] The resource http://localhost:3000/_next/static/css/app/layout.css?v=1778831614169 was preloaded using link preload but not used within a few seconds from the window's load event. Please make sure it has an appropriate `as` value and it is preloaded intentionally. @ http://localhost:3000/campaign/cmmr6djjy0000ws482a52nc1y:0
[  214769ms] [WARNING] The resource http://localhost:3000/_next/static/css/app/layout.css?v=1778831613919 was preloaded using link preload but not used within a few seconds from the window's load event. Please make sure it has an appropriate `as` value and it is preloaded intentionally. @ http://localhost:3000/campaign/cmmr6djjy0000ws482a52nc1y:0
[  219235ms] [LOG] [Fast Refresh] rebuilding @ webpack-internal:///(app-pages-browser)/./node_modules/next/dist/next-devtools/shared/forward-logs-shared.js:27
[  219477ms] [LOG] [Fast Refresh] rebuilding @ webpack-internal:///(app-pages-browser)/./node_modules/next/dist/next-devtools/shared/forward-logs-shared.js:27
[  219564ms] [LOG] [Fast Refresh] done in 87ms @ webpack-internal:///(app-pages-browser)/./node_modules/next/dist/next-devtools/shared/forward-logs-shared.js:27
[  219699ms] [LOG] [Fast Refresh] done in 222ms @ webpack-internal:///(app-pages-browser)/./node_modules/next/dist/next-devtools/shared/forward-logs-shared.js:27
[  222932ms] [WARNING] The resource http://localhost:3000/_next/static/css/app/layout.css?v=1778831614169 was preloaded using link preload but not used within a few seconds from the window's load event. Please make sure it has an appropriate `as` value and it is preloaded intentionally. @ http://localhost:3000/campaign/cmmr6djjy0000ws482a52nc1y:0
[  222932ms] [WARNING] The resource http://localhost:3000/_next/static/css/app/layout.css?v=1778831613919 was preloaded using link preload but not used within a few seconds from the window's load event. Please make sure it has an appropriate `as` value and it is preloaded intentionally. @ http://localhost:3000/campaign/cmmr6djjy0000ws482a52nc1y:0
[  234753ms] [LOG] [Fast Refresh] rebuilding @ webpack-internal:///(app-pages-browser)/./node_modules/next/dist/next-devtools/shared/forward-logs-shared.js:27
[  234982ms] [LOG] [Fast Refresh] rebuilding @ webpack-internal:///(app-pages-browser)/./node_modules/next/dist/next-devtools/shared/forward-logs-shared.js:27
[  235060ms] [LOG] [Fast Refresh] done in 77ms @ webpack-internal:///(app-pages-browser)/./node_modules/next/dist/next-devtools/shared/forward-logs-shared.js:27
[  235208ms] [LOG] [Fast Refresh] done in 226ms @ webpack-internal:///(app-pages-browser)/./node_modules/next/dist/next-devtools/shared/forward-logs-shared.js:27
[  238589ms] [WARNING] The resource http://localhost:3000/_next/static/css/app/layout.css?v=1778831614169 was preloaded using link preload but not used within a few seconds from the window's load event. Please make sure it has an appropriate `as` value and it is preloaded intentionally. @ http://localhost:3000/campaign/cmmr6djjy0000ws482a52nc1y:0
[  238589ms] [WARNING] The resource http://localhost:3000/_next/static/css/app/layout.css?v=1778831613919 was preloaded using link preload but not used within a few seconds from the window's load event. Please make sure it has an appropriate `as` value and it is preloaded intentionally. @ http://localhost:3000/campaign/cmmr6djjy0000ws482a52nc1y:0
[  247354ms] [LOG] [Fast Refresh] rebuilding @ webpack-internal:///(app-pages-browser)/./node_modules/next/dist/next-devtools/shared/forward-logs-shared.js:27
[  247583ms] [LOG] [Fast Refresh] rebuilding @ webpack-internal:///(app-pages-browser)/./node_modules/next/dist/next-devtools/shared/forward-logs-shared.js:27
[  247672ms] [LOG] [Fast Refresh] done in 89ms @ webpack-internal:///(app-pages-browser)/./node_modules/next/dist/next-devtools/shared/forward-logs-shared.js:27
[  247805ms] [LOG] [Fast Refresh] done in 221ms @ webpack-internal:///(app-pages-browser)/./node_modules/next/dist/next-devtools/shared/forward-logs-shared.js:27
[  251029ms] [WARNING] The resource http://localhost:3000/_next/static/css/app/layout.css?v=1778831614169 was preloaded using link preload but not used within a few seconds from the window's load event. Please make sure it has an appropriate `as` value and it is preloaded intentionally. @ http://localhost:3000/campaign/cmmr6djjy0000ws482a52nc1y:0
[  251031ms] [WARNING] The resource http://localhost:3000/_next/static/css/app/layout.css?v=1778831613919 was preloaded using link preload but not used within a few seconds from the window's load event. Please make sure it has an appropriate `as` value and it is preloaded intentionally. @ http://localhost:3000/campaign/cmmr6djjy0000ws482a52nc1y:0
[  270428ms] [LOG] [Fast Refresh] rebuilding @ webpack-internal:///(app-pages-browser)/./node_modules/next/dist/next-devtools/shared/forward-logs-shared.js:27
[  270655ms] [LOG] [Fast Refresh] rebuilding @ webpack-internal:///(app-pages-browser)/./node_modules/next/dist/next-devtools/shared/forward-logs-shared.js:27
[  270736ms] [LOG] [Fast Refresh] done in 80ms @ webpack-internal:///(app-pages-browser)/./node_modules/next/dist/next-devtools/shared/forward-logs-shared.js:27
[  270855ms] [LOG] [Fast Refresh] done in 199ms @ webpack-internal:///(app-pages-browser)/./node_modules/next/dist/next-devtools/shared/forward-logs-shared.js:27
[  274105ms] [WARNING] The resource http://localhost:3000/_next/static/css/app/layout.css?v=1778831614169 was preloaded using link preload but not used within a few seconds from the window's load event. Please make sure it has an appropriate `as` value and it is preloaded intentionally. @ http://localhost:3000/campaign/cmmr6djjy0000ws482a52nc1y:0
[  274105ms] [WARNING] The resource http://localhost:3000/_next/static/css/app/layout.css?v=1778831613919 was preloaded using link preload but not used within a few seconds from the window's load event. Please make sure it has an appropriate `as` value and it is preloaded intentionally. @ http://localhost:3000/campaign/cmmr6djjy0000ws482a52nc1y:0
[  297070ms] [LOG] [Fast Refresh] rebuilding @ webpack-internal:///(app-pages-browser)/./node_modules/next/dist/next-devtools/shared/forward-logs-shared.js:27
[  298160ms] [WARNING] [Fast Refresh] performing full reload because your application had an unrecoverable error @ webpack-internal:///(app-pages-browser)/./node_modules/next/dist/next-devtools/shared/forward-logs-shared.js:27
[  298273ms] [LOG] [Fast Refresh] rebuilding @ webpack-internal:///(app-pages-browser)/./node_modules/next/dist/next-devtools/shared/forward-logs-shared.js:27
[  298546ms] [LOG] [Fast Refresh] done in 273ms @ webpack-internal:///(app-pages-browser)/./node_modules/next/dist/next-devtools/shared/forward-logs-shared.js:27
[  298684ms] [LOG] [Fast Refresh] rebuilding @ webpack-internal:///(app-pages-browser)/./node_modules/next/dist/next-devtools/shared/forward-logs-shared.js:27
[  298954ms] [LOG] [Fast Refresh] done in 271ms @ webpack-internal:///(app-pages-browser)/./node_modules/next/dist/next-devtools/shared/forward-logs-shared.js:27
[  299925ms] [INFO] %cDownload the React DevTools for a better development experience: https://react.dev/link/react-devtools font-weight:bold @ webpack-internal:///(app-pages-browser)/./node_modules/next/dist/next-devtools/shared/forward-logs-shared.js:27
[  300011ms] [LOG] [HMR] connected @ webpack-internal:///(app-pages-browser)/./node_modules/next/dist/next-devtools/shared/forward-logs-shared.js:27
[  302100ms] [LOG] [Fast Refresh] rebuilding @ webpack-internal:///(app-pages-browser)/./node_modules/next/dist/next-devtools/shared/forward-logs-shared.js:27
[  302743ms] [WARNING] Canvas2D: Multiple readback operations using getImageData are faster with the willReadFrequently attribute set to true. See: https://html.spec.whatwg.org/multipage/canvas.html#concept-canvas-will-read-frequently @ webpack-internal:///(app-pages-browser)/./src/components/dice/DiceMesh.ts:191
[  302750ms] [WARNING] Canvas2D: Multiple readback operations using getImageData are faster with the willReadFrequently attribute set to true. See: https://html.spec.whatwg.org/multipage/canvas.html#concept-canvas-will-read-frequently @ webpack-internal:///(app-pages-browser)/./src/components/dice/DiceMesh.ts:191
[  302758ms] [WARNING] Canvas2D: Multiple readback operations using getImageData are faster with the willReadFrequently attribute set to true. See: https://html.spec.whatwg.org/multipage/canvas.html#concept-canvas-will-read-frequently @ webpack-internal:///(app-pages-browser)/./src/components/dice/DiceMesh.ts:191
[  302764ms] [WARNING] Canvas2D: Multiple readback operations using getImageData are faster with the willReadFrequently attribute set to true. See: https://html.spec.whatwg.org/multipage/canvas.html#concept-canvas-will-read-frequently @ webpack-internal:///(app-pages-browser)/./src/components/dice/DiceMesh.ts:191
[  302774ms] [WARNING] Canvas2D: Multiple readback operations using getImageData are faster with the willReadFrequently attribute set to true. See: https://html.spec.whatwg.org/multipage/canvas.html#concept-canvas-will-read-frequently @ webpack-internal:///(app-pages-browser)/./src/components/dice/DiceMesh.ts:191
[  302780ms] [WARNING] Canvas2D: Multiple readback operations using getImageData are faster with the willReadFrequently attribute set to true. See: https://html.spec.whatwg.org/multipage/canvas.html#concept-canvas-will-read-frequently @ webpack-internal:///(app-pages-browser)/./src/components/dice/DiceMesh.ts:191
[  302786ms] [WARNING] Canvas2D: Multiple readback operations using getImageData are faster with the willReadFrequently attribute set to true. See: https://html.spec.whatwg.org/multipage/canvas.html#concept-canvas-will-read-frequently @ webpack-internal:///(app-pages-browser)/./src/components/dice/DiceMesh.ts:191
[  302795ms] [WARNING] Canvas2D: Multiple readback operations using getImageData are faster with the willReadFrequently attribute set to true. See: https://html.spec.whatwg.org/multipage/canvas.html#concept-canvas-will-read-frequently @ webpack-internal:///(app-pages-browser)/./src/components/dice/DiceMesh.ts:191
[  302803ms] [WARNING] Canvas2D: Multiple readback operations using getImageData are faster with the willReadFrequently attribute set to true. See: https://html.spec.whatwg.org/multipage/canvas.html#concept-canvas-will-read-frequently @ webpack-internal:///(app-pages-browser)/./src/components/dice/DiceMesh.ts:191
[  302812ms] [WARNING] Canvas2D: Multiple readback operations using getImageData are faster with the willReadFrequently attribute set to true. See: https://html.spec.whatwg.org/multipage/canvas.html#concept-canvas-will-read-frequently @ webpack-internal:///(app-pages-browser)/./src/components/dice/DiceMesh.ts:191
[  302818ms] [WARNING] Canvas2D: Multiple readback operations using getImageData are faster with the willReadFrequently attribute set to true. See: https://html.spec.whatwg.org/multipage/canvas.html#concept-canvas-will-read-frequently @ webpack-internal:///(app-pages-browser)/./src/components/dice/DiceMesh.ts:191
[  302827ms] [WARNING] Canvas2D: Multiple readback operations using getImageData are faster with the willReadFrequently attribute set to true. See: https://html.spec.whatwg.org/multipage/canvas.html#concept-canvas-will-read-frequently @ webpack-internal:///(app-pages-browser)/./src/components/dice/DiceMesh.ts:191
[  302835ms] [WARNING] Canvas2D: Multiple readback operations using getImageData are faster with the willReadFrequently attribute set to true. See: https://html.spec.whatwg.org/multipage/canvas.html#concept-canvas-will-read-frequently @ webpack-internal:///(app-pages-browser)/./src/components/dice/DiceMesh.ts:191
[  302841ms] [WARNING] Canvas2D: Multiple readback operations using getImageData are faster with the willReadFrequently attribute set to true. See: https://html.spec.whatwg.org/multipage/canvas.html#concept-canvas-will-read-frequently @ webpack-internal:///(app-pages-browser)/./src/components/dice/DiceMesh.ts:191
[  302846ms] [WARNING] Canvas2D: Multiple readback operations using getImageData are faster with the willReadFrequently attribute set to true. See: https://html.spec.whatwg.org/multipage/canvas.html#concept-canvas-will-read-frequently @ webpack-internal:///(app-pages-browser)/./src/components/dice/DiceMesh.ts:191
[  302852ms] [WARNING] Canvas2D: Multiple readback operations using getImageData are faster with the willReadFrequently attribute set to true. See: https://html.spec.whatwg.org/multipage/canvas.html#concept-canvas-will-read-frequently @ webpack-internal:///(app-pages-browser)/./src/components/dice/DiceMesh.ts:191
[  302859ms] [WARNING] Canvas2D: Multiple readback operations using getImageData are faster with the willReadFrequently attribute set to true. See: https://html.spec.whatwg.org/multipage/canvas.html#concept-canvas-will-read-frequently @ webpack-internal:///(app-pages-browser)/./src/components/dice/DiceMesh.ts:191
[  302864ms] [WARNING] Canvas2D: Multiple readback operations using getImageData are faster with the willReadFrequently attribute set to true. See: https://html.spec.whatwg.org/multipage/canvas.html#concept-canvas-will-read-frequently @ webpack-internal:///(app-pages-browser)/./src/components/dice/DiceMesh.ts:191
[  302871ms] [WARNING] Canvas2D: Multiple readback operations using getImageData are faster with the willReadFrequently attribute set to true. See: https://html.spec.whatwg.org/multipage/canvas.html#concept-canvas-will-read-frequently @ webpack-internal:///(app-pages-browser)/./src/components/dice/DiceMesh.ts:191
[  302880ms] [WARNING] Canvas2D: Multiple readback operations using getImageData are faster with the willReadFrequently attribute set to true. See: https://html.spec.whatwg.org/multipage/canvas.html#concept-canvas-will-read-frequently @ webpack-internal:///(app-pages-browser)/./src/components/dice/DiceMesh.ts:191
[  302886ms] [WARNING] Canvas2D: Multiple readback operations using getImageData are faster with the willReadFrequently attribute set to true. See: https://html.spec.whatwg.org/multipage/canvas.html#concept-canvas-will-read-frequently @ webpack-internal:///(app-pages-browser)/./src/components/dice/DiceMesh.ts:191
[  302895ms] [WARNING] Canvas2D: Multiple readback operations using getImageData are faster with the willReadFrequently attribute set to true. See: https://html.spec.whatwg.org/multipage/canvas.html#concept-canvas-will-read-frequently @ webpack-internal:///(app-pages-browser)/./src/components/dice/DiceMesh.ts:191
[  302901ms] [WARNING] Canvas2D: Multiple readback operations using getImageData are faster with the willReadFrequently attribute set to true. See: https://html.spec.whatwg.org/multipage/canvas.html#concept-canvas-will-read-frequently @ webpack-internal:///(app-pages-browser)/./src/components/dice/DiceMesh.ts:191
[  302908ms] [WARNING] Canvas2D: Multiple readback operations using getImageData are faster with the willReadFrequently attribute set to true. See: https://html.spec.whatwg.org/multipage/canvas.html#concept-canvas-will-read-frequently @ webpack-internal:///(app-pages-browser)/./src/components/dice/DiceMesh.ts:191
[  302913ms] [WARNING] Canvas2D: Multiple readback operations using getImageData are faster with the willReadFrequently attribute set to true. See: https://html.spec.whatwg.org/multipage/canvas.html#concept-canvas-will-read-frequently @ webpack-internal:///(app-pages-browser)/./src/components/dice/DiceMesh.ts:191
[  302918ms] [WARNING] Canvas2D: Multiple readback operations using getImageData are faster with the willReadFrequently attribute set to true. See: https://html.spec.whatwg.org/multipage/canvas.html#concept-canvas-will-read-frequently @ webpack-internal:///(app-pages-browser)/./src/components/dice/DiceMesh.ts:191
[  302925ms] [WARNING] Canvas2D: Multiple readback operations using getImageData are faster with the willReadFrequently attribute set to true. See: https://html.spec.whatwg.org/multipage/canvas.html#concept-canvas-will-read-frequently @ webpack-internal:///(app-pages-browser)/./src/components/dice/DiceMesh.ts:191
[  302943ms] [WARNING] Canvas2D: Multiple readback operations using getImageData are faster with the willReadFrequently attribute set to true. See: https://html.spec.whatwg.org/multipage/canvas.html#concept-canvas-will-read-frequently @ webpack-internal:///(app-pages-browser)/./src/components/dice/DiceMesh.ts:191
[  302951ms] [WARNING] Canvas2D: Multiple readback operations using getImageData are faster with the willReadFrequently attribute set to true. See: https://html.spec.whatwg.org/multipage/canvas.html#concept-canvas-will-read-frequently @ webpack-internal:///(app-pages-browser)/./src/components/dice/DiceMesh.ts:191
[  302959ms] [WARNING] Canvas2D: Multiple readback operations using getImageData are faster with the willReadFrequently attribute set to true. See: https://html.spec.whatwg.org/multipage/canvas.html#concept-canvas-will-read-frequently @ webpack-internal:///(app-pages-browser)/./src/components/dice/DiceMesh.ts:191
[  302964ms] [WARNING] Canvas2D: Multiple readback operations using getImageData are faster with the willReadFrequently attribute set to true. See: https://html.spec.whatwg.org/multipage/canvas.html#concept-canvas-will-read-frequently @ webpack-internal:///(app-pages-browser)/./src/components/dice/DiceMesh.ts:191
[  302970ms] [WARNING] Canvas2D: Multiple readback operations using getImageData are faster with the willReadFrequently attribute set to true. See: https://html.spec.whatwg.org/multipage/canvas.html#concept-canvas-will-read-frequently @ webpack-internal:///(app-pages-browser)/./src/components/dice/DiceMesh.ts:191
[  302978ms] [WARNING] Canvas2D: Multiple readback operations using getImageData are faster with the willReadFrequently attribute set to true. See: https://html.spec.whatwg.org/multipage/canvas.html#concept-canvas-will-read-frequently @ webpack-internal:///(app-pages-browser)/./src/components/dice/DiceMesh.ts:191
[  302981ms] [WARNING] Canvas2D: Multiple readback operations using getImageData are faster with the willReadFrequently attribute set to true. See: https://html.spec.whatwg.org/multipage/canvas.html#concept-canvas-will-read-frequently @ webpack-internal:///(app-pages-browser)/./src/components/dice/DiceMesh.ts:191
[  302992ms] [WARNING] Canvas2D: Multiple readback operations using getImageData are faster with the willReadFrequently attribute set to true. See: https://html.spec.whatwg.org/multipage/canvas.html#concept-canvas-will-read-frequently @ webpack-internal:///(app-pages-browser)/./src/components/dice/DiceMesh.ts:191
[  302998ms] [WARNING] Canvas2D: Multiple readback operations using getImageData are faster with the willReadFrequently attribute set to true. See: https://html.spec.whatwg.org/multipage/canvas.html#concept-canvas-will-read-frequently @ webpack-internal:///(app-pages-browser)/./src/components/dice/DiceMesh.ts:191
[  303003ms] [WARNING] Canvas2D: Multiple readback operations using getImageData are faster with the willReadFrequently attribute set to true. See: https://html.spec.whatwg.org/multipage/canvas.html#concept-canvas-will-read-frequently @ webpack-internal:///(app-pages-browser)/./src/components/dice/DiceMesh.ts:191
[  303012ms] [WARNING] Canvas2D: Multiple readback operations using getImageData are faster with the willReadFrequently attribute set to true. See: https://html.spec.whatwg.org/multipage/canvas.html#concept-canvas-will-read-frequently @ webpack-internal:///(app-pages-browser)/./src/components/dice/DiceMesh.ts:191
[  303016ms] [WARNING] Canvas2D: Multiple readback operations using getImageData are faster with the willReadFrequently attribute set to true. See: https://html.spec.whatwg.org/multipage/canvas.html#concept-canvas-will-read-frequently @ webpack-internal:///(app-pages-browser)/./src/components/dice/DiceMesh.ts:191
[  303025ms] [WARNING] Canvas2D: Multiple readback operations using getImageData are faster with the willReadFrequently attribute set to true. See: https://html.spec.whatwg.org/multipage/canvas.html#concept-canvas-will-read-frequently @ webpack-internal:///(app-pages-browser)/./src/components/dice/DiceMesh.ts:191
[  303031ms] [WARNING] Canvas2D: Multiple readback operations using getImageData are faster with the willReadFrequently attribute set to true. See: https://html.spec.whatwg.org/multipage/canvas.html#concept-canvas-will-read-frequently @ webpack-internal:///(app-pages-browser)/./src/components/dice/DiceMesh.ts:191
[  303035ms] [WARNING] Canvas2D: Multiple readback operations using getImageData are faster with the willReadFrequently attribute set to true. See: https://html.spec.whatwg.org/multipage/canvas.html#concept-canvas-will-read-frequently @ webpack-internal:///(app-pages-browser)/./src/components/dice/DiceMesh.ts:191
[  303042ms] [WARNING] Canvas2D: Multiple readback operations using getImageData are faster with the willReadFrequently attribute set to true. See: https://html.spec.whatwg.org/multipage/canvas.html#concept-canvas-will-read-frequently @ webpack-internal:///(app-pages-browser)/./src/components/dice/DiceMesh.ts:191
[  303049ms] [WARNING] Canvas2D: Multiple readback operations using getImageData are faster with the willReadFrequently attribute set to true. See: https://html.spec.whatwg.org/multipage/canvas.html#concept-canvas-will-read-frequently @ webpack-internal:///(app-pages-browser)/./src/components/dice/DiceMesh.ts:191
[  303054ms] [WARNING] Canvas2D: Multiple readback operations using getImageData are faster with the willReadFrequently attribute set to true. See: https://html.spec.whatwg.org/multipage/canvas.html#concept-canvas-will-read-frequently @ webpack-internal:///(app-pages-browser)/./src/components/dice/DiceMesh.ts:191
[  303067ms] [WARNING] Canvas2D: Multiple readback operations using getImageData are faster with the willReadFrequently attribute set to true. See: https://html.spec.whatwg.org/multipage/canvas.html#concept-canvas-will-read-frequently @ webpack-internal:///(app-pages-browser)/./src/components/dice/DiceMesh.ts:191
[  303076ms] [WARNING] Canvas2D: Multiple readback operations using getImageData are faster with the willReadFrequently attribute set to true. See: https://html.spec.whatwg.org/multipage/canvas.html#concept-canvas-will-read-frequently @ webpack-internal:///(app-pages-browser)/./src/components/dice/DiceMesh.ts:191
[  303083ms] [WARNING] Canvas2D: Multiple readback operations using getImageData are faster with the willReadFrequently attribute set to true. See: https://html.spec.whatwg.org/multipage/canvas.html#concept-canvas-will-read-frequently @ webpack-internal:///(app-pages-browser)/./src/components/dice/DiceMesh.ts:191
[  303094ms] [WARNING] Canvas2D: Multiple readback operations using getImageData are faster with the willReadFrequently attribute set to true. See: https://html.spec.whatwg.org/multipage/canvas.html#concept-canvas-will-read-frequently @ webpack-internal:///(app-pages-browser)/./src/components/dice/DiceMesh.ts:191
[  303103ms] [WARNING] Canvas2D: Multiple readback operations using getImageData are faster with the willReadFrequently attribute set to true. See: https://html.spec.whatwg.org/multipage/canvas.html#concept-canvas-will-read-frequently @ webpack-internal:///(app-pages-browser)/./src/components/dice/DiceMesh.ts:191
[  303114ms] [WARNING] Canvas2D: Multiple readback operations using getImageData are faster with the willReadFrequently attribute set to true. See: https://html.spec.whatwg.org/multipage/canvas.html#concept-canvas-will-read-frequently @ webpack-internal:///(app-pages-browser)/./src/components/dice/DiceMesh.ts:191
[  303120ms] [WARNING] Canvas2D: Multiple readback operations using getImageData are faster with the willReadFrequently attribute set to true. See: https://html.spec.whatwg.org/multipage/canvas.html#concept-canvas-will-read-frequently @ webpack-internal:///(app-pages-browser)/./src/components/dice/DiceMesh.ts:191
[  303142ms] [WARNING] Canvas2D: Multiple readback operations using getImageData are faster with the willReadFrequently attribute set to true. See: https://html.spec.whatwg.org/multipage/canvas.html#concept-canvas-will-read-frequently @ webpack-internal:///(app-pages-browser)/./src/components/dice/DiceMesh.ts:191
[  303152ms] [WARNING] Canvas2D: Multiple readback operations using getImageData are faster with the willReadFrequently attribute set to true. See: https://html.spec.whatwg.org/multipage/canvas.html#concept-canvas-will-read-frequently @ webpack-internal:///(app-pages-browser)/./src/components/dice/DiceMesh.ts:191
[  303171ms] [WARNING] Canvas2D: Multiple readback operations using getImageData are faster with the willReadFrequently attribute set to true. See: https://html.spec.whatwg.org/multipage/canvas.html#concept-canvas-will-read-frequently @ webpack-internal:///(app-pages-browser)/./src/components/dice/DiceMesh.ts:191
[  303180ms] [WARNING] Canvas2D: Multiple readback operations using getImageData are faster with the willReadFrequently attribute set to true. See: https://html.spec.whatwg.org/multipage/canvas.html#concept-canvas-will-read-frequently @ webpack-internal:///(app-pages-browser)/./src/components/dice/DiceMesh.ts:191
[  303185ms] [WARNING] Canvas2D: Multiple readback operations using getImageData are faster with the willReadFrequently attribute set to true. See: https://html.spec.whatwg.org/multipage/canvas.html#concept-canvas-will-read-frequently @ webpack-internal:///(app-pages-browser)/./src/components/dice/DiceMesh.ts:191
[  303191ms] [WARNING] Canvas2D: Multiple readback operations using getImageData are faster with the willReadFrequently attribute set to true. See: https://html.spec.whatwg.org/multipage/canvas.html#concept-canvas-will-read-frequently @ webpack-internal:///(app-pages-browser)/./src/components/dice/DiceMesh.ts:191
[  303196ms] [WARNING] Canvas2D: Multiple readback operations using getImageData are faster with the willReadFrequently attribute set to true. See: https://html.spec.whatwg.org/multipage/canvas.html#concept-canvas-will-read-frequently @ webpack-internal:///(app-pages-browser)/./src/components/dice/DiceMesh.ts:191
[  303200ms] [WARNING] Canvas2D: Multiple readback operations using getImageData are faster with the willReadFrequently attribute set to true. See: https://html.spec.whatwg.org/multipage/canvas.html#concept-canvas-will-read-frequently @ webpack-internal:///(app-pages-browser)/./src/components/dice/DiceMesh.ts:191
[  303208ms] [WARNING] Canvas2D: Multiple readback operations using getImageData are faster with the willReadFrequently attribute set to true. See: https://html.spec.whatwg.org/multipage/canvas.html#concept-canvas-will-read-frequently @ webpack-internal:///(app-pages-browser)/./src/components/dice/DiceMesh.ts:191
[  303212ms] [WARNING] Canvas2D: Multiple readback operations using getImageData are faster with the willReadFrequently attribute set to true. See: https://html.spec.whatwg.org/multipage/canvas.html#concept-canvas-will-read-frequently @ webpack-internal:///(app-pages-browser)/./src/components/dice/DiceMesh.ts:191
[  303225ms] [WARNING] Canvas2D: Multiple readback operations using getImageData are faster with the willReadFrequently attribute set to true. See: https://html.spec.whatwg.org/multipage/canvas.html#concept-canvas-will-read-frequently @ webpack-internal:///(app-pages-browser)/./src/components/dice/DiceMesh.ts:191
[  303228ms] [WARNING] Canvas2D: Multiple readback operations using getImageData are faster with the willReadFrequently attribute set to true. See: https://html.spec.whatwg.org/multipage/canvas.html#concept-canvas-will-read-frequently @ webpack-internal:///(app-pages-browser)/./src/components/dice/DiceMesh.ts:191
[  303232ms] [WARNING] Canvas2D: Multiple readback operations using getImageData are faster with the willReadFrequently attribute set to true. See: https://html.spec.whatwg.org/multipage/canvas.html#concept-canvas-will-read-frequently @ webpack-internal:///(app-pages-browser)/./src/components/dice/DiceMesh.ts:191
[  303236ms] [WARNING] Canvas2D: Multiple readback operations using getImageData are faster with the willReadFrequently attribute set to true. See: https://html.spec.whatwg.org/multipage/canvas.html#concept-canvas-will-read-frequently @ webpack-internal:///(app-pages-browser)/./src/components/dice/DiceMesh.ts:191
[  303245ms] [WARNING] Canvas2D: Multiple readback operations using getImageData are faster with the willReadFrequently attribute set to true. See: https://html.spec.whatwg.org/multipage/canvas.html#concept-canvas-will-read-frequently @ webpack-internal:///(app-pages-browser)/./src/components/dice/DiceMesh.ts:191
[  303250ms] [WARNING] Canvas2D: Multiple readback operations using getImageData are faster with the willReadFrequently attribute set to true. See: https://html.spec.whatwg.org/multipage/canvas.html#concept-canvas-will-read-frequently @ webpack-internal:///(app-pages-browser)/./src/components/dice/DiceMesh.ts:191
[  303254ms] [WARNING] Canvas2D: Multiple readback operations using getImageData are faster with the willReadFrequently attribute set to true. See: https://html.spec.whatwg.org/multipage/canvas.html#concept-canvas-will-read-frequently @ webpack-internal:///(app-pages-browser)/./src/components/dice/DiceMesh.ts:191
[  303259ms] [WARNING] Canvas2D: Multiple readback operations using getImageData are faster with the willReadFrequently attribute set to true. See: https://html.spec.whatwg.org/multipage/canvas.html#concept-canvas-will-read-frequently @ webpack-internal:///(app-pages-browser)/./src/components/dice/DiceMesh.ts:191
[  303263ms] [WARNING] Canvas2D: Multiple readback operations using getImageData are faster with the willReadFrequently attribute set to true. See: https://html.spec.whatwg.org/multipage/canvas.html#concept-canvas-will-read-frequently @ webpack-internal:///(app-pages-browser)/./src/components/dice/DiceMesh.ts:191
[  303269ms] [WARNING] Canvas2D: Multiple readback operations using getImageData are faster with the willReadFrequently attribute set to true. See: https://html.spec.whatwg.org/multipage/canvas.html#concept-canvas-will-read-frequently @ webpack-internal:///(app-pages-browser)/./src/components/dice/DiceMesh.ts:191
[  303280ms] [WARNING] Canvas2D: Multiple readback operations using getImageData are faster with the willReadFrequently attribute set to true. See: https://html.spec.whatwg.org/multipage/canvas.html#concept-canvas-will-read-frequently @ webpack-internal:///(app-pages-browser)/./src/components/dice/DiceMesh.ts:191
[  303284ms] [WARNING] Canvas2D: Multiple readback operations using getImageData are faster with the willReadFrequently attribute set to true. See: https://html.spec.whatwg.org/multipage/canvas.html#concept-canvas-will-read-frequently @ webpack-internal:///(app-pages-browser)/./src/components/dice/DiceMesh.ts:191
[  303291ms] [WARNING] Canvas2D: Multiple readback operations using getImageData are faster with the willReadFrequently attribute set to true. See: https://html.spec.whatwg.org/multipage/canvas.html#concept-canvas-will-read-frequently @ webpack-internal:///(app-pages-browser)/./src/components/dice/DiceMesh.ts:191
[  303295ms] [WARNING] Canvas2D: Multiple readback operations using getImageData are faster with the willReadFrequently attribute set to true. See: https://html.spec.whatwg.org/multipage/canvas.html#concept-canvas-will-read-frequently @ webpack-internal:///(app-pages-browser)/./src/components/dice/DiceMesh.ts:191
[  303398ms] [LOG] [Fast Refresh] done in 1299ms @ webpack-internal:///(app-pages-browser)/./node_modules/next/dist/next-devtools/shared/forward-logs-shared.js:27
[  313454ms] [LOG] [Fast Refresh] rebuilding @ webpack-internal:///(app-pages-browser)/./node_modules/next/dist/next-devtools/shared/forward-logs-shared.js:27
[  313759ms] [LOG] [Fast Refresh] done in 306ms @ webpack-internal:///(app-pages-browser)/./node_modules/next/dist/next-devtools/shared/forward-logs-shared.js:27
[  313792ms] [LOG] [Fast Refresh] rebuilding @ webpack-internal:///(app-pages-browser)/./node_modules/next/dist/next-devtools/shared/forward-logs-shared.js:27
[  314003ms] [LOG] [Fast Refresh] done in 211ms @ webpack-internal:///(app-pages-browser)/./node_modules/next/dist/next-devtools/shared/forward-logs-shared.js:27
[  378587ms] [INFO] %cDownload the React DevTools for a better development experience: https://react.dev/link/react-devtools font-weight:bold @ webpack-internal:///(app-pages-browser)/./node_modules/next/dist/next-devtools/shared/forward-logs-shared.js:27
[  378680ms] [LOG] [HMR] connected @ webpack-internal:///(app-pages-browser)/./node_modules/next/dist/next-devtools/shared/forward-logs-shared.js:27
[  380467ms] [WARNING] Canvas2D: Multiple readback operations using getImageData are faster with the willReadFrequently attribute set to true. See: https://html.spec.whatwg.org/multipage/canvas.html#concept-canvas-will-read-frequently @ webpack-internal:///(app-pages-browser)/./src/components/dice/DiceMesh.ts:191
[  380484ms] [WARNING] Canvas2D: Multiple readback operations using getImageData are faster with the willReadFrequently attribute set to true. See: https://html.spec.whatwg.org/multipage/canvas.html#concept-canvas-will-read-frequently @ webpack-internal:///(app-pages-browser)/./src/components/dice/DiceMesh.ts:191
[  380487ms] [WARNING] Canvas2D: Multiple readback operations using getImageData are faster with the willReadFrequently attribute set to true. See: https://html.spec.whatwg.org/multipage/canvas.html#concept-canvas-will-read-frequently @ webpack-internal:///(app-pages-browser)/./src/components/dice/DiceMesh.ts:191
[  380497ms] [WARNING] Canvas2D: Multiple readback operations using getImageData are faster with the willReadFrequently attribute set to true. See: https://html.spec.whatwg.org/multipage/canvas.html#concept-canvas-will-read-frequently @ webpack-internal:///(app-pages-browser)/./src/components/dice/DiceMesh.ts:191
[  380500ms] [WARNING] Canvas2D: Multiple readback operations using getImageData are faster with the willReadFrequently attribute set to true. See: https://html.spec.whatwg.org/multipage/canvas.html#concept-canvas-will-read-frequently @ webpack-internal:///(app-pages-browser)/./src/components/dice/DiceMesh.ts:191
[  380502ms] [WARNING] Canvas2D: Multiple readback operations using getImageData are faster with the willReadFrequently attribute set to true. See: https://html.spec.whatwg.org/multipage/canvas.html#concept-canvas-will-read-frequently @ webpack-internal:///(app-pages-browser)/./src/components/dice/DiceMesh.ts:191
[  380505ms] [WARNING] Canvas2D: Multiple readback operations using getImageData are faster with the willReadFrequently attribute set to true. See: https://html.spec.whatwg.org/multipage/canvas.html#concept-canvas-will-read-frequently @ webpack-internal:///(app-pages-browser)/./src/components/dice/DiceMesh.ts:191
[  380508ms] [WARNING] Canvas2D: Multiple readback operations using getImageData are faster with the willReadFrequently attribute set to true. See: https://html.spec.whatwg.org/multipage/canvas.html#concept-canvas-will-read-frequently @ webpack-internal:///(app-pages-browser)/./src/components/dice/DiceMesh.ts:191
[  380510ms] [WARNING] Canvas2D: Multiple readback operations using getImageData are faster with the willReadFrequently attribute set to true. See: https://html.spec.whatwg.org/multipage/canvas.html#concept-canvas-will-read-frequently @ webpack-internal:///(app-pages-browser)/./src/components/dice/DiceMesh.ts:191
[  380512ms] [WARNING] Canvas2D: Multiple readback operations using getImageData are faster with the willReadFrequently attribute set to true. See: https://html.spec.whatwg.org/multipage/canvas.html#concept-canvas-will-read-frequently @ webpack-internal:///(app-pages-browser)/./src/components/dice/DiceMesh.ts:191
[  380514ms] [WARNING] Canvas2D: Multiple readback operations using getImageData are faster with the willReadFrequently attribute set to true. See: https://html.spec.whatwg.org/multipage/canvas.html#concept-canvas-will-read-frequently @ webpack-internal:///(app-pages-browser)/./src/components/dice/DiceMesh.ts:191
[  380517ms] [WARNING] Canvas2D: Multiple readback operations using getImageData are faster with the willReadFrequently attribute set to true. See: https://html.spec.whatwg.org/multipage/canvas.html#concept-canvas-will-read-frequently @ webpack-internal:///(app-pages-browser)/./src/components/dice/DiceMesh.ts:191
[  380527ms] [WARNING] Canvas2D: Multiple readback operations using getImageData are faster with the willReadFrequently attribute set to true. See: https://html.spec.whatwg.org/multipage/canvas.html#concept-canvas-will-read-frequently @ webpack-internal:///(app-pages-browser)/./src/components/dice/DiceMesh.ts:191
[  380534ms] [WARNING] Canvas2D: Multiple readback operations using getImageData are faster with the willReadFrequently attribute set to true. See: https://html.spec.whatwg.org/multipage/canvas.html#concept-canvas-will-read-frequently @ webpack-internal:///(app-pages-browser)/./src/components/dice/DiceMesh.ts:191
[  380536ms] [WARNING] Canvas2D: Multiple readback operations using getImageData are faster with the willReadFrequently attribute set to true. See: https://html.spec.whatwg.org/multipage/canvas.html#concept-canvas-will-read-frequently @ webpack-internal:///(app-pages-browser)/./src/components/dice/DiceMesh.ts:191
[  380545ms] [WARNING] Canvas2D: Multiple readback operations using getImageData are faster with the willReadFrequently attribute set to true. See: https://html.spec.whatwg.org/multipage/canvas.html#concept-canvas-will-read-frequently @ webpack-internal:///(app-pages-browser)/./src/components/dice/DiceMesh.ts:191
[  380548ms] [WARNING] Canvas2D: Multiple readback operations using getImageData are faster with the willReadFrequently attribute set to true. See: https://html.spec.whatwg.org/multipage/canvas.html#concept-canvas-will-read-frequently @ webpack-internal:///(app-pages-browser)/./src/components/dice/DiceMesh.ts:191
[  380550ms] [WARNING] Canvas2D: Multiple readback operations using getImageData are faster with the willReadFrequently attribute set to true. See: https://html.spec.whatwg.org/multipage/canvas.html#concept-canvas-will-read-frequently @ webpack-internal:///(app-pages-browser)/./src/components/dice/DiceMesh.ts:191
[  380552ms] [WARNING] Canvas2D: Multiple readback operations using getImageData are faster with the willReadFrequently attribute set to true. See: https://html.spec.whatwg.org/multipage/canvas.html#concept-canvas-will-read-frequently @ webpack-internal:///(app-pages-browser)/./src/components/dice/DiceMesh.ts:191
[  380554ms] [WARNING] Canvas2D: Multiple readback operations using getImageData are faster with the willReadFrequently attribute set to true. See: https://html.spec.whatwg.org/multipage/canvas.html#concept-canvas-will-read-frequently @ webpack-internal:///(app-pages-browser)/./src/components/dice/DiceMesh.ts:191
[  380557ms] [WARNING] Canvas2D: Multiple readback operations using getImageData are faster with the willReadFrequently attribute set to true. See: https://html.spec.whatwg.org/multipage/canvas.html#concept-canvas-will-read-frequently @ webpack-internal:///(app-pages-browser)/./src/components/dice/DiceMesh.ts:191
[  380559ms] [WARNING] Canvas2D: Multiple readback operations using getImageData are faster with the willReadFrequently attribute set to true. See: https://html.spec.whatwg.org/multipage/canvas.html#concept-canvas-will-read-frequently @ webpack-internal:///(app-pages-browser)/./src/components/dice/DiceMesh.ts:191
[  380562ms] [WARNING] Canvas2D: Multiple readback operations using getImageData are faster with the willReadFrequently attribute set to true. See: https://html.spec.whatwg.org/multipage/canvas.html#concept-canvas-will-read-frequently @ webpack-internal:///(app-pages-browser)/./src/components/dice/DiceMesh.ts:191
[  380564ms] [WARNING] Canvas2D: Multiple readback operations using getImageData are faster with the willReadFrequently attribute set to true. See: https://html.spec.whatwg.org/multipage/canvas.html#concept-canvas-will-read-frequently @ webpack-internal:///(app-pages-browser)/./src/components/dice/DiceMesh.ts:191
[  380567ms] [WARNING] Canvas2D: Multiple readback operations using getImageData are faster with the willReadFrequently attribute set to true. See: https://html.spec.whatwg.org/multipage/canvas.html#concept-canvas-will-read-frequently @ webpack-internal:///(app-pages-browser)/./src/components/dice/DiceMesh.ts:191
[  380588ms] [WARNING] Canvas2D: Multiple readback operations using getImageData are faster with the willReadFrequently attribute set to true. See: https://html.spec.whatwg.org/multipage/canvas.html#concept-canvas-will-read-frequently @ webpack-internal:///(app-pages-browser)/./src/components/dice/DiceMesh.ts:191
[  380613ms] [WARNING] Canvas2D: Multiple readback operations using getImageData are faster with the willReadFrequently attribute set to true. See: https://html.spec.whatwg.org/multipage/canvas.html#concept-canvas-will-read-frequently @ webpack-internal:///(app-pages-browser)/./src/components/dice/DiceMesh.ts:191
[  380615ms] [WARNING] Canvas2D: Multiple readback operations using getImageData are faster with the willReadFrequently attribute set to true. See: https://html.spec.whatwg.org/multipage/canvas.html#concept-canvas-will-read-frequently @ webpack-internal:///(app-pages-browser)/./src/components/dice/DiceMesh.ts:191
[  380625ms] [WARNING] Canvas2D: Multiple readback operations using getImageData are faster with the willReadFrequently attribute set to true. See: https://html.spec.whatwg.org/multipage/canvas.html#concept-canvas-will-read-frequently @ webpack-internal:///(app-pages-browser)/./src/components/dice/DiceMesh.ts:191
[  380654ms] [WARNING] Canvas2D: Multiple readback operations using getImageData are faster with the willReadFrequently attribute set to true. See: https://html.spec.whatwg.org/multipage/canvas.html#concept-canvas-will-read-frequently @ webpack-internal:///(app-pages-browser)/./src/components/dice/DiceMesh.ts:191
[  380663ms] [WARNING] Canvas2D: Multiple readback operations using getImageData are faster with the willReadFrequently attribute set to true. See: https://html.spec.whatwg.org/multipage/canvas.html#concept-canvas-will-read-frequently @ webpack-internal:///(app-pages-browser)/./src/components/dice/DiceMesh.ts:191
[  380666ms] [WARNING] Canvas2D: Multiple readback operations using getImageData are faster with the willReadFrequently attribute set to true. See: https://html.spec.whatwg.org/multipage/canvas.html#concept-canvas-will-read-frequently @ webpack-internal:///(app-pages-browser)/./src/components/dice/DiceMesh.ts:191
[  380687ms] [WARNING] Canvas2D: Multiple readback operations using getImageData are faster with the willReadFrequently attribute set to true. See: https://html.spec.whatwg.org/multipage/canvas.html#concept-canvas-will-read-frequently @ webpack-internal:///(app-pages-browser)/./src/components/dice/DiceMesh.ts:191
[  380712ms] [WARNING] Canvas2D: Multiple readback operations using getImageData are faster with the willReadFrequently attribute set to true. See: https://html.spec.whatwg.org/multipage/canvas.html#concept-canvas-will-read-frequently @ webpack-internal:///(app-pages-browser)/./src/components/dice/DiceMesh.ts:191
[  380715ms] [WARNING] Canvas2D: Multiple readback operations using getImageData are faster with the willReadFrequently attribute set to true. See: https://html.spec.whatwg.org/multipage/canvas.html#concept-canvas-will-read-frequently @ webpack-internal:///(app-pages-browser)/./src/components/dice/DiceMesh.ts:191
[  380717ms] [WARNING] Canvas2D: Multiple readback operations using getImageData are faster with the willReadFrequently attribute set to true. See: https://html.spec.whatwg.org/multipage/canvas.html#concept-canvas-will-read-frequently @ webpack-internal:///(app-pages-browser)/./src/components/dice/DiceMesh.ts:191
[  380737ms] [WARNING] Canvas2D: Multiple readback operations using getImageData are faster with the willReadFrequently attribute set to true. See: https://html.spec.whatwg.org/multipage/canvas.html#concept-canvas-will-read-frequently @ webpack-internal:///(app-pages-browser)/./src/components/dice/DiceMesh.ts:191
[  380763ms] [WARNING] Canvas2D: Multiple readback operations using getImageData are faster with the willReadFrequently attribute set to true. See: https://html.spec.whatwg.org/multipage/canvas.html#concept-canvas-will-read-frequently @ webpack-internal:///(app-pages-browser)/./src/components/dice/DiceMesh.ts:191
[  380766ms] [WARNING] Canvas2D: Multiple readback operations using getImageData are faster with the willReadFrequently attribute set to true. See: https://html.spec.whatwg.org/multipage/canvas.html#concept-canvas-will-read-frequently @ webpack-internal:///(app-pages-browser)/./src/components/dice/DiceMesh.ts:191
[  380787ms] [WARNING] Canvas2D: Multiple readback operations using getImageData are faster with the willReadFrequently attribute set to true. See: https://html.spec.whatwg.org/multipage/canvas.html#concept-canvas-will-read-frequently @ webpack-internal:///(app-pages-browser)/./src/components/dice/DiceMesh.ts:191
[  380821ms] [WARNING] Canvas2D: Multiple readback operations using getImageData are faster with the willReadFrequently attribute set to true. See: https://html.spec.whatwg.org/multipage/canvas.html#concept-canvas-will-read-frequently @ webpack-internal:///(app-pages-browser)/./src/components/dice/DiceMesh.ts:191
[  380831ms] [WARNING] Canvas2D: Multiple readback operations using getImageData are faster with the willReadFrequently attribute set to true. See: https://html.spec.whatwg.org/multipage/canvas.html#concept-canvas-will-read-frequently @ webpack-internal:///(app-pages-browser)/./src/components/dice/DiceMesh.ts:191
[  380841ms] [WARNING] Canvas2D: Multiple readback operations using getImageData are faster with the willReadFrequently attribute set to true. See: https://html.spec.whatwg.org/multipage/canvas.html#concept-canvas-will-read-frequently @ webpack-internal:///(app-pages-browser)/./src/components/dice/DiceMesh.ts:191
[  380872ms] [WARNING] Canvas2D: Multiple readback operations using getImageData are faster with the willReadFrequently attribute set to true. See: https://html.spec.whatwg.org/multipage/canvas.html#concept-canvas-will-read-frequently @ webpack-internal:///(app-pages-browser)/./src/components/dice/DiceMesh.ts:191
[  380874ms] [WARNING] Canvas2D: Multiple readback operations using getImageData are faster with the willReadFrequently attribute set to true. See: https://html.spec.whatwg.org/multipage/canvas.html#concept-canvas-will-read-frequently @ webpack-internal:///(app-pages-browser)/./src/components/dice/DiceMesh.ts:191
[  380876ms] [WARNING] Canvas2D: Multiple readback operations using getImageData are faster with the willReadFrequently attribute set to true. See: https://html.spec.whatwg.org/multipage/canvas.html#concept-canvas-will-read-frequently @ webpack-internal:///(app-pages-browser)/./src/components/dice/DiceMesh.ts:191
[  380878ms] [WARNING] Canvas2D: Multiple readback operations using getImageData are faster with the willReadFrequently attribute set to true. See: https://html.spec.whatwg.org/multipage/canvas.html#concept-canvas-will-read-frequently @ webpack-internal:///(app-pages-browser)/./src/components/dice/DiceMesh.ts:191
[  380880ms] [WARNING] Canvas2D: Multiple readback operations using getImageData are faster with the willReadFrequently attribute set to true. See: https://html.spec.whatwg.org/multipage/canvas.html#concept-canvas-will-read-frequently @ webpack-internal:///(app-pages-browser)/./src/components/dice/DiceMesh.ts:191
[  380882ms] [WARNING] Canvas2D: Multiple readback operations using getImageData are faster with the willReadFrequently attribute set to true. See: https://html.spec.whatwg.org/multipage/canvas.html#concept-canvas-will-read-frequently @ webpack-internal:///(app-pages-browser)/./src/components/dice/DiceMesh.ts:191
[  380892ms] [WARNING] Canvas2D: Multiple readback operations using getImageData are faster with the willReadFrequently attribute set to true. See: https://html.spec.whatwg.org/multipage/canvas.html#concept-canvas-will-read-frequently @ webpack-internal:///(app-pages-browser)/./src/components/dice/DiceMesh.ts:191
[  380921ms] [WARNING] Canvas2D: Multiple readback operations using getImageData are faster with the willReadFrequently attribute set to true. See: https://html.spec.whatwg.org/multipage/canvas.html#concept-canvas-will-read-frequently @ webpack-internal:///(app-pages-browser)/./src/components/dice/DiceMesh.ts:191
[  380948ms] [WARNING] Canvas2D: Multiple readback operations using getImageData are faster with the willReadFrequently attribute set to true. See: https://html.spec.whatwg.org/multipage/canvas.html#concept-canvas-will-read-frequently @ webpack-internal:///(app-pages-browser)/./src/components/dice/DiceMesh.ts:191
[  380950ms] [WARNING] Canvas2D: Multiple readback operations using getImageData are faster with the willReadFrequently attribute set to true. See: https://html.spec.whatwg.org/multipage/canvas.html#concept-canvas-will-read-frequently @ webpack-internal:///(app-pages-browser)/./src/components/dice/DiceMesh.ts:191
[  380971ms] [WARNING] Canvas2D: Multiple readback operations using getImageData are faster with the willReadFrequently attribute set to true. See: https://html.spec.whatwg.org/multipage/canvas.html#concept-canvas-will-read-frequently @ webpack-internal:///(app-pages-browser)/./src/components/dice/DiceMesh.ts:191
[  380996ms] [WARNING] Canvas2D: Multiple readback operations using getImageData are faster with the willReadFrequently attribute set to true. See: https://html.spec.whatwg.org/multipage/canvas.html#concept-canvas-will-read-frequently @ webpack-internal:///(app-pages-browser)/./src/components/dice/DiceMesh.ts:191
[  380998ms] [WARNING] Canvas2D: Multiple readback operations using getImageData are faster with the willReadFrequently attribute set to true. See: https://html.spec.whatwg.org/multipage/canvas.html#concept-canvas-will-read-frequently @ webpack-internal:///(app-pages-browser)/./src/components/dice/DiceMesh.ts:191
[  381000ms] [WARNING] Canvas2D: Multiple readback operations using getImageData are faster with the willReadFrequently attribute set to true. See: https://html.spec.whatwg.org/multipage/canvas.html#concept-canvas-will-read-frequently @ webpack-internal:///(app-pages-browser)/./src/components/dice/DiceMesh.ts:191
[  381021ms] [WARNING] Canvas2D: Multiple readback operations using getImageData are faster with the willReadFrequently attribute set to true. See: https://html.spec.whatwg.org/multipage/canvas.html#concept-canvas-will-read-frequently @ webpack-internal:///(app-pages-browser)/./src/components/dice/DiceMesh.ts:191
[  381047ms] [WARNING] Canvas2D: Multiple readback operations using getImageData are faster with the willReadFrequently attribute set to true. See: https://html.spec.whatwg.org/multipage/canvas.html#concept-canvas-will-read-frequently @ webpack-internal:///(app-pages-browser)/./src/components/dice/DiceMesh.ts:191
[  381049ms] [WARNING] Canvas2D: Multiple readback operations using getImageData are faster with the willReadFrequently attribute set to true. See: https://html.spec.whatwg.org/multipage/canvas.html#concept-canvas-will-read-frequently @ webpack-internal:///(app-pages-browser)/./src/components/dice/DiceMesh.ts:191
[  381071ms] [WARNING] Canvas2D: Multiple readback operations using getImageData are faster with the willReadFrequently attribute set to true. See: https://html.spec.whatwg.org/multipage/canvas.html#concept-canvas-will-read-frequently @ webpack-internal:///(app-pages-browser)/./src/components/dice/DiceMesh.ts:191
[  381096ms] [WARNING] Canvas2D: Multiple readback operations using getImageData are faster with the willReadFrequently attribute set to true. See: https://html.spec.whatwg.org/multipage/canvas.html#concept-canvas-will-read-frequently @ webpack-internal:///(app-pages-browser)/./src/components/dice/DiceMesh.ts:191
[  381099ms] [WARNING] Canvas2D: Multiple readback operations using getImageData are faster with the willReadFrequently attribute set to true. See: https://html.spec.whatwg.org/multipage/canvas.html#concept-canvas-will-read-frequently @ webpack-internal:///(app-pages-browser)/./src/components/dice/DiceMesh.ts:191
[  381102ms] [WARNING] Canvas2D: Multiple readback operations using getImageData are faster with the willReadFrequently attribute set to true. See: https://html.spec.whatwg.org/multipage/canvas.html#concept-canvas-will-read-frequently @ webpack-internal:///(app-pages-browser)/./src/components/dice/DiceMesh.ts:191
[  381122ms] [WARNING] Canvas2D: Multiple readback operations using getImageData are faster with the willReadFrequently attribute set to true. See: https://html.spec.whatwg.org/multipage/canvas.html#concept-canvas-will-read-frequently @ webpack-internal:///(app-pages-browser)/./src/components/dice/DiceMesh.ts:191
[  381148ms] [WARNING] Canvas2D: Multiple readback operations using getImageData are faster with the willReadFrequently attribute set to true. See: https://html.spec.whatwg.org/multipage/canvas.html#concept-canvas-will-read-frequently @ webpack-internal:///(app-pages-browser)/./src/components/dice/DiceMesh.ts:191
[  381151ms] [WARNING] Canvas2D: Multiple readback operations using getImageData are faster with the willReadFrequently attribute set to true. See: https://html.spec.whatwg.org/multipage/canvas.html#concept-canvas-will-read-frequently @ webpack-internal:///(app-pages-browser)/./src/components/dice/DiceMesh.ts:191
[  381171ms] [WARNING] Canvas2D: Multiple readback operations using getImageData are faster with the willReadFrequently attribute set to true. See: https://html.spec.whatwg.org/multipage/canvas.html#concept-canvas-will-read-frequently @ webpack-internal:///(app-pages-browser)/./src/components/dice/DiceMesh.ts:191
[  381197ms] [WARNING] Canvas2D: Multiple readback operations using getImageData are faster with the willReadFrequently attribute set to true. See: https://html.spec.whatwg.org/multipage/canvas.html#concept-canvas-will-read-frequently @ webpack-internal:///(app-pages-browser)/./src/components/dice/DiceMesh.ts:191
[  381199ms] [WARNING] Canvas2D: Multiple readback operations using getImageData are faster with the willReadFrequently attribute set to true. See: https://html.spec.whatwg.org/multipage/canvas.html#concept-canvas-will-read-frequently @ webpack-internal:///(app-pages-browser)/./src/components/dice/DiceMesh.ts:191
[  381221ms] [WARNING] Canvas2D: Multiple readback operations using getImageData are faster with the willReadFrequently attribute set to true. See: https://html.spec.whatwg.org/multipage/canvas.html#concept-canvas-will-read-frequently @ webpack-internal:///(app-pages-browser)/./src/components/dice/DiceMesh.ts:191
[  381247ms] [WARNING] Canvas2D: Multiple readback operations using getImageData are faster with the willReadFrequently attribute set to true. See: https://html.spec.whatwg.org/multipage/canvas.html#concept-canvas-will-read-frequently @ webpack-internal:///(app-pages-browser)/./src/components/dice/DiceMesh.ts:191
[  381249ms] [WARNING] Canvas2D: Multiple readback operations using getImageData are faster with the willReadFrequently attribute set to true. See: https://html.spec.whatwg.org/multipage/canvas.html#concept-canvas-will-read-frequently @ webpack-internal:///(app-pages-browser)/./src/components/dice/DiceMesh.ts:191
[  381271ms] [WARNING] Canvas2D: Multiple readback operations using getImageData are faster with the willReadFrequently attribute set to true. See: https://html.spec.whatwg.org/multipage/canvas.html#concept-canvas-will-read-frequently @ webpack-internal:///(app-pages-browser)/./src/components/dice/DiceMesh.ts:191
[  381298ms] [WARNING] Canvas2D: Multiple readback operations using getImageData are faster with the willReadFrequently attribute set to true. See: https://html.spec.whatwg.org/multipage/canvas.html#concept-canvas-will-read-frequently @ webpack-internal:///(app-pages-browser)/./src/components/dice/DiceMesh.ts:191
[  381308ms] [WARNING] Canvas2D: Multiple readback operations using getImageData are faster with the willReadFrequently attribute set to true. See: https://html.spec.whatwg.org/multipage/canvas.html#concept-canvas-will-read-frequently @ webpack-internal:///(app-pages-browser)/./src/components/dice/DiceMesh.ts:191
[  387878ms] [LOG] [Fast Refresh] rebuilding @ webpack-internal:///(app-pages-browser)/./node_modules/next/dist/next-devtools/shared/forward-logs-shared.js:27
[  388383ms] [LOG] [Fast Refresh] rebuilding @ webpack-internal:///(app-pages-browser)/./node_modules/next/dist/next-devtools/shared/forward-logs-shared.js:27
[  388481ms] [LOG] [Fast Refresh] done in 98ms @ webpack-internal:///(app-pages-browser)/./node_modules/next/dist/next-devtools/shared/forward-logs-shared.js:27
[  388733ms] [LOG] [Fast Refresh] done in 350ms @ webpack-internal:///(app-pages-browser)/./node_modules/next/dist/next-devtools/shared/forward-logs-shared.js:27
[  521681ms] [INFO] %cDownload the React DevTools for a better development experience: https://react.dev/link/react-devtools font-weight:bold @ webpack-internal:///(app-pages-browser)/./node_modules/next/dist/next-devtools/shared/forward-logs-shared.js:27
[  521774ms] [LOG] [HMR] connected @ webpack-internal:///(app-pages-browser)/./node_modules/next/dist/next-devtools/shared/forward-logs-shared.js:27
[  523257ms] [WARNING] Canvas2D: Multiple readback operations using getImageData are faster with the willReadFrequently attribute set to true. See: https://html.spec.whatwg.org/multipage/canvas.html#concept-canvas-will-read-frequently @ webpack-internal:///(app-pages-browser)/./src/components/dice/DiceMesh.ts:191
[  523286ms] [WARNING] Canvas2D: Multiple readback operations using getImageData are faster with the willReadFrequently attribute set to true. See: https://html.spec.whatwg.org/multipage/canvas.html#concept-canvas-will-read-frequently @ webpack-internal:///(app-pages-browser)/./src/components/dice/DiceMesh.ts:191
[  523309ms] [WARNING] Canvas2D: Multiple readback operations using getImageData are faster with the willReadFrequently attribute set to true. See: https://html.spec.whatwg.org/multipage/canvas.html#concept-canvas-will-read-frequently @ webpack-internal:///(app-pages-browser)/./src/components/dice/DiceMesh.ts:191
[  523341ms] [WARNING] Canvas2D: Multiple readback operations using getImageData are faster with the willReadFrequently attribute set to true. See: https://html.spec.whatwg.org/multipage/canvas.html#concept-canvas-will-read-frequently @ webpack-internal:///(app-pages-browser)/./src/components/dice/DiceMesh.ts:191
[  523360ms] [WARNING] Canvas2D: Multiple readback operations using getImageData are faster with the willReadFrequently attribute set to true. See: https://html.spec.whatwg.org/multipage/canvas.html#concept-canvas-will-read-frequently @ webpack-internal:///(app-pages-browser)/./src/components/dice/DiceMesh.ts:191
[  523389ms] [WARNING] Canvas2D: Multiple readback operations using getImageData are faster with the willReadFrequently attribute set to true. See: https://html.spec.whatwg.org/multipage/canvas.html#concept-canvas-will-read-frequently @ webpack-internal:///(app-pages-browser)/./src/components/dice/DiceMesh.ts:191
[  523408ms] [WARNING] Canvas2D: Multiple readback operations using getImageData are faster with the willReadFrequently attribute set to true. See: https://html.spec.whatwg.org/multipage/canvas.html#concept-canvas-will-read-frequently @ webpack-internal:///(app-pages-browser)/./src/components/dice/DiceMesh.ts:191
[  523441ms] [WARNING] Canvas2D: Multiple readback operations using getImageData are faster with the willReadFrequently attribute set to true. See: https://html.spec.whatwg.org/multipage/canvas.html#concept-canvas-will-read-frequently @ webpack-internal:///(app-pages-browser)/./src/components/dice/DiceMesh.ts:191
[  523459ms] [WARNING] Canvas2D: Multiple readback operations using getImageData are faster with the willReadFrequently attribute set to true. See: https://html.spec.whatwg.org/multipage/canvas.html#concept-canvas-will-read-frequently @ webpack-internal:///(app-pages-browser)/./src/components/dice/DiceMesh.ts:191
[  523490ms] [WARNING] Canvas2D: Multiple readback operations using getImageData are faster with the willReadFrequently attribute set to true. See: https://html.spec.whatwg.org/multipage/canvas.html#concept-canvas-will-read-frequently @ webpack-internal:///(app-pages-browser)/./src/components/dice/DiceMesh.ts:191
[  523508ms] [WARNING] Canvas2D: Multiple readback operations using getImageData are faster with the willReadFrequently attribute set to true. See: https://html.spec.whatwg.org/multipage/canvas.html#concept-canvas-will-read-frequently @ webpack-internal:///(app-pages-browser)/./src/components/dice/DiceMesh.ts:191
[  523541ms] [WARNING] Canvas2D: Multiple readback operations using getImageData are faster with the willReadFrequently attribute set to true. See: https://html.spec.whatwg.org/multipage/canvas.html#concept-canvas-will-read-frequently @ webpack-internal:///(app-pages-browser)/./src/components/dice/DiceMesh.ts:191
[  523561ms] [WARNING] Canvas2D: Multiple readback operations using getImageData are faster with the willReadFrequently attribute set to true. See: https://html.spec.whatwg.org/multipage/canvas.html#concept-canvas-will-read-frequently @ webpack-internal:///(app-pages-browser)/./src/components/dice/DiceMesh.ts:191
[  523564ms] [WARNING] Canvas2D: Multiple readback operations using getImageData are faster with the willReadFrequently attribute set to true. See: https://html.spec.whatwg.org/multipage/canvas.html#concept-canvas-will-read-frequently @ webpack-internal:///(app-pages-browser)/./src/components/dice/DiceMesh.ts:191
[  523585ms] [WARNING] Canvas2D: Multiple readback operations using getImageData are faster with the willReadFrequently attribute set to true. See: https://html.spec.whatwg.org/multipage/canvas.html#concept-canvas-will-read-frequently @ webpack-internal:///(app-pages-browser)/./src/components/dice/DiceMesh.ts:191
[  523614ms] [WARNING] Canvas2D: Multiple readback operations using getImageData are faster with the willReadFrequently attribute set to true. See: https://html.spec.whatwg.org/multipage/canvas.html#concept-canvas-will-read-frequently @ webpack-internal:///(app-pages-browser)/./src/components/dice/DiceMesh.ts:191
[  523642ms] [WARNING] Canvas2D: Multiple readback operations using getImageData are faster with the willReadFrequently attribute set to true. See: https://html.spec.whatwg.org/multipage/canvas.html#concept-canvas-will-read-frequently @ webpack-internal:///(app-pages-browser)/./src/components/dice/DiceMesh.ts:191
[  523673ms] [WARNING] Canvas2D: Multiple readback operations using getImageData are faster with the willReadFrequently attribute set to true. See: https://html.spec.whatwg.org/multipage/canvas.html#concept-canvas-will-read-frequently @ webpack-internal:///(app-pages-browser)/./src/components/dice/DiceMesh.ts:191
[  523691ms] [WARNING] Canvas2D: Multiple readback operations using getImageData are faster with the willReadFrequently attribute set to true. See: https://html.spec.whatwg.org/multipage/canvas.html#concept-canvas-will-read-frequently @ webpack-internal:///(app-pages-browser)/./src/components/dice/DiceMesh.ts:191
[  523725ms] [WARNING] Canvas2D: Multiple readback operations using getImageData are faster with the willReadFrequently attribute set to true. See: https://html.spec.whatwg.org/multipage/canvas.html#concept-canvas-will-read-frequently @ webpack-internal:///(app-pages-browser)/./src/components/dice/DiceMesh.ts:191
[  523729ms] [WARNING] Canvas2D: Multiple readback operations using getImageData are faster with the willReadFrequently attribute set to true. See: https://html.spec.whatwg.org/multipage/canvas.html#concept-canvas-will-read-frequently @ webpack-internal:///(app-pages-browser)/./src/components/dice/DiceMesh.ts:191
[  523743ms] [WARNING] Canvas2D: Multiple readback operations using getImageData are faster with the willReadFrequently attribute set to true. See: https://html.spec.whatwg.org/multipage/canvas.html#concept-canvas-will-read-frequently @ webpack-internal:///(app-pages-browser)/./src/components/dice/DiceMesh.ts:191
[  523769ms] [WARNING] Canvas2D: Multiple readback operations using getImageData are faster with the willReadFrequently attribute set to true. See: https://html.spec.whatwg.org/multipage/canvas.html#concept-canvas-will-read-frequently @ webpack-internal:///(app-pages-browser)/./src/components/dice/DiceMesh.ts:191
[  523806ms] [WARNING] Canvas2D: Multiple readback operations using getImageData are faster with the willReadFrequently attribute set to true. See: https://html.spec.whatwg.org/multipage/canvas.html#concept-canvas-will-read-frequently @ webpack-internal:///(app-pages-browser)/./src/components/dice/DiceMesh.ts:191
[  523840ms] [WARNING] Canvas2D: Multiple readback operations using getImageData are faster with the willReadFrequently attribute set to true. See: https://html.spec.whatwg.org/multipage/canvas.html#concept-canvas-will-read-frequently @ webpack-internal:///(app-pages-browser)/./src/components/dice/DiceMesh.ts:191
[  523873ms] [WARNING] Canvas2D: Multiple readback operations using getImageData are faster with the willReadFrequently attribute set to true. See: https://html.spec.whatwg.org/multipage/canvas.html#concept-canvas-will-read-frequently @ webpack-internal:///(app-pages-browser)/./src/components/dice/DiceMesh.ts:191
[  523906ms] [WARNING] Canvas2D: Multiple readback operations using getImageData are faster with the willReadFrequently attribute set to true. See: https://html.spec.whatwg.org/multipage/canvas.html#concept-canvas-will-read-frequently @ webpack-internal:///(app-pages-browser)/./src/components/dice/DiceMesh.ts:191
[  523936ms] [WARNING] Canvas2D: Multiple readback operations using getImageData are faster with the willReadFrequently attribute set to true. See: https://html.spec.whatwg.org/multipage/canvas.html#concept-canvas-will-read-frequently @ webpack-internal:///(app-pages-browser)/./src/components/dice/DiceMesh.ts:191
[  523973ms] [WARNING] Canvas2D: Multiple readback operations using getImageData are faster with the willReadFrequently attribute set to true. See: https://html.spec.whatwg.org/multipage/canvas.html#concept-canvas-will-read-frequently @ webpack-internal:///(app-pages-browser)/./src/components/dice/DiceMesh.ts:191
[  524002ms] [WARNING] Canvas2D: Multiple readback operations using getImageData are faster with the willReadFrequently attribute set to true. See: https://html.spec.whatwg.org/multipage/canvas.html#concept-canvas-will-read-frequently @ webpack-internal:///(app-pages-browser)/./src/components/dice/DiceMesh.ts:191
[  524040ms] [WARNING] Canvas2D: Multiple readback operations using getImageData are faster with the willReadFrequently attribute set to true. See: https://html.spec.whatwg.org/multipage/canvas.html#concept-canvas-will-read-frequently @ webpack-internal:///(app-pages-browser)/./src/components/dice/DiceMesh.ts:191
[  524069ms] [WARNING] Canvas2D: Multiple readback operations using getImageData are faster with the willReadFrequently attribute set to true. See: https://html.spec.whatwg.org/multipage/canvas.html#concept-canvas-will-read-frequently @ webpack-internal:///(app-pages-browser)/./src/components/dice/DiceMesh.ts:191
[  524106ms] [WARNING] Canvas2D: Multiple readback operations using getImageData are faster with the willReadFrequently attribute set to true. See: https://html.spec.whatwg.org/multipage/canvas.html#concept-canvas-will-read-frequently @ webpack-internal:///(app-pages-browser)/./src/components/dice/DiceMesh.ts:191
[  524141ms] [WARNING] Canvas2D: Multiple readback operations using getImageData are faster with the willReadFrequently attribute set to true. See: https://html.spec.whatwg.org/multipage/canvas.html#concept-canvas-will-read-frequently @ webpack-internal:///(app-pages-browser)/./src/components/dice/DiceMesh.ts:191
[  524169ms] [WARNING] Canvas2D: Multiple readback operations using getImageData are faster with the willReadFrequently attribute set to true. See: https://html.spec.whatwg.org/multipage/canvas.html#concept-canvas-will-read-frequently @ webpack-internal:///(app-pages-browser)/./src/components/dice/DiceMesh.ts:191
[  524206ms] [WARNING] Canvas2D: Multiple readback operations using getImageData are faster with the willReadFrequently attribute set to true. See: https://html.spec.whatwg.org/multipage/canvas.html#concept-canvas-will-read-frequently @ webpack-internal:///(app-pages-browser)/./src/components/dice/DiceMesh.ts:191
[  524236ms] [WARNING] Canvas2D: Multiple readback operations using getImageData are faster with the willReadFrequently attribute set to true. See: https://html.spec.whatwg.org/multipage/canvas.html#concept-canvas-will-read-frequently @ webpack-internal:///(app-pages-browser)/./src/components/dice/DiceMesh.ts:191
[  524274ms] [WARNING] Canvas2D: Multiple readback operations using getImageData are faster with the willReadFrequently attribute set to true. See: https://html.spec.whatwg.org/multipage/canvas.html#concept-canvas-will-read-frequently @ webpack-internal:///(app-pages-browser)/./src/components/dice/DiceMesh.ts:191
[  524303ms] [WARNING] Canvas2D: Multiple readback operations using getImageData are faster with the willReadFrequently attribute set to true. See: https://html.spec.whatwg.org/multipage/canvas.html#concept-canvas-will-read-frequently @ webpack-internal:///(app-pages-browser)/./src/components/dice/DiceMesh.ts:191
[  524341ms] [WARNING] Canvas2D: Multiple readback operations using getImageData are faster with the willReadFrequently attribute set to true. See: https://html.spec.whatwg.org/multipage/canvas.html#concept-canvas-will-read-frequently @ webpack-internal:///(app-pages-browser)/./src/components/dice/DiceMesh.ts:191
[  524373ms] [WARNING] Canvas2D: Multiple readback operations using getImageData are faster with the willReadFrequently attribute set to true. See: https://html.spec.whatwg.org/multipage/canvas.html#concept-canvas-will-read-frequently @ webpack-internal:///(app-pages-browser)/./src/components/dice/DiceMesh.ts:191
[  524407ms] [WARNING] Canvas2D: Multiple readback operations using getImageData are faster with the willReadFrequently attribute set to true. See: https://html.spec.whatwg.org/multipage/canvas.html#concept-canvas-will-read-frequently @ webpack-internal:///(app-pages-browser)/./src/components/dice/DiceMesh.ts:191
[  524436ms] [WARNING] Canvas2D: Multiple readback operations using getImageData are faster with the willReadFrequently attribute set to true. See: https://html.spec.whatwg.org/multipage/canvas.html#concept-canvas-will-read-frequently @ webpack-internal:///(app-pages-browser)/./src/components/dice/DiceMesh.ts:191
[  524469ms] [WARNING] Canvas2D: Multiple readback operations using getImageData are faster with the willReadFrequently attribute set to true. See: https://html.spec.whatwg.org/multipage/canvas.html#concept-canvas-will-read-frequently @ webpack-internal:///(app-pages-browser)/./src/components/dice/DiceMesh.ts:191
[  524503ms] [WARNING] Canvas2D: Multiple readback operations using getImageData are faster with the willReadFrequently attribute set to true. See: https://html.spec.whatwg.org/multipage/canvas.html#concept-canvas-will-read-frequently @ webpack-internal:///(app-pages-browser)/./src/components/dice/DiceMesh.ts:191
[  524540ms] [WARNING] Canvas2D: Multiple readback operations using getImageData are faster with the willReadFrequently attribute set to true. See: https://html.spec.whatwg.org/multipage/canvas.html#concept-canvas-will-read-frequently @ webpack-internal:///(app-pages-browser)/./src/components/dice/DiceMesh.ts:191
[  524578ms] [WARNING] Canvas2D: Multiple readback operations using getImageData are faster with the willReadFrequently attribute set to true. See: https://html.spec.whatwg.org/multipage/canvas.html#concept-canvas-will-read-frequently @ webpack-internal:///(app-pages-browser)/./src/components/dice/DiceMesh.ts:191
[  524607ms] [WARNING] Canvas2D: Multiple readback operations using getImageData are faster with the willReadFrequently attribute set to true. See: https://html.spec.whatwg.org/multipage/canvas.html#concept-canvas-will-read-frequently @ webpack-internal:///(app-pages-browser)/./src/components/dice/DiceMesh.ts:191
[  524617ms] [WARNING] Canvas2D: Multiple readback operations using getImageData are faster with the willReadFrequently attribute set to true. See: https://html.spec.whatwg.org/multipage/canvas.html#concept-canvas-will-read-frequently @ webpack-internal:///(app-pages-browser)/./src/components/dice/DiceMesh.ts:191
[  524642ms] [WARNING] Canvas2D: Multiple readback operations using getImageData are faster with the willReadFrequently attribute set to true. See: https://html.spec.whatwg.org/multipage/canvas.html#concept-canvas-will-read-frequently @ webpack-internal:///(app-pages-browser)/./src/components/dice/DiceMesh.ts:191
[  524673ms] [WARNING] Canvas2D: Multiple readback operations using getImageData are faster with the willReadFrequently attribute set to true. See: https://html.spec.whatwg.org/multipage/canvas.html#concept-canvas-will-read-frequently @ webpack-internal:///(app-pages-browser)/./src/components/dice/DiceMesh.ts:191
[  524703ms] [WARNING] Canvas2D: Multiple readback operations using getImageData are faster with the willReadFrequently attribute set to true. See: https://html.spec.whatwg.org/multipage/canvas.html#concept-canvas-will-read-frequently @ webpack-internal:///(app-pages-browser)/./src/components/dice/DiceMesh.ts:191
[  524731ms] [WARNING] Canvas2D: Multiple readback operations using getImageData are faster with the willReadFrequently attribute set to true. See: https://html.spec.whatwg.org/multipage/canvas.html#concept-canvas-will-read-frequently @ webpack-internal:///(app-pages-browser)/./src/components/dice/DiceMesh.ts:191
[  524753ms] [WARNING] Canvas2D: Multiple readback operations using getImageData are faster with the willReadFrequently attribute set to true. See: https://html.spec.whatwg.org/multipage/canvas.html#concept-canvas-will-read-frequently @ webpack-internal:///(app-pages-browser)/./src/components/dice/DiceMesh.ts:191
[  524790ms] [WARNING] Canvas2D: Multiple readback operations using getImageData are faster with the willReadFrequently attribute set to true. See: https://html.spec.whatwg.org/multipage/canvas.html#concept-canvas-will-read-frequently @ webpack-internal:///(app-pages-browser)/./src/components/dice/DiceMesh.ts:191
[  524820ms] [WARNING] Canvas2D: Multiple readback operations using getImageData are faster with the willReadFrequently attribute set to true. See: https://html.spec.whatwg.org/multipage/canvas.html#concept-canvas-will-read-frequently @ webpack-internal:///(app-pages-browser)/./src/components/dice/DiceMesh.ts:191
[  524857ms] [WARNING] Canvas2D: Multiple readback operations using getImageData are faster with the willReadFrequently attribute set to true. See: https://html.spec.whatwg.org/multipage/canvas.html#concept-canvas-will-read-frequently @ webpack-internal:///(app-pages-browser)/./src/components/dice/DiceMesh.ts:191
[  524886ms] [WARNING] Canvas2D: Multiple readback operations using getImageData are faster with the willReadFrequently attribute set to true. See: https://html.spec.whatwg.org/multipage/canvas.html#concept-canvas-will-read-frequently @ webpack-internal:///(app-pages-browser)/./src/components/dice/DiceMesh.ts:191
[  524924ms] [WARNING] Canvas2D: Multiple readback operations using getImageData are faster with the willReadFrequently attribute set to true. See: https://html.spec.whatwg.org/multipage/canvas.html#concept-canvas-will-read-frequently @ webpack-internal:///(app-pages-browser)/./src/components/dice/DiceMesh.ts:191
[  524957ms] [WARNING] Canvas2D: Multiple readback operations using getImageData are faster with the willReadFrequently attribute set to true. See: https://html.spec.whatwg.org/multipage/canvas.html#concept-canvas-will-read-frequently @ webpack-internal:///(app-pages-browser)/./src/components/dice/DiceMesh.ts:191
[  524994ms] [WARNING] Canvas2D: Multiple readback operations using getImageData are faster with the willReadFrequently attribute set to true. See: https://html.spec.whatwg.org/multipage/canvas.html#concept-canvas-will-read-frequently @ webpack-internal:///(app-pages-browser)/./src/components/dice/DiceMesh.ts:191
[  525028ms] [WARNING] Canvas2D: Multiple readback operations using getImageData are faster with the willReadFrequently attribute set to true. See: https://html.spec.whatwg.org/multipage/canvas.html#concept-canvas-will-read-frequently @ webpack-internal:///(app-pages-browser)/./src/components/dice/DiceMesh.ts:191
[  525069ms] [WARNING] Canvas2D: Multiple readback operations using getImageData are faster with the willReadFrequently attribute set to true. See: https://html.spec.whatwg.org/multipage/canvas.html#concept-canvas-will-read-frequently @ webpack-internal:///(app-pages-browser)/./src/components/dice/DiceMesh.ts:191
[  525116ms] [WARNING] Canvas2D: Multiple readback operations using getImageData are faster with the willReadFrequently attribute set to true. See: https://html.spec.whatwg.org/multipage/canvas.html#concept-canvas-will-read-frequently @ webpack-internal:///(app-pages-browser)/./src/components/dice/DiceMesh.ts:191
[  525148ms] [WARNING] Canvas2D: Multiple readback operations using getImageData are faster with the willReadFrequently attribute set to true. See: https://html.spec.whatwg.org/multipage/canvas.html#concept-canvas-will-read-frequently @ webpack-internal:///(app-pages-browser)/./src/components/dice/DiceMesh.ts:191
[  525176ms] [WARNING] Canvas2D: Multiple readback operations using getImageData are faster with the willReadFrequently attribute set to true. See: https://html.spec.whatwg.org/multipage/canvas.html#concept-canvas-will-read-frequently @ webpack-internal:///(app-pages-browser)/./src/components/dice/DiceMesh.ts:191
[  525203ms] [WARNING] Canvas2D: Multiple readback operations using getImageData are faster with the willReadFrequently attribute set to true. See: https://html.spec.whatwg.org/multipage/canvas.html#concept-canvas-will-read-frequently @ webpack-internal:///(app-pages-browser)/./src/components/dice/DiceMesh.ts:191
[  525241ms] [WARNING] Canvas2D: Multiple readback operations using getImageData are faster with the willReadFrequently attribute set to true. See: https://html.spec.whatwg.org/multipage/canvas.html#concept-canvas-will-read-frequently @ webpack-internal:///(app-pages-browser)/./src/components/dice/DiceMesh.ts:191
[  525274ms] [WARNING] Canvas2D: Multiple readback operations using getImageData are faster with the willReadFrequently attribute set to true. See: https://html.spec.whatwg.org/multipage/canvas.html#concept-canvas-will-read-frequently @ webpack-internal:///(app-pages-browser)/./src/components/dice/DiceMesh.ts:191
[  525303ms] [WARNING] Canvas2D: Multiple readback operations using getImageData are faster with the willReadFrequently attribute set to true. See: https://html.spec.whatwg.org/multipage/canvas.html#concept-canvas-will-read-frequently @ webpack-internal:///(app-pages-browser)/./src/components/dice/DiceMesh.ts:191
[  525337ms] [WARNING] Canvas2D: Multiple readback operations using getImageData are faster with the willReadFrequently attribute set to true. See: https://html.spec.whatwg.org/multipage/canvas.html#concept-canvas-will-read-frequently @ webpack-internal:///(app-pages-browser)/./src/components/dice/DiceMesh.ts:191
[  525369ms] [WARNING] Canvas2D: Multiple readback operations using getImageData are faster with the willReadFrequently attribute set to true. See: https://html.spec.whatwg.org/multipage/canvas.html#concept-canvas-will-read-frequently @ webpack-internal:///(app-pages-browser)/./src/components/dice/DiceMesh.ts:191
[  525403ms] [WARNING] Canvas2D: Multiple readback operations using getImageData are faster with the willReadFrequently attribute set to true. See: https://html.spec.whatwg.org/multipage/canvas.html#concept-canvas-will-read-frequently @ webpack-internal:///(app-pages-browser)/./src/components/dice/DiceMesh.ts:191
[  525436ms] [WARNING] Canvas2D: Multiple readback operations using getImageData are faster with the willReadFrequently attribute set to true. See: https://html.spec.whatwg.org/multipage/canvas.html#concept-canvas-will-read-frequently @ webpack-internal:///(app-pages-browser)/./src/components/dice/DiceMesh.ts:191
[  525469ms] [WARNING] Canvas2D: Multiple readback operations using getImageData are faster with the willReadFrequently attribute set to true. See: https://html.spec.whatwg.org/multipage/canvas.html#concept-canvas-will-read-frequently @ webpack-internal:///(app-pages-browser)/./src/components/dice/DiceMesh.ts:191
[  525503ms] [WARNING] Canvas2D: Multiple readback operations using getImageData are faster with the willReadFrequently attribute set to true. See: https://html.spec.whatwg.org/multipage/canvas.html#concept-canvas-will-read-frequently @ webpack-internal:///(app-pages-browser)/./src/components/dice/DiceMesh.ts:191
[  692715ms] [LOG] [Fast Refresh] rebuilding @ webpack-internal:///(app-pages-browser)/./node_modules/next/dist/next-devtools/shared/forward-logs-shared.js:27
[  693189ms] [LOG] [Fast Refresh] done in 474ms @ webpack-internal:///(app-pages-browser)/./node_modules/next/dist/next-devtools/shared/forward-logs-shared.js:27
[  723950ms] [LOG] [Fast Refresh] rebuilding @ webpack-internal:///(app-pages-browser)/./node_modules/next/dist/next-devtools/shared/forward-logs-shared.js:27
[  724345ms] [LOG] [Fast Refresh] done in 396ms @ webpack-internal:///(app-pages-browser)/./node_modules/next/dist/next-devtools/shared/forward-logs-shared.js:27
[  724705ms] [LOG] [Fast Refresh] rebuilding @ webpack-internal:///(app-pages-browser)/./node_modules/next/dist/next-devtools/shared/forward-logs-shared.js:27
[  725200ms] [LOG] [Fast Refresh] rebuilding @ webpack-internal:///(app-pages-browser)/./node_modules/next/dist/next-devtools/shared/forward-logs-shared.js:27
[  725296ms] [LOG] [Fast Refresh] done in 95ms @ webpack-internal:///(app-pages-browser)/./node_modules/next/dist/next-devtools/shared/forward-logs-shared.js:27
[  725435ms] [LOG] [Fast Refresh] done in 234ms @ webpack-internal:///(app-pages-browser)/./node_modules/next/dist/next-devtools/shared/forward-logs-shared.js:27
[  766221ms] [INFO] %cDownload the React DevTools for a better development experience: https://react.dev/link/react-devtools font-weight:bold @ webpack-internal:///(app-pages-browser)/./node_modules/next/dist/next-devtools/shared/forward-logs-shared.js:27
[  766319ms] [LOG] [HMR] connected @ webpack-internal:///(app-pages-browser)/./node_modules/next/dist/next-devtools/shared/forward-logs-shared.js:27
[  767579ms] [WARNING] Canvas2D: Multiple readback operations using getImageData are faster with the willReadFrequently attribute set to true. See: https://html.spec.whatwg.org/multipage/canvas.html#concept-canvas-will-read-frequently @ webpack-internal:///(app-pages-browser)/./src/components/dice/DiceMesh.ts:191
[  767594ms] [WARNING] Canvas2D: Multiple readback operations using getImageData are faster with the willReadFrequently attribute set to true. See: https://html.spec.whatwg.org/multipage/canvas.html#concept-canvas-will-read-frequently @ webpack-internal:///(app-pages-browser)/./src/components/dice/DiceMesh.ts:191
[  767611ms] [WARNING] Canvas2D: Multiple readback operations using getImageData are faster with the willReadFrequently attribute set to true. See: https://html.spec.whatwg.org/multipage/canvas.html#concept-canvas-will-read-frequently @ webpack-internal:///(app-pages-browser)/./src/components/dice/DiceMesh.ts:191
[  767620ms] [WARNING] Canvas2D: Multiple readback operations using getImageData are faster with the willReadFrequently attribute set to true. See: https://html.spec.whatwg.org/multipage/canvas.html#concept-canvas-will-read-frequently @ webpack-internal:///(app-pages-browser)/./src/components/dice/DiceMesh.ts:191
[  767622ms] [WARNING] Canvas2D: Multiple readback operations using getImageData are faster with the willReadFrequently attribute set to true. See: https://html.spec.whatwg.org/multipage/canvas.html#concept-canvas-will-read-frequently @ webpack-internal:///(app-pages-browser)/./src/components/dice/DiceMesh.ts:191
[  767645ms] [WARNING] Canvas2D: Multiple readback operations using getImageData are faster with the willReadFrequently attribute set to true. See: https://html.spec.whatwg.org/multipage/canvas.html#concept-canvas-will-read-frequently @ webpack-internal:///(app-pages-browser)/./src/components/dice/DiceMesh.ts:191
[  767662ms] [WARNING] Canvas2D: Multiple readback operations using getImageData are faster with the willReadFrequently attribute set to true. See: https://html.spec.whatwg.org/multipage/canvas.html#concept-canvas-will-read-frequently @ webpack-internal:///(app-pages-browser)/./src/components/dice/DiceMesh.ts:191
[  767670ms] [WARNING] Canvas2D: Multiple readback operations using getImageData are faster with the willReadFrequently attribute set to true. See: https://html.spec.whatwg.org/multipage/canvas.html#concept-canvas-will-read-frequently @ webpack-internal:///(app-pages-browser)/./src/components/dice/DiceMesh.ts:191
[  767673ms] [WARNING] Canvas2D: Multiple readback operations using getImageData are faster with the willReadFrequently attribute set to true. See: https://html.spec.whatwg.org/multipage/canvas.html#concept-canvas-will-read-frequently @ webpack-internal:///(app-pages-browser)/./src/components/dice/DiceMesh.ts:191
[  767694ms] [WARNING] Canvas2D: Multiple readback operations using getImageData are faster with the willReadFrequently attribute set to true. See: https://html.spec.whatwg.org/multipage/canvas.html#concept-canvas-will-read-frequently @ webpack-internal:///(app-pages-browser)/./src/components/dice/DiceMesh.ts:191
[  767717ms] [WARNING] Canvas2D: Multiple readback operations using getImageData are faster with the willReadFrequently attribute set to true. See: https://html.spec.whatwg.org/multipage/canvas.html#concept-canvas-will-read-frequently @ webpack-internal:///(app-pages-browser)/./src/components/dice/DiceMesh.ts:191
[  767719ms] [WARNING] Canvas2D: Multiple readback operations using getImageData are faster with the willReadFrequently attribute set to true. See: https://html.spec.whatwg.org/multipage/canvas.html#concept-canvas-will-read-frequently @ webpack-internal:///(app-pages-browser)/./src/components/dice/DiceMesh.ts:191
[  767722ms] [WARNING] Canvas2D: Multiple readback operations using getImageData are faster with the willReadFrequently attribute set to true. See: https://html.spec.whatwg.org/multipage/canvas.html#concept-canvas-will-read-frequently @ webpack-internal:///(app-pages-browser)/./src/components/dice/DiceMesh.ts:191
[  767727ms] [WARNING] Canvas2D: Multiple readback operations using getImageData are faster with the willReadFrequently attribute set to true. See: https://html.spec.whatwg.org/multipage/canvas.html#concept-canvas-will-read-frequently @ webpack-internal:///(app-pages-browser)/./src/components/dice/DiceMesh.ts:191
[  767744ms] [WARNING] Canvas2D: Multiple readback operations using getImageData are faster with the willReadFrequently attribute set to true. See: https://html.spec.whatwg.org/multipage/canvas.html#concept-canvas-will-read-frequently @ webpack-internal:///(app-pages-browser)/./src/components/dice/DiceMesh.ts:191
[  767761ms] [WARNING] Canvas2D: Multiple readback operations using getImageData are faster with the willReadFrequently attribute set to true. See: https://html.spec.whatwg.org/multipage/canvas.html#concept-canvas-will-read-frequently @ webpack-internal:///(app-pages-browser)/./src/components/dice/DiceMesh.ts:191
[  767769ms] [WARNING] Canvas2D: Multiple readback operations using getImageData are faster with the willReadFrequently attribute set to true. See: https://html.spec.whatwg.org/multipage/canvas.html#concept-canvas-will-read-frequently @ webpack-internal:///(app-pages-browser)/./src/components/dice/DiceMesh.ts:191
[  767771ms] [WARNING] Canvas2D: Multiple readback operations using getImageData are faster with the willReadFrequently attribute set to true. See: https://html.spec.whatwg.org/multipage/canvas.html#concept-canvas-will-read-frequently @ webpack-internal:///(app-pages-browser)/./src/components/dice/DiceMesh.ts:191
[  767773ms] [WARNING] Canvas2D: Multiple readback operations using getImageData are faster with the willReadFrequently attribute set to true. See: https://html.spec.whatwg.org/multipage/canvas.html#concept-canvas-will-read-frequently @ webpack-internal:///(app-pages-browser)/./src/components/dice/DiceMesh.ts:191
[  767794ms] [WARNING] Canvas2D: Multiple readback operations using getImageData are faster with the willReadFrequently attribute set to true. See: https://html.spec.whatwg.org/multipage/canvas.html#concept-canvas-will-read-frequently @ webpack-internal:///(app-pages-browser)/./src/components/dice/DiceMesh.ts:191
[  767811ms] [WARNING] Canvas2D: Multiple readback operations using getImageData are faster with the willReadFrequently attribute set to true. See: https://html.spec.whatwg.org/multipage/canvas.html#concept-canvas-will-read-frequently @ webpack-internal:///(app-pages-browser)/./src/components/dice/DiceMesh.ts:191
[  767834ms] [WARNING] Canvas2D: Multiple readback operations using getImageData are faster with the willReadFrequently attribute set to true. See: https://html.spec.whatwg.org/multipage/canvas.html#concept-canvas-will-read-frequently @ webpack-internal:///(app-pages-browser)/./src/components/dice/DiceMesh.ts:191
[  767836ms] [WARNING] Canvas2D: Multiple readback operations using getImageData are faster with the willReadFrequently attribute set to true. See: https://html.spec.whatwg.org/multipage/canvas.html#concept-canvas-will-read-frequently @ webpack-internal:///(app-pages-browser)/./src/components/dice/DiceMesh.ts:191
[  767838ms] [WARNING] Canvas2D: Multiple readback operations using getImageData are faster with the willReadFrequently attribute set to true. See: https://html.spec.whatwg.org/multipage/canvas.html#concept-canvas-will-read-frequently @ webpack-internal:///(app-pages-browser)/./src/components/dice/DiceMesh.ts:191
[  767840ms] [WARNING] Canvas2D: Multiple readback operations using getImageData are faster with the willReadFrequently attribute set to true. See: https://html.spec.whatwg.org/multipage/canvas.html#concept-canvas-will-read-frequently @ webpack-internal:///(app-pages-browser)/./src/components/dice/DiceMesh.ts:191
[  767861ms] [WARNING] Canvas2D: Multiple readback operations using getImageData are faster with the willReadFrequently attribute set to true. See: https://html.spec.whatwg.org/multipage/canvas.html#concept-canvas-will-read-frequently @ webpack-internal:///(app-pages-browser)/./src/components/dice/DiceMesh.ts:191
[  767878ms] [WARNING] Canvas2D: Multiple readback operations using getImageData are faster with the willReadFrequently attribute set to true. See: https://html.spec.whatwg.org/multipage/canvas.html#concept-canvas-will-read-frequently @ webpack-internal:///(app-pages-browser)/./src/components/dice/DiceMesh.ts:191
[  767885ms] [WARNING] Canvas2D: Multiple readback operations using getImageData are faster with the willReadFrequently attribute set to true. See: https://html.spec.whatwg.org/multipage/canvas.html#concept-canvas-will-read-frequently @ webpack-internal:///(app-pages-browser)/./src/components/dice/DiceMesh.ts:191
[  767887ms] [WARNING] Canvas2D: Multiple readback operations using getImageData are faster with the willReadFrequently attribute set to true. See: https://html.spec.whatwg.org/multipage/canvas.html#concept-canvas-will-read-frequently @ webpack-internal:///(app-pages-browser)/./src/components/dice/DiceMesh.ts:191
[  767889ms] [WARNING] Canvas2D: Multiple readback operations using getImageData are faster with the willReadFrequently attribute set to true. See: https://html.spec.whatwg.org/multipage/canvas.html#concept-canvas-will-read-frequently @ webpack-internal:///(app-pages-browser)/./src/components/dice/DiceMesh.ts:191
[  767900ms] [WARNING] Canvas2D: Multiple readback operations using getImageData are faster with the willReadFrequently attribute set to true. See: https://html.spec.whatwg.org/multipage/canvas.html#concept-canvas-will-read-frequently @ webpack-internal:///(app-pages-browser)/./src/components/dice/DiceMesh.ts:191
[  767928ms] [WARNING] Canvas2D: Multiple readback operations using getImageData are faster with the willReadFrequently attribute set to true. See: https://html.spec.whatwg.org/multipage/canvas.html#concept-canvas-will-read-frequently @ webpack-internal:///(app-pages-browser)/./src/components/dice/DiceMesh.ts:191
[  767936ms] [WARNING] Canvas2D: Multiple readback operations using getImageData are faster with the willReadFrequently attribute set to true. See: https://html.spec.whatwg.org/multipage/canvas.html#concept-canvas-will-read-frequently @ webpack-internal:///(app-pages-browser)/./src/components/dice/DiceMesh.ts:191
[  767938ms] [WARNING] Canvas2D: Multiple readback operations using getImageData are faster with the willReadFrequently attribute set to true. See: https://html.spec.whatwg.org/multipage/canvas.html#concept-canvas-will-read-frequently @ webpack-internal:///(app-pages-browser)/./src/components/dice/DiceMesh.ts:191
[  767940ms] [WARNING] Canvas2D: Multiple readback operations using getImageData are faster with the willReadFrequently attribute set to true. See: https://html.spec.whatwg.org/multipage/canvas.html#concept-canvas-will-read-frequently @ webpack-internal:///(app-pages-browser)/./src/components/dice/DiceMesh.ts:191
[  767961ms] [WARNING] Canvas2D: Multiple readback operations using getImageData are faster with the willReadFrequently attribute set to true. See: https://html.spec.whatwg.org/multipage/canvas.html#concept-canvas-will-read-frequently @ webpack-internal:///(app-pages-browser)/./src/components/dice/DiceMesh.ts:191
[  767983ms] [WARNING] Canvas2D: Multiple readback operations using getImageData are faster with the willReadFrequently attribute set to true. See: https://html.spec.whatwg.org/multipage/canvas.html#concept-canvas-will-read-frequently @ webpack-internal:///(app-pages-browser)/./src/components/dice/DiceMesh.ts:191
[  767986ms] [WARNING] Canvas2D: Multiple readback operations using getImageData are faster with the willReadFrequently attribute set to true. See: https://html.spec.whatwg.org/multipage/canvas.html#concept-canvas-will-read-frequently @ webpack-internal:///(app-pages-browser)/./src/components/dice/DiceMesh.ts:191
[  767988ms] [WARNING] Canvas2D: Multiple readback operations using getImageData are faster with the willReadFrequently attribute set to true. See: https://html.spec.whatwg.org/multipage/canvas.html#concept-canvas-will-read-frequently @ webpack-internal:///(app-pages-browser)/./src/components/dice/DiceMesh.ts:191
[  767990ms] [WARNING] Canvas2D: Multiple readback operations using getImageData are faster with the willReadFrequently attribute set to true. See: https://html.spec.whatwg.org/multipage/canvas.html#concept-canvas-will-read-frequently @ webpack-internal:///(app-pages-browser)/./src/components/dice/DiceMesh.ts:191
[  768011ms] [WARNING] Canvas2D: Multiple readback operations using getImageData are faster with the willReadFrequently attribute set to true. See: https://html.spec.whatwg.org/multipage/canvas.html#concept-canvas-will-read-frequently @ webpack-internal:///(app-pages-browser)/./src/components/dice/DiceMesh.ts:191
[  768028ms] [WARNING] Canvas2D: Multiple readback operations using getImageData are faster with the willReadFrequently attribute set to true. See: https://html.spec.whatwg.org/multipage/canvas.html#concept-canvas-will-read-frequently @ webpack-internal:///(app-pages-browser)/./src/components/dice/DiceMesh.ts:191
[  768035ms] [WARNING] Canvas2D: Multiple readback operations using getImageData are faster with the willReadFrequently attribute set to true. See: https://html.spec.whatwg.org/multipage/canvas.html#concept-canvas-will-read-frequently @ webpack-internal:///(app-pages-browser)/./src/components/dice/DiceMesh.ts:191
[  768037ms] [WARNING] Canvas2D: Multiple readback operations using getImageData are faster with the willReadFrequently attribute set to true. See: https://html.spec.whatwg.org/multipage/canvas.html#concept-canvas-will-read-frequently @ webpack-internal:///(app-pages-browser)/./src/components/dice/DiceMesh.ts:191
[  768039ms] [WARNING] Canvas2D: Multiple readback operations using getImageData are faster with the willReadFrequently attribute set to true. See: https://html.spec.whatwg.org/multipage/canvas.html#concept-canvas-will-read-frequently @ webpack-internal:///(app-pages-browser)/./src/components/dice/DiceMesh.ts:191
[  768051ms] [WARNING] Canvas2D: Multiple readback operations using getImageData are faster with the willReadFrequently attribute set to true. See: https://html.spec.whatwg.org/multipage/canvas.html#concept-canvas-will-read-frequently @ webpack-internal:///(app-pages-browser)/./src/components/dice/DiceMesh.ts:191
[  768068ms] [WARNING] Canvas2D: Multiple readback operations using getImageData are faster with the willReadFrequently attribute set to true. See: https://html.spec.whatwg.org/multipage/canvas.html#concept-canvas-will-read-frequently @ webpack-internal:///(app-pages-browser)/./src/components/dice/DiceMesh.ts:191
[  768084ms] [WARNING] Canvas2D: Multiple readback operations using getImageData are faster with the willReadFrequently attribute set to true. See: https://html.spec.whatwg.org/multipage/canvas.html#concept-canvas-will-read-frequently @ webpack-internal:///(app-pages-browser)/./src/components/dice/DiceMesh.ts:191
[  768087ms] [WARNING] Canvas2D: Multiple readback operations using getImageData are faster with the willReadFrequently attribute set to true. See: https://html.spec.whatwg.org/multipage/canvas.html#concept-canvas-will-read-frequently @ webpack-internal:///(app-pages-browser)/./src/components/dice/DiceMesh.ts:191
[  768089ms] [WARNING] Canvas2D: Multiple readback operations using getImageData are faster with the willReadFrequently attribute set to true. See: https://html.spec.whatwg.org/multipage/canvas.html#concept-canvas-will-read-frequently @ webpack-internal:///(app-pages-browser)/./src/components/dice/DiceMesh.ts:191
[  768102ms] [WARNING] Canvas2D: Multiple readback operations using getImageData are faster with the willReadFrequently attribute set to true. See: https://html.spec.whatwg.org/multipage/canvas.html#concept-canvas-will-read-frequently @ webpack-internal:///(app-pages-browser)/./src/components/dice/DiceMesh.ts:191
[  768128ms] [WARNING] Canvas2D: Multiple readback operations using getImageData are faster with the willReadFrequently attribute set to true. See: https://html.spec.whatwg.org/multipage/canvas.html#concept-canvas-will-read-frequently @ webpack-internal:///(app-pages-browser)/./src/components/dice/DiceMesh.ts:191
[  768136ms] [WARNING] Canvas2D: Multiple readback operations using getImageData are faster with the willReadFrequently attribute set to true. See: https://html.spec.whatwg.org/multipage/canvas.html#concept-canvas-will-read-frequently @ webpack-internal:///(app-pages-browser)/./src/components/dice/DiceMesh.ts:191
[  768138ms] [WARNING] Canvas2D: Multiple readback operations using getImageData are faster with the willReadFrequently attribute set to true. See: https://html.spec.whatwg.org/multipage/canvas.html#concept-canvas-will-read-frequently @ webpack-internal:///(app-pages-browser)/./src/components/dice/DiceMesh.ts:191
[  768140ms] [WARNING] Canvas2D: Multiple readback operations using getImageData are faster with the willReadFrequently attribute set to true. See: https://html.spec.whatwg.org/multipage/canvas.html#concept-canvas-will-read-frequently @ webpack-internal:///(app-pages-browser)/./src/components/dice/DiceMesh.ts:191
[  768161ms] [WARNING] Canvas2D: Multiple readback operations using getImageData are faster with the willReadFrequently attribute set to true. See: https://html.spec.whatwg.org/multipage/canvas.html#concept-canvas-will-read-frequently @ webpack-internal:///(app-pages-browser)/./src/components/dice/DiceMesh.ts:191
[  768184ms] [WARNING] Canvas2D: Multiple readback operations using getImageData are faster with the willReadFrequently attribute set to true. See: https://html.spec.whatwg.org/multipage/canvas.html#concept-canvas-will-read-frequently @ webpack-internal:///(app-pages-browser)/./src/components/dice/DiceMesh.ts:191
[  768187ms] [WARNING] Canvas2D: Multiple readback operations using getImageData are faster with the willReadFrequently attribute set to true. See: https://html.spec.whatwg.org/multipage/canvas.html#concept-canvas-will-read-frequently @ webpack-internal:///(app-pages-browser)/./src/components/dice/DiceMesh.ts:191
[  768190ms] [WARNING] Canvas2D: Multiple readback operations using getImageData are faster with the willReadFrequently attribute set to true. See: https://html.spec.whatwg.org/multipage/canvas.html#concept-canvas-will-read-frequently @ webpack-internal:///(app-pages-browser)/./src/components/dice/DiceMesh.ts:191
[  768211ms] [WARNING] Canvas2D: Multiple readback operations using getImageData are faster with the willReadFrequently attribute set to true. See: https://html.spec.whatwg.org/multipage/canvas.html#concept-canvas-will-read-frequently @ webpack-internal:///(app-pages-browser)/./src/components/dice/DiceMesh.ts:191
[  768234ms] [WARNING] Canvas2D: Multiple readback operations using getImageData are faster with the willReadFrequently attribute set to true. See: https://html.spec.whatwg.org/multipage/canvas.html#concept-canvas-will-read-frequently @ webpack-internal:///(app-pages-browser)/./src/components/dice/DiceMesh.ts:191
[  768236ms] [WARNING] Canvas2D: Multiple readback operations using getImageData are faster with the willReadFrequently attribute set to true. See: https://html.spec.whatwg.org/multipage/canvas.html#concept-canvas-will-read-frequently @ webpack-internal:///(app-pages-browser)/./src/components/dice/DiceMesh.ts:191
[  768238ms] [WARNING] Canvas2D: Multiple readback operations using getImageData are faster with the willReadFrequently attribute set to true. See: https://html.spec.whatwg.org/multipage/canvas.html#concept-canvas-will-read-frequently @ webpack-internal:///(app-pages-browser)/./src/components/dice/DiceMesh.ts:191
[  768240ms] [WARNING] Canvas2D: Multiple readback operations using getImageData are faster with the willReadFrequently attribute set to true. See: https://html.spec.whatwg.org/multipage/canvas.html#concept-canvas-will-read-frequently @ webpack-internal:///(app-pages-browser)/./src/components/dice/DiceMesh.ts:191
[  768261ms] [WARNING] Canvas2D: Multiple readback operations using getImageData are faster with the willReadFrequently attribute set to true. See: https://html.spec.whatwg.org/multipage/canvas.html#concept-canvas-will-read-frequently @ webpack-internal:///(app-pages-browser)/./src/components/dice/DiceMesh.ts:191
[  768285ms] [WARNING] Canvas2D: Multiple readback operations using getImageData are faster with the willReadFrequently attribute set to true. See: https://html.spec.whatwg.org/multipage/canvas.html#concept-canvas-will-read-frequently @ webpack-internal:///(app-pages-browser)/./src/components/dice/DiceMesh.ts:191
[  768288ms] [WARNING] Canvas2D: Multiple readback operations using getImageData are faster with the willReadFrequently attribute set to true. See: https://html.spec.whatwg.org/multipage/canvas.html#concept-canvas-will-read-frequently @ webpack-internal:///(app-pages-browser)/./src/components/dice/DiceMesh.ts:191
[  768290ms] [WARNING] Canvas2D: Multiple readback operations using getImageData are faster with the willReadFrequently attribute set to true. See: https://html.spec.whatwg.org/multipage/canvas.html#concept-canvas-will-read-frequently @ webpack-internal:///(app-pages-browser)/./src/components/dice/DiceMesh.ts:191
[  768300ms] [WARNING] Canvas2D: Multiple readback operations using getImageData are faster with the willReadFrequently attribute set to true. See: https://html.spec.whatwg.org/multipage/canvas.html#concept-canvas-will-read-frequently @ webpack-internal:///(app-pages-browser)/./src/components/dice/DiceMesh.ts:191
[  768329ms] [WARNING] Canvas2D: Multiple readback operations using getImageData are faster with the willReadFrequently attribute set to true. See: https://html.spec.whatwg.org/multipage/canvas.html#concept-canvas-will-read-frequently @ webpack-internal:///(app-pages-browser)/./src/components/dice/DiceMesh.ts:191
[  768336ms] [WARNING] Canvas2D: Multiple readback operations using getImageData are faster with the willReadFrequently attribute set to true. See: https://html.spec.whatwg.org/multipage/canvas.html#concept-canvas-will-read-frequently @ webpack-internal:///(app-pages-browser)/./src/components/dice/DiceMesh.ts:191
[  768338ms] [WARNING] Canvas2D: Multiple readback operations using getImageData are faster with the willReadFrequently attribute set to true. See: https://html.spec.whatwg.org/multipage/canvas.html#concept-canvas-will-read-frequently @ webpack-internal:///(app-pages-browser)/./src/components/dice/DiceMesh.ts:191
[  768340ms] [WARNING] Canvas2D: Multiple readback operations using getImageData are faster with the willReadFrequently attribute set to true. See: https://html.spec.whatwg.org/multipage/canvas.html#concept-canvas-will-read-frequently @ webpack-internal:///(app-pages-browser)/./src/components/dice/DiceMesh.ts:191
[  768352ms] [WARNING] Canvas2D: Multiple readback operations using getImageData are faster with the willReadFrequently attribute set to true. See: https://html.spec.whatwg.org/multipage/canvas.html#concept-canvas-will-read-frequently @ webpack-internal:///(app-pages-browser)/./src/components/dice/DiceMesh.ts:191
[  768367ms] [WARNING] Canvas2D: Multiple readback operations using getImageData are faster with the willReadFrequently attribute set to true. See: https://html.spec.whatwg.org/multipage/canvas.html#concept-canvas-will-read-frequently @ webpack-internal:///(app-pages-browser)/./src/components/dice/DiceMesh.ts:191
[  768384ms] [WARNING] Canvas2D: Multiple readback operations using getImageData are faster with the willReadFrequently attribute set to true. See: https://html.spec.whatwg.org/multipage/canvas.html#concept-canvas-will-read-frequently @ webpack-internal:///(app-pages-browser)/./src/components/dice/DiceMesh.ts:191
[  776199ms] [LOG] [Fast Refresh] rebuilding @ webpack-internal:///(app-pages-browser)/./node_modules/next/dist/next-devtools/shared/forward-logs-shared.js:27
[  776808ms] [LOG] [Fast Refresh] done in 609ms @ webpack-internal:///(app-pages-browser)/./node_modules/next/dist/next-devtools/shared/forward-logs-shared.js:27
[  815403ms] [LOG] [Fast Refresh] rebuilding @ webpack-internal:///(app-pages-browser)/./node_modules/next/dist/next-devtools/shared/forward-logs-shared.js:27
[  815903ms] [LOG] [Fast Refresh] done in 500ms @ webpack-internal:///(app-pages-browser)/./node_modules/next/dist/next-devtools/shared/forward-logs-shared.js:27
[  844891ms] [LOG] [Fast Refresh] rebuilding @ webpack-internal:///(app-pages-browser)/./node_modules/next/dist/next-devtools/shared/forward-logs-shared.js:27
[  845637ms] [LOG] [Fast Refresh] rebuilding @ webpack-internal:///(app-pages-browser)/./node_modules/next/dist/next-devtools/shared/forward-logs-shared.js:27
[  845761ms] [LOG] [Fast Refresh] done in 124ms @ webpack-internal:///(app-pages-browser)/./node_modules/next/dist/next-devtools/shared/forward-logs-shared.js:27
[  846256ms] [LOG] [Fast Refresh] done in 618ms @ webpack-internal:///(app-pages-browser)/./node_modules/next/dist/next-devtools/shared/forward-logs-shared.js:27
[  853377ms] [LOG] [Fast Refresh] rebuilding @ webpack-internal:///(app-pages-browser)/./node_modules/next/dist/next-devtools/shared/forward-logs-shared.js:27
[  853760ms] [LOG] [Fast Refresh] done in 384ms @ webpack-internal:///(app-pages-browser)/./node_modules/next/dist/next-devtools/shared/forward-logs-shared.js:27
[  861520ms] [INFO] %cDownload the React DevTools for a better development experience: https://react.dev/link/react-devtools font-weight:bold @ webpack-internal:///(app-pages-browser)/./node_modules/next/dist/next-devtools/shared/forward-logs-shared.js:27
[  861612ms] [LOG] [HMR] connected @ webpack-internal:///(app-pages-browser)/./node_modules/next/dist/next-devtools/shared/forward-logs-shared.js:27
[  862778ms] [WARNING] Canvas2D: Multiple readback operations using getImageData are faster with the willReadFrequently attribute set to true. See: https://html.spec.whatwg.org/multipage/canvas.html#concept-canvas-will-read-frequently @ webpack-internal:///(app-pages-browser)/./src/components/dice/DiceMesh.ts:191
[  862797ms] [WARNING] Canvas2D: Multiple readback operations using getImageData are faster with the willReadFrequently attribute set to true. See: https://html.spec.whatwg.org/multipage/canvas.html#concept-canvas-will-read-frequently @ webpack-internal:///(app-pages-browser)/./src/components/dice/DiceMesh.ts:191
[  862804ms] [WARNING] Canvas2D: Multiple readback operations using getImageData are faster with the willReadFrequently attribute set to true. See: https://html.spec.whatwg.org/multipage/canvas.html#concept-canvas-will-read-frequently @ webpack-internal:///(app-pages-browser)/./src/components/dice/DiceMesh.ts:191
[  862839ms] [WARNING] Canvas2D: Multiple readback operations using getImageData are faster with the willReadFrequently attribute set to true. See: https://html.spec.whatwg.org/multipage/canvas.html#concept-canvas-will-read-frequently @ webpack-internal:///(app-pages-browser)/./src/components/dice/DiceMesh.ts:191
[  862850ms] [WARNING] Canvas2D: Multiple readback operations using getImageData are faster with the willReadFrequently attribute set to true. See: https://html.spec.whatwg.org/multipage/canvas.html#concept-canvas-will-read-frequently @ webpack-internal:///(app-pages-browser)/./src/components/dice/DiceMesh.ts:191
[  862872ms] [WARNING] Canvas2D: Multiple readback operations using getImageData are faster with the willReadFrequently attribute set to true. See: https://html.spec.whatwg.org/multipage/canvas.html#concept-canvas-will-read-frequently @ webpack-internal:///(app-pages-browser)/./src/components/dice/DiceMesh.ts:191
[  862897ms] [WARNING] Canvas2D: Multiple readback operations using getImageData are faster with the willReadFrequently attribute set to true. See: https://html.spec.whatwg.org/multipage/canvas.html#concept-canvas-will-read-frequently @ webpack-internal:///(app-pages-browser)/./src/components/dice/DiceMesh.ts:191
[  862905ms] [WARNING] Canvas2D: Multiple readback operations using getImageData are faster with the willReadFrequently attribute set to true. See: https://html.spec.whatwg.org/multipage/canvas.html#concept-canvas-will-read-frequently @ webpack-internal:///(app-pages-browser)/./src/components/dice/DiceMesh.ts:191
[  862938ms] [WARNING] Canvas2D: Multiple readback operations using getImageData are faster with the willReadFrequently attribute set to true. See: https://html.spec.whatwg.org/multipage/canvas.html#concept-canvas-will-read-frequently @ webpack-internal:///(app-pages-browser)/./src/components/dice/DiceMesh.ts:191
[  862954ms] [WARNING] Canvas2D: Multiple readback operations using getImageData are faster with the willReadFrequently attribute set to true. See: https://html.spec.whatwg.org/multipage/canvas.html#concept-canvas-will-read-frequently @ webpack-internal:///(app-pages-browser)/./src/components/dice/DiceMesh.ts:191
[  862988ms] [WARNING] Canvas2D: Multiple readback operations using getImageData are faster with the willReadFrequently attribute set to true. See: https://html.spec.whatwg.org/multipage/canvas.html#concept-canvas-will-read-frequently @ webpack-internal:///(app-pages-browser)/./src/components/dice/DiceMesh.ts:191
[  863000ms] [WARNING] Canvas2D: Multiple readback operations using getImageData are faster with the willReadFrequently attribute set to true. See: https://html.spec.whatwg.org/multipage/canvas.html#concept-canvas-will-read-frequently @ webpack-internal:///(app-pages-browser)/./src/components/dice/DiceMesh.ts:191
[  863022ms] [WARNING] Canvas2D: Multiple readback operations using getImageData are faster with the willReadFrequently attribute set to true. See: https://html.spec.whatwg.org/multipage/canvas.html#concept-canvas-will-read-frequently @ webpack-internal:///(app-pages-browser)/./src/components/dice/DiceMesh.ts:191
[  863048ms] [WARNING] Canvas2D: Multiple readback operations using getImageData are faster with the willReadFrequently attribute set to true. See: https://html.spec.whatwg.org/multipage/canvas.html#concept-canvas-will-read-frequently @ webpack-internal:///(app-pages-browser)/./src/components/dice/DiceMesh.ts:191
[  863054ms] [WARNING] Canvas2D: Multiple readback operations using getImageData are faster with the willReadFrequently attribute set to true. See: https://html.spec.whatwg.org/multipage/canvas.html#concept-canvas-will-read-frequently @ webpack-internal:///(app-pages-browser)/./src/components/dice/DiceMesh.ts:191
[  863088ms] [WARNING] Canvas2D: Multiple readback operations using getImageData are faster with the willReadFrequently attribute set to true. See: https://html.spec.whatwg.org/multipage/canvas.html#concept-canvas-will-read-frequently @ webpack-internal:///(app-pages-browser)/./src/components/dice/DiceMesh.ts:191
[  863100ms] [WARNING] Canvas2D: Multiple readback operations using getImageData are faster with the willReadFrequently attribute set to true. See: https://html.spec.whatwg.org/multipage/canvas.html#concept-canvas-will-read-frequently @ webpack-internal:///(app-pages-browser)/./src/components/dice/DiceMesh.ts:191
[  863122ms] [WARNING] Canvas2D: Multiple readback operations using getImageData are faster with the willReadFrequently attribute set to true. See: https://html.spec.whatwg.org/multipage/canvas.html#concept-canvas-will-read-frequently @ webpack-internal:///(app-pages-browser)/./src/components/dice/DiceMesh.ts:191
[  863147ms] [WARNING] Canvas2D: Multiple readback operations using getImageData are faster with the willReadFrequently attribute set to true. See: https://html.spec.whatwg.org/multipage/canvas.html#concept-canvas-will-read-frequently @ webpack-internal:///(app-pages-browser)/./src/components/dice/DiceMesh.ts:191
[  863154ms] [WARNING] Canvas2D: Multiple readback operations using getImageData are faster with the willReadFrequently attribute set to true. See: https://html.spec.whatwg.org/multipage/canvas.html#concept-canvas-will-read-frequently @ webpack-internal:///(app-pages-browser)/./src/components/dice/DiceMesh.ts:191
[  863189ms] [WARNING] Canvas2D: Multiple readback operations using getImageData are faster with the willReadFrequently attribute set to true. See: https://html.spec.whatwg.org/multipage/canvas.html#concept-canvas-will-read-frequently @ webpack-internal:///(app-pages-browser)/./src/components/dice/DiceMesh.ts:191
[  863199ms] [WARNING] Canvas2D: Multiple readback operations using getImageData are faster with the willReadFrequently attribute set to true. See: https://html.spec.whatwg.org/multipage/canvas.html#concept-canvas-will-read-frequently @ webpack-internal:///(app-pages-browser)/./src/components/dice/DiceMesh.ts:191
[  863205ms] [WARNING] Canvas2D: Multiple readback operations using getImageData are faster with the willReadFrequently attribute set to true. See: https://html.spec.whatwg.org/multipage/canvas.html#concept-canvas-will-read-frequently @ webpack-internal:///(app-pages-browser)/./src/components/dice/DiceMesh.ts:191
[  863239ms] [WARNING] Canvas2D: Multiple readback operations using getImageData are faster with the willReadFrequently attribute set to true. See: https://html.spec.whatwg.org/multipage/canvas.html#concept-canvas-will-read-frequently @ webpack-internal:///(app-pages-browser)/./src/components/dice/DiceMesh.ts:191
[  863249ms] [WARNING] Canvas2D: Multiple readback operations using getImageData are faster with the willReadFrequently attribute set to true. See: https://html.spec.whatwg.org/multipage/canvas.html#concept-canvas-will-read-frequently @ webpack-internal:///(app-pages-browser)/./src/components/dice/DiceMesh.ts:191
[  863256ms] [WARNING] Canvas2D: Multiple readback operations using getImageData are faster with the willReadFrequently attribute set to true. See: https://html.spec.whatwg.org/multipage/canvas.html#concept-canvas-will-read-frequently @ webpack-internal:///(app-pages-browser)/./src/components/dice/DiceMesh.ts:191
[  863289ms] [WARNING] Canvas2D: Multiple readback operations using getImageData are faster with the willReadFrequently attribute set to true. See: https://html.spec.whatwg.org/multipage/canvas.html#concept-canvas-will-read-frequently @ webpack-internal:///(app-pages-browser)/./src/components/dice/DiceMesh.ts:191
[  863322ms] [WARNING] Canvas2D: Multiple readback operations using getImageData are faster with the willReadFrequently attribute set to true. See: https://html.spec.whatwg.org/multipage/canvas.html#concept-canvas-will-read-frequently @ webpack-internal:///(app-pages-browser)/./src/components/dice/DiceMesh.ts:191
[  863357ms] [WARNING] Canvas2D: Multiple readback operations using getImageData are faster with the willReadFrequently attribute set to true. See: https://html.spec.whatwg.org/multipage/canvas.html#concept-canvas-will-read-frequently @ webpack-internal:///(app-pages-browser)/./src/components/dice/DiceMesh.ts:191
[  863389ms] [WARNING] Canvas2D: Multiple readback operations using getImageData are faster with the willReadFrequently attribute set to true. See: https://html.spec.whatwg.org/multipage/canvas.html#concept-canvas-will-read-frequently @ webpack-internal:///(app-pages-browser)/./src/components/dice/DiceMesh.ts:191
[  863422ms] [WARNING] Canvas2D: Multiple readback operations using getImageData are faster with the willReadFrequently attribute set to true. See: https://html.spec.whatwg.org/multipage/canvas.html#concept-canvas-will-read-frequently @ webpack-internal:///(app-pages-browser)/./src/components/dice/DiceMesh.ts:191
[  863457ms] [WARNING] Canvas2D: Multiple readback operations using getImageData are faster with the willReadFrequently attribute set to true. See: https://html.spec.whatwg.org/multipage/canvas.html#concept-canvas-will-read-frequently @ webpack-internal:///(app-pages-browser)/./src/components/dice/DiceMesh.ts:191
[  863489ms] [WARNING] Canvas2D: Multiple readback operations using getImageData are faster with the willReadFrequently attribute set to true. See: https://html.spec.whatwg.org/multipage/canvas.html#concept-canvas-will-read-frequently @ webpack-internal:///(app-pages-browser)/./src/components/dice/DiceMesh.ts:191
[  863522ms] [WARNING] Canvas2D: Multiple readback operations using getImageData are faster with the willReadFrequently attribute set to true. See: https://html.spec.whatwg.org/multipage/canvas.html#concept-canvas-will-read-frequently @ webpack-internal:///(app-pages-browser)/./src/components/dice/DiceMesh.ts:191
[  863557ms] [WARNING] Canvas2D: Multiple readback operations using getImageData are faster with the willReadFrequently attribute set to true. See: https://html.spec.whatwg.org/multipage/canvas.html#concept-canvas-will-read-frequently @ webpack-internal:///(app-pages-browser)/./src/components/dice/DiceMesh.ts:191
[  863589ms] [WARNING] Canvas2D: Multiple readback operations using getImageData are faster with the willReadFrequently attribute set to true. See: https://html.spec.whatwg.org/multipage/canvas.html#concept-canvas-will-read-frequently @ webpack-internal:///(app-pages-browser)/./src/components/dice/DiceMesh.ts:191
[  863622ms] [WARNING] Canvas2D: Multiple readback operations using getImageData are faster with the willReadFrequently attribute set to true. See: https://html.spec.whatwg.org/multipage/canvas.html#concept-canvas-will-read-frequently @ webpack-internal:///(app-pages-browser)/./src/components/dice/DiceMesh.ts:191
[  863657ms] [WARNING] Canvas2D: Multiple readback operations using getImageData are faster with the willReadFrequently attribute set to true. See: https://html.spec.whatwg.org/multipage/canvas.html#concept-canvas-will-read-frequently @ webpack-internal:///(app-pages-browser)/./src/components/dice/DiceMesh.ts:191
[  863690ms] [WARNING] Canvas2D: Multiple readback operations using getImageData are faster with the willReadFrequently attribute set to true. See: https://html.spec.whatwg.org/multipage/canvas.html#concept-canvas-will-read-frequently @ webpack-internal:///(app-pages-browser)/./src/components/dice/DiceMesh.ts:191
[  863722ms] [WARNING] Canvas2D: Multiple readback operations using getImageData are faster with the willReadFrequently attribute set to true. See: https://html.spec.whatwg.org/multipage/canvas.html#concept-canvas-will-read-frequently @ webpack-internal:///(app-pages-browser)/./src/components/dice/DiceMesh.ts:191
[  863755ms] [WARNING] Canvas2D: Multiple readback operations using getImageData are faster with the willReadFrequently attribute set to true. See: https://html.spec.whatwg.org/multipage/canvas.html#concept-canvas-will-read-frequently @ webpack-internal:///(app-pages-browser)/./src/components/dice/DiceMesh.ts:191
[  863789ms] [WARNING] Canvas2D: Multiple readback operations using getImageData are faster with the willReadFrequently attribute set to true. See: https://html.spec.whatwg.org/multipage/canvas.html#concept-canvas-will-read-frequently @ webpack-internal:///(app-pages-browser)/./src/components/dice/DiceMesh.ts:191
[  863823ms] [WARNING] Canvas2D: Multiple readback operations using getImageData are faster with the willReadFrequently attribute set to true. See: https://html.spec.whatwg.org/multipage/canvas.html#concept-canvas-will-read-frequently @ webpack-internal:///(app-pages-browser)/./src/components/dice/DiceMesh.ts:191
[  863855ms] [WARNING] Canvas2D: Multiple readback operations using getImageData are faster with the willReadFrequently attribute set to true. See: https://html.spec.whatwg.org/multipage/canvas.html#concept-canvas-will-read-frequently @ webpack-internal:///(app-pages-browser)/./src/components/dice/DiceMesh.ts:191
[  863889ms] [WARNING] Canvas2D: Multiple readback operations using getImageData are faster with the willReadFrequently attribute set to true. See: https://html.spec.whatwg.org/multipage/canvas.html#concept-canvas-will-read-frequently @ webpack-internal:///(app-pages-browser)/./src/components/dice/DiceMesh.ts:191
[  863922ms] [WARNING] Canvas2D: Multiple readback operations using getImageData are faster with the willReadFrequently attribute set to true. See: https://html.spec.whatwg.org/multipage/canvas.html#concept-canvas-will-read-frequently @ webpack-internal:///(app-pages-browser)/./src/components/dice/DiceMesh.ts:191
[  863957ms] [WARNING] Canvas2D: Multiple readback operations using getImageData are faster with the willReadFrequently attribute set to true. See: https://html.spec.whatwg.org/multipage/canvas.html#concept-canvas-will-read-frequently @ webpack-internal:///(app-pages-browser)/./src/components/dice/DiceMesh.ts:191
[  863989ms] [WARNING] Canvas2D: Multiple readback operations using getImageData are faster with the willReadFrequently attribute set to true. See: https://html.spec.whatwg.org/multipage/canvas.html#concept-canvas-will-read-frequently @ webpack-internal:///(app-pages-browser)/./src/components/dice/DiceMesh.ts:191
[  864023ms] [WARNING] Canvas2D: Multiple readback operations using getImageData are faster with the willReadFrequently attribute set to true. See: https://html.spec.whatwg.org/multipage/canvas.html#concept-canvas-will-read-frequently @ webpack-internal:///(app-pages-browser)/./src/components/dice/DiceMesh.ts:191
[  864061ms] [WARNING] Canvas2D: Multiple readback operations using getImageData are faster with the willReadFrequently attribute set to true. See: https://html.spec.whatwg.org/multipage/canvas.html#concept-canvas-will-read-frequently @ webpack-internal:///(app-pages-browser)/./src/components/dice/DiceMesh.ts:191
[  864089ms] [WARNING] Canvas2D: Multiple readback operations using getImageData are faster with the willReadFrequently attribute set to true. See: https://html.spec.whatwg.org/multipage/canvas.html#concept-canvas-will-read-frequently @ webpack-internal:///(app-pages-browser)/./src/components/dice/DiceMesh.ts:191
[  864124ms] [WARNING] Canvas2D: Multiple readback operations using getImageData are faster with the willReadFrequently attribute set to true. See: https://html.spec.whatwg.org/multipage/canvas.html#concept-canvas-will-read-frequently @ webpack-internal:///(app-pages-browser)/./src/components/dice/DiceMesh.ts:191
[  864156ms] [WARNING] Canvas2D: Multiple readback operations using getImageData are faster with the willReadFrequently attribute set to true. See: https://html.spec.whatwg.org/multipage/canvas.html#concept-canvas-will-read-frequently @ webpack-internal:///(app-pages-browser)/./src/components/dice/DiceMesh.ts:191
[  864197ms] [WARNING] Canvas2D: Multiple readback operations using getImageData are faster with the willReadFrequently attribute set to true. See: https://html.spec.whatwg.org/multipage/canvas.html#concept-canvas-will-read-frequently @ webpack-internal:///(app-pages-browser)/./src/components/dice/DiceMesh.ts:191
[  864222ms] [WARNING] Canvas2D: Multiple readback operations using getImageData are faster with the willReadFrequently attribute set to true. See: https://html.spec.whatwg.org/multipage/canvas.html#concept-canvas-will-read-frequently @ webpack-internal:///(app-pages-browser)/./src/components/dice/DiceMesh.ts:191
[  864248ms] [WARNING] Canvas2D: Multiple readback operations using getImageData are faster with the willReadFrequently attribute set to true. See: https://html.spec.whatwg.org/multipage/canvas.html#concept-canvas-will-read-frequently @ webpack-internal:///(app-pages-browser)/./src/components/dice/DiceMesh.ts:191
[  864256ms] [WARNING] Canvas2D: Multiple readback operations using getImageData are faster with the willReadFrequently attribute set to true. See: https://html.spec.whatwg.org/multipage/canvas.html#concept-canvas-will-read-frequently @ webpack-internal:///(app-pages-browser)/./src/components/dice/DiceMesh.ts:191
[  864289ms] [WARNING] Canvas2D: Multiple readback operations using getImageData are faster with the willReadFrequently attribute set to true. See: https://html.spec.whatwg.org/multipage/canvas.html#concept-canvas-will-read-frequently @ webpack-internal:///(app-pages-browser)/./src/components/dice/DiceMesh.ts:191
[  864322ms] [WARNING] Canvas2D: Multiple readback operations using getImageData are faster with the willReadFrequently attribute set to true. See: https://html.spec.whatwg.org/multipage/canvas.html#concept-canvas-will-read-frequently @ webpack-internal:///(app-pages-browser)/./src/components/dice/DiceMesh.ts:191
[  864356ms] [WARNING] Canvas2D: Multiple readback operations using getImageData are faster with the willReadFrequently attribute set to true. See: https://html.spec.whatwg.org/multipage/canvas.html#concept-canvas-will-read-frequently @ webpack-internal:///(app-pages-browser)/./src/components/dice/DiceMesh.ts:191
[  864389ms] [WARNING] Canvas2D: Multiple readback operations using getImageData are faster with the willReadFrequently attribute set to true. See: https://html.spec.whatwg.org/multipage/canvas.html#concept-canvas-will-read-frequently @ webpack-internal:///(app-pages-browser)/./src/components/dice/DiceMesh.ts:191
[  864422ms] [WARNING] Canvas2D: Multiple readback operations using getImageData are faster with the willReadFrequently attribute set to true. See: https://html.spec.whatwg.org/multipage/canvas.html#concept-canvas-will-read-frequently @ webpack-internal:///(app-pages-browser)/./src/components/dice/DiceMesh.ts:191
[  864456ms] [WARNING] Canvas2D: Multiple readback operations using getImageData are faster with the willReadFrequently attribute set to true. See: https://html.spec.whatwg.org/multipage/canvas.html#concept-canvas-will-read-frequently @ webpack-internal:///(app-pages-browser)/./src/components/dice/DiceMesh.ts:191
[  864489ms] [WARNING] Canvas2D: Multiple readback operations using getImageData are faster with the willReadFrequently attribute set to true. See: https://html.spec.whatwg.org/multipage/canvas.html#concept-canvas-will-read-frequently @ webpack-internal:///(app-pages-browser)/./src/components/dice/DiceMesh.ts:191
[  864524ms] [WARNING] Canvas2D: Multiple readback operations using getImageData are faster with the willReadFrequently attribute set to true. See: https://html.spec.whatwg.org/multipage/canvas.html#concept-canvas-will-read-frequently @ webpack-internal:///(app-pages-browser)/./src/components/dice/DiceMesh.ts:191
[  864556ms] [WARNING] Canvas2D: Multiple readback operations using getImageData are faster with the willReadFrequently attribute set to true. See: https://html.spec.whatwg.org/multipage/canvas.html#concept-canvas-will-read-frequently @ webpack-internal:///(app-pages-browser)/./src/components/dice/DiceMesh.ts:191
[  864589ms] [WARNING] Canvas2D: Multiple readback operations using getImageData are faster with the willReadFrequently attribute set to true. See: https://html.spec.whatwg.org/multipage/canvas.html#concept-canvas-will-read-frequently @ webpack-internal:///(app-pages-browser)/./src/components/dice/DiceMesh.ts:191
[  864623ms] [WARNING] Canvas2D: Multiple readback operations using getImageData are faster with the willReadFrequently attribute set to true. See: https://html.spec.whatwg.org/multipage/canvas.html#concept-canvas-will-read-frequently @ webpack-internal:///(app-pages-browser)/./src/components/dice/DiceMesh.ts:191
[  864658ms] [WARNING] Canvas2D: Multiple readback operations using getImageData are faster with the willReadFrequently attribute set to true. See: https://html.spec.whatwg.org/multipage/canvas.html#concept-canvas-will-read-frequently @ webpack-internal:///(app-pages-browser)/./src/components/dice/DiceMesh.ts:191
[  864689ms] [WARNING] Canvas2D: Multiple readback operations using getImageData are faster with the willReadFrequently attribute set to true. See: https://html.spec.whatwg.org/multipage/canvas.html#concept-canvas-will-read-frequently @ webpack-internal:///(app-pages-browser)/./src/components/dice/DiceMesh.ts:191
[  864725ms] [WARNING] Canvas2D: Multiple readback operations using getImageData are faster with the willReadFrequently attribute set to true. See: https://html.spec.whatwg.org/multipage/canvas.html#concept-canvas-will-read-frequently @ webpack-internal:///(app-pages-browser)/./src/components/dice/DiceMesh.ts:191
[  864756ms] [WARNING] Canvas2D: Multiple readback operations using getImageData are faster with the willReadFrequently attribute set to true. See: https://html.spec.whatwg.org/multipage/canvas.html#concept-canvas-will-read-frequently @ webpack-internal:///(app-pages-browser)/./src/components/dice/DiceMesh.ts:191
[  864790ms] [WARNING] Canvas2D: Multiple readback operations using getImageData are faster with the willReadFrequently attribute set to true. See: https://html.spec.whatwg.org/multipage/canvas.html#concept-canvas-will-read-frequently @ webpack-internal:///(app-pages-browser)/./src/components/dice/DiceMesh.ts:191
[  864824ms] [WARNING] Canvas2D: Multiple readback operations using getImageData are faster with the willReadFrequently attribute set to true. See: https://html.spec.whatwg.org/multipage/canvas.html#concept-canvas-will-read-frequently @ webpack-internal:///(app-pages-browser)/./src/components/dice/DiceMesh.ts:191
[  864856ms] [WARNING] Canvas2D: Multiple readback operations using getImageData are faster with the willReadFrequently attribute set to true. See: https://html.spec.whatwg.org/multipage/canvas.html#concept-canvas-will-read-frequently @ webpack-internal:///(app-pages-browser)/./src/components/dice/DiceMesh.ts:191
[  864889ms] [WARNING] Canvas2D: Multiple readback operations using getImageData are faster with the willReadFrequently attribute set to true. See: https://html.spec.whatwg.org/multipage/canvas.html#concept-canvas-will-read-frequently @ webpack-internal:///(app-pages-browser)/./src/components/dice/DiceMesh.ts:191
[  869208ms] [LOG] [Fast Refresh] rebuilding @ webpack-internal:///(app-pages-browser)/./node_modules/next/dist/next-devtools/shared/forward-logs-shared.js:27
[  869472ms] [LOG] [Fast Refresh] done in 265ms @ webpack-internal:///(app-pages-browser)/./node_modules/next/dist/next-devtools/shared/forward-logs-shared.js:27
[  870035ms] [LOG] [Fast Refresh] rebuilding @ webpack-internal:///(app-pages-browser)/./node_modules/next/dist/next-devtools/shared/forward-logs-shared.js:27
[  870457ms] [LOG] [Fast Refresh] done in 423ms @ webpack-internal:///(app-pages-browser)/./node_modules/next/dist/next-devtools/shared/forward-logs-shared.js:27
[  870834ms] [LOG] [Fast Refresh] rebuilding @ webpack-internal:///(app-pages-browser)/./node_modules/next/dist/next-devtools/shared/forward-logs-shared.js:27
[  871315ms] [LOG] [Fast Refresh] done in 481ms @ webpack-internal:///(app-pages-browser)/./node_modules/next/dist/next-devtools/shared/forward-logs-shared.js:27
[  915161ms] [LOG] [Fast Refresh] rebuilding @ webpack-internal:///(app-pages-browser)/./node_modules/next/dist/next-devtools/shared/forward-logs-shared.js:27
[  915744ms] [LOG] [Fast Refresh] done in 582ms @ webpack-internal:///(app-pages-browser)/./node_modules/next/dist/next-devtools/shared/forward-logs-shared.js:27
[  916113ms] [LOG] [Fast Refresh] rebuilding @ webpack-internal:///(app-pages-browser)/./node_modules/next/dist/next-devtools/shared/forward-logs-shared.js:27
[  916476ms] [LOG] [Fast Refresh] done in 363ms @ webpack-internal:///(app-pages-browser)/./node_modules/next/dist/next-devtools/shared/forward-logs-shared.js:27
[  921986ms] [INFO] %cDownload the React DevTools for a better development experience: https://react.dev/link/react-devtools font-weight:bold @ webpack-internal:///(app-pages-browser)/./node_modules/next/dist/next-devtools/shared/forward-logs-shared.js:27
[  922074ms] [LOG] [HMR] connected @ webpack-internal:///(app-pages-browser)/./node_modules/next/dist/next-devtools/shared/forward-logs-shared.js:27
[  923890ms] [WARNING] Canvas2D: Multiple readback operations using getImageData are faster with the willReadFrequently attribute set to true. See: https://html.spec.whatwg.org/multipage/canvas.html#concept-canvas-will-read-frequently @ webpack-internal:///(app-pages-browser)/./src/components/dice/DiceMesh.ts:191
[  923898ms] [WARNING] Canvas2D: Multiple readback operations using getImageData are faster with the willReadFrequently attribute set to true. See: https://html.spec.whatwg.org/multipage/canvas.html#concept-canvas-will-read-frequently @ webpack-internal:///(app-pages-browser)/./src/components/dice/DiceMesh.ts:191
[  923932ms] [WARNING] Canvas2D: Multiple readback operations using getImageData are faster with the willReadFrequently attribute set to true. See: https://html.spec.whatwg.org/multipage/canvas.html#concept-canvas-will-read-frequently @ webpack-internal:///(app-pages-browser)/./src/components/dice/DiceMesh.ts:191
[  923937ms] [WARNING] Canvas2D: Multiple readback operations using getImageData are faster with the willReadFrequently attribute set to true. See: https://html.spec.whatwg.org/multipage/canvas.html#concept-canvas-will-read-frequently @ webpack-internal:///(app-pages-browser)/./src/components/dice/DiceMesh.ts:191
[  923950ms] [WARNING] Canvas2D: Multiple readback operations using getImageData are faster with the willReadFrequently attribute set to true. See: https://html.spec.whatwg.org/multipage/canvas.html#concept-canvas-will-read-frequently @ webpack-internal:///(app-pages-browser)/./src/components/dice/DiceMesh.ts:191
[  923965ms] [WARNING] Canvas2D: Multiple readback operations using getImageData are faster with the willReadFrequently attribute set to true. See: https://html.spec.whatwg.org/multipage/canvas.html#concept-canvas-will-read-frequently @ webpack-internal:///(app-pages-browser)/./src/components/dice/DiceMesh.ts:191
[  923985ms] [WARNING] Canvas2D: Multiple readback operations using getImageData are faster with the willReadFrequently attribute set to true. See: https://html.spec.whatwg.org/multipage/canvas.html#concept-canvas-will-read-frequently @ webpack-internal:///(app-pages-browser)/./src/components/dice/DiceMesh.ts:191
[  923989ms] [WARNING] Canvas2D: Multiple readback operations using getImageData are faster with the willReadFrequently attribute set to true. See: https://html.spec.whatwg.org/multipage/canvas.html#concept-canvas-will-read-frequently @ webpack-internal:///(app-pages-browser)/./src/components/dice/DiceMesh.ts:191
[  923993ms] [WARNING] Canvas2D: Multiple readback operations using getImageData are faster with the willReadFrequently attribute set to true. See: https://html.spec.whatwg.org/multipage/canvas.html#concept-canvas-will-read-frequently @ webpack-internal:///(app-pages-browser)/./src/components/dice/DiceMesh.ts:191
[  924015ms] [WARNING] Canvas2D: Multiple readback operations using getImageData are faster with the willReadFrequently attribute set to true. See: https://html.spec.whatwg.org/multipage/canvas.html#concept-canvas-will-read-frequently @ webpack-internal:///(app-pages-browser)/./src/components/dice/DiceMesh.ts:191
[  924043ms] [WARNING] Canvas2D: Multiple readback operations using getImageData are faster with the willReadFrequently attribute set to true. See: https://html.spec.whatwg.org/multipage/canvas.html#concept-canvas-will-read-frequently @ webpack-internal:///(app-pages-browser)/./src/components/dice/DiceMesh.ts:191
[  924073ms] [WARNING] Canvas2D: Multiple readback operations using getImageData are faster with the willReadFrequently attribute set to true. See: https://html.spec.whatwg.org/multipage/canvas.html#concept-canvas-will-read-frequently @ webpack-internal:///(app-pages-browser)/./src/components/dice/DiceMesh.ts:191
[  924100ms] [WARNING] Canvas2D: Multiple readback operations using getImageData are faster with the willReadFrequently attribute set to true. See: https://html.spec.whatwg.org/multipage/canvas.html#concept-canvas-will-read-frequently @ webpack-internal:///(app-pages-browser)/./src/components/dice/DiceMesh.ts:191
[  924114ms] [WARNING] Canvas2D: Multiple readback operations using getImageData are faster with the willReadFrequently attribute set to true. See: https://html.spec.whatwg.org/multipage/canvas.html#concept-canvas-will-read-frequently @ webpack-internal:///(app-pages-browser)/./src/components/dice/DiceMesh.ts:191
[  924134ms] [WARNING] Canvas2D: Multiple readback operations using getImageData are faster with the willReadFrequently attribute set to true. See: https://html.spec.whatwg.org/multipage/canvas.html#concept-canvas-will-read-frequently @ webpack-internal:///(app-pages-browser)/./src/components/dice/DiceMesh.ts:191
[  924164ms] [WARNING] Canvas2D: Multiple readback operations using getImageData are faster with the willReadFrequently attribute set to true. See: https://html.spec.whatwg.org/multipage/canvas.html#concept-canvas-will-read-frequently @ webpack-internal:///(app-pages-browser)/./src/components/dice/DiceMesh.ts:191
[  924186ms] [WARNING] Canvas2D: Multiple readback operations using getImageData are faster with the willReadFrequently attribute set to true. See: https://html.spec.whatwg.org/multipage/canvas.html#concept-canvas-will-read-frequently @ webpack-internal:///(app-pages-browser)/./src/components/dice/DiceMesh.ts:191
[  924205ms] [WARNING] Canvas2D: Multiple readback operations using getImageData are faster with the willReadFrequently attribute set to true. See: https://html.spec.whatwg.org/multipage/canvas.html#concept-canvas-will-read-frequently @ webpack-internal:///(app-pages-browser)/./src/components/dice/DiceMesh.ts:191
[  924208ms] [WARNING] Canvas2D: Multiple readback operations using getImageData are faster with the willReadFrequently attribute set to true. See: https://html.spec.whatwg.org/multipage/canvas.html#concept-canvas-will-read-frequently @ webpack-internal:///(app-pages-browser)/./src/components/dice/DiceMesh.ts:191
[  924220ms] [WARNING] Canvas2D: Multiple readback operations using getImageData are faster with the willReadFrequently attribute set to true. See: https://html.spec.whatwg.org/multipage/canvas.html#concept-canvas-will-read-frequently @ webpack-internal:///(app-pages-browser)/./src/components/dice/DiceMesh.ts:191
[  924253ms] [WARNING] Canvas2D: Multiple readback operations using getImageData are faster with the willReadFrequently attribute set to true. See: https://html.spec.whatwg.org/multipage/canvas.html#concept-canvas-will-read-frequently @ webpack-internal:///(app-pages-browser)/./src/components/dice/DiceMesh.ts:191
[  924257ms] [WARNING] Canvas2D: Multiple readback operations using getImageData are faster with the willReadFrequently attribute set to true. See: https://html.spec.whatwg.org/multipage/canvas.html#concept-canvas-will-read-frequently @ webpack-internal:///(app-pages-browser)/./src/components/dice/DiceMesh.ts:191
[  924261ms] [WARNING] Canvas2D: Multiple readback operations using getImageData are faster with the willReadFrequently attribute set to true. See: https://html.spec.whatwg.org/multipage/canvas.html#concept-canvas-will-read-frequently @ webpack-internal:///(app-pages-browser)/./src/components/dice/DiceMesh.ts:191
[  924286ms] [WARNING] Canvas2D: Multiple readback operations using getImageData are faster with the willReadFrequently attribute set to true. See: https://html.spec.whatwg.org/multipage/canvas.html#concept-canvas-will-read-frequently @ webpack-internal:///(app-pages-browser)/./src/components/dice/DiceMesh.ts:191
[  924310ms] [WARNING] Canvas2D: Multiple readback operations using getImageData are faster with the willReadFrequently attribute set to true. See: https://html.spec.whatwg.org/multipage/canvas.html#concept-canvas-will-read-frequently @ webpack-internal:///(app-pages-browser)/./src/components/dice/DiceMesh.ts:191
[  924336ms] [WARNING] Canvas2D: Multiple readback operations using getImageData are faster with the willReadFrequently attribute set to true. See: https://html.spec.whatwg.org/multipage/canvas.html#concept-canvas-will-read-frequently @ webpack-internal:///(app-pages-browser)/./src/components/dice/DiceMesh.ts:191
[  924371ms] [WARNING] Canvas2D: Multiple readback operations using getImageData are faster with the willReadFrequently attribute set to true. See: https://html.spec.whatwg.org/multipage/canvas.html#concept-canvas-will-read-frequently @ webpack-internal:///(app-pages-browser)/./src/components/dice/DiceMesh.ts:191
[  924374ms] [WARNING] Canvas2D: Multiple readback operations using getImageData are faster with the willReadFrequently attribute set to true. See: https://html.spec.whatwg.org/multipage/canvas.html#concept-canvas-will-read-frequently @ webpack-internal:///(app-pages-browser)/./src/components/dice/DiceMesh.ts:191
[  924379ms] [WARNING] Canvas2D: Multiple readback operations using getImageData are faster with the willReadFrequently attribute set to true. See: https://html.spec.whatwg.org/multipage/canvas.html#concept-canvas-will-read-frequently @ webpack-internal:///(app-pages-browser)/./src/components/dice/DiceMesh.ts:191
[  924400ms] [WARNING] Canvas2D: Multiple readback operations using getImageData are faster with the willReadFrequently attribute set to true. See: https://html.spec.whatwg.org/multipage/canvas.html#concept-canvas-will-read-frequently @ webpack-internal:///(app-pages-browser)/./src/components/dice/DiceMesh.ts:191
[  924425ms] [WARNING] Canvas2D: Multiple readback operations using getImageData are faster with the willReadFrequently attribute set to true. See: https://html.spec.whatwg.org/multipage/canvas.html#concept-canvas-will-read-frequently @ webpack-internal:///(app-pages-browser)/./src/components/dice/DiceMesh.ts:191
[  924440ms] [WARNING] Canvas2D: Multiple readback operations using getImageData are faster with the willReadFrequently attribute set to true. See: https://html.spec.whatwg.org/multipage/canvas.html#concept-canvas-will-read-frequently @ webpack-internal:///(app-pages-browser)/./src/components/dice/DiceMesh.ts:191
[  924471ms] [WARNING] Canvas2D: Multiple readback operations using getImageData are faster with the willReadFrequently attribute set to true. See: https://html.spec.whatwg.org/multipage/canvas.html#concept-canvas-will-read-frequently @ webpack-internal:///(app-pages-browser)/./src/components/dice/DiceMesh.ts:191
[  924475ms] [WARNING] Canvas2D: Multiple readback operations using getImageData are faster with the willReadFrequently attribute set to true. See: https://html.spec.whatwg.org/multipage/canvas.html#concept-canvas-will-read-frequently @ webpack-internal:///(app-pages-browser)/./src/components/dice/DiceMesh.ts:191
[  924482ms] [WARNING] Canvas2D: Multiple readback operations using getImageData are faster with the willReadFrequently attribute set to true. See: https://html.spec.whatwg.org/multipage/canvas.html#concept-canvas-will-read-frequently @ webpack-internal:///(app-pages-browser)/./src/components/dice/DiceMesh.ts:191
[  924516ms] [WARNING] Canvas2D: Multiple readback operations using getImageData are faster with the willReadFrequently attribute set to true. See: https://html.spec.whatwg.org/multipage/canvas.html#concept-canvas-will-read-frequently @ webpack-internal:///(app-pages-browser)/./src/components/dice/DiceMesh.ts:191
[  924527ms] [WARNING] Canvas2D: Multiple readback operations using getImageData are faster with the willReadFrequently attribute set to true. See: https://html.spec.whatwg.org/multipage/canvas.html#concept-canvas-will-read-frequently @ webpack-internal:///(app-pages-browser)/./src/components/dice/DiceMesh.ts:191
[  924550ms] [WARNING] Canvas2D: Multiple readback operations using getImageData are faster with the willReadFrequently attribute set to true. See: https://html.spec.whatwg.org/multipage/canvas.html#concept-canvas-will-read-frequently @ webpack-internal:///(app-pages-browser)/./src/components/dice/DiceMesh.ts:191
[  924579ms] [WARNING] Canvas2D: Multiple readback operations using getImageData are faster with the willReadFrequently attribute set to true. See: https://html.spec.whatwg.org/multipage/canvas.html#concept-canvas-will-read-frequently @ webpack-internal:///(app-pages-browser)/./src/components/dice/DiceMesh.ts:191
[  924603ms] [WARNING] Canvas2D: Multiple readback operations using getImageData are faster with the willReadFrequently attribute set to true. See: https://html.spec.whatwg.org/multipage/canvas.html#concept-canvas-will-read-frequently @ webpack-internal:///(app-pages-browser)/./src/components/dice/DiceMesh.ts:191
[  924627ms] [WARNING] Canvas2D: Multiple readback operations using getImageData are faster with the willReadFrequently attribute set to true. See: https://html.spec.whatwg.org/multipage/canvas.html#concept-canvas-will-read-frequently @ webpack-internal:///(app-pages-browser)/./src/components/dice/DiceMesh.ts:191
[  924653ms] [WARNING] Canvas2D: Multiple readback operations using getImageData are faster with the willReadFrequently attribute set to true. See: https://html.spec.whatwg.org/multipage/canvas.html#concept-canvas-will-read-frequently @ webpack-internal:///(app-pages-browser)/./src/components/dice/DiceMesh.ts:191
[  924673ms] [WARNING] Canvas2D: Multiple readback operations using getImageData are faster with the willReadFrequently attribute set to true. See: https://html.spec.whatwg.org/multipage/canvas.html#concept-canvas-will-read-frequently @ webpack-internal:///(app-pages-browser)/./src/components/dice/DiceMesh.ts:191
[  924677ms] [WARNING] Canvas2D: Multiple readback operations using getImageData are faster with the willReadFrequently attribute set to true. See: https://html.spec.whatwg.org/multipage/canvas.html#concept-canvas-will-read-frequently @ webpack-internal:///(app-pages-browser)/./src/components/dice/DiceMesh.ts:191
[  924703ms] [WARNING] Canvas2D: Multiple readback operations using getImageData are faster with the willReadFrequently attribute set to true. See: https://html.spec.whatwg.org/multipage/canvas.html#concept-canvas-will-read-frequently @ webpack-internal:///(app-pages-browser)/./src/components/dice/DiceMesh.ts:191
[  924722ms] [WARNING] Canvas2D: Multiple readback operations using getImageData are faster with the willReadFrequently attribute set to true. See: https://html.spec.whatwg.org/multipage/canvas.html#concept-canvas-will-read-frequently @ webpack-internal:///(app-pages-browser)/./src/components/dice/DiceMesh.ts:191
[  924727ms] [WARNING] Canvas2D: Multiple readback operations using getImageData are faster with the willReadFrequently attribute set to true. See: https://html.spec.whatwg.org/multipage/canvas.html#concept-canvas-will-read-frequently @ webpack-internal:///(app-pages-browser)/./src/components/dice/DiceMesh.ts:191
[  924750ms] [WARNING] Canvas2D: Multiple readback operations using getImageData are faster with the willReadFrequently attribute set to true. See: https://html.spec.whatwg.org/multipage/canvas.html#concept-canvas-will-read-frequently @ webpack-internal:///(app-pages-browser)/./src/components/dice/DiceMesh.ts:191
[  924776ms] [WARNING] Canvas2D: Multiple readback operations using getImageData are faster with the willReadFrequently attribute set to true. See: https://html.spec.whatwg.org/multipage/canvas.html#concept-canvas-will-read-frequently @ webpack-internal:///(app-pages-browser)/./src/components/dice/DiceMesh.ts:191
[  924788ms] [WARNING] Canvas2D: Multiple readback operations using getImageData are faster with the willReadFrequently attribute set to true. See: https://html.spec.whatwg.org/multipage/canvas.html#concept-canvas-will-read-frequently @ webpack-internal:///(app-pages-browser)/./src/components/dice/DiceMesh.ts:191
[  924823ms] [WARNING] Canvas2D: Multiple readback operations using getImageData are faster with the willReadFrequently attribute set to true. See: https://html.spec.whatwg.org/multipage/canvas.html#concept-canvas-will-read-frequently @ webpack-internal:///(app-pages-browser)/./src/components/dice/DiceMesh.ts:191
[  924839ms] [WARNING] Canvas2D: Multiple readback operations using getImageData are faster with the willReadFrequently attribute set to true. See: https://html.spec.whatwg.org/multipage/canvas.html#concept-canvas-will-read-frequently @ webpack-internal:///(app-pages-browser)/./src/components/dice/DiceMesh.ts:191
[  924844ms] [WARNING] Canvas2D: Multiple readback operations using getImageData are faster with the willReadFrequently attribute set to true. See: https://html.spec.whatwg.org/multipage/canvas.html#concept-canvas-will-read-frequently @ webpack-internal:///(app-pages-browser)/./src/components/dice/DiceMesh.ts:191
[  924870ms] [WARNING] Canvas2D: Multiple readback operations using getImageData are faster with the willReadFrequently attribute set to true. See: https://html.spec.whatwg.org/multipage/canvas.html#concept-canvas-will-read-frequently @ webpack-internal:///(app-pages-browser)/./src/components/dice/DiceMesh.ts:191
[  924890ms] [WARNING] Canvas2D: Multiple readback operations using getImageData are faster with the willReadFrequently attribute set to true. See: https://html.spec.whatwg.org/multipage/canvas.html#concept-canvas-will-read-frequently @ webpack-internal:///(app-pages-browser)/./src/components/dice/DiceMesh.ts:191
[  924894ms] [WARNING] Canvas2D: Multiple readback operations using getImageData are faster with the willReadFrequently attribute set to true. See: https://html.spec.whatwg.org/multipage/canvas.html#concept-canvas-will-read-frequently @ webpack-internal:///(app-pages-browser)/./src/components/dice/DiceMesh.ts:191
[  924916ms] [WARNING] Canvas2D: Multiple readback operations using getImageData are faster with the willReadFrequently attribute set to true. See: https://html.spec.whatwg.org/multipage/canvas.html#concept-canvas-will-read-frequently @ webpack-internal:///(app-pages-browser)/./src/components/dice/DiceMesh.ts:191
[  924944ms] [WARNING] Canvas2D: Multiple readback operations using getImageData are faster with the willReadFrequently attribute set to true. See: https://html.spec.whatwg.org/multipage/canvas.html#concept-canvas-will-read-frequently @ webpack-internal:///(app-pages-browser)/./src/components/dice/DiceMesh.ts:191
[  924967ms] [WARNING] Canvas2D: Multiple readback operations using getImageData are faster with the willReadFrequently attribute set to true. See: https://html.spec.whatwg.org/multipage/canvas.html#concept-canvas-will-read-frequently @ webpack-internal:///(app-pages-browser)/./src/components/dice/DiceMesh.ts:191
[  924992ms] [WARNING] Canvas2D: Multiple readback operations using getImageData are faster with the willReadFrequently attribute set to true. See: https://html.spec.whatwg.org/multipage/canvas.html#concept-canvas-will-read-frequently @ webpack-internal:///(app-pages-browser)/./src/components/dice/DiceMesh.ts:191
[  925004ms] [WARNING] Canvas2D: Multiple readback operations using getImageData are faster with the willReadFrequently attribute set to true. See: https://html.spec.whatwg.org/multipage/canvas.html#concept-canvas-will-read-frequently @ webpack-internal:///(app-pages-browser)/./src/components/dice/DiceMesh.ts:191
[  925044ms] [WARNING] Canvas2D: Multiple readback operations using getImageData are faster with the willReadFrequently attribute set to true. See: https://html.spec.whatwg.org/multipage/canvas.html#concept-canvas-will-read-frequently @ webpack-internal:///(app-pages-browser)/./src/components/dice/DiceMesh.ts:191
[  925070ms] [WARNING] Canvas2D: Multiple readback operations using getImageData are faster with the willReadFrequently attribute set to true. See: https://html.spec.whatwg.org/multipage/canvas.html#concept-canvas-will-read-frequently @ webpack-internal:///(app-pages-browser)/./src/components/dice/DiceMesh.ts:191
[  925098ms] [WARNING] Canvas2D: Multiple readback operations using getImageData are faster with the willReadFrequently attribute set to true. See: https://html.spec.whatwg.org/multipage/canvas.html#concept-canvas-will-read-frequently @ webpack-internal:///(app-pages-browser)/./src/components/dice/DiceMesh.ts:191
[  925120ms] [WARNING] Canvas2D: Multiple readback operations using getImageData are faster with the willReadFrequently attribute set to true. See: https://html.spec.whatwg.org/multipage/canvas.html#concept-canvas-will-read-frequently @ webpack-internal:///(app-pages-browser)/./src/components/dice/DiceMesh.ts:191
[  925139ms] [WARNING] Canvas2D: Multiple readback operations using getImageData are faster with the willReadFrequently attribute set to true. See: https://html.spec.whatwg.org/multipage/canvas.html#concept-canvas-will-read-frequently @ webpack-internal:///(app-pages-browser)/./src/components/dice/DiceMesh.ts:191
[  925143ms] [WARNING] Canvas2D: Multiple readback operations using getImageData are faster with the willReadFrequently attribute set to true. See: https://html.spec.whatwg.org/multipage/canvas.html#concept-canvas-will-read-frequently @ webpack-internal:///(app-pages-browser)/./src/components/dice/DiceMesh.ts:191
[  925154ms] [WARNING] Canvas2D: Multiple readback operations using getImageData are faster with the willReadFrequently attribute set to true. See: https://html.spec.whatwg.org/multipage/canvas.html#concept-canvas-will-read-frequently @ webpack-internal:///(app-pages-browser)/./src/components/dice/DiceMesh.ts:191
[  925190ms] [WARNING] Canvas2D: Multiple readback operations using getImageData are faster with the willReadFrequently attribute set to true. See: https://html.spec.whatwg.org/multipage/canvas.html#concept-canvas-will-read-frequently @ webpack-internal:///(app-pages-browser)/./src/components/dice/DiceMesh.ts:191
[  925194ms] [WARNING] Canvas2D: Multiple readback operations using getImageData are faster with the willReadFrequently attribute set to true. See: https://html.spec.whatwg.org/multipage/canvas.html#concept-canvas-will-read-frequently @ webpack-internal:///(app-pages-browser)/./src/components/dice/DiceMesh.ts:191
[  925217ms] [WARNING] Canvas2D: Multiple readback operations using getImageData are faster with the willReadFrequently attribute set to true. See: https://html.spec.whatwg.org/multipage/canvas.html#concept-canvas-will-read-frequently @ webpack-internal:///(app-pages-browser)/./src/components/dice/DiceMesh.ts:191
[  925243ms] [WARNING] Canvas2D: Multiple readback operations using getImageData are faster with the willReadFrequently attribute set to true. See: https://html.spec.whatwg.org/multipage/canvas.html#concept-canvas-will-read-frequently @ webpack-internal:///(app-pages-browser)/./src/components/dice/DiceMesh.ts:191
[  925253ms] [WARNING] Canvas2D: Multiple readback operations using getImageData are faster with the willReadFrequently attribute set to true. See: https://html.spec.whatwg.org/multipage/canvas.html#concept-canvas-will-read-frequently @ webpack-internal:///(app-pages-browser)/./src/components/dice/DiceMesh.ts:191
[  925287ms] [WARNING] Canvas2D: Multiple readback operations using getImageData are faster with the willReadFrequently attribute set to true. See: https://html.spec.whatwg.org/multipage/canvas.html#concept-canvas-will-read-frequently @ webpack-internal:///(app-pages-browser)/./src/components/dice/DiceMesh.ts:191
[  925290ms] [WARNING] Canvas2D: Multiple readback operations using getImageData are faster with the willReadFrequently attribute set to true. See: https://html.spec.whatwg.org/multipage/canvas.html#concept-canvas-will-read-frequently @ webpack-internal:///(app-pages-browser)/./src/components/dice/DiceMesh.ts:191
[  925294ms] [WARNING] Canvas2D: Multiple readback operations using getImageData are faster with the willReadFrequently attribute set to true. See: https://html.spec.whatwg.org/multipage/canvas.html#concept-canvas-will-read-frequently @ webpack-internal:///(app-pages-browser)/./src/components/dice/DiceMesh.ts:191
[  935220ms] [LOG] [Fast Refresh] rebuilding @ webpack-internal:///(app-pages-browser)/./node_modules/next/dist/next-devtools/shared/forward-logs-shared.js:27
[  935461ms] [LOG] [Fast Refresh] rebuilding @ webpack-internal:///(app-pages-browser)/./node_modules/next/dist/next-devtools/shared/forward-logs-shared.js:27
[  935621ms] [LOG] [Fast Refresh] done in 158ms @ webpack-internal:///(app-pages-browser)/./node_modules/next/dist/next-devtools/shared/forward-logs-shared.js:27
[  935874ms] [LOG] [Fast Refresh] done in 414ms @ webpack-internal:///(app-pages-browser)/./node_modules/next/dist/next-devtools/shared/forward-logs-shared.js:27
[  939016ms] [WARNING] The resource http://localhost:3000/_next/static/css/app/layout.css?v=1778832410753 was preloaded using link preload but not used within a few seconds from the window's load event. Please make sure it has an appropriate `as` value and it is preloaded intentionally. @ http://localhost:3000/campaign/cmmr6djjy0000ws482a52nc1y:0
[  955191ms] [WARNING] The resource http://localhost:3000/_next/static/css/app/layout.css?v=1778832410753 was preloaded using link preload but not used within a few seconds from the window's load event. Please make sure it has an appropriate `as` value and it is preloaded intentionally. @ http://localhost:3000/campaign/cmmr6djjy0000ws482a52nc1y:0
[  985170ms] [WARNING] The resource http://localhost:3000/_next/static/css/app/layout.css?v=1778832410753 was preloaded using link preload but not used within a few seconds from the window's load event. Please make sure it has an appropriate `as` value and it is preloaded intentionally. @ http://localhost:3000/campaign/cmmr6djjy0000ws482a52nc1y:0
[ 1015188ms] [WARNING] The resource http://localhost:3000/_next/static/css/app/layout.css?v=1778832410753 was preloaded using link preload but not used within a few seconds from the window's load event. Please make sure it has an appropriate `as` value and it is preloaded intentionally. @ http://localhost:3000/campaign/cmmr6djjy0000ws482a52nc1y:0
[ 1045181ms] [WARNING] The resource http://localhost:3000/_next/static/css/app/layout.css?v=1778832410753 was preloaded using link preload but not used within a few seconds from the window's load event. Please make sure it has an appropriate `as` value and it is preloaded intentionally. @ http://localhost:3000/campaign/cmmr6djjy0000ws482a52nc1y:0
[ 1075194ms] [WARNING] The resource http://localhost:3000/_next/static/css/app/layout.css?v=1778832410753 was preloaded using link preload but not used within a few seconds from the window's load event. Please make sure it has an appropriate `as` value and it is preloaded intentionally. @ http://localhost:3000/campaign/cmmr6djjy0000ws482a52nc1y:0
[ 1105174ms] [WARNING] The resource http://localhost:3000/_next/static/css/app/layout.css?v=1778832410753 was preloaded using link preload but not used within a few seconds from the window's load event. Please make sure it has an appropriate `as` value and it is preloaded intentionally. @ http://localhost:3000/campaign/cmmr6djjy0000ws482a52nc1y:0
[ 1135175ms] [WARNING] The resource http://localhost:3000/_next/static/css/app/layout.css?v=1778832410753 was preloaded using link preload but not used within a few seconds from the window's load event. Please make sure it has an appropriate `as` value and it is preloaded intentionally. @ http://localhost:3000/campaign/cmmr6djjy0000ws482a52nc1y:0
[ 1165167ms] [WARNING] The resource http://localhost:3000/_next/static/css/app/layout.css?v=1778832410753 was preloaded using link preload but not used within a few seconds from the window's load event. Please make sure it has an appropriate `as` value and it is preloaded intentionally. @ http://localhost:3000/campaign/cmmr6djjy0000ws482a52nc1y:0
[ 1195186ms] [WARNING] The resource http://localhost:3000/_next/static/css/app/layout.css?v=1778832410753 was preloaded using link preload but not used within a few seconds from the window's load event. Please make sure it has an appropriate `as` value and it is preloaded intentionally. @ http://localhost:3000/campaign/cmmr6djjy0000ws482a52nc1y:0
[ 1225178ms] [WARNING] The resource http://localhost:3000/_next/static/css/app/layout.css?v=1778832410753 was preloaded using link preload but not used within a few seconds from the window's load event. Please make sure it has an appropriate `as` value and it is preloaded intentionally. @ http://localhost:3000/campaign/cmmr6djjy0000ws482a52nc1y:0
[ 1255191ms] [WARNING] The resource http://localhost:3000/_next/static/css/app/layout.css?v=1778832410753 was preloaded using link preload but not used within a few seconds from the window's load event. Please make sure it has an appropriate `as` value and it is preloaded intentionally. @ http://localhost:3000/campaign/cmmr6djjy0000ws482a52nc1y:0
[ 1285176ms] [WARNING] The resource http://localhost:3000/_next/static/css/app/layout.css?v=1778832410753 was preloaded using link preload but not used within a few seconds from the window's load event. Please make sure it has an appropriate `as` value and it is preloaded intentionally. @ http://localhost:3000/campaign/cmmr6djjy0000ws482a52nc1y:0
[ 1315190ms] [WARNING] The resource http://localhost:3000/_next/static/css/app/layout.css?v=1778832410753 was preloaded using link preload but not used within a few seconds from the window's load event. Please make sure it has an appropriate `as` value and it is preloaded intentionally. @ http://localhost:3000/campaign/cmmr6djjy0000ws482a52nc1y:0
[ 1345188ms] [WARNING] The resource http://localhost:3000/_next/static/css/app/layout.css?v=1778832410753 was preloaded using link preload but not used within a few seconds from the window's load event. Please make sure it has an appropriate `as` value and it is preloaded intentionally. @ http://localhost:3000/campaign/cmmr6djjy0000ws482a52nc1y:0
[ 1375183ms] [WARNING] The resource http://localhost:3000/_next/static/css/app/layout.css?v=1778832410753 was preloaded using link preload but not used within a few seconds from the window's load event. Please make sure it has an appropriate `as` value and it is preloaded intentionally. @ http://localhost:3000/campaign/cmmr6djjy0000ws482a52nc1y:0
[ 1405176ms] [WARNING] The resource http://localhost:3000/_next/static/css/app/layout.css?v=1778832410753 was preloaded using link preload but not used within a few seconds from the window's load event. Please make sure it has an appropriate `as` value and it is preloaded intentionally. @ http://localhost:3000/campaign/cmmr6djjy0000ws482a52nc1y:0
[ 1435189ms] [WARNING] The resource http://localhost:3000/_next/static/css/app/layout.css?v=1778832410753 was preloaded using link preload but not used within a few seconds from the window's load event. Please make sure it has an appropriate `as` value and it is preloaded intentionally. @ http://localhost:3000/campaign/cmmr6djjy0000ws482a52nc1y:0
[ 1465170ms] [WARNING] The resource http://localhost:3000/_next/static/css/app/layout.css?v=1778832410753 was preloaded using link preload but not used within a few seconds from the window's load event. Please make sure it has an appropriate `as` value and it is preloaded intentionally. @ http://localhost:3000/campaign/cmmr6djjy0000ws482a52nc1y:0
[ 1495220ms] [WARNING] The resource http://localhost:3000/_next/static/css/app/layout.css?v=1778832410753 was preloaded using link preload but not used within a few seconds from the window's load event. Please make sure it has an appropriate `as` value and it is preloaded intentionally. @ http://localhost:3000/campaign/cmmr6djjy0000ws482a52nc1y:0
[ 1525180ms] [WARNING] The resource http://localhost:3000/_next/static/css/app/layout.css?v=1778832410753 was preloaded using link preload but not used within a few seconds from the window's load event. Please make sure it has an appropriate `as` value and it is preloaded intentionally. @ http://localhost:3000/campaign/cmmr6djjy0000ws482a52nc1y:0
[ 1555183ms] [WARNING] The resource http://localhost:3000/_next/static/css/app/layout.css?v=1778832410753 was preloaded using link preload but not used within a few seconds from the window's load event. Please make sure it has an appropriate `as` value and it is preloaded intentionally. @ http://localhost:3000/campaign/cmmr6djjy0000ws482a52nc1y:0
[ 1585174ms] [WARNING] The resource http://localhost:3000/_next/static/css/app/layout.css?v=1778832410753 was preloaded using link preload but not used within a few seconds from the window's load event. Please make sure it has an appropriate `as` value and it is preloaded intentionally. @ http://localhost:3000/campaign/cmmr6djjy0000ws482a52nc1y:0
[ 1615174ms] [WARNING] The resource http://localhost:3000/_next/static/css/app/layout.css?v=1778832410753 was preloaded using link preload but not used within a few seconds from the window's load event. Please make sure it has an appropriate `as` value and it is preloaded intentionally. @ http://localhost:3000/campaign/cmmr6djjy0000ws482a52nc1y:0
[ 1645185ms] [WARNING] The resource http://localhost:3000/_next/static/css/app/layout.css?v=1778832410753 was preloaded using link preload but not used within a few seconds from the window's load event. Please make sure it has an appropriate `as` value and it is preloaded intentionally. @ http://localhost:3000/campaign/cmmr6djjy0000ws482a52nc1y:0
[ 1675198ms] [WARNING] The resource http://localhost:3000/_next/static/css/app/layout.css?v=1778832410753 was preloaded using link preload but not used within a few seconds from the window's load event. Please make sure it has an appropriate `as` value and it is preloaded intentionally. @ http://localhost:3000/campaign/cmmr6djjy0000ws482a52nc1y:0
[ 1705181ms] [WARNING] The resource http://localhost:3000/_next/static/css/app/layout.css?v=1778832410753 was preloaded using link preload but not used within a few seconds from the window's load event. Please make sure it has an appropriate `as` value and it is preloaded intentionally. @ http://localhost:3000/campaign/cmmr6djjy0000ws482a52nc1y:0
[ 1735178ms] [WARNING] The resource http://localhost:3000/_next/static/css/app/layout.css?v=1778832410753 was preloaded using link preload but not used within a few seconds from the window's load event. Please make sure it has an appropriate `as` value and it is preloaded intentionally. @ http://localhost:3000/campaign/cmmr6djjy0000ws482a52nc1y:0
[ 1765192ms] [WARNING] The resource http://localhost:3000/_next/static/css/app/layout.css?v=1778832410753 was preloaded using link preload but not used within a few seconds from the window's load event. Please make sure it has an appropriate `as` value and it is preloaded intentionally. @ http://localhost:3000/campaign/cmmr6djjy0000ws482a52nc1y:0
[ 1795172ms] [WARNING] The resource http://localhost:3000/_next/static/css/app/layout.css?v=1778832410753 was preloaded using link preload but not used within a few seconds from the window's load event. Please make sure it has an appropriate `as` value and it is preloaded intentionally. @ http://localhost:3000/campaign/cmmr6djjy0000ws482a52nc1y:0
[ 1825181ms] [WARNING] The resource http://localhost:3000/_next/static/css/app/layout.css?v=1778832410753 was preloaded using link preload but not used within a few seconds from the window's load event. Please make sure it has an appropriate `as` value and it is preloaded intentionally. @ http://localhost:3000/campaign/cmmr6djjy0000ws482a52nc1y:0
[ 1855195ms] [WARNING] The resource http://localhost:3000/_next/static/css/app/layout.css?v=1778832410753 was preloaded using link preload but not used within a few seconds from the window's load event. Please make sure it has an appropriate `as` value and it is preloaded intentionally. @ http://localhost:3000/campaign/cmmr6djjy0000ws482a52nc1y:0
[ 1885175ms] [WARNING] The resource http://localhost:3000/_next/static/css/app/layout.css?v=1778832410753 was preloaded using link preload but not used within a few seconds from the window's load event. Please make sure it has an appropriate `as` value and it is preloaded intentionally. @ http://localhost:3000/campaign/cmmr6djjy0000ws482a52nc1y:0
[ 1915175ms] [WARNING] The resource http://localhost:3000/_next/static/css/app/layout.css?v=1778832410753 was preloaded using link preload but not used within a few seconds from the window's load event. Please make sure it has an appropriate `as` value and it is preloaded intentionally. @ http://localhost:3000/campaign/cmmr6djjy0000ws482a52nc1y:0
[ 1945172ms] [WARNING] The resource http://localhost:3000/_next/static/css/app/layout.css?v=1778832410753 was preloaded using link preload but not used within a few seconds from the window's load event. Please make sure it has an appropriate `as` value and it is preloaded intentionally. @ http://localhost:3000/campaign/cmmr6djjy0000ws482a52nc1y:0
[ 1975200ms] [WARNING] The resource http://localhost:3000/_next/static/css/app/layout.css?v=1778832410753 was preloaded using link preload but not used within a few seconds from the window's load event. Please make sure it has an appropriate `as` value and it is preloaded intentionally. @ http://localhost:3000/campaign/cmmr6djjy0000ws482a52nc1y:0
[ 2005182ms] [WARNING] The resource http://localhost:3000/_next/static/css/app/layout.css?v=1778832410753 was preloaded using link preload but not used within a few seconds from the window's load event. Please make sure it has an appropriate `as` value and it is preloaded intentionally. @ http://localhost:3000/campaign/cmmr6djjy0000ws482a52nc1y:0
[ 2035192ms] [WARNING] The resource http://localhost:3000/_next/static/css/app/layout.css?v=1778832410753 was preloaded using link preload but not used within a few seconds from the window's load event. Please make sure it has an appropriate `as` value and it is preloaded intentionally. @ http://localhost:3000/campaign/cmmr6djjy0000ws482a52nc1y:0
[ 2065173ms] [WARNING] The resource http://localhost:3000/_next/static/css/app/layout.css?v=1778832410753 was preloaded using link preload but not used within a few seconds from the window's load event. Please make sure it has an appropriate `as` value and it is preloaded intentionally. @ http://localhost:3000/campaign/cmmr6djjy0000ws482a52nc1y:0
[ 2095169ms] [WARNING] The resource http://localhost:3000/_next/static/css/app/layout.css?v=1778832410753 was preloaded using link preload but not used within a few seconds from the window's load event. Please make sure it has an appropriate `as` value and it is preloaded intentionally. @ http://localhost:3000/campaign/cmmr6djjy0000ws482a52nc1y:0
[ 2125183ms] [WARNING] The resource http://localhost:3000/_next/static/css/app/layout.css?v=1778832410753 was preloaded using link preload but not used within a few seconds from the window's load event. Please make sure it has an appropriate `as` value and it is preloaded intentionally. @ http://localhost:3000/campaign/cmmr6djjy0000ws482a52nc1y:0
[ 2155197ms] [WARNING] The resource http://localhost:3000/_next/static/css/app/layout.css?v=1778832410753 was preloaded using link preload but not used within a few seconds from the window's load event. Please make sure it has an appropriate `as` value and it is preloaded intentionally. @ http://localhost:3000/campaign/cmmr6djjy0000ws482a52nc1y:0
[ 2185177ms] [WARNING] The resource http://localhost:3000/_next/static/css/app/layout.css?v=1778832410753 was preloaded using link preload but not used within a few seconds from the window's load event. Please make sure it has an appropriate `as` value and it is preloaded intentionally. @ http://localhost:3000/campaign/cmmr6djjy0000ws482a52nc1y:0
[ 2215177ms] [WARNING] The resource http://localhost:3000/_next/static/css/app/layout.css?v=1778832410753 was preloaded using link preload but not used within a few seconds from the window's load event. Please make sure it has an appropriate `as` value and it is preloaded intentionally. @ http://localhost:3000/campaign/cmmr6djjy0000ws482a52nc1y:0
[ 2245171ms] [WARNING] The resource http://localhost:3000/_next/static/css/app/layout.css?v=1778832410753 was preloaded using link preload but not used within a few seconds from the window's load event. Please make sure it has an appropriate `as` value and it is preloaded intentionally. @ http://localhost:3000/campaign/cmmr6djjy0000ws482a52nc1y:0
[ 2275184ms] [WARNING] The resource http://localhost:3000/_next/static/css/app/layout.css?v=1778832410753 was preloaded using link preload but not used within a few seconds from the window's load event. Please make sure it has an appropriate `as` value and it is preloaded intentionally. @ http://localhost:3000/campaign/cmmr6djjy0000ws482a52nc1y:0
[ 2305197ms] [WARNING] The resource http://localhost:3000/_next/static/css/app/layout.css?v=1778832410753 was preloaded using link preload but not used within a few seconds from the window's load event. Please make sure it has an appropriate `as` value and it is preloaded intentionally. @ http://localhost:3000/campaign/cmmr6djjy0000ws482a52nc1y:0
[ 2335182ms] [WARNING] The resource http://localhost:3000/_next/static/css/app/layout.css?v=1778832410753 was preloaded using link preload but not used within a few seconds from the window's load event. Please make sure it has an appropriate `as` value and it is preloaded intentionally. @ http://localhost:3000/campaign/cmmr6djjy0000ws482a52nc1y:0
[ 2365195ms] [WARNING] The resource http://localhost:3000/_next/static/css/app/layout.css?v=1778832410753 was preloaded using link preload but not used within a few seconds from the window's load event. Please make sure it has an appropriate `as` value and it is preloaded intentionally. @ http://localhost:3000/campaign/cmmr6djjy0000ws482a52nc1y:0
[ 2395175ms] [WARNING] The resource http://localhost:3000/_next/static/css/app/layout.css?v=1778832410753 was preloaded using link preload but not used within a few seconds from the window's load event. Please make sure it has an appropriate `as` value and it is preloaded intentionally. @ http://localhost:3000/campaign/cmmr6djjy0000ws482a52nc1y:0
[ 2425185ms] [WARNING] The resource http://localhost:3000/_next/static/css/app/layout.css?v=1778832410753 was preloaded using link preload but not used within a few seconds from the window's load event. Please make sure it has an appropriate `as` value and it is preloaded intentionally. @ http://localhost:3000/campaign/cmmr6djjy0000ws482a52nc1y:0
[ 2455185ms] [WARNING] The resource http://localhost:3000/_next/static/css/app/layout.css?v=1778832410753 was preloaded using link preload but not used within a few seconds from the window's load event. Please make sure it has an appropriate `as` value and it is preloaded intentionally. @ http://localhost:3000/campaign/cmmr6djjy0000ws482a52nc1y:0
[ 2485178ms] [WARNING] The resource http://localhost:3000/_next/static/css/app/layout.css?v=1778832410753 was preloaded using link preload but not used within a few seconds from the window's load event. Please make sure it has an appropriate `as` value and it is preloaded intentionally. @ http://localhost:3000/campaign/cmmr6djjy0000ws482a52nc1y:0
[ 2515195ms] [WARNING] The resource http://localhost:3000/_next/static/css/app/layout.css?v=1778832410753 was preloaded using link preload but not used within a few seconds from the window's load event. Please make sure it has an appropriate `as` value and it is preloaded intentionally. @ http://localhost:3000/campaign/cmmr6djjy0000ws482a52nc1y:0
[ 2545175ms] [WARNING] The resource http://localhost:3000/_next/static/css/app/layout.css?v=1778832410753 was preloaded using link preload but not used within a few seconds from the window's load event. Please make sure it has an appropriate `as` value and it is preloaded intentionally. @ http://localhost:3000/campaign/cmmr6djjy0000ws482a52nc1y:0
[ 2575172ms] [WARNING] The resource http://localhost:3000/_next/static/css/app/layout.css?v=1778832410753 was preloaded using link preload but not used within a few seconds from the window's load event. Please make sure it has an appropriate `as` value and it is preloaded intentionally. @ http://localhost:3000/campaign/cmmr6djjy0000ws482a52nc1y:0
[ 2605185ms] [WARNING] The resource http://localhost:3000/_next/static/css/app/layout.css?v=1778832410753 was preloaded using link preload but not used within a few seconds from the window's load event. Please make sure it has an appropriate `as` value and it is preloaded intentionally. @ http://localhost:3000/campaign/cmmr6djjy0000ws482a52nc1y:0
[ 2635195ms] [WARNING] The resource http://localhost:3000/_next/static/css/app/layout.css?v=1778832410753 was preloaded using link preload but not used within a few seconds from the window's load event. Please make sure it has an appropriate `as` value and it is preloaded intentionally. @ http://localhost:3000/campaign/cmmr6djjy0000ws482a52nc1y:0
[ 2665175ms] [WARNING] The resource http://localhost:3000/_next/static/css/app/layout.css?v=1778832410753 was preloaded using link preload but not used within a few seconds from the window's load event. Please make sure it has an appropriate `as` value and it is preloaded intentionally. @ http://localhost:3000/campaign/cmmr6djjy0000ws482a52nc1y:0
[ 2695161ms] [WARNING] The resource http://localhost:3000/_next/static/css/app/layout.css?v=1778832410753 was preloaded using link preload but not used within a few seconds from the window's load event. Please make sure it has an appropriate `as` value and it is preloaded intentionally. @ http://localhost:3000/campaign/cmmr6djjy0000ws482a52nc1y:0
[ 2725171ms] [WARNING] The resource http://localhost:3000/_next/static/css/app/layout.css?v=1778832410753 was preloaded using link preload but not used within a few seconds from the window's load event. Please make sure it has an appropriate `as` value and it is preloaded intentionally. @ http://localhost:3000/campaign/cmmr6djjy0000ws482a52nc1y:0
[ 2755183ms] [WARNING] The resource http://localhost:3000/_next/static/css/app/layout.css?v=1778832410753 was preloaded using link preload but not used within a few seconds from the window's load event. Please make sure it has an appropriate `as` value and it is preloaded intentionally. @ http://localhost:3000/campaign/cmmr6djjy0000ws482a52nc1y:0
[ 2785179ms] [WARNING] The resource http://localhost:3000/_next/static/css/app/layout.css?v=1778832410753 was preloaded using link preload but not used within a few seconds from the window's load event. Please make sure it has an appropriate `as` value and it is preloaded intentionally. @ http://localhost:3000/campaign/cmmr6djjy0000ws482a52nc1y:0
[ 2815193ms] [WARNING] The resource http://localhost:3000/_next/static/css/app/layout.css?v=1778832410753 was preloaded using link preload but not used within a few seconds from the window's load event. Please make sure it has an appropriate `as` value and it is preloaded intentionally. @ http://localhost:3000/campaign/cmmr6djjy0000ws482a52nc1y:0
[ 2845178ms] [WARNING] The resource http://localhost:3000/_next/static/css/app/layout.css?v=1778832410753 was preloaded using link preload but not used within a few seconds from the window's load event. Please make sure it has an appropriate `as` value and it is preloaded intentionally. @ http://localhost:3000/campaign/cmmr6djjy0000ws482a52nc1y:0
[ 2875186ms] [WARNING] The resource http://localhost:3000/_next/static/css/app/layout.css?v=1778832410753 was preloaded using link preload but not used within a few seconds from the window's load event. Please make sure it has an appropriate `as` value and it is preloaded intentionally. @ http://localhost:3000/campaign/cmmr6djjy0000ws482a52nc1y:0
[ 2905200ms] [WARNING] The resource http://localhost:3000/_next/static/css/app/layout.css?v=1778832410753 was preloaded using link preload but not used within a few seconds from the window's load event. Please make sure it has an appropriate `as` value and it is preloaded intentionally. @ http://localhost:3000/campaign/cmmr6djjy0000ws482a52nc1y:0
[ 2935197ms] [WARNING] The resource http://localhost:3000/_next/static/css/app/layout.css?v=1778832410753 was preloaded using link preload but not used within a few seconds from the window's load event. Please make sure it has an appropriate `as` value and it is preloaded intentionally. @ http://localhost:3000/campaign/cmmr6djjy0000ws482a52nc1y:0
[ 2965177ms] [WARNING] The resource http://localhost:3000/_next/static/css/app/layout.css?v=1778832410753 was preloaded using link preload but not used within a few seconds from the window's load event. Please make sure it has an appropriate `as` value and it is preloaded intentionally. @ http://localhost:3000/campaign/cmmr6djjy0000ws482a52nc1y:0
[ 2995190ms] [WARNING] The resource http://localhost:3000/_next/static/css/app/layout.css?v=1778832410753 was preloaded using link preload but not used within a few seconds from the window's load event. Please make sure it has an appropriate `as` value and it is preloaded intentionally. @ http://localhost:3000/campaign/cmmr6djjy0000ws482a52nc1y:0
[ 3025175ms] [WARNING] The resource http://localhost:3000/_next/static/css/app/layout.css?v=1778832410753 was preloaded using link preload but not used within a few seconds from the window's load event. Please make sure it has an appropriate `as` value and it is preloaded intentionally. @ http://localhost:3000/campaign/cmmr6djjy0000ws482a52nc1y:0
[ 3055193ms] [WARNING] The resource http://localhost:3000/_next/static/css/app/layout.css?v=1778832410753 was preloaded using link preload but not used within a few seconds from the window's load event. Please make sure it has an appropriate `as` value and it is preloaded intentionally. @ http://localhost:3000/campaign/cmmr6djjy0000ws482a52nc1y:0
[ 3085197ms] [WARNING] The resource http://localhost:3000/_next/static/css/app/layout.css?v=1778832410753 was preloaded using link preload but not used within a few seconds from the window's load event. Please make sure it has an appropriate `as` value and it is preloaded intentionally. @ http://localhost:3000/campaign/cmmr6djjy0000ws482a52nc1y:0
[ 3115195ms] [WARNING] The resource http://localhost:3000/_next/static/css/app/layout.css?v=1778832410753 was preloaded using link preload but not used within a few seconds from the window's load event. Please make sure it has an appropriate `as` value and it is preloaded intentionally. @ http://localhost:3000/campaign/cmmr6djjy0000ws482a52nc1y:0
[ 3145174ms] [WARNING] The resource http://localhost:3000/_next/static/css/app/layout.css?v=1778832410753 was preloaded using link preload but not used within a few seconds from the window's load event. Please make sure it has an appropriate `as` value and it is preloaded intentionally. @ http://localhost:3000/campaign/cmmr6djjy0000ws482a52nc1y:0
[ 3175189ms] [WARNING] The resource http://localhost:3000/_next/static/css/app/layout.css?v=1778832410753 was preloaded using link preload but not used within a few seconds from the window's load event. Please make sure it has an appropriate `as` value and it is preloaded intentionally. @ http://localhost:3000/campaign/cmmr6djjy0000ws482a52nc1y:0
[ 3205168ms] [WARNING] The resource http://localhost:3000/_next/static/css/app/layout.css?v=1778832410753 was preloaded using link preload but not used within a few seconds from the window's load event. Please make sure it has an appropriate `as` value and it is preloaded intentionally. @ http://localhost:3000/campaign/cmmr6djjy0000ws482a52nc1y:0
[ 3235186ms] [WARNING] The resource http://localhost:3000/_next/static/css/app/layout.css?v=1778832410753 was preloaded using link preload but not used within a few seconds from the window's load event. Please make sure it has an appropriate `as` value and it is preloaded intentionally. @ http://localhost:3000/campaign/cmmr6djjy0000ws482a52nc1y:0
[ 3265179ms] [WARNING] The resource http://localhost:3000/_next/static/css/app/layout.css?v=1778832410753 was preloaded using link preload but not used within a few seconds from the window's load event. Please make sure it has an appropriate `as` value and it is preloaded intentionally. @ http://localhost:3000/campaign/cmmr6djjy0000ws482a52nc1y:0
[ 3295179ms] [WARNING] The resource http://localhost:3000/_next/static/css/app/layout.css?v=1778832410753 was preloaded using link preload but not used within a few seconds from the window's load event. Please make sure it has an appropriate `as` value and it is preloaded intentionally. @ http://localhost:3000/campaign/cmmr6djjy0000ws482a52nc1y:0
[ 3325176ms] [WARNING] The resource http://localhost:3000/_next/static/css/app/layout.css?v=1778832410753 was preloaded using link preload but not used within a few seconds from the window's load event. Please make sure it has an appropriate `as` value and it is preloaded intentionally. @ http://localhost:3000/campaign/cmmr6djjy0000ws482a52nc1y:0
[ 3355183ms] [WARNING] The resource http://localhost:3000/_next/static/css/app/layout.css?v=1778832410753 was preloaded using link preload but not used within a few seconds from the window's load event. Please make sure it has an appropriate `as` value and it is preloaded intentionally. @ http://localhost:3000/campaign/cmmr6djjy0000ws482a52nc1y:0
[ 3385182ms] [WARNING] The resource http://localhost:3000/_next/static/css/app/layout.css?v=1778832410753 was preloaded using link preload but not used within a few seconds from the window's load event. Please make sure it has an appropriate `as` value and it is preloaded intentionally. @ http://localhost:3000/campaign/cmmr6djjy0000ws482a52nc1y:0
[ 3415200ms] [WARNING] The resource http://localhost:3000/_next/static/css/app/layout.css?v=1778832410753 was preloaded using link preload but not used within a few seconds from the window's load event. Please make sure it has an appropriate `as` value and it is preloaded intentionally. @ http://localhost:3000/campaign/cmmr6djjy0000ws482a52nc1y:0
[ 3445192ms] [WARNING] The resource http://localhost:3000/_next/static/css/app/layout.css?v=1778832410753 was preloaded using link preload but not used within a few seconds from the window's load event. Please make sure it has an appropriate `as` value and it is preloaded intentionally. @ http://localhost:3000/campaign/cmmr6djjy0000ws482a52nc1y:0
[ 3475177ms] [WARNING] The resource http://localhost:3000/_next/static/css/app/layout.css?v=1778832410753 was preloaded using link preload but not used within a few seconds from the window's load event. Please make sure it has an appropriate `as` value and it is preloaded intentionally. @ http://localhost:3000/campaign/cmmr6djjy0000ws482a52nc1y:0
[ 3505169ms] [WARNING] The resource http://localhost:3000/_next/static/css/app/layout.css?v=1778832410753 was preloaded using link preload but not used within a few seconds from the window's load event. Please make sure it has an appropriate `as` value and it is preloaded intentionally. @ http://localhost:3000/campaign/cmmr6djjy0000ws482a52nc1y:0
[ 3535200ms] [WARNING] The resource http://localhost:3000/_next/static/css/app/layout.css?v=1778832410753 was preloaded using link preload but not used within a few seconds from the window's load event. Please make sure it has an appropriate `as` value and it is preloaded intentionally. @ http://localhost:3000/campaign/cmmr6djjy0000ws482a52nc1y:0
[ 3565198ms] [WARNING] The resource http://localhost:3000/_next/static/css/app/layout.css?v=1778832410753 was preloaded using link preload but not used within a few seconds from the window's load event. Please make sure it has an appropriate `as` value and it is preloaded intentionally. @ http://localhost:3000/campaign/cmmr6djjy0000ws482a52nc1y:0
[ 3595180ms] [WARNING] The resource http://localhost:3000/_next/static/css/app/layout.css?v=1778832410753 was preloaded using link preload but not used within a few seconds from the window's load event. Please make sure it has an appropriate `as` value and it is preloaded intentionally. @ http://localhost:3000/campaign/cmmr6djjy0000ws482a52nc1y:0
[ 3625173ms] [WARNING] The resource http://localhost:3000/_next/static/css/app/layout.css?v=1778832410753 was preloaded using link preload but not used within a few seconds from the window's load event. Please make sure it has an appropriate `as` value and it is preloaded intentionally. @ http://localhost:3000/campaign/cmmr6djjy0000ws482a52nc1y:0
[ 3655187ms] [WARNING] The resource http://localhost:3000/_next/static/css/app/layout.css?v=1778832410753 was preloaded using link preload but not used within a few seconds from the window's load event. Please make sure it has an appropriate `as` value and it is preloaded intentionally. @ http://localhost:3000/campaign/cmmr6djjy0000ws482a52nc1y:0
[ 3685184ms] [WARNING] The resource http://localhost:3000/_next/static/css/app/layout.css?v=1778832410753 was preloaded using link preload but not used within a few seconds from the window's load event. Please make sure it has an appropriate `as` value and it is preloaded intentionally. @ http://localhost:3000/campaign/cmmr6djjy0000ws482a52nc1y:0
[ 3715181ms] [WARNING] The resource http://localhost:3000/_next/static/css/app/layout.css?v=1778832410753 was preloaded using link preload but not used within a few seconds from the window's load event. Please make sure it has an appropriate `as` value and it is preloaded intentionally. @ http://localhost:3000/campaign/cmmr6djjy0000ws482a52nc1y:0
[ 3745177ms] [WARNING] The resource http://localhost:3000/_next/static/css/app/layout.css?v=1778832410753 was preloaded using link preload but not used within a few seconds from the window's load event. Please make sure it has an appropriate `as` value and it is preloaded intentionally. @ http://localhost:3000/campaign/cmmr6djjy0000ws482a52nc1y:0
[ 3775178ms] [WARNING] The resource http://localhost:3000/_next/static/css/app/layout.css?v=1778832410753 was preloaded using link preload but not used within a few seconds from the window's load event. Please make sure it has an appropriate `as` value and it is preloaded intentionally. @ http://localhost:3000/campaign/cmmr6djjy0000ws482a52nc1y:0
[ 3805187ms] [WARNING] The resource http://localhost:3000/_next/static/css/app/layout.css?v=1778832410753 was preloaded using link preload but not used within a few seconds from the window's load event. Please make sure it has an appropriate `as` value and it is preloaded intentionally. @ http://localhost:3000/campaign/cmmr6djjy0000ws482a52nc1y:0
[ 3835171ms] [WARNING] The resource http://localhost:3000/_next/static/css/app/layout.css?v=1778832410753 was preloaded using link preload but not used within a few seconds from the window's load event. Please make sure it has an appropriate `as` value and it is preloaded intentionally. @ http://localhost:3000/campaign/cmmr6djjy0000ws482a52nc1y:0
[ 3865185ms] [WARNING] The resource http://localhost:3000/_next/static/css/app/layout.css?v=1778832410753 was preloaded using link preload but not used within a few seconds from the window's load event. Please make sure it has an appropriate `as` value and it is preloaded intentionally. @ http://localhost:3000/campaign/cmmr6djjy0000ws482a52nc1y:0
[ 3895195ms] [WARNING] The resource http://localhost:3000/_next/static/css/app/layout.css?v=1778832410753 was preloaded using link preload but not used within a few seconds from the window's load event. Please make sure it has an appropriate `as` value and it is preloaded intentionally. @ http://localhost:3000/campaign/cmmr6djjy0000ws482a52nc1y:0
[ 3925175ms] [WARNING] The resource http://localhost:3000/_next/static/css/app/layout.css?v=1778832410753 was preloaded using link preload but not used within a few seconds from the window's load event. Please make sure it has an appropriate `as` value and it is preloaded intentionally. @ http://localhost:3000/campaign/cmmr6djjy0000ws482a52nc1y:0
[ 3955188ms] [WARNING] The resource http://localhost:3000/_next/static/css/app/layout.css?v=1778832410753 was preloaded using link preload but not used within a few seconds from the window's load event. Please make sure it has an appropriate `as` value and it is preloaded intentionally. @ http://localhost:3000/campaign/cmmr6djjy0000ws482a52nc1y:0
[ 3985173ms] [WARNING] The resource http://localhost:3000/_next/static/css/app/layout.css?v=1778832410753 was preloaded using link preload but not used within a few seconds from the window's load event. Please make sure it has an appropriate `as` value and it is preloaded intentionally. @ http://localhost:3000/campaign/cmmr6djjy0000ws482a52nc1y:0
[ 4015202ms] [WARNING] The resource http://localhost:3000/_next/static/css/app/layout.css?v=1778832410753 was preloaded using link preload but not used within a few seconds from the window's load event. Please make sure it has an appropriate `as` value and it is preloaded intentionally. @ http://localhost:3000/campaign/cmmr6djjy0000ws482a52nc1y:0
[ 4045180ms] [WARNING] The resource http://localhost:3000/_next/static/css/app/layout.css?v=1778832410753 was preloaded using link preload but not used within a few seconds from the window's load event. Please make sure it has an appropriate `as` value and it is preloaded intentionally. @ http://localhost:3000/campaign/cmmr6djjy0000ws482a52nc1y:0
[ 4075196ms] [WARNING] The resource http://localhost:3000/_next/static/css/app/layout.css?v=1778832410753 was preloaded using link preload but not used within a few seconds from the window's load event. Please make sure it has an appropriate `as` value and it is preloaded intentionally. @ http://localhost:3000/campaign/cmmr6djjy0000ws482a52nc1y:0
[ 4105173ms] [WARNING] The resource http://localhost:3000/_next/static/css/app/layout.css?v=1778832410753 was preloaded using link preload but not used within a few seconds from the window's load event. Please make sure it has an appropriate `as` value and it is preloaded intentionally. @ http://localhost:3000/campaign/cmmr6djjy0000ws482a52nc1y:0
[ 4135169ms] [WARNING] The resource http://localhost:3000/_next/static/css/app/layout.css?v=1778832410753 was preloaded using link preload but not used within a few seconds from the window's load event. Please make sure it has an appropriate `as` value and it is preloaded intentionally. @ http://localhost:3000/campaign/cmmr6djjy0000ws482a52nc1y:0
[ 4165199ms] [WARNING] The resource http://localhost:3000/_next/static/css/app/layout.css?v=1778832410753 was preloaded using link preload but not used within a few seconds from the window's load event. Please make sure it has an appropriate `as` value and it is preloaded intentionally. @ http://localhost:3000/campaign/cmmr6djjy0000ws482a52nc1y:0
[ 4195196ms] [WARNING] The resource http://localhost:3000/_next/static/css/app/layout.css?v=1778832410753 was preloaded using link preload but not used within a few seconds from the window's load event. Please make sure it has an appropriate `as` value and it is preloaded intentionally. @ http://localhost:3000/campaign/cmmr6djjy0000ws482a52nc1y:0
[ 4225177ms] [WARNING] The resource http://localhost:3000/_next/static/css/app/layout.css?v=1778832410753 was preloaded using link preload but not used within a few seconds from the window's load event. Please make sure it has an appropriate `as` value and it is preloaded intentionally. @ http://localhost:3000/campaign/cmmr6djjy0000ws482a52nc1y:0
[ 4255177ms] [WARNING] The resource http://localhost:3000/_next/static/css/app/layout.css?v=1778832410753 was preloaded using link preload but not used within a few seconds from the window's load event. Please make sure it has an appropriate `as` value and it is preloaded intentionally. @ http://localhost:3000/campaign/cmmr6djjy0000ws482a52nc1y:0
[ 4285170ms] [WARNING] The resource http://localhost:3000/_next/static/css/app/layout.css?v=1778832410753 was preloaded using link preload but not used within a few seconds from the window's load event. Please make sure it has an appropriate `as` value and it is preloaded intentionally. @ http://localhost:3000/campaign/cmmr6djjy0000ws482a52nc1y:0
[ 4315188ms] [WARNING] The resource http://localhost:3000/_next/static/css/app/layout.css?v=1778832410753 was preloaded using link preload but not used within a few seconds from the window's load event. Please make sure it has an appropriate `as` value and it is preloaded intentionally. @ http://localhost:3000/campaign/cmmr6djjy0000ws482a52nc1y:0
[ 4345185ms] [WARNING] The resource http://localhost:3000/_next/static/css/app/layout.css?v=1778832410753 was preloaded using link preload but not used within a few seconds from the window's load event. Please make sure it has an appropriate `as` value and it is preloaded intentionally. @ http://localhost:3000/campaign/cmmr6djjy0000ws482a52nc1y:0
[ 4375177ms] [WARNING] The resource http://localhost:3000/_next/static/css/app/layout.css?v=1778832410753 was preloaded using link preload but not used within a few seconds from the window's load event. Please make sure it has an appropriate `as` value and it is preloaded intentionally. @ http://localhost:3000/campaign/cmmr6djjy0000ws482a52nc1y:0
[ 4405176ms] [WARNING] The resource http://localhost:3000/_next/static/css/app/layout.css?v=1778832410753 was preloaded using link preload but not used within a few seconds from the window's load event. Please make sure it has an appropriate `as` value and it is preloaded intentionally. @ http://localhost:3000/campaign/cmmr6djjy0000ws482a52nc1y:0
[ 4435187ms] [WARNING] The resource http://localhost:3000/_next/static/css/app/layout.css?v=1778832410753 was preloaded using link preload but not used within a few seconds from the window's load event. Please make sure it has an appropriate `as` value and it is preloaded intentionally. @ http://localhost:3000/campaign/cmmr6djjy0000ws482a52nc1y:0
[ 4465167ms] [WARNING] The resource http://localhost:3000/_next/static/css/app/layout.css?v=1778832410753 was preloaded using link preload but not used within a few seconds from the window's load event. Please make sure it has an appropriate `as` value and it is preloaded intentionally. @ http://localhost:3000/campaign/cmmr6djjy0000ws482a52nc1y:0
[ 4495182ms] [WARNING] The resource http://localhost:3000/_next/static/css/app/layout.css?v=1778832410753 was preloaded using link preload but not used within a few seconds from the window's load event. Please make sure it has an appropriate `as` value and it is preloaded intentionally. @ http://localhost:3000/campaign/cmmr6djjy0000ws482a52nc1y:0
[ 4525177ms] [WARNING] The resource http://localhost:3000/_next/static/css/app/layout.css?v=1778832410753 was preloaded using link preload but not used within a few seconds from the window's load event. Please make sure it has an appropriate `as` value and it is preloaded intentionally. @ http://localhost:3000/campaign/cmmr6djjy0000ws482a52nc1y:0
[ 4555191ms] [WARNING] The resource http://localhost:3000/_next/static/css/app/layout.css?v=1778832410753 was preloaded using link preload but not used within a few seconds from the window's load event. Please make sure it has an appropriate `as` value and it is preloaded intentionally. @ http://localhost:3000/campaign/cmmr6djjy0000ws482a52nc1y:0
[ 4585173ms] [WARNING] The resource http://localhost:3000/_next/static/css/app/layout.css?v=1778832410753 was preloaded using link preload but not used within a few seconds from the window's load event. Please make sure it has an appropriate `as` value and it is preloaded intentionally. @ http://localhost:3000/campaign/cmmr6djjy0000ws482a52nc1y:0
[ 4615185ms] [WARNING] The resource http://localhost:3000/_next/static/css/app/layout.css?v=1778832410753 was preloaded using link preload but not used within a few seconds from the window's load event. Please make sure it has an appropriate `as` value and it is preloaded intentionally. @ http://localhost:3000/campaign/cmmr6djjy0000ws482a52nc1y:0
[ 4645186ms] [WARNING] The resource http://localhost:3000/_next/static/css/app/layout.css?v=1778832410753 was preloaded using link preload but not used within a few seconds from the window's load event. Please make sure it has an appropriate `as` value and it is preloaded intentionally. @ http://localhost:3000/campaign/cmmr6djjy0000ws482a52nc1y:0
[ 4675178ms] [WARNING] The resource http://localhost:3000/_next/static/css/app/layout.css?v=1778832410753 was preloaded using link preload but not used within a few seconds from the window's load event. Please make sure it has an appropriate `as` value and it is preloaded intentionally. @ http://localhost:3000/campaign/cmmr6djjy0000ws482a52nc1y:0
[ 4705179ms] [WARNING] The resource http://localhost:3000/_next/static/css/app/layout.css?v=1778832410753 was preloaded using link preload but not used within a few seconds from the window's load event. Please make sure it has an appropriate `as` value and it is preloaded intentionally. @ http://localhost:3000/campaign/cmmr6djjy0000ws482a52nc1y:0
[ 4735166ms] [WARNING] The resource http://localhost:3000/_next/static/css/app/layout.css?v=1778832410753 was preloaded using link preload but not used within a few seconds from the window's load event. Please make sure it has an appropriate `as` value and it is preloaded intentionally. @ http://localhost:3000/campaign/cmmr6djjy0000ws482a52nc1y:0
[ 4765174ms] [WARNING] The resource http://localhost:3000/_next/static/css/app/layout.css?v=1778832410753 was preloaded using link preload but not used within a few seconds from the window's load event. Please make sure it has an appropriate `as` value and it is preloaded intentionally. @ http://localhost:3000/campaign/cmmr6djjy0000ws482a52nc1y:0
[ 4795187ms] [WARNING] The resource http://localhost:3000/_next/static/css/app/layout.css?v=1778832410753 was preloaded using link preload but not used within a few seconds from the window's load event. Please make sure it has an appropriate `as` value and it is preloaded intentionally. @ http://localhost:3000/campaign/cmmr6djjy0000ws482a52nc1y:0
[ 4825179ms] [WARNING] The resource http://localhost:3000/_next/static/css/app/layout.css?v=1778832410753 was preloaded using link preload but not used within a few seconds from the window's load event. Please make sure it has an appropriate `as` value and it is preloaded intentionally. @ http://localhost:3000/campaign/cmmr6djjy0000ws482a52nc1y:0
[ 4855194ms] [WARNING] The resource http://localhost:3000/_next/static/css/app/layout.css?v=1778832410753 was preloaded using link preload but not used within a few seconds from the window's load event. Please make sure it has an appropriate `as` value and it is preloaded intentionally. @ http://localhost:3000/campaign/cmmr6djjy0000ws482a52nc1y:0
[ 4885169ms] [WARNING] The resource http://localhost:3000/_next/static/css/app/layout.css?v=1778832410753 was preloaded using link preload but not used within a few seconds from the window's load event. Please make sure it has an appropriate `as` value and it is preloaded intentionally. @ http://localhost:3000/campaign/cmmr6djjy0000ws482a52nc1y:0
[ 4915174ms] [WARNING] The resource http://localhost:3000/_next/static/css/app/layout.css?v=1778832410753 was preloaded using link preload but not used within a few seconds from the window's load event. Please make sure it has an appropriate `as` value and it is preloaded intentionally. @ http://localhost:3000/campaign/cmmr6djjy0000ws482a52nc1y:0
[ 4945200ms] [WARNING] The resource http://localhost:3000/_next/static/css/app/layout.css?v=1778832410753 was preloaded using link preload but not used within a few seconds from the window's load event. Please make sure it has an appropriate `as` value and it is preloaded intentionally. @ http://localhost:3000/campaign/cmmr6djjy0000ws482a52nc1y:0
[ 4975196ms] [WARNING] The resource http://localhost:3000/_next/static/css/app/layout.css?v=1778832410753 was preloaded using link preload but not used within a few seconds from the window's load event. Please make sure it has an appropriate `as` value and it is preloaded intentionally. @ http://localhost:3000/campaign/cmmr6djjy0000ws482a52nc1y:0
[ 5005177ms] [WARNING] The resource http://localhost:3000/_next/static/css/app/layout.css?v=1778832410753 was preloaded using link preload but not used within a few seconds from the window's load event. Please make sure it has an appropriate `as` value and it is preloaded intentionally. @ http://localhost:3000/campaign/cmmr6djjy0000ws482a52nc1y:0
[ 5035178ms] [WARNING] The resource http://localhost:3000/_next/static/css/app/layout.css?v=1778832410753 was preloaded using link preload but not used within a few seconds from the window's load event. Please make sure it has an appropriate `as` value and it is preloaded intentionally. @ http://localhost:3000/campaign/cmmr6djjy0000ws482a52nc1y:0
[ 5065174ms] [WARNING] The resource http://localhost:3000/_next/static/css/app/layout.css?v=1778832410753 was preloaded using link preload but not used within a few seconds from the window's load event. Please make sure it has an appropriate `as` value and it is preloaded intentionally. @ http://localhost:3000/campaign/cmmr6djjy0000ws482a52nc1y:0
[ 5095171ms] [WARNING] The resource http://localhost:3000/_next/static/css/app/layout.css?v=1778832410753 was preloaded using link preload but not used within a few seconds from the window's load event. Please make sure it has an appropriate `as` value and it is preloaded intentionally. @ http://localhost:3000/campaign/cmmr6djjy0000ws482a52nc1y:0
[ 5125181ms] [WARNING] The resource http://localhost:3000/_next/static/css/app/layout.css?v=1778832410753 was preloaded using link preload but not used within a few seconds from the window's load event. Please make sure it has an appropriate `as` value and it is preloaded intentionally. @ http://localhost:3000/campaign/cmmr6djjy0000ws482a52nc1y:0
[ 5155182ms] [WARNING] The resource http://localhost:3000/_next/static/css/app/layout.css?v=1778832410753 was preloaded using link preload but not used within a few seconds from the window's load event. Please make sure it has an appropriate `as` value and it is preloaded intentionally. @ http://localhost:3000/campaign/cmmr6djjy0000ws482a52nc1y:0
[ 5185191ms] [WARNING] The resource http://localhost:3000/_next/static/css/app/layout.css?v=1778832410753 was preloaded using link preload but not used within a few seconds from the window's load event. Please make sure it has an appropriate `as` value and it is preloaded intentionally. @ http://localhost:3000/campaign/cmmr6djjy0000ws482a52nc1y:0
[ 5215175ms] [WARNING] The resource http://localhost:3000/_next/static/css/app/layout.css?v=1778832410753 was preloaded using link preload but not used within a few seconds from the window's load event. Please make sure it has an appropriate `as` value and it is preloaded intentionally. @ http://localhost:3000/campaign/cmmr6djjy0000ws482a52nc1y:0
[ 5245189ms] [WARNING] The resource http://localhost:3000/_next/static/css/app/layout.css?v=1778832410753 was preloaded using link preload but not used within a few seconds from the window's load event. Please make sure it has an appropriate `as` value and it is preloaded intentionally. @ http://localhost:3000/campaign/cmmr6djjy0000ws482a52nc1y:0
[ 5275186ms] [WARNING] The resource http://localhost:3000/_next/static/css/app/layout.css?v=1778832410753 was preloaded using link preload but not used within a few seconds from the window's load event. Please make sure it has an appropriate `as` value and it is preloaded intentionally. @ http://localhost:3000/campaign/cmmr6djjy0000ws482a52nc1y:0
[ 5305195ms] [WARNING] The resource http://localhost:3000/_next/static/css/app/layout.css?v=1778832410753 was preloaded using link preload but not used within a few seconds from the window's load event. Please make sure it has an appropriate `as` value and it is preloaded intentionally. @ http://localhost:3000/campaign/cmmr6djjy0000ws482a52nc1y:0
[ 5335180ms] [WARNING] The resource http://localhost:3000/_next/static/css/app/layout.css?v=1778832410753 was preloaded using link preload but not used within a few seconds from the window's load event. Please make sure it has an appropriate `as` value and it is preloaded intentionally. @ http://localhost:3000/campaign/cmmr6djjy0000ws482a52nc1y:0
[ 5365171ms] [WARNING] The resource http://localhost:3000/_next/static/css/app/layout.css?v=1778832410753 was preloaded using link preload but not used within a few seconds from the window's load event. Please make sure it has an appropriate `as` value and it is preloaded intentionally. @ http://localhost:3000/campaign/cmmr6djjy0000ws482a52nc1y:0
[ 5395186ms] [WARNING] The resource http://localhost:3000/_next/static/css/app/layout.css?v=1778832410753 was preloaded using link preload but not used within a few seconds from the window's load event. Please make sure it has an appropriate `as` value and it is preloaded intentionally. @ http://localhost:3000/campaign/cmmr6djjy0000ws482a52nc1y:0
[ 5425182ms] [WARNING] The resource http://localhost:3000/_next/static/css/app/layout.css?v=1778832410753 was preloaded using link preload but not used within a few seconds from the window's load event. Please make sure it has an appropriate `as` value and it is preloaded intentionally. @ http://localhost:3000/campaign/cmmr6djjy0000ws482a52nc1y:0
[ 5455196ms] [WARNING] The resource http://localhost:3000/_next/static/css/app/layout.css?v=1778832410753 was preloaded using link preload but not used within a few seconds from the window's load event. Please make sure it has an appropriate `as` value and it is preloaded intentionally. @ http://localhost:3000/campaign/cmmr6djjy0000ws482a52nc1y:0
[ 5485176ms] [WARNING] The resource http://localhost:3000/_next/static/css/app/layout.css?v=1778832410753 was preloaded using link preload but not used within a few seconds from the window's load event. Please make sure it has an appropriate `as` value and it is preloaded intentionally. @ http://localhost:3000/campaign/cmmr6djjy0000ws482a52nc1y:0
[ 5515176ms] [WARNING] The resource http://localhost:3000/_next/static/css/app/layout.css?v=1778832410753 was preloaded using link preload but not used within a few seconds from the window's load event. Please make sure it has an appropriate `as` value and it is preloaded intentionally. @ http://localhost:3000/campaign/cmmr6djjy0000ws482a52nc1y:0
[ 5545190ms] [WARNING] The resource http://localhost:3000/_next/static/css/app/layout.css?v=1778832410753 was preloaded using link preload but not used within a few seconds from the window's load event. Please make sure it has an appropriate `as` value and it is preloaded intentionally. @ http://localhost:3000/campaign/cmmr6djjy0000ws482a52nc1y:0
[ 5575201ms] [WARNING] The resource http://localhost:3000/_next/static/css/app/layout.css?v=1778832410753 was preloaded using link preload but not used within a few seconds from the window's load event. Please make sure it has an appropriate `as` value and it is preloaded intentionally. @ http://localhost:3000/campaign/cmmr6djjy0000ws482a52nc1y:0
[ 5605196ms] [WARNING] The resource http://localhost:3000/_next/static/css/app/layout.css?v=1778832410753 was preloaded using link preload but not used within a few seconds from the window's load event. Please make sure it has an appropriate `as` value and it is preloaded intentionally. @ http://localhost:3000/campaign/cmmr6djjy0000ws482a52nc1y:0
[ 5635197ms] [WARNING] The resource http://localhost:3000/_next/static/css/app/layout.css?v=1778832410753 was preloaded using link preload but not used within a few seconds from the window's load event. Please make sure it has an appropriate `as` value and it is preloaded intentionally. @ http://localhost:3000/campaign/cmmr6djjy0000ws482a52nc1y:0
[ 5665173ms] [WARNING] The resource http://localhost:3000/_next/static/css/app/layout.css?v=1778832410753 was preloaded using link preload but not used within a few seconds from the window's load event. Please make sure it has an appropriate `as` value and it is preloaded intentionally. @ http://localhost:3000/campaign/cmmr6djjy0000ws482a52nc1y:0
[ 5695187ms] [WARNING] The resource http://localhost:3000/_next/static/css/app/layout.css?v=1778832410753 was preloaded using link preload but not used within a few seconds from the window's load event. Please make sure it has an appropriate `as` value and it is preloaded intentionally. @ http://localhost:3000/campaign/cmmr6djjy0000ws482a52nc1y:0
[ 5725167ms] [WARNING] The resource http://localhost:3000/_next/static/css/app/layout.css?v=1778832410753 was preloaded using link preload but not used within a few seconds from the window's load event. Please make sure it has an appropriate `as` value and it is preloaded intentionally. @ http://localhost:3000/campaign/cmmr6djjy0000ws482a52nc1y:0
[ 5755180ms] [WARNING] The resource http://localhost:3000/_next/static/css/app/layout.css?v=1778832410753 was preloaded using link preload but not used within a few seconds from the window's load event. Please make sure it has an appropriate `as` value and it is preloaded intentionally. @ http://localhost:3000/campaign/cmmr6djjy0000ws482a52nc1y:0
[ 5785165ms] [WARNING] The resource http://localhost:3000/_next/static/css/app/layout.css?v=1778832410753 was preloaded using link preload but not used within a few seconds from the window's load event. Please make sure it has an appropriate `as` value and it is preloaded intentionally. @ http://localhost:3000/campaign/cmmr6djjy0000ws482a52nc1y:0
[ 5815182ms] [WARNING] The resource http://localhost:3000/_next/static/css/app/layout.css?v=1778832410753 was preloaded using link preload but not used within a few seconds from the window's load event. Please make sure it has an appropriate `as` value and it is preloaded intentionally. @ http://localhost:3000/campaign/cmmr6djjy0000ws482a52nc1y:0
[ 5845171ms] [WARNING] The resource http://localhost:3000/_next/static/css/app/layout.css?v=1778832410753 was preloaded using link preload but not used within a few seconds from the window's load event. Please make sure it has an appropriate `as` value and it is preloaded intentionally. @ http://localhost:3000/campaign/cmmr6djjy0000ws482a52nc1y:0
[ 5875188ms] [WARNING] The resource http://localhost:3000/_next/static/css/app/layout.css?v=1778832410753 was preloaded using link preload but not used within a few seconds from the window's load event. Please make sure it has an appropriate `as` value and it is preloaded intentionally. @ http://localhost:3000/campaign/cmmr6djjy0000ws482a52nc1y:0
[ 5905182ms] [WARNING] The resource http://localhost:3000/_next/static/css/app/layout.css?v=1778832410753 was preloaded using link preload but not used within a few seconds from the window's load event. Please make sure it has an appropriate `as` value and it is preloaded intentionally. @ http://localhost:3000/campaign/cmmr6djjy0000ws482a52nc1y:0
[ 5935195ms] [WARNING] The resource http://localhost:3000/_next/static/css/app/layout.css?v=1778832410753 was preloaded using link preload but not used within a few seconds from the window's load event. Please make sure it has an appropriate `as` value and it is preloaded intentionally. @ http://localhost:3000/campaign/cmmr6djjy0000ws482a52nc1y:0
[ 5965175ms] [WARNING] The resource http://localhost:3000/_next/static/css/app/layout.css?v=1778832410753 was preloaded using link preload but not used within a few seconds from the window's load event. Please make sure it has an appropriate `as` value and it is preloaded intentionally. @ http://localhost:3000/campaign/cmmr6djjy0000ws482a52nc1y:0
[ 5995169ms] [WARNING] The resource http://localhost:3000/_next/static/css/app/layout.css?v=1778832410753 was preloaded using link preload but not used within a few seconds from the window's load event. Please make sure it has an appropriate `as` value and it is preloaded intentionally. @ http://localhost:3000/campaign/cmmr6djjy0000ws482a52nc1y:0
[ 6025169ms] [WARNING] The resource http://localhost:3000/_next/static/css/app/layout.css?v=1778832410753 was preloaded using link preload but not used within a few seconds from the window's load event. Please make sure it has an appropriate `as` value and it is preloaded intentionally. @ http://localhost:3000/campaign/cmmr6djjy0000ws482a52nc1y:0
[ 6055186ms] [WARNING] The resource http://localhost:3000/_next/static/css/app/layout.css?v=1778832410753 was preloaded using link preload but not used within a few seconds from the window's load event. Please make sure it has an appropriate `as` value and it is preloaded intentionally. @ http://localhost:3000/campaign/cmmr6djjy0000ws482a52nc1y:0
[ 6085178ms] [WARNING] The resource http://localhost:3000/_next/static/css/app/layout.css?v=1778832410753 was preloaded using link preload but not used within a few seconds from the window's load event. Please make sure it has an appropriate `as` value and it is preloaded intentionally. @ http://localhost:3000/campaign/cmmr6djjy0000ws482a52nc1y:0
[ 6115192ms] [WARNING] The resource http://localhost:3000/_next/static/css/app/layout.css?v=1778832410753 was preloaded using link preload but not used within a few seconds from the window's load event. Please make sure it has an appropriate `as` value and it is preloaded intentionally. @ http://localhost:3000/campaign/cmmr6djjy0000ws482a52nc1y:0
[ 6145177ms] [WARNING] The resource http://localhost:3000/_next/static/css/app/layout.css?v=1778832410753 was preloaded using link preload but not used within a few seconds from the window's load event. Please make sure it has an appropriate `as` value and it is preloaded intentionally. @ http://localhost:3000/campaign/cmmr6djjy0000ws482a52nc1y:0
[ 6175186ms] [WARNING] The resource http://localhost:3000/_next/static/css/app/layout.css?v=1778832410753 was preloaded using link preload but not used within a few seconds from the window's load event. Please make sure it has an appropriate `as` value and it is preloaded intentionally. @ http://localhost:3000/campaign/cmmr6djjy0000ws482a52nc1y:0
[ 6205200ms] [WARNING] The resource http://localhost:3000/_next/static/css/app/layout.css?v=1778832410753 was preloaded using link preload but not used within a few seconds from the window's load event. Please make sure it has an appropriate `as` value and it is preloaded intentionally. @ http://localhost:3000/campaign/cmmr6djjy0000ws482a52nc1y:0
[ 6235200ms] [WARNING] The resource http://localhost:3000/_next/static/css/app/layout.css?v=1778832410753 was preloaded using link preload but not used within a few seconds from the window's load event. Please make sure it has an appropriate `as` value and it is preloaded intentionally. @ http://localhost:3000/campaign/cmmr6djjy0000ws482a52nc1y:0
[ 6265180ms] [WARNING] The resource http://localhost:3000/_next/static/css/app/layout.css?v=1778832410753 was preloaded using link preload but not used within a few seconds from the window's load event. Please make sure it has an appropriate `as` value and it is preloaded intentionally. @ http://localhost:3000/campaign/cmmr6djjy0000ws482a52nc1y:0
[ 6295177ms] [WARNING] The resource http://localhost:3000/_next/static/css/app/layout.css?v=1778832410753 was preloaded using link preload but not used within a few seconds from the window's load event. Please make sure it has an appropriate `as` value and it is preloaded intentionally. @ http://localhost:3000/campaign/cmmr6djjy0000ws482a52nc1y:0
[ 6325191ms] [WARNING] The resource http://localhost:3000/_next/static/css/app/layout.css?v=1778832410753 was preloaded using link preload but not used within a few seconds from the window's load event. Please make sure it has an appropriate `as` value and it is preloaded intentionally. @ http://localhost:3000/campaign/cmmr6djjy0000ws482a52nc1y:0
[ 6355171ms] [WARNING] The resource http://localhost:3000/_next/static/css/app/layout.css?v=1778832410753 was preloaded using link preload but not used within a few seconds from the window's load event. Please make sure it has an appropriate `as` value and it is preloaded intentionally. @ http://localhost:3000/campaign/cmmr6djjy0000ws482a52nc1y:0
[ 6385184ms] [WARNING] The resource http://localhost:3000/_next/static/css/app/layout.css?v=1778832410753 was preloaded using link preload but not used within a few seconds from the window's load event. Please make sure it has an appropriate `as` value and it is preloaded intentionally. @ http://localhost:3000/campaign/cmmr6djjy0000ws482a52nc1y:0
[ 6415177ms] [WARNING] The resource http://localhost:3000/_next/static/css/app/layout.css?v=1778832410753 was preloaded using link preload but not used within a few seconds from the window's load event. Please make sure it has an appropriate `as` value and it is preloaded intentionally. @ http://localhost:3000/campaign/cmmr6djjy0000ws482a52nc1y:0
[ 6445174ms] [WARNING] The resource http://localhost:3000/_next/static/css/app/layout.css?v=1778832410753 was preloaded using link preload but not used within a few seconds from the window's load event. Please make sure it has an appropriate `as` value and it is preloaded intentionally. @ http://localhost:3000/campaign/cmmr6djjy0000ws482a52nc1y:0
[ 6475187ms] [WARNING] The resource http://localhost:3000/_next/static/css/app/layout.css?v=1778832410753 was preloaded using link preload but not used within a few seconds from the window's load event. Please make sure it has an appropriate `as` value and it is preloaded intentionally. @ http://localhost:3000/campaign/cmmr6djjy0000ws482a52nc1y:0
[ 6505164ms] [WARNING] The resource http://localhost:3000/_next/static/css/app/layout.css?v=1778832410753 was preloaded using link preload but not used within a few seconds from the window's load event. Please make sure it has an appropriate `as` value and it is preloaded intentionally. @ http://localhost:3000/campaign/cmmr6djjy0000ws482a52nc1y:0
[ 6535181ms] [WARNING] The resource http://localhost:3000/_next/static/css/app/layout.css?v=1778832410753 was preloaded using link preload but not used within a few seconds from the window's load event. Please make sure it has an appropriate `as` value and it is preloaded intentionally. @ http://localhost:3000/campaign/cmmr6djjy0000ws482a52nc1y:0
[ 6565194ms] [WARNING] The resource http://localhost:3000/_next/static/css/app/layout.css?v=1778832410753 was preloaded using link preload but not used within a few seconds from the window's load event. Please make sure it has an appropriate `as` value and it is preloaded intentionally. @ http://localhost:3000/campaign/cmmr6djjy0000ws482a52nc1y:0
[ 6595191ms] [WARNING] The resource http://localhost:3000/_next/static/css/app/layout.css?v=1778832410753 was preloaded using link preload but not used within a few seconds from the window's load event. Please make sure it has an appropriate `as` value and it is preloaded intentionally. @ http://localhost:3000/campaign/cmmr6djjy0000ws482a52nc1y:0
[ 6625175ms] [WARNING] The resource http://localhost:3000/_next/static/css/app/layout.css?v=1778832410753 was preloaded using link preload but not used within a few seconds from the window's load event. Please make sure it has an appropriate `as` value and it is preloaded intentionally. @ http://localhost:3000/campaign/cmmr6djjy0000ws482a52nc1y:0
[ 6655189ms] [WARNING] The resource http://localhost:3000/_next/static/css/app/layout.css?v=1778832410753 was preloaded using link preload but not used within a few seconds from the window's load event. Please make sure it has an appropriate `as` value and it is preloaded intentionally. @ http://localhost:3000/campaign/cmmr6djjy0000ws482a52nc1y:0
[ 6685181ms] [WARNING] The resource http://localhost:3000/_next/static/css/app/layout.css?v=1778832410753 was preloaded using link preload but not used within a few seconds from the window's load event. Please make sure it has an appropriate `as` value and it is preloaded intentionally. @ http://localhost:3000/campaign/cmmr6djjy0000ws482a52nc1y:0
[ 6715178ms] [WARNING] The resource http://localhost:3000/_next/static/css/app/layout.css?v=1778832410753 was preloaded using link preload but not used within a few seconds from the window's load event. Please make sure it has an appropriate `as` value and it is preloaded intentionally. @ http://localhost:3000/campaign/cmmr6djjy0000ws482a52nc1y:0
[ 6745196ms] [WARNING] The resource http://localhost:3000/_next/static/css/app/layout.css?v=1778832410753 was preloaded using link preload but not used within a few seconds from the window's load event. Please make sure it has an appropriate `as` value and it is preloaded intentionally. @ http://localhost:3000/campaign/cmmr6djjy0000ws482a52nc1y:0
[ 6775188ms] [WARNING] The resource http://localhost:3000/_next/static/css/app/layout.css?v=1778832410753 was preloaded using link preload but not used within a few seconds from the window's load event. Please make sure it has an appropriate `as` value and it is preloaded intentionally. @ http://localhost:3000/campaign/cmmr6djjy0000ws482a52nc1y:0
[ 6805173ms] [WARNING] The resource http://localhost:3000/_next/static/css/app/layout.css?v=1778832410753 was preloaded using link preload but not used within a few seconds from the window's load event. Please make sure it has an appropriate `as` value and it is preloaded intentionally. @ http://localhost:3000/campaign/cmmr6djjy0000ws482a52nc1y:0
[ 6835199ms] [WARNING] The resource http://localhost:3000/_next/static/css/app/layout.css?v=1778832410753 was preloaded using link preload but not used within a few seconds from the window's load event. Please make sure it has an appropriate `as` value and it is preloaded intentionally. @ http://localhost:3000/campaign/cmmr6djjy0000ws482a52nc1y:0
[ 6865183ms] [WARNING] The resource http://localhost:3000/_next/static/css/app/layout.css?v=1778832410753 was preloaded using link preload but not used within a few seconds from the window's load event. Please make sure it has an appropriate `as` value and it is preloaded intentionally. @ http://localhost:3000/campaign/cmmr6djjy0000ws482a52nc1y:0
[ 6895193ms] [WARNING] The resource http://localhost:3000/_next/static/css/app/layout.css?v=1778832410753 was preloaded using link preload but not used within a few seconds from the window's load event. Please make sure it has an appropriate `as` value and it is preloaded intentionally. @ http://localhost:3000/campaign/cmmr6djjy0000ws482a52nc1y:0
[ 6925173ms] [WARNING] The resource http://localhost:3000/_next/static/css/app/layout.css?v=1778832410753 was preloaded using link preload but not used within a few seconds from the window's load event. Please make sure it has an appropriate `as` value and it is preloaded intentionally. @ http://localhost:3000/campaign/cmmr6djjy0000ws482a52nc1y:0
[ 6955169ms] [WARNING] The resource http://localhost:3000/_next/static/css/app/layout.css?v=1778832410753 was preloaded using link preload but not used within a few seconds from the window's load event. Please make sure it has an appropriate `as` value and it is preloaded intentionally. @ http://localhost:3000/campaign/cmmr6djjy0000ws482a52nc1y:0
[ 6985185ms] [WARNING] The resource http://localhost:3000/_next/static/css/app/layout.css?v=1778832410753 was preloaded using link preload but not used within a few seconds from the window's load event. Please make sure it has an appropriate `as` value and it is preloaded intentionally. @ http://localhost:3000/campaign/cmmr6djjy0000ws482a52nc1y:0
[ 7015196ms] [WARNING] The resource http://localhost:3000/_next/static/css/app/layout.css?v=1778832410753 was preloaded using link preload but not used within a few seconds from the window's load event. Please make sure it has an appropriate `as` value and it is preloaded intentionally. @ http://localhost:3000/campaign/cmmr6djjy0000ws482a52nc1y:0
[ 7045176ms] [WARNING] The resource http://localhost:3000/_next/static/css/app/layout.css?v=1778832410753 was preloaded using link preload but not used within a few seconds from the window's load event. Please make sure it has an appropriate `as` value and it is preloaded intentionally. @ http://localhost:3000/campaign/cmmr6djjy0000ws482a52nc1y:0
[ 7075190ms] [WARNING] The resource http://localhost:3000/_next/static/css/app/layout.css?v=1778832410753 was preloaded using link preload but not used within a few seconds from the window's load event. Please make sure it has an appropriate `as` value and it is preloaded intentionally. @ http://localhost:3000/campaign/cmmr6djjy0000ws482a52nc1y:0
[ 7105171ms] [WARNING] The resource http://localhost:3000/_next/static/css/app/layout.css?v=1778832410753 was preloaded using link preload but not used within a few seconds from the window's load event. Please make sure it has an appropriate `as` value and it is preloaded intentionally. @ http://localhost:3000/campaign/cmmr6djjy0000ws482a52nc1y:0
[ 7135168ms] [WARNING] The resource http://localhost:3000/_next/static/css/app/layout.css?v=1778832410753 was preloaded using link preload but not used within a few seconds from the window's load event. Please make sure it has an appropriate `as` value and it is preloaded intentionally. @ http://localhost:3000/campaign/cmmr6djjy0000ws482a52nc1y:0
[ 7165181ms] [WARNING] The resource http://localhost:3000/_next/static/css/app/layout.css?v=1778832410753 was preloaded using link preload but not used within a few seconds from the window's load event. Please make sure it has an appropriate `as` value and it is preloaded intentionally. @ http://localhost:3000/campaign/cmmr6djjy0000ws482a52nc1y:0
[ 7195195ms] [WARNING] The resource http://localhost:3000/_next/static/css/app/layout.css?v=1778832410753 was preloaded using link preload but not used within a few seconds from the window's load event. Please make sure it has an appropriate `as` value and it is preloaded intentionally. @ http://localhost:3000/campaign/cmmr6djjy0000ws482a52nc1y:0
[ 7225191ms] [WARNING] The resource http://localhost:3000/_next/static/css/app/layout.css?v=1778832410753 was preloaded using link preload but not used within a few seconds from the window's load event. Please make sure it has an appropriate `as` value and it is preloaded intentionally. @ http://localhost:3000/campaign/cmmr6djjy0000ws482a52nc1y:0
[ 7255192ms] [WARNING] The resource http://localhost:3000/_next/static/css/app/layout.css?v=1778832410753 was preloaded using link preload but not used within a few seconds from the window's load event. Please make sure it has an appropriate `as` value and it is preloaded intentionally. @ http://localhost:3000/campaign/cmmr6djjy0000ws482a52nc1y:0
[ 7285170ms] [WARNING] The resource http://localhost:3000/_next/static/css/app/layout.css?v=1778832410753 was preloaded using link preload but not used within a few seconds from the window's load event. Please make sure it has an appropriate `as` value and it is preloaded intentionally. @ http://localhost:3000/campaign/cmmr6djjy0000ws482a52nc1y:0
[ 7315197ms] [WARNING] The resource http://localhost:3000/_next/static/css/app/layout.css?v=1778832410753 was preloaded using link preload but not used within a few seconds from the window's load event. Please make sure it has an appropriate `as` value and it is preloaded intentionally. @ http://localhost:3000/campaign/cmmr6djjy0000ws482a52nc1y:0
[ 7345194ms] [WARNING] The resource http://localhost:3000/_next/static/css/app/layout.css?v=1778832410753 was preloaded using link preload but not used within a few seconds from the window's load event. Please make sure it has an appropriate `as` value and it is preloaded intentionally. @ http://localhost:3000/campaign/cmmr6djjy0000ws482a52nc1y:0
[ 7375174ms] [WARNING] The resource http://localhost:3000/_next/static/css/app/layout.css?v=1778832410753 was preloaded using link preload but not used within a few seconds from the window's load event. Please make sure it has an appropriate `as` value and it is preloaded intentionally. @ http://localhost:3000/campaign/cmmr6djjy0000ws482a52nc1y:0
[ 7405189ms] [WARNING] The resource http://localhost:3000/_next/static/css/app/layout.css?v=1778832410753 was preloaded using link preload but not used within a few seconds from the window's load event. Please make sure it has an appropriate `as` value and it is preloaded intentionally. @ http://localhost:3000/campaign/cmmr6djjy0000ws482a52nc1y:0
[ 7435185ms] [WARNING] The resource http://localhost:3000/_next/static/css/app/layout.css?v=1778832410753 was preloaded using link preload but not used within a few seconds from the window's load event. Please make sure it has an appropriate `as` value and it is preloaded intentionally. @ http://localhost:3000/campaign/cmmr6djjy0000ws482a52nc1y:0
[ 7465203ms] [WARNING] The resource http://localhost:3000/_next/static/css/app/layout.css?v=1778832410753 was preloaded using link preload but not used within a few seconds from the window's load event. Please make sure it has an appropriate `as` value and it is preloaded intentionally. @ http://localhost:3000/campaign/cmmr6djjy0000ws482a52nc1y:0
[ 7495195ms] [WARNING] The resource http://localhost:3000/_next/static/css/app/layout.css?v=1778832410753 was preloaded using link preload but not used within a few seconds from the window's load event. Please make sure it has an appropriate `as` value and it is preloaded intentionally. @ http://localhost:3000/campaign/cmmr6djjy0000ws482a52nc1y:0
[ 7525180ms] [WARNING] The resource http://localhost:3000/_next/static/css/app/layout.css?v=1778832410753 was preloaded using link preload but not used within a few seconds from the window's load event. Please make sure it has an appropriate `as` value and it is preloaded intentionally. @ http://localhost:3000/campaign/cmmr6djjy0000ws482a52nc1y:0
[ 7555172ms] [WARNING] The resource http://localhost:3000/_next/static/css/app/layout.css?v=1778832410753 was preloaded using link preload but not used within a few seconds from the window's load event. Please make sure it has an appropriate `as` value and it is preloaded intentionally. @ http://localhost:3000/campaign/cmmr6djjy0000ws482a52nc1y:0
[ 7585186ms] [WARNING] The resource http://localhost:3000/_next/static/css/app/layout.css?v=1778832410753 was preloaded using link preload but not used within a few seconds from the window's load event. Please make sure it has an appropriate `as` value and it is preloaded intentionally. @ http://localhost:3000/campaign/cmmr6djjy0000ws482a52nc1y:0
[ 7615199ms] [WARNING] The resource http://localhost:3000/_next/static/css/app/layout.css?v=1778832410753 was preloaded using link preload but not used within a few seconds from the window's load event. Please make sure it has an appropriate `as` value and it is preloaded intentionally. @ http://localhost:3000/campaign/cmmr6djjy0000ws482a52nc1y:0
[ 7645179ms] [WARNING] The resource http://localhost:3000/_next/static/css/app/layout.css?v=1778832410753 was preloaded using link preload but not used within a few seconds from the window's load event. Please make sure it has an appropriate `as` value and it is preloaded intentionally. @ http://localhost:3000/campaign/cmmr6djjy0000ws482a52nc1y:0
[ 7675173ms] [WARNING] The resource http://localhost:3000/_next/static/css/app/layout.css?v=1778832410753 was preloaded using link preload but not used within a few seconds from the window's load event. Please make sure it has an appropriate `as` value and it is preloaded intentionally. @ http://localhost:3000/campaign/cmmr6djjy0000ws482a52nc1y:0
[ 7705161ms] [WARNING] The resource http://localhost:3000/_next/static/css/app/layout.css?v=1778832410753 was preloaded using link preload but not used within a few seconds from the window's load event. Please make sure it has an appropriate `as` value and it is preloaded intentionally. @ http://localhost:3000/campaign/cmmr6djjy0000ws482a52nc1y:0
[ 7735170ms] [WARNING] The resource http://localhost:3000/_next/static/css/app/layout.css?v=1778832410753 was preloaded using link preload but not used within a few seconds from the window's load event. Please make sure it has an appropriate `as` value and it is preloaded intentionally. @ http://localhost:3000/campaign/cmmr6djjy0000ws482a52nc1y:0
[ 7765184ms] [WARNING] The resource http://localhost:3000/_next/static/css/app/layout.css?v=1778832410753 was preloaded using link preload but not used within a few seconds from the window's load event. Please make sure it has an appropriate `as` value and it is preloaded intentionally. @ http://localhost:3000/campaign/cmmr6djjy0000ws482a52nc1y:0
[ 7795197ms] [WARNING] The resource http://localhost:3000/_next/static/css/app/layout.css?v=1778832410753 was preloaded using link preload but not used within a few seconds from the window's load event. Please make sure it has an appropriate `as` value and it is preloaded intentionally. @ http://localhost:3000/campaign/cmmr6djjy0000ws482a52nc1y:0
[ 7825177ms] [WARNING] The resource http://localhost:3000/_next/static/css/app/layout.css?v=1778832410753 was preloaded using link preload but not used within a few seconds from the window's load event. Please make sure it has an appropriate `as` value and it is preloaded intentionally. @ http://localhost:3000/campaign/cmmr6djjy0000ws482a52nc1y:0
[ 7855190ms] [WARNING] The resource http://localhost:3000/_next/static/css/app/layout.css?v=1778832410753 was preloaded using link preload but not used within a few seconds from the window's load event. Please make sure it has an appropriate `as` value and it is preloaded intentionally. @ http://localhost:3000/campaign/cmmr6djjy0000ws482a52nc1y:0
[ 7885175ms] [WARNING] The resource http://localhost:3000/_next/static/css/app/layout.css?v=1778832410753 was preloaded using link preload but not used within a few seconds from the window's load event. Please make sure it has an appropriate `as` value and it is preloaded intentionally. @ http://localhost:3000/campaign/cmmr6djjy0000ws482a52nc1y:0
[ 7915184ms] [WARNING] The resource http://localhost:3000/_next/static/css/app/layout.css?v=1778832410753 was preloaded using link preload but not used within a few seconds from the window's load event. Please make sure it has an appropriate `as` value and it is preloaded intentionally. @ http://localhost:3000/campaign/cmmr6djjy0000ws482a52nc1y:0
[ 7945181ms] [WARNING] The resource http://localhost:3000/_next/static/css/app/layout.css?v=1778832410753 was preloaded using link preload but not used within a few seconds from the window's load event. Please make sure it has an appropriate `as` value and it is preloaded intentionally. @ http://localhost:3000/campaign/cmmr6djjy0000ws482a52nc1y:0
[ 7975182ms] [WARNING] The resource http://localhost:3000/_next/static/css/app/layout.css?v=1778832410753 was preloaded using link preload but not used within a few seconds from the window's load event. Please make sure it has an appropriate `as` value and it is preloaded intentionally. @ http://localhost:3000/campaign/cmmr6djjy0000ws482a52nc1y:0
[ 8005174ms] [WARNING] The resource http://localhost:3000/_next/static/css/app/layout.css?v=1778832410753 was preloaded using link preload but not used within a few seconds from the window's load event. Please make sure it has an appropriate `as` value and it is preloaded intentionally. @ http://localhost:3000/campaign/cmmr6djjy0000ws482a52nc1y:0
[ 8035192ms] [WARNING] The resource http://localhost:3000/_next/static/css/app/layout.css?v=1778832410753 was preloaded using link preload but not used within a few seconds from the window's load event. Please make sure it has an appropriate `as` value and it is preloaded intentionally. @ http://localhost:3000/campaign/cmmr6djjy0000ws482a52nc1y:0
[ 8065185ms] [WARNING] The resource http://localhost:3000/_next/static/css/app/layout.css?v=1778832410753 was preloaded using link preload but not used within a few seconds from the window's load event. Please make sure it has an appropriate `as` value and it is preloaded intentionally. @ http://localhost:3000/campaign/cmmr6djjy0000ws482a52nc1y:0
[ 8095199ms] [WARNING] The resource http://localhost:3000/_next/static/css/app/layout.css?v=1778832410753 was preloaded using link preload but not used within a few seconds from the window's load event. Please make sure it has an appropriate `as` value and it is preloaded intentionally. @ http://localhost:3000/campaign/cmmr6djjy0000ws482a52nc1y:0
[ 8125195ms] [WARNING] The resource http://localhost:3000/_next/static/css/app/layout.css?v=1778832410753 was preloaded using link preload but not used within a few seconds from the window's load event. Please make sure it has an appropriate `as` value and it is preloaded intentionally. @ http://localhost:3000/campaign/cmmr6djjy0000ws482a52nc1y:0
[ 8155175ms] [WARNING] The resource http://localhost:3000/_next/static/css/app/layout.css?v=1778832410753 was preloaded using link preload but not used within a few seconds from the window's load event. Please make sure it has an appropriate `as` value and it is preloaded intentionally. @ http://localhost:3000/campaign/cmmr6djjy0000ws482a52nc1y:0
[ 8185172ms] [WARNING] The resource http://localhost:3000/_next/static/css/app/layout.css?v=1778832410753 was preloaded using link preload but not used within a few seconds from the window's load event. Please make sure it has an appropriate `as` value and it is preloaded intentionally. @ http://localhost:3000/campaign/cmmr6djjy0000ws482a52nc1y:0
[ 8215190ms] [WARNING] The resource http://localhost:3000/_next/static/css/app/layout.css?v=1778832410753 was preloaded using link preload but not used within a few seconds from the window's load event. Please make sure it has an appropriate `as` value and it is preloaded intentionally. @ http://localhost:3000/campaign/cmmr6djjy0000ws482a52nc1y:0
[ 8245182ms] [WARNING] The resource http://localhost:3000/_next/static/css/app/layout.css?v=1778832410753 was preloaded using link preload but not used within a few seconds from the window's load event. Please make sure it has an appropriate `as` value and it is preloaded intentionally. @ http://localhost:3000/campaign/cmmr6djjy0000ws482a52nc1y:0
[ 8275195ms] [WARNING] The resource http://localhost:3000/_next/static/css/app/layout.css?v=1778832410753 was preloaded using link preload but not used within a few seconds from the window's load event. Please make sure it has an appropriate `as` value and it is preloaded intentionally. @ http://localhost:3000/campaign/cmmr6djjy0000ws482a52nc1y:0
[ 8305176ms] [WARNING] The resource http://localhost:3000/_next/static/css/app/layout.css?v=1778832410753 was preloaded using link preload but not used within a few seconds from the window's load event. Please make sure it has an appropriate `as` value and it is preloaded intentionally. @ http://localhost:3000/campaign/cmmr6djjy0000ws482a52nc1y:0
[ 8335177ms] [WARNING] The resource http://localhost:3000/_next/static/css/app/layout.css?v=1778832410753 was preloaded using link preload but not used within a few seconds from the window's load event. Please make sure it has an appropriate `as` value and it is preloaded intentionally. @ http://localhost:3000/campaign/cmmr6djjy0000ws482a52nc1y:0
[ 8365186ms] [WARNING] The resource http://localhost:3000/_next/static/css/app/layout.css?v=1778832410753 was preloaded using link preload but not used within a few seconds from the window's load event. Please make sure it has an appropriate `as` value and it is preloaded intentionally. @ http://localhost:3000/campaign/cmmr6djjy0000ws482a52nc1y:0
[ 8395183ms] [WARNING] The resource http://localhost:3000/_next/static/css/app/layout.css?v=1778832410753 was preloaded using link preload but not used within a few seconds from the window's load event. Please make sure it has an appropriate `as` value and it is preloaded intentionally. @ http://localhost:3000/campaign/cmmr6djjy0000ws482a52nc1y:0
[ 8425184ms] [WARNING] The resource http://localhost:3000/_next/static/css/app/layout.css?v=1778832410753 was preloaded using link preload but not used within a few seconds from the window's load event. Please make sure it has an appropriate `as` value and it is preloaded intentionally. @ http://localhost:3000/campaign/cmmr6djjy0000ws482a52nc1y:0
[ 8455181ms] [WARNING] The resource http://localhost:3000/_next/static/css/app/layout.css?v=1778832410753 was preloaded using link preload but not used within a few seconds from the window's load event. Please make sure it has an appropriate `as` value and it is preloaded intentionally. @ http://localhost:3000/campaign/cmmr6djjy0000ws482a52nc1y:0
[ 8485173ms] [WARNING] The resource http://localhost:3000/_next/static/css/app/layout.css?v=1778832410753 was preloaded using link preload but not used within a few seconds from the window's load event. Please make sure it has an appropriate `as` value and it is preloaded intentionally. @ http://localhost:3000/campaign/cmmr6djjy0000ws482a52nc1y:0
[ 8515174ms] [WARNING] The resource http://localhost:3000/_next/static/css/app/layout.css?v=1778832410753 was preloaded using link preload but not used within a few seconds from the window's load event. Please make sure it has an appropriate `as` value and it is preloaded intentionally. @ http://localhost:3000/campaign/cmmr6djjy0000ws482a52nc1y:0
[ 8545171ms] [WARNING] The resource http://localhost:3000/_next/static/css/app/layout.css?v=1778832410753 was preloaded using link preload but not used within a few seconds from the window's load event. Please make sure it has an appropriate `as` value and it is preloaded intentionally. @ http://localhost:3000/campaign/cmmr6djjy0000ws482a52nc1y:0
[ 8575198ms] [WARNING] The resource http://localhost:3000/_next/static/css/app/layout.css?v=1778832410753 was preloaded using link preload but not used within a few seconds from the window's load event. Please make sure it has an appropriate `as` value and it is preloaded intentionally. @ http://localhost:3000/campaign/cmmr6djjy0000ws482a52nc1y:0
[ 8605177ms] [WARNING] The resource http://localhost:3000/_next/static/css/app/layout.css?v=1778832410753 was preloaded using link preload but not used within a few seconds from the window's load event. Please make sure it has an appropriate `as` value and it is preloaded intentionally. @ http://localhost:3000/campaign/cmmr6djjy0000ws482a52nc1y:0
[ 8635178ms] [WARNING] The resource http://localhost:3000/_next/static/css/app/layout.css?v=1778832410753 was preloaded using link preload but not used within a few seconds from the window's load event. Please make sure it has an appropriate `as` value and it is preloaded intentionally. @ http://localhost:3000/campaign/cmmr6djjy0000ws482a52nc1y:0
[ 8665187ms] [WARNING] The resource http://localhost:3000/_next/static/css/app/layout.css?v=1778832410753 was preloaded using link preload but not used within a few seconds from the window's load event. Please make sure it has an appropriate `as` value and it is preloaded intentionally. @ http://localhost:3000/campaign/cmmr6djjy0000ws482a52nc1y:0
[ 8695189ms] [WARNING] The resource http://localhost:3000/_next/static/css/app/layout.css?v=1778832410753 was preloaded using link preload but not used within a few seconds from the window's load event. Please make sure it has an appropriate `as` value and it is preloaded intentionally. @ http://localhost:3000/campaign/cmmr6djjy0000ws482a52nc1y:0
[ 8725199ms] [WARNING] The resource http://localhost:3000/_next/static/css/app/layout.css?v=1778832410753 was preloaded using link preload but not used within a few seconds from the window's load event. Please make sure it has an appropriate `as` value and it is preloaded intentionally. @ http://localhost:3000/campaign/cmmr6djjy0000ws482a52nc1y:0
[ 8755178ms] [WARNING] The resource http://localhost:3000/_next/static/css/app/layout.css?v=1778832410753 was preloaded using link preload but not used within a few seconds from the window's load event. Please make sure it has an appropriate `as` value and it is preloaded intentionally. @ http://localhost:3000/campaign/cmmr6djjy0000ws482a52nc1y:0
[ 8785175ms] [WARNING] The resource http://localhost:3000/_next/static/css/app/layout.css?v=1778832410753 was preloaded using link preload but not used within a few seconds from the window's load event. Please make sure it has an appropriate `as` value and it is preloaded intentionally. @ http://localhost:3000/campaign/cmmr6djjy0000ws482a52nc1y:0
[ 8815190ms] [WARNING] The resource http://localhost:3000/_next/static/css/app/layout.css?v=1778832410753 was preloaded using link preload but not used within a few seconds from the window's load event. Please make sure it has an appropriate `as` value and it is preloaded intentionally. @ http://localhost:3000/campaign/cmmr6djjy0000ws482a52nc1y:0
[ 8845190ms] [WARNING] The resource http://localhost:3000/_next/static/css/app/layout.css?v=1778832410753 was preloaded using link preload but not used within a few seconds from the window's load event. Please make sure it has an appropriate `as` value and it is preloaded intentionally. @ http://localhost:3000/campaign/cmmr6djjy0000ws482a52nc1y:0
[ 8875188ms] [WARNING] The resource http://localhost:3000/_next/static/css/app/layout.css?v=1778832410753 was preloaded using link preload but not used within a few seconds from the window's load event. Please make sure it has an appropriate `as` value and it is preloaded intentionally. @ http://localhost:3000/campaign/cmmr6djjy0000ws482a52nc1y:0
[ 8905179ms] [WARNING] The resource http://localhost:3000/_next/static/css/app/layout.css?v=1778832410753 was preloaded using link preload but not used within a few seconds from the window's load event. Please make sure it has an appropriate `as` value and it is preloaded intentionally. @ http://localhost:3000/campaign/cmmr6djjy0000ws482a52nc1y:0
[ 8935192ms] [WARNING] The resource http://localhost:3000/_next/static/css/app/layout.css?v=1778832410753 was preloaded using link preload but not used within a few seconds from the window's load event. Please make sure it has an appropriate `as` value and it is preloaded intentionally. @ http://localhost:3000/campaign/cmmr6djjy0000ws482a52nc1y:0
[ 8965160ms] [WARNING] The resource http://localhost:3000/_next/static/css/app/layout.css?v=1778832410753 was preloaded using link preload but not used within a few seconds from the window's load event. Please make sure it has an appropriate `as` value and it is preloaded intentionally. @ http://localhost:3000/campaign/cmmr6djjy0000ws482a52nc1y:0
[ 8995186ms] [WARNING] The resource http://localhost:3000/_next/static/css/app/layout.css?v=1778832410753 was preloaded using link preload but not used within a few seconds from the window's load event. Please make sure it has an appropriate `as` value and it is preloaded intentionally. @ http://localhost:3000/campaign/cmmr6djjy0000ws482a52nc1y:0
[ 9025188ms] [WARNING] The resource http://localhost:3000/_next/static/css/app/layout.css?v=1778832410753 was preloaded using link preload but not used within a few seconds from the window's load event. Please make sure it has an appropriate `as` value and it is preloaded intentionally. @ http://localhost:3000/campaign/cmmr6djjy0000ws482a52nc1y:0
[ 9055200ms] [WARNING] The resource http://localhost:3000/_next/static/css/app/layout.css?v=1778832410753 was preloaded using link preload but not used within a few seconds from the window's load event. Please make sure it has an appropriate `as` value and it is preloaded intentionally. @ http://localhost:3000/campaign/cmmr6djjy0000ws482a52nc1y:0
[ 9085181ms] [WARNING] The resource http://localhost:3000/_next/static/css/app/layout.css?v=1778832410753 was preloaded using link preload but not used within a few seconds from the window's load event. Please make sure it has an appropriate `as` value and it is preloaded intentionally. @ http://localhost:3000/campaign/cmmr6djjy0000ws482a52nc1y:0
[ 9115173ms] [WARNING] The resource http://localhost:3000/_next/static/css/app/layout.css?v=1778832410753 was preloaded using link preload but not used within a few seconds from the window's load event. Please make sure it has an appropriate `as` value and it is preloaded intentionally. @ http://localhost:3000/campaign/cmmr6djjy0000ws482a52nc1y:0
[ 9145170ms] [WARNING] The resource http://localhost:3000/_next/static/css/app/layout.css?v=1778832410753 was preloaded using link preload but not used within a few seconds from the window's load event. Please make sure it has an appropriate `as` value and it is preloaded intentionally. @ http://localhost:3000/campaign/cmmr6djjy0000ws482a52nc1y:0
[ 9175157ms] [WARNING] The resource http://localhost:3000/_next/static/css/app/layout.css?v=1778832410753 was preloaded using link preload but not used within a few seconds from the window's load event. Please make sure it has an appropriate `as` value and it is preloaded intentionally. @ http://localhost:3000/campaign/cmmr6djjy0000ws482a52nc1y:0
[ 9205180ms] [WARNING] The resource http://localhost:3000/_next/static/css/app/layout.css?v=1778832410753 was preloaded using link preload but not used within a few seconds from the window's load event. Please make sure it has an appropriate `as` value and it is preloaded intentionally. @ http://localhost:3000/campaign/cmmr6djjy0000ws482a52nc1y:0
[ 9235182ms] [WARNING] The resource http://localhost:3000/_next/static/css/app/layout.css?v=1778832410753 was preloaded using link preload but not used within a few seconds from the window's load event. Please make sure it has an appropriate `as` value and it is preloaded intentionally. @ http://localhost:3000/campaign/cmmr6djjy0000ws482a52nc1y:0
[ 9265177ms] [WARNING] The resource http://localhost:3000/_next/static/css/app/layout.css?v=1778832410753 was preloaded using link preload but not used within a few seconds from the window's load event. Please make sure it has an appropriate `as` value and it is preloaded intentionally. @ http://localhost:3000/campaign/cmmr6djjy0000ws482a52nc1y:0
[ 9295175ms] [WARNING] The resource http://localhost:3000/_next/static/css/app/layout.css?v=1778832410753 was preloaded using link preload but not used within a few seconds from the window's load event. Please make sure it has an appropriate `as` value and it is preloaded intentionally. @ http://localhost:3000/campaign/cmmr6djjy0000ws482a52nc1y:0
[ 9325172ms] [WARNING] The resource http://localhost:3000/_next/static/css/app/layout.css?v=1778832410753 was preloaded using link preload but not used within a few seconds from the window's load event. Please make sure it has an appropriate `as` value and it is preloaded intentionally. @ http://localhost:3000/campaign/cmmr6djjy0000ws482a52nc1y:0
[ 9355185ms] [WARNING] The resource http://localhost:3000/_next/static/css/app/layout.css?v=1778832410753 was preloaded using link preload but not used within a few seconds from the window's load event. Please make sure it has an appropriate `as` value and it is preloaded intentionally. @ http://localhost:3000/campaign/cmmr6djjy0000ws482a52nc1y:0
[ 9385178ms] [WARNING] The resource http://localhost:3000/_next/static/css/app/layout.css?v=1778832410753 was preloaded using link preload but not used within a few seconds from the window's load event. Please make sure it has an appropriate `as` value and it is preloaded intentionally. @ http://localhost:3000/campaign/cmmr6djjy0000ws482a52nc1y:0
[ 9415174ms] [WARNING] The resource http://localhost:3000/_next/static/css/app/layout.css?v=1778832410753 was preloaded using link preload but not used within a few seconds from the window's load event. Please make sure it has an appropriate `as` value and it is preloaded intentionally. @ http://localhost:3000/campaign/cmmr6djjy0000ws482a52nc1y:0
[ 9445172ms] [WARNING] The resource http://localhost:3000/_next/static/css/app/layout.css?v=1778832410753 was preloaded using link preload but not used within a few seconds from the window's load event. Please make sure it has an appropriate `as` value and it is preloaded intentionally. @ http://localhost:3000/campaign/cmmr6djjy0000ws482a52nc1y:0
[ 9475168ms] [WARNING] The resource http://localhost:3000/_next/static/css/app/layout.css?v=1778832410753 was preloaded using link preload but not used within a few seconds from the window's load event. Please make sure it has an appropriate `as` value and it is preloaded intentionally. @ http://localhost:3000/campaign/cmmr6djjy0000ws482a52nc1y:0
[ 9505169ms] [WARNING] The resource http://localhost:3000/_next/static/css/app/layout.css?v=1778832410753 was preloaded using link preload but not used within a few seconds from the window's load event. Please make sure it has an appropriate `as` value and it is preloaded intentionally. @ http://localhost:3000/campaign/cmmr6djjy0000ws482a52nc1y:0
[ 9535183ms] [WARNING] The resource http://localhost:3000/_next/static/css/app/layout.css?v=1778832410753 was preloaded using link preload but not used within a few seconds from the window's load event. Please make sure it has an appropriate `as` value and it is preloaded intentionally. @ http://localhost:3000/campaign/cmmr6djjy0000ws482a52nc1y:0
[ 9565179ms] [WARNING] The resource http://localhost:3000/_next/static/css/app/layout.css?v=1778832410753 was preloaded using link preload but not used within a few seconds from the window's load event. Please make sure it has an appropriate `as` value and it is preloaded intentionally. @ http://localhost:3000/campaign/cmmr6djjy0000ws482a52nc1y:0
[ 9595172ms] [WARNING] The resource http://localhost:3000/_next/static/css/app/layout.css?v=1778832410753 was preloaded using link preload but not used within a few seconds from the window's load event. Please make sure it has an appropriate `as` value and it is preloaded intentionally. @ http://localhost:3000/campaign/cmmr6djjy0000ws482a52nc1y:0
[ 9625190ms] [WARNING] The resource http://localhost:3000/_next/static/css/app/layout.css?v=1778832410753 was preloaded using link preload but not used within a few seconds from the window's load event. Please make sure it has an appropriate `as` value and it is preloaded intentionally. @ http://localhost:3000/campaign/cmmr6djjy0000ws482a52nc1y:0
[ 9655185ms] [WARNING] The resource http://localhost:3000/_next/static/css/app/layout.css?v=1778832410753 was preloaded using link preload but not used within a few seconds from the window's load event. Please make sure it has an appropriate `as` value and it is preloaded intentionally. @ http://localhost:3000/campaign/cmmr6djjy0000ws482a52nc1y:0
[ 9685180ms] [WARNING] The resource http://localhost:3000/_next/static/css/app/layout.css?v=1778832410753 was preloaded using link preload but not used within a few seconds from the window's load event. Please make sure it has an appropriate `as` value and it is preloaded intentionally. @ http://localhost:3000/campaign/cmmr6djjy0000ws482a52nc1y:0
[ 9715181ms] [WARNING] The resource http://localhost:3000/_next/static/css/app/layout.css?v=1778832410753 was preloaded using link preload but not used within a few seconds from the window's load event. Please make sure it has an appropriate `as` value and it is preloaded intentionally. @ http://localhost:3000/campaign/cmmr6djjy0000ws482a52nc1y:0
[ 9745160ms] [WARNING] The resource http://localhost:3000/_next/static/css/app/layout.css?v=1778832410753 was preloaded using link preload but not used within a few seconds from the window's load event. Please make sure it has an appropriate `as` value and it is preloaded intentionally. @ http://localhost:3000/campaign/cmmr6djjy0000ws482a52nc1y:0
[ 9775170ms] [WARNING] The resource http://localhost:3000/_next/static/css/app/layout.css?v=1778832410753 was preloaded using link preload but not used within a few seconds from the window's load event. Please make sure it has an appropriate `as` value and it is preloaded intentionally. @ http://localhost:3000/campaign/cmmr6djjy0000ws482a52nc1y:0
[ 9805171ms] [WARNING] The resource http://localhost:3000/_next/static/css/app/layout.css?v=1778832410753 was preloaded using link preload but not used within a few seconds from the window's load event. Please make sure it has an appropriate `as` value and it is preloaded intentionally. @ http://localhost:3000/campaign/cmmr6djjy0000ws482a52nc1y:0
[ 9835184ms] [WARNING] The resource http://localhost:3000/_next/static/css/app/layout.css?v=1778832410753 was preloaded using link preload but not used within a few seconds from the window's load event. Please make sure it has an appropriate `as` value and it is preloaded intentionally. @ http://localhost:3000/campaign/cmmr6djjy0000ws482a52nc1y:0
[ 9865181ms] [WARNING] The resource http://localhost:3000/_next/static/css/app/layout.css?v=1778832410753 was preloaded using link preload but not used within a few seconds from the window's load event. Please make sure it has an appropriate `as` value and it is preloaded intentionally. @ http://localhost:3000/campaign/cmmr6djjy0000ws482a52nc1y:0
[ 9895175ms] [WARNING] The resource http://localhost:3000/_next/static/css/app/layout.css?v=1778832410753 was preloaded using link preload but not used within a few seconds from the window's load event. Please make sure it has an appropriate `as` value and it is preloaded intentionally. @ http://localhost:3000/campaign/cmmr6djjy0000ws482a52nc1y:0
[ 9925175ms] [WARNING] The resource http://localhost:3000/_next/static/css/app/layout.css?v=1778832410753 was preloaded using link preload but not used within a few seconds from the window's load event. Please make sure it has an appropriate `as` value and it is preloaded intentionally. @ http://localhost:3000/campaign/cmmr6djjy0000ws482a52nc1y:0
[ 9955167ms] [WARNING] The resource http://localhost:3000/_next/static/css/app/layout.css?v=1778832410753 was preloaded using link preload but not used within a few seconds from the window's load event. Please make sure it has an appropriate `as` value and it is preloaded intentionally. @ http://localhost:3000/campaign/cmmr6djjy0000ws482a52nc1y:0
[ 9985182ms] [WARNING] The resource http://localhost:3000/_next/static/css/app/layout.css?v=1778832410753 was preloaded using link preload but not used within a few seconds from the window's load event. Please make sure it has an appropriate `as` value and it is preloaded intentionally. @ http://localhost:3000/campaign/cmmr6djjy0000ws482a52nc1y:0
[10015177ms] [WARNING] The resource http://localhost:3000/_next/static/css/app/layout.css?v=1778832410753 was preloaded using link preload but not used within a few seconds from the window's load event. Please make sure it has an appropriate `as` value and it is preloaded intentionally. @ http://localhost:3000/campaign/cmmr6djjy0000ws482a52nc1y:0
[10045175ms] [WARNING] The resource http://localhost:3000/_next/static/css/app/layout.css?v=1778832410753 was preloaded using link preload but not used within a few seconds from the window's load event. Please make sure it has an appropriate `as` value and it is preloaded intentionally. @ http://localhost:3000/campaign/cmmr6djjy0000ws482a52nc1y:0
[10075175ms] [WARNING] The resource http://localhost:3000/_next/static/css/app/layout.css?v=1778832410753 was preloaded using link preload but not used within a few seconds from the window's load event. Please make sure it has an appropriate `as` value and it is preloaded intentionally. @ http://localhost:3000/campaign/cmmr6djjy0000ws482a52nc1y:0
[10105172ms] [WARNING] The resource http://localhost:3000/_next/static/css/app/layout.css?v=1778832410753 was preloaded using link preload but not used within a few seconds from the window's load event. Please make sure it has an appropriate `as` value and it is preloaded intentionally. @ http://localhost:3000/campaign/cmmr6djjy0000ws482a52nc1y:0
[10135187ms] [WARNING] The resource http://localhost:3000/_next/static/css/app/layout.css?v=1778832410753 was preloaded using link preload but not used within a few seconds from the window's load event. Please make sure it has an appropriate `as` value and it is preloaded intentionally. @ http://localhost:3000/campaign/cmmr6djjy0000ws482a52nc1y:0
[10165162ms] [WARNING] The resource http://localhost:3000/_next/static/css/app/layout.css?v=1778832410753 was preloaded using link preload but not used within a few seconds from the window's load event. Please make sure it has an appropriate `as` value and it is preloaded intentionally. @ http://localhost:3000/campaign/cmmr6djjy0000ws482a52nc1y:0
[10195182ms] [WARNING] The resource http://localhost:3000/_next/static/css/app/layout.css?v=1778832410753 was preloaded using link preload but not used within a few seconds from the window's load event. Please make sure it has an appropriate `as` value and it is preloaded intentionally. @ http://localhost:3000/campaign/cmmr6djjy0000ws482a52nc1y:0
[10225185ms] [WARNING] The resource http://localhost:3000/_next/static/css/app/layout.css?v=1778832410753 was preloaded using link preload but not used within a few seconds from the window's load event. Please make sure it has an appropriate `as` value and it is preloaded intentionally. @ http://localhost:3000/campaign/cmmr6djjy0000ws482a52nc1y:0
[10255168ms] [WARNING] The resource http://localhost:3000/_next/static/css/app/layout.css?v=1778832410753 was preloaded using link preload but not used within a few seconds from the window's load event. Please make sure it has an appropriate `as` value and it is preloaded intentionally. @ http://localhost:3000/campaign/cmmr6djjy0000ws482a52nc1y:0
[10285179ms] [WARNING] The resource http://localhost:3000/_next/static/css/app/layout.css?v=1778832410753 was preloaded using link preload but not used within a few seconds from the window's load event. Please make sure it has an appropriate `as` value and it is preloaded intentionally. @ http://localhost:3000/campaign/cmmr6djjy0000ws482a52nc1y:0
[10315200ms] [WARNING] The resource http://localhost:3000/_next/static/css/app/layout.css?v=1778832410753 was preloaded using link preload but not used within a few seconds from the window's load event. Please make sure it has an appropriate `as` value and it is preloaded intentionally. @ http://localhost:3000/campaign/cmmr6djjy0000ws482a52nc1y:0
[10345172ms] [WARNING] The resource http://localhost:3000/_next/static/css/app/layout.css?v=1778832410753 was preloaded using link preload but not used within a few seconds from the window's load event. Please make sure it has an appropriate `as` value and it is preloaded intentionally. @ http://localhost:3000/campaign/cmmr6djjy0000ws482a52nc1y:0
[10375186ms] [WARNING] The resource http://localhost:3000/_next/static/css/app/layout.css?v=1778832410753 was preloaded using link preload but not used within a few seconds from the window's load event. Please make sure it has an appropriate `as` value and it is preloaded intentionally. @ http://localhost:3000/campaign/cmmr6djjy0000ws482a52nc1y:0
[10405172ms] [WARNING] The resource http://localhost:3000/_next/static/css/app/layout.css?v=1778832410753 was preloaded using link preload but not used within a few seconds from the window's load event. Please make sure it has an appropriate `as` value and it is preloaded intentionally. @ http://localhost:3000/campaign/cmmr6djjy0000ws482a52nc1y:0
[10435171ms] [WARNING] The resource http://localhost:3000/_next/static/css/app/layout.css?v=1778832410753 was preloaded using link preload but not used within a few seconds from the window's load event. Please make sure it has an appropriate `as` value and it is preloaded intentionally. @ http://localhost:3000/campaign/cmmr6djjy0000ws482a52nc1y:0
[10465177ms] [WARNING] The resource http://localhost:3000/_next/static/css/app/layout.css?v=1778832410753 was preloaded using link preload but not used within a few seconds from the window's load event. Please make sure it has an appropriate `as` value and it is preloaded intentionally. @ http://localhost:3000/campaign/cmmr6djjy0000ws482a52nc1y:0
[10495171ms] [WARNING] The resource http://localhost:3000/_next/static/css/app/layout.css?v=1778832410753 was preloaded using link preload but not used within a few seconds from the window's load event. Please make sure it has an appropriate `as` value and it is preloaded intentionally. @ http://localhost:3000/campaign/cmmr6djjy0000ws482a52nc1y:0
[10525176ms] [WARNING] The resource http://localhost:3000/_next/static/css/app/layout.css?v=1778832410753 was preloaded using link preload but not used within a few seconds from the window's load event. Please make sure it has an appropriate `as` value and it is preloaded intentionally. @ http://localhost:3000/campaign/cmmr6djjy0000ws482a52nc1y:0
[10555187ms] [WARNING] The resource http://localhost:3000/_next/static/css/app/layout.css?v=1778832410753 was preloaded using link preload but not used within a few seconds from the window's load event. Please make sure it has an appropriate `as` value and it is preloaded intentionally. @ http://localhost:3000/campaign/cmmr6djjy0000ws482a52nc1y:0
[10585184ms] [WARNING] The resource http://localhost:3000/_next/static/css/app/layout.css?v=1778832410753 was preloaded using link preload but not used within a few seconds from the window's load event. Please make sure it has an appropriate `as` value and it is preloaded intentionally. @ http://localhost:3000/campaign/cmmr6djjy0000ws482a52nc1y:0
[10615173ms] [WARNING] The resource http://localhost:3000/_next/static/css/app/layout.css?v=1778832410753 was preloaded using link preload but not used within a few seconds from the window's load event. Please make sure it has an appropriate `as` value and it is preloaded intentionally. @ http://localhost:3000/campaign/cmmr6djjy0000ws482a52nc1y:0
[10645166ms] [WARNING] The resource http://localhost:3000/_next/static/css/app/layout.css?v=1778832410753 was preloaded using link preload but not used within a few seconds from the window's load event. Please make sure it has an appropriate `as` value and it is preloaded intentionally. @ http://localhost:3000/campaign/cmmr6djjy0000ws482a52nc1y:0
[10675168ms] [WARNING] The resource http://localhost:3000/_next/static/css/app/layout.css?v=1778832410753 was preloaded using link preload but not used within a few seconds from the window's load event. Please make sure it has an appropriate `as` value and it is preloaded intentionally. @ http://localhost:3000/campaign/cmmr6djjy0000ws482a52nc1y:0
[10705167ms] [WARNING] The resource http://localhost:3000/_next/static/css/app/layout.css?v=1778832410753 was preloaded using link preload but not used within a few seconds from the window's load event. Please make sure it has an appropriate `as` value and it is preloaded intentionally. @ http://localhost:3000/campaign/cmmr6djjy0000ws482a52nc1y:0
[10735192ms] [WARNING] The resource http://localhost:3000/_next/static/css/app/layout.css?v=1778832410753 was preloaded using link preload but not used within a few seconds from the window's load event. Please make sure it has an appropriate `as` value and it is preloaded intentionally. @ http://localhost:3000/campaign/cmmr6djjy0000ws482a52nc1y:0
[10765176ms] [WARNING] The resource http://localhost:3000/_next/static/css/app/layout.css?v=1778832410753 was preloaded using link preload but not used within a few seconds from the window's load event. Please make sure it has an appropriate `as` value and it is preloaded intentionally. @ http://localhost:3000/campaign/cmmr6djjy0000ws482a52nc1y:0
[10795188ms] [WARNING] The resource http://localhost:3000/_next/static/css/app/layout.css?v=1778832410753 was preloaded using link preload but not used within a few seconds from the window's load event. Please make sure it has an appropriate `as` value and it is preloaded intentionally. @ http://localhost:3000/campaign/cmmr6djjy0000ws482a52nc1y:0
[10825192ms] [WARNING] The resource http://localhost:3000/_next/static/css/app/layout.css?v=1778832410753 was preloaded using link preload but not used within a few seconds from the window's load event. Please make sure it has an appropriate `as` value and it is preloaded intentionally. @ http://localhost:3000/campaign/cmmr6djjy0000ws482a52nc1y:0
[10855175ms] [WARNING] The resource http://localhost:3000/_next/static/css/app/layout.css?v=1778832410753 was preloaded using link preload but not used within a few seconds from the window's load event. Please make sure it has an appropriate `as` value and it is preloaded intentionally. @ http://localhost:3000/campaign/cmmr6djjy0000ws482a52nc1y:0
[10885184ms] [WARNING] The resource http://localhost:3000/_next/static/css/app/layout.css?v=1778832410753 was preloaded using link preload but not used within a few seconds from the window's load event. Please make sure it has an appropriate `as` value and it is preloaded intentionally. @ http://localhost:3000/campaign/cmmr6djjy0000ws482a52nc1y:0
[10915184ms] [WARNING] The resource http://localhost:3000/_next/static/css/app/layout.css?v=1778832410753 was preloaded using link preload but not used within a few seconds from the window's load event. Please make sure it has an appropriate `as` value and it is preloaded intentionally. @ http://localhost:3000/campaign/cmmr6djjy0000ws482a52nc1y:0
[10945168ms] [WARNING] The resource http://localhost:3000/_next/static/css/app/layout.css?v=1778832410753 was preloaded using link preload but not used within a few seconds from the window's load event. Please make sure it has an appropriate `as` value and it is preloaded intentionally. @ http://localhost:3000/campaign/cmmr6djjy0000ws482a52nc1y:0
[10975186ms] [WARNING] The resource http://localhost:3000/_next/static/css/app/layout.css?v=1778832410753 was preloaded using link preload but not used within a few seconds from the window's load event. Please make sure it has an appropriate `as` value and it is preloaded intentionally. @ http://localhost:3000/campaign/cmmr6djjy0000ws482a52nc1y:0
[11005184ms] [WARNING] The resource http://localhost:3000/_next/static/css/app/layout.css?v=1778832410753 was preloaded using link preload but not used within a few seconds from the window's load event. Please make sure it has an appropriate `as` value and it is preloaded intentionally. @ http://localhost:3000/campaign/cmmr6djjy0000ws482a52nc1y:0
[11035166ms] [WARNING] The resource http://localhost:3000/_next/static/css/app/layout.css?v=1778832410753 was preloaded using link preload but not used within a few seconds from the window's load event. Please make sure it has an appropriate `as` value and it is preloaded intentionally. @ http://localhost:3000/campaign/cmmr6djjy0000ws482a52nc1y:0
[11065179ms] [WARNING] The resource http://localhost:3000/_next/static/css/app/layout.css?v=1778832410753 was preloaded using link preload but not used within a few seconds from the window's load event. Please make sure it has an appropriate `as` value and it is preloaded intentionally. @ http://localhost:3000/campaign/cmmr6djjy0000ws482a52nc1y:0
[11095176ms] [WARNING] The resource http://localhost:3000/_next/static/css/app/layout.css?v=1778832410753 was preloaded using link preload but not used within a few seconds from the window's load event. Please make sure it has an appropriate `as` value and it is preloaded intentionally. @ http://localhost:3000/campaign/cmmr6djjy0000ws482a52nc1y:0
[11125201ms] [WARNING] The resource http://localhost:3000/_next/static/css/app/layout.css?v=1778832410753 was preloaded using link preload but not used within a few seconds from the window's load event. Please make sure it has an appropriate `as` value and it is preloaded intentionally. @ http://localhost:3000/campaign/cmmr6djjy0000ws482a52nc1y:0
[11155183ms] [WARNING] The resource http://localhost:3000/_next/static/css/app/layout.css?v=1778832410753 was preloaded using link preload but not used within a few seconds from the window's load event. Please make sure it has an appropriate `as` value and it is preloaded intentionally. @ http://localhost:3000/campaign/cmmr6djjy0000ws482a52nc1y:0
[11185184ms] [WARNING] The resource http://localhost:3000/_next/static/css/app/layout.css?v=1778832410753 was preloaded using link preload but not used within a few seconds from the window's load event. Please make sure it has an appropriate `as` value and it is preloaded intentionally. @ http://localhost:3000/campaign/cmmr6djjy0000ws482a52nc1y:0
[11215182ms] [WARNING] The resource http://localhost:3000/_next/static/css/app/layout.css?v=1778832410753 was preloaded using link preload but not used within a few seconds from the window's load event. Please make sure it has an appropriate `as` value and it is preloaded intentionally. @ http://localhost:3000/campaign/cmmr6djjy0000ws482a52nc1y:0
[11245191ms] [WARNING] The resource http://localhost:3000/_next/static/css/app/layout.css?v=1778832410753 was preloaded using link preload but not used within a few seconds from the window's load event. Please make sure it has an appropriate `as` value and it is preloaded intentionally. @ http://localhost:3000/campaign/cmmr6djjy0000ws482a52nc1y:0
[11275189ms] [WARNING] The resource http://localhost:3000/_next/static/css/app/layout.css?v=1778832410753 was preloaded using link preload but not used within a few seconds from the window's load event. Please make sure it has an appropriate `as` value and it is preloaded intentionally. @ http://localhost:3000/campaign/cmmr6djjy0000ws482a52nc1y:0
[11305201ms] [WARNING] The resource http://localhost:3000/_next/static/css/app/layout.css?v=1778832410753 was preloaded using link preload but not used within a few seconds from the window's load event. Please make sure it has an appropriate `as` value and it is preloaded intentionally. @ http://localhost:3000/campaign/cmmr6djjy0000ws482a52nc1y:0
[11335186ms] [WARNING] The resource http://localhost:3000/_next/static/css/app/layout.css?v=1778832410753 was preloaded using link preload but not used within a few seconds from the window's load event. Please make sure it has an appropriate `as` value and it is preloaded intentionally. @ http://localhost:3000/campaign/cmmr6djjy0000ws482a52nc1y:0
[11365166ms] [WARNING] The resource http://localhost:3000/_next/static/css/app/layout.css?v=1778832410753 was preloaded using link preload but not used within a few seconds from the window's load event. Please make sure it has an appropriate `as` value and it is preloaded intentionally. @ http://localhost:3000/campaign/cmmr6djjy0000ws482a52nc1y:0
[11395201ms] [WARNING] The resource http://localhost:3000/_next/static/css/app/layout.css?v=1778832410753 was preloaded using link preload but not used within a few seconds from the window's load event. Please make sure it has an appropriate `as` value and it is preloaded intentionally. @ http://localhost:3000/campaign/cmmr6djjy0000ws482a52nc1y:0
[11425174ms] [WARNING] The resource http://localhost:3000/_next/static/css/app/layout.css?v=1778832410753 was preloaded using link preload but not used within a few seconds from the window's load event. Please make sure it has an appropriate `as` value and it is preloaded intentionally. @ http://localhost:3000/campaign/cmmr6djjy0000ws482a52nc1y:0
[11455166ms] [WARNING] The resource http://localhost:3000/_next/static/css/app/layout.css?v=1778832410753 was preloaded using link preload but not used within a few seconds from the window's load event. Please make sure it has an appropriate `as` value and it is preloaded intentionally. @ http://localhost:3000/campaign/cmmr6djjy0000ws482a52nc1y:0
[11485179ms] [WARNING] The resource http://localhost:3000/_next/static/css/app/layout.css?v=1778832410753 was preloaded using link preload but not used within a few seconds from the window's load event. Please make sure it has an appropriate `as` value and it is preloaded intentionally. @ http://localhost:3000/campaign/cmmr6djjy0000ws482a52nc1y:0
[11515184ms] [WARNING] The resource http://localhost:3000/_next/static/css/app/layout.css?v=1778832410753 was preloaded using link preload but not used within a few seconds from the window's load event. Please make sure it has an appropriate `as` value and it is preloaded intentionally. @ http://localhost:3000/campaign/cmmr6djjy0000ws482a52nc1y:0
[11545177ms] [WARNING] The resource http://localhost:3000/_next/static/css/app/layout.css?v=1778832410753 was preloaded using link preload but not used within a few seconds from the window's load event. Please make sure it has an appropriate `as` value and it is preloaded intentionally. @ http://localhost:3000/campaign/cmmr6djjy0000ws482a52nc1y:0
[11575197ms] [WARNING] The resource http://localhost:3000/_next/static/css/app/layout.css?v=1778832410753 was preloaded using link preload but not used within a few seconds from the window's load event. Please make sure it has an appropriate `as` value and it is preloaded intentionally. @ http://localhost:3000/campaign/cmmr6djjy0000ws482a52nc1y:0
[11605172ms] [WARNING] The resource http://localhost:3000/_next/static/css/app/layout.css?v=1778832410753 was preloaded using link preload but not used within a few seconds from the window's load event. Please make sure it has an appropriate `as` value and it is preloaded intentionally. @ http://localhost:3000/campaign/cmmr6djjy0000ws482a52nc1y:0
[11635176ms] [WARNING] The resource http://localhost:3000/_next/static/css/app/layout.css?v=1778832410753 was preloaded using link preload but not used within a few seconds from the window's load event. Please make sure it has an appropriate `as` value and it is preloaded intentionally. @ http://localhost:3000/campaign/cmmr6djjy0000ws482a52nc1y:0
[11665185ms] [WARNING] The resource http://localhost:3000/_next/static/css/app/layout.css?v=1778832410753 was preloaded using link preload but not used within a few seconds from the window's load event. Please make sure it has an appropriate `as` value and it is preloaded intentionally. @ http://localhost:3000/campaign/cmmr6djjy0000ws482a52nc1y:0
[11695190ms] [WARNING] The resource http://localhost:3000/_next/static/css/app/layout.css?v=1778832410753 was preloaded using link preload but not used within a few seconds from the window's load event. Please make sure it has an appropriate `as` value and it is preloaded intentionally. @ http://localhost:3000/campaign/cmmr6djjy0000ws482a52nc1y:0
[11725176ms] [WARNING] The resource http://localhost:3000/_next/static/css/app/layout.css?v=1778832410753 was preloaded using link preload but not used within a few seconds from the window's load event. Please make sure it has an appropriate `as` value and it is preloaded intentionally. @ http://localhost:3000/campaign/cmmr6djjy0000ws482a52nc1y:0
[11755196ms] [WARNING] The resource http://localhost:3000/_next/static/css/app/layout.css?v=1778832410753 was preloaded using link preload but not used within a few seconds from the window's load event. Please make sure it has an appropriate `as` value and it is preloaded intentionally. @ http://localhost:3000/campaign/cmmr6djjy0000ws482a52nc1y:0
[11785184ms] [WARNING] The resource http://localhost:3000/_next/static/css/app/layout.css?v=1778832410753 was preloaded using link preload but not used within a few seconds from the window's load event. Please make sure it has an appropriate `as` value and it is preloaded intentionally. @ http://localhost:3000/campaign/cmmr6djjy0000ws482a52nc1y:0
[11815188ms] [WARNING] The resource http://localhost:3000/_next/static/css/app/layout.css?v=1778832410753 was preloaded using link preload but not used within a few seconds from the window's load event. Please make sure it has an appropriate `as` value and it is preloaded intentionally. @ http://localhost:3000/campaign/cmmr6djjy0000ws482a52nc1y:0
[11845173ms] [WARNING] The resource http://localhost:3000/_next/static/css/app/layout.css?v=1778832410753 was preloaded using link preload but not used within a few seconds from the window's load event. Please make sure it has an appropriate `as` value and it is preloaded intentionally. @ http://localhost:3000/campaign/cmmr6djjy0000ws482a52nc1y:0
[11875184ms] [WARNING] The resource http://localhost:3000/_next/static/css/app/layout.css?v=1778832410753 was preloaded using link preload but not used within a few seconds from the window's load event. Please make sure it has an appropriate `as` value and it is preloaded intentionally. @ http://localhost:3000/campaign/cmmr6djjy0000ws482a52nc1y:0
[11905166ms] [WARNING] The resource http://localhost:3000/_next/static/css/app/layout.css?v=1778832410753 was preloaded using link preload but not used within a few seconds from the window's load event. Please make sure it has an appropriate `as` value and it is preloaded intentionally. @ http://localhost:3000/campaign/cmmr6djjy0000ws482a52nc1y:0
[11935188ms] [WARNING] The resource http://localhost:3000/_next/static/css/app/layout.css?v=1778832410753 was preloaded using link preload but not used within a few seconds from the window's load event. Please make sure it has an appropriate `as` value and it is preloaded intentionally. @ http://localhost:3000/campaign/cmmr6djjy0000ws482a52nc1y:0
[11965173ms] [WARNING] The resource http://localhost:3000/_next/static/css/app/layout.css?v=1778832410753 was preloaded using link preload but not used within a few seconds from the window's load event. Please make sure it has an appropriate `as` value and it is preloaded intentionally. @ http://localhost:3000/campaign/cmmr6djjy0000ws482a52nc1y:0
[11995165ms] [WARNING] The resource http://localhost:3000/_next/static/css/app/layout.css?v=1778832410753 was preloaded using link preload but not used within a few seconds from the window's load event. Please make sure it has an appropriate `as` value and it is preloaded intentionally. @ http://localhost:3000/campaign/cmmr6djjy0000ws482a52nc1y:0
[12025178ms] [WARNING] The resource http://localhost:3000/_next/static/css/app/layout.css?v=1778832410753 was preloaded using link preload but not used within a few seconds from the window's load event. Please make sure it has an appropriate `as` value and it is preloaded intentionally. @ http://localhost:3000/campaign/cmmr6djjy0000ws482a52nc1y:0
[12055160ms] [WARNING] The resource http://localhost:3000/_next/static/css/app/layout.css?v=1778832410753 was preloaded using link preload but not used within a few seconds from the window's load event. Please make sure it has an appropriate `as` value and it is preloaded intentionally. @ http://localhost:3000/campaign/cmmr6djjy0000ws482a52nc1y:0
[12085190ms] [WARNING] The resource http://localhost:3000/_next/static/css/app/layout.css?v=1778832410753 was preloaded using link preload but not used within a few seconds from the window's load event. Please make sure it has an appropriate `as` value and it is preloaded intentionally. @ http://localhost:3000/campaign/cmmr6djjy0000ws482a52nc1y:0
[12115182ms] [WARNING] The resource http://localhost:3000/_next/static/css/app/layout.css?v=1778832410753 was preloaded using link preload but not used within a few seconds from the window's load event. Please make sure it has an appropriate `as` value and it is preloaded intentionally. @ http://localhost:3000/campaign/cmmr6djjy0000ws482a52nc1y:0
[12145181ms] [WARNING] The resource http://localhost:3000/_next/static/css/app/layout.css?v=1778832410753 was preloaded using link preload but not used within a few seconds from the window's load event. Please make sure it has an appropriate `as` value and it is preloaded intentionally. @ http://localhost:3000/campaign/cmmr6djjy0000ws482a52nc1y:0
[12175185ms] [WARNING] The resource http://localhost:3000/_next/static/css/app/layout.css?v=1778832410753 was preloaded using link preload but not used within a few seconds from the window's load event. Please make sure it has an appropriate `as` value and it is preloaded intentionally. @ http://localhost:3000/campaign/cmmr6djjy0000ws482a52nc1y:0
[12205193ms] [WARNING] The resource http://localhost:3000/_next/static/css/app/layout.css?v=1778832410753 was preloaded using link preload but not used within a few seconds from the window's load event. Please make sure it has an appropriate `as` value and it is preloaded intentionally. @ http://localhost:3000/campaign/cmmr6djjy0000ws482a52nc1y:0
[12235163ms] [WARNING] The resource http://localhost:3000/_next/static/css/app/layout.css?v=1778832410753 was preloaded using link preload but not used within a few seconds from the window's load event. Please make sure it has an appropriate `as` value and it is preloaded intentionally. @ http://localhost:3000/campaign/cmmr6djjy0000ws482a52nc1y:0
[12265190ms] [WARNING] The resource http://localhost:3000/_next/static/css/app/layout.css?v=1778832410753 was preloaded using link preload but not used within a few seconds from the window's load event. Please make sure it has an appropriate `as` value and it is preloaded intentionally. @ http://localhost:3000/campaign/cmmr6djjy0000ws482a52nc1y:0
[12295181ms] [WARNING] The resource http://localhost:3000/_next/static/css/app/layout.css?v=1778832410753 was preloaded using link preload but not used within a few seconds from the window's load event. Please make sure it has an appropriate `as` value and it is preloaded intentionally. @ http://localhost:3000/campaign/cmmr6djjy0000ws482a52nc1y:0
[12325171ms] [WARNING] The resource http://localhost:3000/_next/static/css/app/layout.css?v=1778832410753 was preloaded using link preload but not used within a few seconds from the window's load event. Please make sure it has an appropriate `as` value and it is preloaded intentionally. @ http://localhost:3000/campaign/cmmr6djjy0000ws482a52nc1y:0
[12355193ms] [WARNING] The resource http://localhost:3000/_next/static/css/app/layout.css?v=1778832410753 was preloaded using link preload but not used within a few seconds from the window's load event. Please make sure it has an appropriate `as` value and it is preloaded intentionally. @ http://localhost:3000/campaign/cmmr6djjy0000ws482a52nc1y:0
[12385180ms] [WARNING] The resource http://localhost:3000/_next/static/css/app/layout.css?v=1778832410753 was preloaded using link preload but not used within a few seconds from the window's load event. Please make sure it has an appropriate `as` value and it is preloaded intentionally. @ http://localhost:3000/campaign/cmmr6djjy0000ws482a52nc1y:0
[12415185ms] [WARNING] The resource http://localhost:3000/_next/static/css/app/layout.css?v=1778832410753 was preloaded using link preload but not used within a few seconds from the window's load event. Please make sure it has an appropriate `as` value and it is preloaded intentionally. @ http://localhost:3000/campaign/cmmr6djjy0000ws482a52nc1y:0
[12445174ms] [WARNING] The resource http://localhost:3000/_next/static/css/app/layout.css?v=1778832410753 was preloaded using link preload but not used within a few seconds from the window's load event. Please make sure it has an appropriate `as` value and it is preloaded intentionally. @ http://localhost:3000/campaign/cmmr6djjy0000ws482a52nc1y:0
[12475178ms] [WARNING] The resource http://localhost:3000/_next/static/css/app/layout.css?v=1778832410753 was preloaded using link preload but not used within a few seconds from the window's load event. Please make sure it has an appropriate `as` value and it is preloaded intentionally. @ http://localhost:3000/campaign/cmmr6djjy0000ws482a52nc1y:0
[12505185ms] [WARNING] The resource http://localhost:3000/_next/static/css/app/layout.css?v=1778832410753 was preloaded using link preload but not used within a few seconds from the window's load event. Please make sure it has an appropriate `as` value and it is preloaded intentionally. @ http://localhost:3000/campaign/cmmr6djjy0000ws482a52nc1y:0
[12535175ms] [WARNING] The resource http://localhost:3000/_next/static/css/app/layout.css?v=1778832410753 was preloaded using link preload but not used within a few seconds from the window's load event. Please make sure it has an appropriate `as` value and it is preloaded intentionally. @ http://localhost:3000/campaign/cmmr6djjy0000ws482a52nc1y:0
[12565193ms] [WARNING] The resource http://localhost:3000/_next/static/css/app/layout.css?v=1778832410753 was preloaded using link preload but not used within a few seconds from the window's load event. Please make sure it has an appropriate `as` value and it is preloaded intentionally. @ http://localhost:3000/campaign/cmmr6djjy0000ws482a52nc1y:0
[12595182ms] [WARNING] The resource http://localhost:3000/_next/static/css/app/layout.css?v=1778832410753 was preloaded using link preload but not used within a few seconds from the window's load event. Please make sure it has an appropriate `as` value and it is preloaded intentionally. @ http://localhost:3000/campaign/cmmr6djjy0000ws482a52nc1y:0
[12625165ms] [WARNING] The resource http://localhost:3000/_next/static/css/app/layout.css?v=1778832410753 was preloaded using link preload but not used within a few seconds from the window's load event. Please make sure it has an appropriate `as` value and it is preloaded intentionally. @ http://localhost:3000/campaign/cmmr6djjy0000ws482a52nc1y:0
[12655172ms] [WARNING] The resource http://localhost:3000/_next/static/css/app/layout.css?v=1778832410753 was preloaded using link preload but not used within a few seconds from the window's load event. Please make sure it has an appropriate `as` value and it is preloaded intentionally. @ http://localhost:3000/campaign/cmmr6djjy0000ws482a52nc1y:0
[12685183ms] [WARNING] The resource http://localhost:3000/_next/static/css/app/layout.css?v=1778832410753 was preloaded using link preload but not used within a few seconds from the window's load event. Please make sure it has an appropriate `as` value and it is preloaded intentionally. @ http://localhost:3000/campaign/cmmr6djjy0000ws482a52nc1y:0
[12715190ms] [WARNING] The resource http://localhost:3000/_next/static/css/app/layout.css?v=1778832410753 was preloaded using link preload but not used within a few seconds from the window's load event. Please make sure it has an appropriate `as` value and it is preloaded intentionally. @ http://localhost:3000/campaign/cmmr6djjy0000ws482a52nc1y:0
[12745190ms] [WARNING] The resource http://localhost:3000/_next/static/css/app/layout.css?v=1778832410753 was preloaded using link preload but not used within a few seconds from the window's load event. Please make sure it has an appropriate `as` value and it is preloaded intentionally. @ http://localhost:3000/campaign/cmmr6djjy0000ws482a52nc1y:0
[12775190ms] [WARNING] The resource http://localhost:3000/_next/static/css/app/layout.css?v=1778832410753 was preloaded using link preload but not used within a few seconds from the window's load event. Please make sure it has an appropriate `as` value and it is preloaded intentionally. @ http://localhost:3000/campaign/cmmr6djjy0000ws482a52nc1y:0
[12805189ms] [WARNING] The resource http://localhost:3000/_next/static/css/app/layout.css?v=1778832410753 was preloaded using link preload but not used within a few seconds from the window's load event. Please make sure it has an appropriate `as` value and it is preloaded intentionally. @ http://localhost:3000/campaign/cmmr6djjy0000ws482a52nc1y:0
[12835172ms] [WARNING] The resource http://localhost:3000/_next/static/css/app/layout.css?v=1778832410753 was preloaded using link preload but not used within a few seconds from the window's load event. Please make sure it has an appropriate `as` value and it is preloaded intentionally. @ http://localhost:3000/campaign/cmmr6djjy0000ws482a52nc1y:0
[12865172ms] [WARNING] The resource http://localhost:3000/_next/static/css/app/layout.css?v=1778832410753 was preloaded using link preload but not used within a few seconds from the window's load event. Please make sure it has an appropriate `as` value and it is preloaded intentionally. @ http://localhost:3000/campaign/cmmr6djjy0000ws482a52nc1y:0
[12895162ms] [WARNING] The resource http://localhost:3000/_next/static/css/app/layout.css?v=1778832410753 was preloaded using link preload but not used within a few seconds from the window's load event. Please make sure it has an appropriate `as` value and it is preloaded intentionally. @ http://localhost:3000/campaign/cmmr6djjy0000ws482a52nc1y:0
[12925164ms] [WARNING] The resource http://localhost:3000/_next/static/css/app/layout.css?v=1778832410753 was preloaded using link preload but not used within a few seconds from the window's load event. Please make sure it has an appropriate `as` value and it is preloaded intentionally. @ http://localhost:3000/campaign/cmmr6djjy0000ws482a52nc1y:0
[12955187ms] [WARNING] The resource http://localhost:3000/_next/static/css/app/layout.css?v=1778832410753 was preloaded using link preload but not used within a few seconds from the window's load event. Please make sure it has an appropriate `as` value and it is preloaded intentionally. @ http://localhost:3000/campaign/cmmr6djjy0000ws482a52nc1y:0
[12985186ms] [WARNING] The resource http://localhost:3000/_next/static/css/app/layout.css?v=1778832410753 was preloaded using link preload but not used within a few seconds from the window's load event. Please make sure it has an appropriate `as` value and it is preloaded intentionally. @ http://localhost:3000/campaign/cmmr6djjy0000ws482a52nc1y:0
[13015185ms] [WARNING] The resource http://localhost:3000/_next/static/css/app/layout.css?v=1778832410753 was preloaded using link preload but not used within a few seconds from the window's load event. Please make sure it has an appropriate `as` value and it is preloaded intentionally. @ http://localhost:3000/campaign/cmmr6djjy0000ws482a52nc1y:0
[13045180ms] [WARNING] The resource http://localhost:3000/_next/static/css/app/layout.css?v=1778832410753 was preloaded using link preload but not used within a few seconds from the window's load event. Please make sure it has an appropriate `as` value and it is preloaded intentionally. @ http://localhost:3000/campaign/cmmr6djjy0000ws482a52nc1y:0
[13075174ms] [WARNING] The resource http://localhost:3000/_next/static/css/app/layout.css?v=1778832410753 was preloaded using link preload but not used within a few seconds from the window's load event. Please make sure it has an appropriate `as` value and it is preloaded intentionally. @ http://localhost:3000/campaign/cmmr6djjy0000ws482a52nc1y:0
[13105169ms] [WARNING] The resource http://localhost:3000/_next/static/css/app/layout.css?v=1778832410753 was preloaded using link preload but not used within a few seconds from the window's load event. Please make sure it has an appropriate `as` value and it is preloaded intentionally. @ http://localhost:3000/campaign/cmmr6djjy0000ws482a52nc1y:0
[13135172ms] [WARNING] The resource http://localhost:3000/_next/static/css/app/layout.css?v=1778832410753 was preloaded using link preload but not used within a few seconds from the window's load event. Please make sure it has an appropriate `as` value and it is preloaded intentionally. @ http://localhost:3000/campaign/cmmr6djjy0000ws482a52nc1y:0
[13165193ms] [WARNING] The resource http://localhost:3000/_next/static/css/app/layout.css?v=1778832410753 was preloaded using link preload but not used within a few seconds from the window's load event. Please make sure it has an appropriate `as` value and it is preloaded intentionally. @ http://localhost:3000/campaign/cmmr6djjy0000ws482a52nc1y:0
[13195192ms] [WARNING] The resource http://localhost:3000/_next/static/css/app/layout.css?v=1778832410753 was preloaded using link preload but not used within a few seconds from the window's load event. Please make sure it has an appropriate `as` value and it is preloaded intentionally. @ http://localhost:3000/campaign/cmmr6djjy0000ws482a52nc1y:0
[13225181ms] [WARNING] The resource http://localhost:3000/_next/static/css/app/layout.css?v=1778832410753 was preloaded using link preload but not used within a few seconds from the window's load event. Please make sure it has an appropriate `as` value and it is preloaded intentionally. @ http://localhost:3000/campaign/cmmr6djjy0000ws482a52nc1y:0
[13255174ms] [WARNING] The resource http://localhost:3000/_next/static/css/app/layout.css?v=1778832410753 was preloaded using link preload but not used within a few seconds from the window's load event. Please make sure it has an appropriate `as` value and it is preloaded intentionally. @ http://localhost:3000/campaign/cmmr6djjy0000ws482a52nc1y:0
[13285180ms] [WARNING] The resource http://localhost:3000/_next/static/css/app/layout.css?v=1778832410753 was preloaded using link preload but not used within a few seconds from the window's load event. Please make sure it has an appropriate `as` value and it is preloaded intentionally. @ http://localhost:3000/campaign/cmmr6djjy0000ws482a52nc1y:0
[13315171ms] [WARNING] The resource http://localhost:3000/_next/static/css/app/layout.css?v=1778832410753 was preloaded using link preload but not used within a few seconds from the window's load event. Please make sure it has an appropriate `as` value and it is preloaded intentionally. @ http://localhost:3000/campaign/cmmr6djjy0000ws482a52nc1y:0
[13345181ms] [WARNING] The resource http://localhost:3000/_next/static/css/app/layout.css?v=1778832410753 was preloaded using link preload but not used within a few seconds from the window's load event. Please make sure it has an appropriate `as` value and it is preloaded intentionally. @ http://localhost:3000/campaign/cmmr6djjy0000ws482a52nc1y:0
[13375172ms] [WARNING] The resource http://localhost:3000/_next/static/css/app/layout.css?v=1778832410753 was preloaded using link preload but not used within a few seconds from the window's load event. Please make sure it has an appropriate `as` value and it is preloaded intentionally. @ http://localhost:3000/campaign/cmmr6djjy0000ws482a52nc1y:0
[13405209ms] [WARNING] The resource http://localhost:3000/_next/static/css/app/layout.css?v=1778832410753 was preloaded using link preload but not used within a few seconds from the window's load event. Please make sure it has an appropriate `as` value and it is preloaded intentionally. @ http://localhost:3000/campaign/cmmr6djjy0000ws482a52nc1y:0
[13435176ms] [WARNING] The resource http://localhost:3000/_next/static/css/app/layout.css?v=1778832410753 was preloaded using link preload but not used within a few seconds from the window's load event. Please make sure it has an appropriate `as` value and it is preloaded intentionally. @ http://localhost:3000/campaign/cmmr6djjy0000ws482a52nc1y:0
[13465187ms] [WARNING] The resource http://localhost:3000/_next/static/css/app/layout.css?v=1778832410753 was preloaded using link preload but not used within a few seconds from the window's load event. Please make sure it has an appropriate `as` value and it is preloaded intentionally. @ http://localhost:3000/campaign/cmmr6djjy0000ws482a52nc1y:0
[13495174ms] [WARNING] The resource http://localhost:3000/_next/static/css/app/layout.css?v=1778832410753 was preloaded using link preload but not used within a few seconds from the window's load event. Please make sure it has an appropriate `as` value and it is preloaded intentionally. @ http://localhost:3000/campaign/cmmr6djjy0000ws482a52nc1y:0
[13525167ms] [WARNING] The resource http://localhost:3000/_next/static/css/app/layout.css?v=1778832410753 was preloaded using link preload but not used within a few seconds from the window's load event. Please make sure it has an appropriate `as` value and it is preloaded intentionally. @ http://localhost:3000/campaign/cmmr6djjy0000ws482a52nc1y:0
[13555167ms] [WARNING] The resource http://localhost:3000/_next/static/css/app/layout.css?v=1778832410753 was preloaded using link preload but not used within a few seconds from the window's load event. Please make sure it has an appropriate `as` value and it is preloaded intentionally. @ http://localhost:3000/campaign/cmmr6djjy0000ws482a52nc1y:0
[13585189ms] [WARNING] The resource http://localhost:3000/_next/static/css/app/layout.css?v=1778832410753 was preloaded using link preload but not used within a few seconds from the window's load event. Please make sure it has an appropriate `as` value and it is preloaded intentionally. @ http://localhost:3000/campaign/cmmr6djjy0000ws482a52nc1y:0
[13615185ms] [WARNING] The resource http://localhost:3000/_next/static/css/app/layout.css?v=1778832410753 was preloaded using link preload but not used within a few seconds from the window's load event. Please make sure it has an appropriate `as` value and it is preloaded intentionally. @ http://localhost:3000/campaign/cmmr6djjy0000ws482a52nc1y:0
[13645189ms] [WARNING] The resource http://localhost:3000/_next/static/css/app/layout.css?v=1778832410753 was preloaded using link preload but not used within a few seconds from the window's load event. Please make sure it has an appropriate `as` value and it is preloaded intentionally. @ http://localhost:3000/campaign/cmmr6djjy0000ws482a52nc1y:0
[13675179ms] [WARNING] The resource http://localhost:3000/_next/static/css/app/layout.css?v=1778832410753 was preloaded using link preload but not used within a few seconds from the window's load event. Please make sure it has an appropriate `as` value and it is preloaded intentionally. @ http://localhost:3000/campaign/cmmr6djjy0000ws482a52nc1y:0
[13705191ms] [WARNING] The resource http://localhost:3000/_next/static/css/app/layout.css?v=1778832410753 was preloaded using link preload but not used within a few seconds from the window's load event. Please make sure it has an appropriate `as` value and it is preloaded intentionally. @ http://localhost:3000/campaign/cmmr6djjy0000ws482a52nc1y:0
[13735172ms] [WARNING] The resource http://localhost:3000/_next/static/css/app/layout.css?v=1778832410753 was preloaded using link preload but not used within a few seconds from the window's load event. Please make sure it has an appropriate `as` value and it is preloaded intentionally. @ http://localhost:3000/campaign/cmmr6djjy0000ws482a52nc1y:0
[13765187ms] [WARNING] The resource http://localhost:3000/_next/static/css/app/layout.css?v=1778832410753 was preloaded using link preload but not used within a few seconds from the window's load event. Please make sure it has an appropriate `as` value and it is preloaded intentionally. @ http://localhost:3000/campaign/cmmr6djjy0000ws482a52nc1y:0
[13795173ms] [WARNING] The resource http://localhost:3000/_next/static/css/app/layout.css?v=1778832410753 was preloaded using link preload but not used within a few seconds from the window's load event. Please make sure it has an appropriate `as` value and it is preloaded intentionally. @ http://localhost:3000/campaign/cmmr6djjy0000ws482a52nc1y:0
[13825186ms] [WARNING] The resource http://localhost:3000/_next/static/css/app/layout.css?v=1778832410753 was preloaded using link preload but not used within a few seconds from the window's load event. Please make sure it has an appropriate `as` value and it is preloaded intentionally. @ http://localhost:3000/campaign/cmmr6djjy0000ws482a52nc1y:0
[13855169ms] [WARNING] The resource http://localhost:3000/_next/static/css/app/layout.css?v=1778832410753 was preloaded using link preload but not used within a few seconds from the window's load event. Please make sure it has an appropriate `as` value and it is preloaded intentionally. @ http://localhost:3000/campaign/cmmr6djjy0000ws482a52nc1y:0
[13885172ms] [WARNING] The resource http://localhost:3000/_next/static/css/app/layout.css?v=1778832410753 was preloaded using link preload but not used within a few seconds from the window's load event. Please make sure it has an appropriate `as` value and it is preloaded intentionally. @ http://localhost:3000/campaign/cmmr6djjy0000ws482a52nc1y:0
[13915179ms] [WARNING] The resource http://localhost:3000/_next/static/css/app/layout.css?v=1778832410753 was preloaded using link preload but not used within a few seconds from the window's load event. Please make sure it has an appropriate `as` value and it is preloaded intentionally. @ http://localhost:3000/campaign/cmmr6djjy0000ws482a52nc1y:0
[13945167ms] [WARNING] The resource http://localhost:3000/_next/static/css/app/layout.css?v=1778832410753 was preloaded using link preload but not used within a few seconds from the window's load event. Please make sure it has an appropriate `as` value and it is preloaded intentionally. @ http://localhost:3000/campaign/cmmr6djjy0000ws482a52nc1y:0
[13975204ms] [WARNING] The resource http://localhost:3000/_next/static/css/app/layout.css?v=1778832410753 was preloaded using link preload but not used within a few seconds from the window's load event. Please make sure it has an appropriate `as` value and it is preloaded intentionally. @ http://localhost:3000/campaign/cmmr6djjy0000ws482a52nc1y:0
[14005172ms] [WARNING] The resource http://localhost:3000/_next/static/css/app/layout.css?v=1778832410753 was preloaded using link preload but not used within a few seconds from the window's load event. Please make sure it has an appropriate `as` value and it is preloaded intentionally. @ http://localhost:3000/campaign/cmmr6djjy0000ws482a52nc1y:0
[14035187ms] [WARNING] The resource http://localhost:3000/_next/static/css/app/layout.css?v=1778832410753 was preloaded using link preload but not used within a few seconds from the window's load event. Please make sure it has an appropriate `as` value and it is preloaded intentionally. @ http://localhost:3000/campaign/cmmr6djjy0000ws482a52nc1y:0
[14065165ms] [WARNING] The resource http://localhost:3000/_next/static/css/app/layout.css?v=1778832410753 was preloaded using link preload but not used within a few seconds from the window's load event. Please make sure it has an appropriate `as` value and it is preloaded intentionally. @ http://localhost:3000/campaign/cmmr6djjy0000ws482a52nc1y:0
[14095172ms] [WARNING] The resource http://localhost:3000/_next/static/css/app/layout.css?v=1778832410753 was preloaded using link preload but not used within a few seconds from the window's load event. Please make sure it has an appropriate `as` value and it is preloaded intentionally. @ http://localhost:3000/campaign/cmmr6djjy0000ws482a52nc1y:0
[14125176ms] [WARNING] The resource http://localhost:3000/_next/static/css/app/layout.css?v=1778832410753 was preloaded using link preload but not used within a few seconds from the window's load event. Please make sure it has an appropriate `as` value and it is preloaded intentionally. @ http://localhost:3000/campaign/cmmr6djjy0000ws482a52nc1y:0
[14155175ms] [WARNING] The resource http://localhost:3000/_next/static/css/app/layout.css?v=1778832410753 was preloaded using link preload but not used within a few seconds from the window's load event. Please make sure it has an appropriate `as` value and it is preloaded intentionally. @ http://localhost:3000/campaign/cmmr6djjy0000ws482a52nc1y:0
[14185174ms] [WARNING] The resource http://localhost:3000/_next/static/css/app/layout.css?v=1778832410753 was preloaded using link preload but not used within a few seconds from the window's load event. Please make sure it has an appropriate `as` value and it is preloaded intentionally. @ http://localhost:3000/campaign/cmmr6djjy0000ws482a52nc1y:0
[14215198ms] [WARNING] The resource http://localhost:3000/_next/static/css/app/layout.css?v=1778832410753 was preloaded using link preload but not used within a few seconds from the window's load event. Please make sure it has an appropriate `as` value and it is preloaded intentionally. @ http://localhost:3000/campaign/cmmr6djjy0000ws482a52nc1y:0
[14245179ms] [WARNING] The resource http://localhost:3000/_next/static/css/app/layout.css?v=1778832410753 was preloaded using link preload but not used within a few seconds from the window's load event. Please make sure it has an appropriate `as` value and it is preloaded intentionally. @ http://localhost:3000/campaign/cmmr6djjy0000ws482a52nc1y:0
[14275198ms] [WARNING] The resource http://localhost:3000/_next/static/css/app/layout.css?v=1778832410753 was preloaded using link preload but not used within a few seconds from the window's load event. Please make sure it has an appropriate `as` value and it is preloaded intentionally. @ http://localhost:3000/campaign/cmmr6djjy0000ws482a52nc1y:0
[14305172ms] [WARNING] The resource http://localhost:3000/_next/static/css/app/layout.css?v=1778832410753 was preloaded using link preload but not used within a few seconds from the window's load event. Please make sure it has an appropriate `as` value and it is preloaded intentionally. @ http://localhost:3000/campaign/cmmr6djjy0000ws482a52nc1y:0
[14335175ms] [WARNING] The resource http://localhost:3000/_next/static/css/app/layout.css?v=1778832410753 was preloaded using link preload but not used within a few seconds from the window's load event. Please make sure it has an appropriate `as` value and it is preloaded intentionally. @ http://localhost:3000/campaign/cmmr6djjy0000ws482a52nc1y:0
[14365175ms] [WARNING] The resource http://localhost:3000/_next/static/css/app/layout.css?v=1778832410753 was preloaded using link preload but not used within a few seconds from the window's load event. Please make sure it has an appropriate `as` value and it is preloaded intentionally. @ http://localhost:3000/campaign/cmmr6djjy0000ws482a52nc1y:0
[14395173ms] [WARNING] The resource http://localhost:3000/_next/static/css/app/layout.css?v=1778832410753 was preloaded using link preload but not used within a few seconds from the window's load event. Please make sure it has an appropriate `as` value and it is preloaded intentionally. @ http://localhost:3000/campaign/cmmr6djjy0000ws482a52nc1y:0
[14425184ms] [WARNING] The resource http://localhost:3000/_next/static/css/app/layout.css?v=1778832410753 was preloaded using link preload but not used within a few seconds from the window's load event. Please make sure it has an appropriate `as` value and it is preloaded intentionally. @ http://localhost:3000/campaign/cmmr6djjy0000ws482a52nc1y:0
[14455188ms] [WARNING] The resource http://localhost:3000/_next/static/css/app/layout.css?v=1778832410753 was preloaded using link preload but not used within a few seconds from the window's load event. Please make sure it has an appropriate `as` value and it is preloaded intentionally. @ http://localhost:3000/campaign/cmmr6djjy0000ws482a52nc1y:0
[14485188ms] [WARNING] The resource http://localhost:3000/_next/static/css/app/layout.css?v=1778832410753 was preloaded using link preload but not used within a few seconds from the window's load event. Please make sure it has an appropriate `as` value and it is preloaded intentionally. @ http://localhost:3000/campaign/cmmr6djjy0000ws482a52nc1y:0
[14515185ms] [WARNING] The resource http://localhost:3000/_next/static/css/app/layout.css?v=1778832410753 was preloaded using link preload but not used within a few seconds from the window's load event. Please make sure it has an appropriate `as` value and it is preloaded intentionally. @ http://localhost:3000/campaign/cmmr6djjy0000ws482a52nc1y:0
[14545174ms] [WARNING] The resource http://localhost:3000/_next/static/css/app/layout.css?v=1778832410753 was preloaded using link preload but not used within a few seconds from the window's load event. Please make sure it has an appropriate `as` value and it is preloaded intentionally. @ http://localhost:3000/campaign/cmmr6djjy0000ws482a52nc1y:0
[14575170ms] [WARNING] The resource http://localhost:3000/_next/static/css/app/layout.css?v=1778832410753 was preloaded using link preload but not used within a few seconds from the window's load event. Please make sure it has an appropriate `as` value and it is preloaded intentionally. @ http://localhost:3000/campaign/cmmr6djjy0000ws482a52nc1y:0
[14605189ms] [WARNING] The resource http://localhost:3000/_next/static/css/app/layout.css?v=1778832410753 was preloaded using link preload but not used within a few seconds from the window's load event. Please make sure it has an appropriate `as` value and it is preloaded intentionally. @ http://localhost:3000/campaign/cmmr6djjy0000ws482a52nc1y:0
[14635186ms] [WARNING] The resource http://localhost:3000/_next/static/css/app/layout.css?v=1778832410753 was preloaded using link preload but not used within a few seconds from the window's load event. Please make sure it has an appropriate `as` value and it is preloaded intentionally. @ http://localhost:3000/campaign/cmmr6djjy0000ws482a52nc1y:0
[14665171ms] [WARNING] The resource http://localhost:3000/_next/static/css/app/layout.css?v=1778832410753 was preloaded using link preload but not used within a few seconds from the window's load event. Please make sure it has an appropriate `as` value and it is preloaded intentionally. @ http://localhost:3000/campaign/cmmr6djjy0000ws482a52nc1y:0
[14695191ms] [WARNING] The resource http://localhost:3000/_next/static/css/app/layout.css?v=1778832410753 was preloaded using link preload but not used within a few seconds from the window's load event. Please make sure it has an appropriate `as` value and it is preloaded intentionally. @ http://localhost:3000/campaign/cmmr6djjy0000ws482a52nc1y:0
[14725196ms] [WARNING] The resource http://localhost:3000/_next/static/css/app/layout.css?v=1778832410753 was preloaded using link preload but not used within a few seconds from the window's load event. Please make sure it has an appropriate `as` value and it is preloaded intentionally. @ http://localhost:3000/campaign/cmmr6djjy0000ws482a52nc1y:0
[14755172ms] [WARNING] The resource http://localhost:3000/_next/static/css/app/layout.css?v=1778832410753 was preloaded using link preload but not used within a few seconds from the window's load event. Please make sure it has an appropriate `as` value and it is preloaded intentionally. @ http://localhost:3000/campaign/cmmr6djjy0000ws482a52nc1y:0
[14785166ms] [WARNING] The resource http://localhost:3000/_next/static/css/app/layout.css?v=1778832410753 was preloaded using link preload but not used within a few seconds from the window's load event. Please make sure it has an appropriate `as` value and it is preloaded intentionally. @ http://localhost:3000/campaign/cmmr6djjy0000ws482a52nc1y:0
[14815166ms] [WARNING] The resource http://localhost:3000/_next/static/css/app/layout.css?v=1778832410753 was preloaded using link preload but not used within a few seconds from the window's load event. Please make sure it has an appropriate `as` value and it is preloaded intentionally. @ http://localhost:3000/campaign/cmmr6djjy0000ws482a52nc1y:0
[14845178ms] [WARNING] The resource http://localhost:3000/_next/static/css/app/layout.css?v=1778832410753 was preloaded using link preload but not used within a few seconds from the window's load event. Please make sure it has an appropriate `as` value and it is preloaded intentionally. @ http://localhost:3000/campaign/cmmr6djjy0000ws482a52nc1y:0
[14875174ms] [WARNING] The resource http://localhost:3000/_next/static/css/app/layout.css?v=1778832410753 was preloaded using link preload but not used within a few seconds from the window's load event. Please make sure it has an appropriate `as` value and it is preloaded intentionally. @ http://localhost:3000/campaign/cmmr6djjy0000ws482a52nc1y:0
[14905163ms] [WARNING] The resource http://localhost:3000/_next/static/css/app/layout.css?v=1778832410753 was preloaded using link preload but not used within a few seconds from the window's load event. Please make sure it has an appropriate `as` value and it is preloaded intentionally. @ http://localhost:3000/campaign/cmmr6djjy0000ws482a52nc1y:0
[14935181ms] [WARNING] The resource http://localhost:3000/_next/static/css/app/layout.css?v=1778832410753 was preloaded using link preload but not used within a few seconds from the window's load event. Please make sure it has an appropriate `as` value and it is preloaded intentionally. @ http://localhost:3000/campaign/cmmr6djjy0000ws482a52nc1y:0
[14965171ms] [WARNING] The resource http://localhost:3000/_next/static/css/app/layout.css?v=1778832410753 was preloaded using link preload but not used within a few seconds from the window's load event. Please make sure it has an appropriate `as` value and it is preloaded intentionally. @ http://localhost:3000/campaign/cmmr6djjy0000ws482a52nc1y:0
[14995180ms] [WARNING] The resource http://localhost:3000/_next/static/css/app/layout.css?v=1778832410753 was preloaded using link preload but not used within a few seconds from the window's load event. Please make sure it has an appropriate `as` value and it is preloaded intentionally. @ http://localhost:3000/campaign/cmmr6djjy0000ws482a52nc1y:0
[15025191ms] [WARNING] The resource http://localhost:3000/_next/static/css/app/layout.css?v=1778832410753 was preloaded using link preload but not used within a few seconds from the window's load event. Please make sure it has an appropriate `as` value and it is preloaded intentionally. @ http://localhost:3000/campaign/cmmr6djjy0000ws482a52nc1y:0
[15055185ms] [WARNING] The resource http://localhost:3000/_next/static/css/app/layout.css?v=1778832410753 was preloaded using link preload but not used within a few seconds from the window's load event. Please make sure it has an appropriate `as` value and it is preloaded intentionally. @ http://localhost:3000/campaign/cmmr6djjy0000ws482a52nc1y:0
[15085180ms] [WARNING] The resource http://localhost:3000/_next/static/css/app/layout.css?v=1778832410753 was preloaded using link preload but not used within a few seconds from the window's load event. Please make sure it has an appropriate `as` value and it is preloaded intentionally. @ http://localhost:3000/campaign/cmmr6djjy0000ws482a52nc1y:0
[15115174ms] [WARNING] The resource http://localhost:3000/_next/static/css/app/layout.css?v=1778832410753 was preloaded using link preload but not used within a few seconds from the window's load event. Please make sure it has an appropriate `as` value and it is preloaded intentionally. @ http://localhost:3000/campaign/cmmr6djjy0000ws482a52nc1y:0
[15145185ms] [WARNING] The resource http://localhost:3000/_next/static/css/app/layout.css?v=1778832410753 was preloaded using link preload but not used within a few seconds from the window's load event. Please make sure it has an appropriate `as` value and it is preloaded intentionally. @ http://localhost:3000/campaign/cmmr6djjy0000ws482a52nc1y:0
[15175183ms] [WARNING] The resource http://localhost:3000/_next/static/css/app/layout.css?v=1778832410753 was preloaded using link preload but not used within a few seconds from the window's load event. Please make sure it has an appropriate `as` value and it is preloaded intentionally. @ http://localhost:3000/campaign/cmmr6djjy0000ws482a52nc1y:0
[15205181ms] [WARNING] The resource http://localhost:3000/_next/static/css/app/layout.css?v=1778832410753 was preloaded using link preload but not used within a few seconds from the window's load event. Please make sure it has an appropriate `as` value and it is preloaded intentionally. @ http://localhost:3000/campaign/cmmr6djjy0000ws482a52nc1y:0
[15235171ms] [WARNING] The resource http://localhost:3000/_next/static/css/app/layout.css?v=1778832410753 was preloaded using link preload but not used within a few seconds from the window's load event. Please make sure it has an appropriate `as` value and it is preloaded intentionally. @ http://localhost:3000/campaign/cmmr6djjy0000ws482a52nc1y:0
[15265167ms] [WARNING] The resource http://localhost:3000/_next/static/css/app/layout.css?v=1778832410753 was preloaded using link preload but not used within a few seconds from the window's load event. Please make sure it has an appropriate `as` value and it is preloaded intentionally. @ http://localhost:3000/campaign/cmmr6djjy0000ws482a52nc1y:0
[15295171ms] [WARNING] The resource http://localhost:3000/_next/static/css/app/layout.css?v=1778832410753 was preloaded using link preload but not used within a few seconds from the window's load event. Please make sure it has an appropriate `as` value and it is preloaded intentionally. @ http://localhost:3000/campaign/cmmr6djjy0000ws482a52nc1y:0
[15325179ms] [WARNING] The resource http://localhost:3000/_next/static/css/app/layout.css?v=1778832410753 was preloaded using link preload but not used within a few seconds from the window's load event. Please make sure it has an appropriate `as` value and it is preloaded intentionally. @ http://localhost:3000/campaign/cmmr6djjy0000ws482a52nc1y:0
[15355187ms] [WARNING] The resource http://localhost:3000/_next/static/css/app/layout.css?v=1778832410753 was preloaded using link preload but not used within a few seconds from the window's load event. Please make sure it has an appropriate `as` value and it is preloaded intentionally. @ http://localhost:3000/campaign/cmmr6djjy0000ws482a52nc1y:0
[15385181ms] [WARNING] The resource http://localhost:3000/_next/static/css/app/layout.css?v=1778832410753 was preloaded using link preload but not used within a few seconds from the window's load event. Please make sure it has an appropriate `as` value and it is preloaded intentionally. @ http://localhost:3000/campaign/cmmr6djjy0000ws482a52nc1y:0
[15415192ms] [WARNING] The resource http://localhost:3000/_next/static/css/app/layout.css?v=1778832410753 was preloaded using link preload but not used within a few seconds from the window's load event. Please make sure it has an appropriate `as` value and it is preloaded intentionally. @ http://localhost:3000/campaign/cmmr6djjy0000ws482a52nc1y:0
[15445181ms] [WARNING] The resource http://localhost:3000/_next/static/css/app/layout.css?v=1778832410753 was preloaded using link preload but not used within a few seconds from the window's load event. Please make sure it has an appropriate `as` value and it is preloaded intentionally. @ http://localhost:3000/campaign/cmmr6djjy0000ws482a52nc1y:0
[15475188ms] [WARNING] The resource http://localhost:3000/_next/static/css/app/layout.css?v=1778832410753 was preloaded using link preload but not used within a few seconds from the window's load event. Please make sure it has an appropriate `as` value and it is preloaded intentionally. @ http://localhost:3000/campaign/cmmr6djjy0000ws482a52nc1y:0
[15505178ms] [WARNING] The resource http://localhost:3000/_next/static/css/app/layout.css?v=1778832410753 was preloaded using link preload but not used within a few seconds from the window's load event. Please make sure it has an appropriate `as` value and it is preloaded intentionally. @ http://localhost:3000/campaign/cmmr6djjy0000ws482a52nc1y:0
[15535177ms] [WARNING] The resource http://localhost:3000/_next/static/css/app/layout.css?v=1778832410753 was preloaded using link preload but not used within a few seconds from the window's load event. Please make sure it has an appropriate `as` value and it is preloaded intentionally. @ http://localhost:3000/campaign/cmmr6djjy0000ws482a52nc1y:0
[15565161ms] [WARNING] The resource http://localhost:3000/_next/static/css/app/layout.css?v=1778832410753 was preloaded using link preload but not used within a few seconds from the window's load event. Please make sure it has an appropriate `as` value and it is preloaded intentionally. @ http://localhost:3000/campaign/cmmr6djjy0000ws482a52nc1y:0
[15595178ms] [WARNING] The resource http://localhost:3000/_next/static/css/app/layout.css?v=1778832410753 was preloaded using link preload but not used within a few seconds from the window's load event. Please make sure it has an appropriate `as` value and it is preloaded intentionally. @ http://localhost:3000/campaign/cmmr6djjy0000ws482a52nc1y:0
[15625179ms] [WARNING] The resource http://localhost:3000/_next/static/css/app/layout.css?v=1778832410753 was preloaded using link preload but not used within a few seconds from the window's load event. Please make sure it has an appropriate `as` value and it is preloaded intentionally. @ http://localhost:3000/campaign/cmmr6djjy0000ws482a52nc1y:0
[15655193ms] [WARNING] The resource http://localhost:3000/_next/static/css/app/layout.css?v=1778832410753 was preloaded using link preload but not used within a few seconds from the window's load event. Please make sure it has an appropriate `as` value and it is preloaded intentionally. @ http://localhost:3000/campaign/cmmr6djjy0000ws482a52nc1y:0
[15685163ms] [WARNING] The resource http://localhost:3000/_next/static/css/app/layout.css?v=1778832410753 was preloaded using link preload but not used within a few seconds from the window's load event. Please make sure it has an appropriate `as` value and it is preloaded intentionally. @ http://localhost:3000/campaign/cmmr6djjy0000ws482a52nc1y:0
[15715208ms] [WARNING] The resource http://localhost:3000/_next/static/css/app/layout.css?v=1778832410753 was preloaded using link preload but not used within a few seconds from the window's load event. Please make sure it has an appropriate `as` value and it is preloaded intentionally. @ http://localhost:3000/campaign/cmmr6djjy0000ws482a52nc1y:0
[15745179ms] [WARNING] The resource http://localhost:3000/_next/static/css/app/layout.css?v=1778832410753 was preloaded using link preload but not used within a few seconds from the window's load event. Please make sure it has an appropriate `as` value and it is preloaded intentionally. @ http://localhost:3000/campaign/cmmr6djjy0000ws482a52nc1y:0
[15775178ms] [WARNING] The resource http://localhost:3000/_next/static/css/app/layout.css?v=1778832410753 was preloaded using link preload but not used within a few seconds from the window's load event. Please make sure it has an appropriate `as` value and it is preloaded intentionally. @ http://localhost:3000/campaign/cmmr6djjy0000ws482a52nc1y:0
[15805189ms] [WARNING] The resource http://localhost:3000/_next/static/css/app/layout.css?v=1778832410753 was preloaded using link preload but not used within a few seconds from the window's load event. Please make sure it has an appropriate `as` value and it is preloaded intentionally. @ http://localhost:3000/campaign/cmmr6djjy0000ws482a52nc1y:0
[15835187ms] [WARNING] The resource http://localhost:3000/_next/static/css/app/layout.css?v=1778832410753 was preloaded using link preload but not used within a few seconds from the window's load event. Please make sure it has an appropriate `as` value and it is preloaded intentionally. @ http://localhost:3000/campaign/cmmr6djjy0000ws482a52nc1y:0
[15865191ms] [WARNING] The resource http://localhost:3000/_next/static/css/app/layout.css?v=1778832410753 was preloaded using link preload but not used within a few seconds from the window's load event. Please make sure it has an appropriate `as` value and it is preloaded intentionally. @ http://localhost:3000/campaign/cmmr6djjy0000ws482a52nc1y:0
[15895174ms] [WARNING] The resource http://localhost:3000/_next/static/css/app/layout.css?v=1778832410753 was preloaded using link preload but not used within a few seconds from the window's load event. Please make sure it has an appropriate `as` value and it is preloaded intentionally. @ http://localhost:3000/campaign/cmmr6djjy0000ws482a52nc1y:0
[15925197ms] [WARNING] The resource http://localhost:3000/_next/static/css/app/layout.css?v=1778832410753 was preloaded using link preload but not used within a few seconds from the window's load event. Please make sure it has an appropriate `as` value and it is preloaded intentionally. @ http://localhost:3000/campaign/cmmr6djjy0000ws482a52nc1y:0
[15955182ms] [WARNING] The resource http://localhost:3000/_next/static/css/app/layout.css?v=1778832410753 was preloaded using link preload but not used within a few seconds from the window's load event. Please make sure it has an appropriate `as` value and it is preloaded intentionally. @ http://localhost:3000/campaign/cmmr6djjy0000ws482a52nc1y:0
[15985184ms] [WARNING] The resource http://localhost:3000/_next/static/css/app/layout.css?v=1778832410753 was preloaded using link preload but not used within a few seconds from the window's load event. Please make sure it has an appropriate `as` value and it is preloaded intentionally. @ http://localhost:3000/campaign/cmmr6djjy0000ws482a52nc1y:0
[16015187ms] [WARNING] The resource http://localhost:3000/_next/static/css/app/layout.css?v=1778832410753 was preloaded using link preload but not used within a few seconds from the window's load event. Please make sure it has an appropriate `as` value and it is preloaded intentionally. @ http://localhost:3000/campaign/cmmr6djjy0000ws482a52nc1y:0
[16045187ms] [WARNING] The resource http://localhost:3000/_next/static/css/app/layout.css?v=1778832410753 was preloaded using link preload but not used within a few seconds from the window's load event. Please make sure it has an appropriate `as` value and it is preloaded intentionally. @ http://localhost:3000/campaign/cmmr6djjy0000ws482a52nc1y:0
[16075185ms] [WARNING] The resource http://localhost:3000/_next/static/css/app/layout.css?v=1778832410753 was preloaded using link preload but not used within a few seconds from the window's load event. Please make sure it has an appropriate `as` value and it is preloaded intentionally. @ http://localhost:3000/campaign/cmmr6djjy0000ws482a52nc1y:0
[16105186ms] [WARNING] The resource http://localhost:3000/_next/static/css/app/layout.css?v=1778832410753 was preloaded using link preload but not used within a few seconds from the window's load event. Please make sure it has an appropriate `as` value and it is preloaded intentionally. @ http://localhost:3000/campaign/cmmr6djjy0000ws482a52nc1y:0
[16135174ms] [WARNING] The resource http://localhost:3000/_next/static/css/app/layout.css?v=1778832410753 was preloaded using link preload but not used within a few seconds from the window's load event. Please make sure it has an appropriate `as` value and it is preloaded intentionally. @ http://localhost:3000/campaign/cmmr6djjy0000ws482a52nc1y:0
[16165180ms] [WARNING] The resource http://localhost:3000/_next/static/css/app/layout.css?v=1778832410753 was preloaded using link preload but not used within a few seconds from the window's load event. Please make sure it has an appropriate `as` value and it is preloaded intentionally. @ http://localhost:3000/campaign/cmmr6djjy0000ws482a52nc1y:0
[16195160ms] [WARNING] The resource http://localhost:3000/_next/static/css/app/layout.css?v=1778832410753 was preloaded using link preload but not used within a few seconds from the window's load event. Please make sure it has an appropriate `as` value and it is preloaded intentionally. @ http://localhost:3000/campaign/cmmr6djjy0000ws482a52nc1y:0
[16225187ms] [WARNING] The resource http://localhost:3000/_next/static/css/app/layout.css?v=1778832410753 was preloaded using link preload but not used within a few seconds from the window's load event. Please make sure it has an appropriate `as` value and it is preloaded intentionally. @ http://localhost:3000/campaign/cmmr6djjy0000ws482a52nc1y:0
[16255179ms] [WARNING] The resource http://localhost:3000/_next/static/css/app/layout.css?v=1778832410753 was preloaded using link preload but not used within a few seconds from the window's load event. Please make sure it has an appropriate `as` value and it is preloaded intentionally. @ http://localhost:3000/campaign/cmmr6djjy0000ws482a52nc1y:0
[16285180ms] [WARNING] The resource http://localhost:3000/_next/static/css/app/layout.css?v=1778832410753 was preloaded using link preload but not used within a few seconds from the window's load event. Please make sure it has an appropriate `as` value and it is preloaded intentionally. @ http://localhost:3000/campaign/cmmr6djjy0000ws482a52nc1y:0
[16315182ms] [WARNING] The resource http://localhost:3000/_next/static/css/app/layout.css?v=1778832410753 was preloaded using link preload but not used within a few seconds from the window's load event. Please make sure it has an appropriate `as` value and it is preloaded intentionally. @ http://localhost:3000/campaign/cmmr6djjy0000ws482a52nc1y:0
[16345180ms] [WARNING] The resource http://localhost:3000/_next/static/css/app/layout.css?v=1778832410753 was preloaded using link preload but not used within a few seconds from the window's load event. Please make sure it has an appropriate `as` value and it is preloaded intentionally. @ http://localhost:3000/campaign/cmmr6djjy0000ws482a52nc1y:0
[16375179ms] [WARNING] The resource http://localhost:3000/_next/static/css/app/layout.css?v=1778832410753 was preloaded using link preload but not used within a few seconds from the window's load event. Please make sure it has an appropriate `as` value and it is preloaded intentionally. @ http://localhost:3000/campaign/cmmr6djjy0000ws482a52nc1y:0
[16405181ms] [WARNING] The resource http://localhost:3000/_next/static/css/app/layout.css?v=1778832410753 was preloaded using link preload but not used within a few seconds from the window's load event. Please make sure it has an appropriate `as` value and it is preloaded intentionally. @ http://localhost:3000/campaign/cmmr6djjy0000ws482a52nc1y:0
[16435199ms] [WARNING] The resource http://localhost:3000/_next/static/css/app/layout.css?v=1778832410753 was preloaded using link preload but not used within a few seconds from the window's load event. Please make sure it has an appropriate `as` value and it is preloaded intentionally. @ http://localhost:3000/campaign/cmmr6djjy0000ws482a52nc1y:0
[16465186ms] [WARNING] The resource http://localhost:3000/_next/static/css/app/layout.css?v=1778832410753 was preloaded using link preload but not used within a few seconds from the window's load event. Please make sure it has an appropriate `as` value and it is preloaded intentionally. @ http://localhost:3000/campaign/cmmr6djjy0000ws482a52nc1y:0
[16495167ms] [WARNING] The resource http://localhost:3000/_next/static/css/app/layout.css?v=1778832410753 was preloaded using link preload but not used within a few seconds from the window's load event. Please make sure it has an appropriate `as` value and it is preloaded intentionally. @ http://localhost:3000/campaign/cmmr6djjy0000ws482a52nc1y:0
[16525177ms] [WARNING] The resource http://localhost:3000/_next/static/css/app/layout.css?v=1778832410753 was preloaded using link preload but not used within a few seconds from the window's load event. Please make sure it has an appropriate `as` value and it is preloaded intentionally. @ http://localhost:3000/campaign/cmmr6djjy0000ws482a52nc1y:0
[16555171ms] [WARNING] The resource http://localhost:3000/_next/static/css/app/layout.css?v=1778832410753 was preloaded using link preload but not used within a few seconds from the window's load event. Please make sure it has an appropriate `as` value and it is preloaded intentionally. @ http://localhost:3000/campaign/cmmr6djjy0000ws482a52nc1y:0
[16585171ms] [WARNING] The resource http://localhost:3000/_next/static/css/app/layout.css?v=1778832410753 was preloaded using link preload but not used within a few seconds from the window's load event. Please make sure it has an appropriate `as` value and it is preloaded intentionally. @ http://localhost:3000/campaign/cmmr6djjy0000ws482a52nc1y:0
[16615186ms] [WARNING] The resource http://localhost:3000/_next/static/css/app/layout.css?v=1778832410753 was preloaded using link preload but not used within a few seconds from the window's load event. Please make sure it has an appropriate `as` value and it is preloaded intentionally. @ http://localhost:3000/campaign/cmmr6djjy0000ws482a52nc1y:0
[16645183ms] [WARNING] The resource http://localhost:3000/_next/static/css/app/layout.css?v=1778832410753 was preloaded using link preload but not used within a few seconds from the window's load event. Please make sure it has an appropriate `as` value and it is preloaded intentionally. @ http://localhost:3000/campaign/cmmr6djjy0000ws482a52nc1y:0
[16675183ms] [WARNING] The resource http://localhost:3000/_next/static/css/app/layout.css?v=1778832410753 was preloaded using link preload but not used within a few seconds from the window's load event. Please make sure it has an appropriate `as` value and it is preloaded intentionally. @ http://localhost:3000/campaign/cmmr6djjy0000ws482a52nc1y:0
[16705181ms] [WARNING] The resource http://localhost:3000/_next/static/css/app/layout.css?v=1778832410753 was preloaded using link preload but not used within a few seconds from the window's load event. Please make sure it has an appropriate `as` value and it is preloaded intentionally. @ http://localhost:3000/campaign/cmmr6djjy0000ws482a52nc1y:0
[16735185ms] [WARNING] The resource http://localhost:3000/_next/static/css/app/layout.css?v=1778832410753 was preloaded using link preload but not used within a few seconds from the window's load event. Please make sure it has an appropriate `as` value and it is preloaded intentionally. @ http://localhost:3000/campaign/cmmr6djjy0000ws482a52nc1y:0
[16765178ms] [WARNING] The resource http://localhost:3000/_next/static/css/app/layout.css?v=1778832410753 was preloaded using link preload but not used within a few seconds from the window's load event. Please make sure it has an appropriate `as` value and it is preloaded intentionally. @ http://localhost:3000/campaign/cmmr6djjy0000ws482a52nc1y:0
[16795182ms] [WARNING] The resource http://localhost:3000/_next/static/css/app/layout.css?v=1778832410753 was preloaded using link preload but not used within a few seconds from the window's load event. Please make sure it has an appropriate `as` value and it is preloaded intentionally. @ http://localhost:3000/campaign/cmmr6djjy0000ws482a52nc1y:0
[16825178ms] [WARNING] The resource http://localhost:3000/_next/static/css/app/layout.css?v=1778832410753 was preloaded using link preload but not used within a few seconds from the window's load event. Please make sure it has an appropriate `as` value and it is preloaded intentionally. @ http://localhost:3000/campaign/cmmr6djjy0000ws482a52nc1y:0
[16855184ms] [WARNING] The resource http://localhost:3000/_next/static/css/app/layout.css?v=1778832410753 was preloaded using link preload but not used within a few seconds from the window's load event. Please make sure it has an appropriate `as` value and it is preloaded intentionally. @ http://localhost:3000/campaign/cmmr6djjy0000ws482a52nc1y:0
[16885173ms] [WARNING] The resource http://localhost:3000/_next/static/css/app/layout.css?v=1778832410753 was preloaded using link preload but not used within a few seconds from the window's load event. Please make sure it has an appropriate `as` value and it is preloaded intentionally. @ http://localhost:3000/campaign/cmmr6djjy0000ws482a52nc1y:0
[16915188ms] [WARNING] The resource http://localhost:3000/_next/static/css/app/layout.css?v=1778832410753 was preloaded using link preload but not used within a few seconds from the window's load event. Please make sure it has an appropriate `as` value and it is preloaded intentionally. @ http://localhost:3000/campaign/cmmr6djjy0000ws482a52nc1y:0
[16945172ms] [WARNING] The resource http://localhost:3000/_next/static/css/app/layout.css?v=1778832410753 was preloaded using link preload but not used within a few seconds from the window's load event. Please make sure it has an appropriate `as` value and it is preloaded intentionally. @ http://localhost:3000/campaign/cmmr6djjy0000ws482a52nc1y:0
[16975171ms] [WARNING] The resource http://localhost:3000/_next/static/css/app/layout.css?v=1778832410753 was preloaded using link preload but not used within a few seconds from the window's load event. Please make sure it has an appropriate `as` value and it is preloaded intentionally. @ http://localhost:3000/campaign/cmmr6djjy0000ws482a52nc1y:0
[17005174ms] [WARNING] The resource http://localhost:3000/_next/static/css/app/layout.css?v=1778832410753 was preloaded using link preload but not used within a few seconds from the window's load event. Please make sure it has an appropriate `as` value and it is preloaded intentionally. @ http://localhost:3000/campaign/cmmr6djjy0000ws482a52nc1y:0
[17035191ms] [WARNING] The resource http://localhost:3000/_next/static/css/app/layout.css?v=1778832410753 was preloaded using link preload but not used within a few seconds from the window's load event. Please make sure it has an appropriate `as` value and it is preloaded intentionally. @ http://localhost:3000/campaign/cmmr6djjy0000ws482a52nc1y:0
[17065173ms] [WARNING] The resource http://localhost:3000/_next/static/css/app/layout.css?v=1778832410753 was preloaded using link preload but not used within a few seconds from the window's load event. Please make sure it has an appropriate `as` value and it is preloaded intentionally. @ http://localhost:3000/campaign/cmmr6djjy0000ws482a52nc1y:0
[17095167ms] [WARNING] The resource http://localhost:3000/_next/static/css/app/layout.css?v=1778832410753 was preloaded using link preload but not used within a few seconds from the window's load event. Please make sure it has an appropriate `as` value and it is preloaded intentionally. @ http://localhost:3000/campaign/cmmr6djjy0000ws482a52nc1y:0
[17125180ms] [WARNING] The resource http://localhost:3000/_next/static/css/app/layout.css?v=1778832410753 was preloaded using link preload but not used within a few seconds from the window's load event. Please make sure it has an appropriate `as` value and it is preloaded intentionally. @ http://localhost:3000/campaign/cmmr6djjy0000ws482a52nc1y:0
[17155184ms] [WARNING] The resource http://localhost:3000/_next/static/css/app/layout.css?v=1778832410753 was preloaded using link preload but not used within a few seconds from the window's load event. Please make sure it has an appropriate `as` value and it is preloaded intentionally. @ http://localhost:3000/campaign/cmmr6djjy0000ws482a52nc1y:0
[17185193ms] [WARNING] The resource http://localhost:3000/_next/static/css/app/layout.css?v=1778832410753 was preloaded using link preload but not used within a few seconds from the window's load event. Please make sure it has an appropriate `as` value and it is preloaded intentionally. @ http://localhost:3000/campaign/cmmr6djjy0000ws482a52nc1y:0
[17215183ms] [WARNING] The resource http://localhost:3000/_next/static/css/app/layout.css?v=1778832410753 was preloaded using link preload but not used within a few seconds from the window's load event. Please make sure it has an appropriate `as` value and it is preloaded intentionally. @ http://localhost:3000/campaign/cmmr6djjy0000ws482a52nc1y:0
[17245191ms] [WARNING] The resource http://localhost:3000/_next/static/css/app/layout.css?v=1778832410753 was preloaded using link preload but not used within a few seconds from the window's load event. Please make sure it has an appropriate `as` value and it is preloaded intentionally. @ http://localhost:3000/campaign/cmmr6djjy0000ws482a52nc1y:0
[17275176ms] [WARNING] The resource http://localhost:3000/_next/static/css/app/layout.css?v=1778832410753 was preloaded using link preload but not used within a few seconds from the window's load event. Please make sure it has an appropriate `as` value and it is preloaded intentionally. @ http://localhost:3000/campaign/cmmr6djjy0000ws482a52nc1y:0
[17305176ms] [WARNING] The resource http://localhost:3000/_next/static/css/app/layout.css?v=1778832410753 was preloaded using link preload but not used within a few seconds from the window's load event. Please make sure it has an appropriate `as` value and it is preloaded intentionally. @ http://localhost:3000/campaign/cmmr6djjy0000ws482a52nc1y:0
[17335172ms] [WARNING] The resource http://localhost:3000/_next/static/css/app/layout.css?v=1778832410753 was preloaded using link preload but not used within a few seconds from the window's load event. Please make sure it has an appropriate `as` value and it is preloaded intentionally. @ http://localhost:3000/campaign/cmmr6djjy0000ws482a52nc1y:0
[17365177ms] [WARNING] The resource http://localhost:3000/_next/static/css/app/layout.css?v=1778832410753 was preloaded using link preload but not used within a few seconds from the window's load event. Please make sure it has an appropriate `as` value and it is preloaded intentionally. @ http://localhost:3000/campaign/cmmr6djjy0000ws482a52nc1y:0
[17395180ms] [WARNING] The resource http://localhost:3000/_next/static/css/app/layout.css?v=1778832410753 was preloaded using link preload but not used within a few seconds from the window's load event. Please make sure it has an appropriate `as` value and it is preloaded intentionally. @ http://localhost:3000/campaign/cmmr6djjy0000ws482a52nc1y:0
[17425176ms] [WARNING] The resource http://localhost:3000/_next/static/css/app/layout.css?v=1778832410753 was preloaded using link preload but not used within a few seconds from the window's load event. Please make sure it has an appropriate `as` value and it is preloaded intentionally. @ http://localhost:3000/campaign/cmmr6djjy0000ws482a52nc1y:0
[17455185ms] [WARNING] The resource http://localhost:3000/_next/static/css/app/layout.css?v=1778832410753 was preloaded using link preload but not used within a few seconds from the window's load event. Please make sure it has an appropriate `as` value and it is preloaded intentionally. @ http://localhost:3000/campaign/cmmr6djjy0000ws482a52nc1y:0
[17485182ms] [WARNING] The resource http://localhost:3000/_next/static/css/app/layout.css?v=1778832410753 was preloaded using link preload but not used within a few seconds from the window's load event. Please make sure it has an appropriate `as` value and it is preloaded intentionally. @ http://localhost:3000/campaign/cmmr6djjy0000ws482a52nc1y:0
[17515184ms] [WARNING] The resource http://localhost:3000/_next/static/css/app/layout.css?v=1778832410753 was preloaded using link preload but not used within a few seconds from the window's load event. Please make sure it has an appropriate `as` value and it is preloaded intentionally. @ http://localhost:3000/campaign/cmmr6djjy0000ws482a52nc1y:0
[17545171ms] [WARNING] The resource http://localhost:3000/_next/static/css/app/layout.css?v=1778832410753 was preloaded using link preload but not used within a few seconds from the window's load event. Please make sure it has an appropriate `as` value and it is preloaded intentionally. @ http://localhost:3000/campaign/cmmr6djjy0000ws482a52nc1y:0
[17575171ms] [WARNING] The resource http://localhost:3000/_next/static/css/app/layout.css?v=1778832410753 was preloaded using link preload but not used within a few seconds from the window's load event. Please make sure it has an appropriate `as` value and it is preloaded intentionally. @ http://localhost:3000/campaign/cmmr6djjy0000ws482a52nc1y:0
[17605165ms] [WARNING] The resource http://localhost:3000/_next/static/css/app/layout.css?v=1778832410753 was preloaded using link preload but not used within a few seconds from the window's load event. Please make sure it has an appropriate `as` value and it is preloaded intentionally. @ http://localhost:3000/campaign/cmmr6djjy0000ws482a52nc1y:0
[17635184ms] [WARNING] The resource http://localhost:3000/_next/static/css/app/layout.css?v=1778832410753 was preloaded using link preload but not used within a few seconds from the window's load event. Please make sure it has an appropriate `as` value and it is preloaded intentionally. @ http://localhost:3000/campaign/cmmr6djjy0000ws482a52nc1y:0
[17665177ms] [WARNING] The resource http://localhost:3000/_next/static/css/app/layout.css?v=1778832410753 was preloaded using link preload but not used within a few seconds from the window's load event. Please make sure it has an appropriate `as` value and it is preloaded intentionally. @ http://localhost:3000/campaign/cmmr6djjy0000ws482a52nc1y:0
[17695182ms] [WARNING] The resource http://localhost:3000/_next/static/css/app/layout.css?v=1778832410753 was preloaded using link preload but not used within a few seconds from the window's load event. Please make sure it has an appropriate `as` value and it is preloaded intentionally. @ http://localhost:3000/campaign/cmmr6djjy0000ws482a52nc1y:0
[17725177ms] [WARNING] The resource http://localhost:3000/_next/static/css/app/layout.css?v=1778832410753 was preloaded using link preload but not used within a few seconds from the window's load event. Please make sure it has an appropriate `as` value and it is preloaded intentionally. @ http://localhost:3000/campaign/cmmr6djjy0000ws482a52nc1y:0
[17755176ms] [WARNING] The resource http://localhost:3000/_next/static/css/app/layout.css?v=1778832410753 was preloaded using link preload but not used within a few seconds from the window's load event. Please make sure it has an appropriate `as` value and it is preloaded intentionally. @ http://localhost:3000/campaign/cmmr6djjy0000ws482a52nc1y:0
[17785171ms] [WARNING] The resource http://localhost:3000/_next/static/css/app/layout.css?v=1778832410753 was preloaded using link preload but not used within a few seconds from the window's load event. Please make sure it has an appropriate `as` value and it is preloaded intentionally. @ http://localhost:3000/campaign/cmmr6djjy0000ws482a52nc1y:0
[17815180ms] [WARNING] The resource http://localhost:3000/_next/static/css/app/layout.css?v=1778832410753 was preloaded using link preload but not used within a few seconds from the window's load event. Please make sure it has an appropriate `as` value and it is preloaded intentionally. @ http://localhost:3000/campaign/cmmr6djjy0000ws482a52nc1y:0
[17845171ms] [WARNING] The resource http://localhost:3000/_next/static/css/app/layout.css?v=1778832410753 was preloaded using link preload but not used within a few seconds from the window's load event. Please make sure it has an appropriate `as` value and it is preloaded intentionally. @ http://localhost:3000/campaign/cmmr6djjy0000ws482a52nc1y:0
[17875185ms] [WARNING] The resource http://localhost:3000/_next/static/css/app/layout.css?v=1778832410753 was preloaded using link preload but not used within a few seconds from the window's load event. Please make sure it has an appropriate `as` value and it is preloaded intentionally. @ http://localhost:3000/campaign/cmmr6djjy0000ws482a52nc1y:0
[17905181ms] [WARNING] The resource http://localhost:3000/_next/static/css/app/layout.css?v=1778832410753 was preloaded using link preload but not used within a few seconds from the window's load event. Please make sure it has an appropriate `as` value and it is preloaded intentionally. @ http://localhost:3000/campaign/cmmr6djjy0000ws482a52nc1y:0
[17935182ms] [WARNING] The resource http://localhost:3000/_next/static/css/app/layout.css?v=1778832410753 was preloaded using link preload but not used within a few seconds from the window's load event. Please make sure it has an appropriate `as` value and it is preloaded intentionally. @ http://localhost:3000/campaign/cmmr6djjy0000ws482a52nc1y:0
[17965186ms] [WARNING] The resource http://localhost:3000/_next/static/css/app/layout.css?v=1778832410753 was preloaded using link preload but not used within a few seconds from the window's load event. Please make sure it has an appropriate `as` value and it is preloaded intentionally. @ http://localhost:3000/campaign/cmmr6djjy0000ws482a52nc1y:0
[17995199ms] [WARNING] The resource http://localhost:3000/_next/static/css/app/layout.css?v=1778832410753 was preloaded using link preload but not used within a few seconds from the window's load event. Please make sure it has an appropriate `as` value and it is preloaded intentionally. @ http://localhost:3000/campaign/cmmr6djjy0000ws482a52nc1y:0
[18025190ms] [WARNING] The resource http://localhost:3000/_next/static/css/app/layout.css?v=1778832410753 was preloaded using link preload but not used within a few seconds from the window's load event. Please make sure it has an appropriate `as` value and it is preloaded intentionally. @ http://localhost:3000/campaign/cmmr6djjy0000ws482a52nc1y:0
[18055171ms] [WARNING] The resource http://localhost:3000/_next/static/css/app/layout.css?v=1778832410753 was preloaded using link preload but not used within a few seconds from the window's load event. Please make sure it has an appropriate `as` value and it is preloaded intentionally. @ http://localhost:3000/campaign/cmmr6djjy0000ws482a52nc1y:0
[18085178ms] [WARNING] The resource http://localhost:3000/_next/static/css/app/layout.css?v=1778832410753 was preloaded using link preload but not used within a few seconds from the window's load event. Please make sure it has an appropriate `as` value and it is preloaded intentionally. @ http://localhost:3000/campaign/cmmr6djjy0000ws482a52nc1y:0
[18115182ms] [WARNING] The resource http://localhost:3000/_next/static/css/app/layout.css?v=1778832410753 was preloaded using link preload but not used within a few seconds from the window's load event. Please make sure it has an appropriate `as` value and it is preloaded intentionally. @ http://localhost:3000/campaign/cmmr6djjy0000ws482a52nc1y:0
[18145174ms] [WARNING] The resource http://localhost:3000/_next/static/css/app/layout.css?v=1778832410753 was preloaded using link preload but not used within a few seconds from the window's load event. Please make sure it has an appropriate `as` value and it is preloaded intentionally. @ http://localhost:3000/campaign/cmmr6djjy0000ws482a52nc1y:0
[18175180ms] [WARNING] The resource http://localhost:3000/_next/static/css/app/layout.css?v=1778832410753 was preloaded using link preload but not used within a few seconds from the window's load event. Please make sure it has an appropriate `as` value and it is preloaded intentionally. @ http://localhost:3000/campaign/cmmr6djjy0000ws482a52nc1y:0
[18205174ms] [WARNING] The resource http://localhost:3000/_next/static/css/app/layout.css?v=1778832410753 was preloaded using link preload but not used within a few seconds from the window's load event. Please make sure it has an appropriate `as` value and it is preloaded intentionally. @ http://localhost:3000/campaign/cmmr6djjy0000ws482a52nc1y:0
[18235183ms] [WARNING] The resource http://localhost:3000/_next/static/css/app/layout.css?v=1778832410753 was preloaded using link preload but not used within a few seconds from the window's load event. Please make sure it has an appropriate `as` value and it is preloaded intentionally. @ http://localhost:3000/campaign/cmmr6djjy0000ws482a52nc1y:0
[18265169ms] [WARNING] The resource http://localhost:3000/_next/static/css/app/layout.css?v=1778832410753 was preloaded using link preload but not used within a few seconds from the window's load event. Please make sure it has an appropriate `as` value and it is preloaded intentionally. @ http://localhost:3000/campaign/cmmr6djjy0000ws482a52nc1y:0
[18295169ms] [WARNING] The resource http://localhost:3000/_next/static/css/app/layout.css?v=1778832410753 was preloaded using link preload but not used within a few seconds from the window's load event. Please make sure it has an appropriate `as` value and it is preloaded intentionally. @ http://localhost:3000/campaign/cmmr6djjy0000ws482a52nc1y:0
[18325194ms] [WARNING] The resource http://localhost:3000/_next/static/css/app/layout.css?v=1778832410753 was preloaded using link preload but not used within a few seconds from the window's load event. Please make sure it has an appropriate `as` value and it is preloaded intentionally. @ http://localhost:3000/campaign/cmmr6djjy0000ws482a52nc1y:0
[18355193ms] [WARNING] The resource http://localhost:3000/_next/static/css/app/layout.css?v=1778832410753 was preloaded using link preload but not used within a few seconds from the window's load event. Please make sure it has an appropriate `as` value and it is preloaded intentionally. @ http://localhost:3000/campaign/cmmr6djjy0000ws482a52nc1y:0
[18385182ms] [WARNING] The resource http://localhost:3000/_next/static/css/app/layout.css?v=1778832410753 was preloaded using link preload but not used within a few seconds from the window's load event. Please make sure it has an appropriate `as` value and it is preloaded intentionally. @ http://localhost:3000/campaign/cmmr6djjy0000ws482a52nc1y:0
[18415189ms] [WARNING] The resource http://localhost:3000/_next/static/css/app/layout.css?v=1778832410753 was preloaded using link preload but not used within a few seconds from the window's load event. Please make sure it has an appropriate `as` value and it is preloaded intentionally. @ http://localhost:3000/campaign/cmmr6djjy0000ws482a52nc1y:0
[18445180ms] [WARNING] The resource http://localhost:3000/_next/static/css/app/layout.css?v=1778832410753 was preloaded using link preload but not used within a few seconds from the window's load event. Please make sure it has an appropriate `as` value and it is preloaded intentionally. @ http://localhost:3000/campaign/cmmr6djjy0000ws482a52nc1y:0
[18475189ms] [WARNING] The resource http://localhost:3000/_next/static/css/app/layout.css?v=1778832410753 was preloaded using link preload but not used within a few seconds from the window's load event. Please make sure it has an appropriate `as` value and it is preloaded intentionally. @ http://localhost:3000/campaign/cmmr6djjy0000ws482a52nc1y:0
[18505172ms] [WARNING] The resource http://localhost:3000/_next/static/css/app/layout.css?v=1778832410753 was preloaded using link preload but not used within a few seconds from the window's load event. Please make sure it has an appropriate `as` value and it is preloaded intentionally. @ http://localhost:3000/campaign/cmmr6djjy0000ws482a52nc1y:0
[18535184ms] [WARNING] The resource http://localhost:3000/_next/static/css/app/layout.css?v=1778832410753 was preloaded using link preload but not used within a few seconds from the window's load event. Please make sure it has an appropriate `as` value and it is preloaded intentionally. @ http://localhost:3000/campaign/cmmr6djjy0000ws482a52nc1y:0
[18565169ms] [WARNING] The resource http://localhost:3000/_next/static/css/app/layout.css?v=1778832410753 was preloaded using link preload but not used within a few seconds from the window's load event. Please make sure it has an appropriate `as` value and it is preloaded intentionally. @ http://localhost:3000/campaign/cmmr6djjy0000ws482a52nc1y:0
[18595188ms] [WARNING] The resource http://localhost:3000/_next/static/css/app/layout.css?v=1778832410753 was preloaded using link preload but not used within a few seconds from the window's load event. Please make sure it has an appropriate `as` value and it is preloaded intentionally. @ http://localhost:3000/campaign/cmmr6djjy0000ws482a52nc1y:0
[18625179ms] [WARNING] The resource http://localhost:3000/_next/static/css/app/layout.css?v=1778832410753 was preloaded using link preload but not used within a few seconds from the window's load event. Please make sure it has an appropriate `as` value and it is preloaded intentionally. @ http://localhost:3000/campaign/cmmr6djjy0000ws482a52nc1y:0
[18655162ms] [WARNING] The resource http://localhost:3000/_next/static/css/app/layout.css?v=1778832410753 was preloaded using link preload but not used within a few seconds from the window's load event. Please make sure it has an appropriate `as` value and it is preloaded intentionally. @ http://localhost:3000/campaign/cmmr6djjy0000ws482a52nc1y:0
[18685181ms] [WARNING] The resource http://localhost:3000/_next/static/css/app/layout.css?v=1778832410753 was preloaded using link preload but not used within a few seconds from the window's load event. Please make sure it has an appropriate `as` value and it is preloaded intentionally. @ http://localhost:3000/campaign/cmmr6djjy0000ws482a52nc1y:0
[18715177ms] [WARNING] The resource http://localhost:3000/_next/static/css/app/layout.css?v=1778832410753 was preloaded using link preload but not used within a few seconds from the window's load event. Please make sure it has an appropriate `as` value and it is preloaded intentionally. @ http://localhost:3000/campaign/cmmr6djjy0000ws482a52nc1y:0
[18745177ms] [WARNING] The resource http://localhost:3000/_next/static/css/app/layout.css?v=1778832410753 was preloaded using link preload but not used within a few seconds from the window's load event. Please make sure it has an appropriate `as` value and it is preloaded intentionally. @ http://localhost:3000/campaign/cmmr6djjy0000ws482a52nc1y:0
[18775186ms] [WARNING] The resource http://localhost:3000/_next/static/css/app/layout.css?v=1778832410753 was preloaded using link preload but not used within a few seconds from the window's load event. Please make sure it has an appropriate `as` value and it is preloaded intentionally. @ http://localhost:3000/campaign/cmmr6djjy0000ws482a52nc1y:0
[18805177ms] [WARNING] The resource http://localhost:3000/_next/static/css/app/layout.css?v=1778832410753 was preloaded using link preload but not used within a few seconds from the window's load event. Please make sure it has an appropriate `as` value and it is preloaded intentionally. @ http://localhost:3000/campaign/cmmr6djjy0000ws482a52nc1y:0
[18835196ms] [WARNING] The resource http://localhost:3000/_next/static/css/app/layout.css?v=1778832410753 was preloaded using link preload but not used within a few seconds from the window's load event. Please make sure it has an appropriate `as` value and it is preloaded intentionally. @ http://localhost:3000/campaign/cmmr6djjy0000ws482a52nc1y:0
[18865187ms] [WARNING] The resource http://localhost:3000/_next/static/css/app/layout.css?v=1778832410753 was preloaded using link preload but not used within a few seconds from the window's load event. Please make sure it has an appropriate `as` value and it is preloaded intentionally. @ http://localhost:3000/campaign/cmmr6djjy0000ws482a52nc1y:0
[18895168ms] [WARNING] The resource http://localhost:3000/_next/static/css/app/layout.css?v=1778832410753 was preloaded using link preload but not used within a few seconds from the window's load event. Please make sure it has an appropriate `as` value and it is preloaded intentionally. @ http://localhost:3000/campaign/cmmr6djjy0000ws482a52nc1y:0
[18925202ms] [WARNING] The resource http://localhost:3000/_next/static/css/app/layout.css?v=1778832410753 was preloaded using link preload but not used within a few seconds from the window's load event. Please make sure it has an appropriate `as` value and it is preloaded intentionally. @ http://localhost:3000/campaign/cmmr6djjy0000ws482a52nc1y:0
[18955184ms] [WARNING] The resource http://localhost:3000/_next/static/css/app/layout.css?v=1778832410753 was preloaded using link preload but not used within a few seconds from the window's load event. Please make sure it has an appropriate `as` value and it is preloaded intentionally. @ http://localhost:3000/campaign/cmmr6djjy0000ws482a52nc1y:0
[18985200ms] [WARNING] The resource http://localhost:3000/_next/static/css/app/layout.css?v=1778832410753 was preloaded using link preload but not used within a few seconds from the window's load event. Please make sure it has an appropriate `as` value and it is preloaded intentionally. @ http://localhost:3000/campaign/cmmr6djjy0000ws482a52nc1y:0
[19015184ms] [WARNING] The resource http://localhost:3000/_next/static/css/app/layout.css?v=1778832410753 was preloaded using link preload but not used within a few seconds from the window's load event. Please make sure it has an appropriate `as` value and it is preloaded intentionally. @ http://localhost:3000/campaign/cmmr6djjy0000ws482a52nc1y:0
[19045177ms] [WARNING] The resource http://localhost:3000/_next/static/css/app/layout.css?v=1778832410753 was preloaded using link preload but not used within a few seconds from the window's load event. Please make sure it has an appropriate `as` value and it is preloaded intentionally. @ http://localhost:3000/campaign/cmmr6djjy0000ws482a52nc1y:0
[19075185ms] [WARNING] The resource http://localhost:3000/_next/static/css/app/layout.css?v=1778832410753 was preloaded using link preload but not used within a few seconds from the window's load event. Please make sure it has an appropriate `as` value and it is preloaded intentionally. @ http://localhost:3000/campaign/cmmr6djjy0000ws482a52nc1y:0
[19105184ms] [WARNING] The resource http://localhost:3000/_next/static/css/app/layout.css?v=1778832410753 was preloaded using link preload but not used within a few seconds from the window's load event. Please make sure it has an appropriate `as` value and it is preloaded intentionally. @ http://localhost:3000/campaign/cmmr6djjy0000ws482a52nc1y:0
[19135188ms] [WARNING] The resource http://localhost:3000/_next/static/css/app/layout.css?v=1778832410753 was preloaded using link preload but not used within a few seconds from the window's load event. Please make sure it has an appropriate `as` value and it is preloaded intentionally. @ http://localhost:3000/campaign/cmmr6djjy0000ws482a52nc1y:0
[19165175ms] [WARNING] The resource http://localhost:3000/_next/static/css/app/layout.css?v=1778832410753 was preloaded using link preload but not used within a few seconds from the window's load event. Please make sure it has an appropriate `as` value and it is preloaded intentionally. @ http://localhost:3000/campaign/cmmr6djjy0000ws482a52nc1y:0
[19195173ms] [WARNING] The resource http://localhost:3000/_next/static/css/app/layout.css?v=1778832410753 was preloaded using link preload but not used within a few seconds from the window's load event. Please make sure it has an appropriate `as` value and it is preloaded intentionally. @ http://localhost:3000/campaign/cmmr6djjy0000ws482a52nc1y:0
[19225182ms] [WARNING] The resource http://localhost:3000/_next/static/css/app/layout.css?v=1778832410753 was preloaded using link preload but not used within a few seconds from the window's load event. Please make sure it has an appropriate `as` value and it is preloaded intentionally. @ http://localhost:3000/campaign/cmmr6djjy0000ws482a52nc1y:0
[19255182ms] [WARNING] The resource http://localhost:3000/_next/static/css/app/layout.css?v=1778832410753 was preloaded using link preload but not used within a few seconds from the window's load event. Please make sure it has an appropriate `as` value and it is preloaded intentionally. @ http://localhost:3000/campaign/cmmr6djjy0000ws482a52nc1y:0
[19285190ms] [WARNING] The resource http://localhost:3000/_next/static/css/app/layout.css?v=1778832410753 was preloaded using link preload but not used within a few seconds from the window's load event. Please make sure it has an appropriate `as` value and it is preloaded intentionally. @ http://localhost:3000/campaign/cmmr6djjy0000ws482a52nc1y:0
[19315182ms] [WARNING] The resource http://localhost:3000/_next/static/css/app/layout.css?v=1778832410753 was preloaded using link preload but not used within a few seconds from the window's load event. Please make sure it has an appropriate `as` value and it is preloaded intentionally. @ http://localhost:3000/campaign/cmmr6djjy0000ws482a52nc1y:0
[19345183ms] [WARNING] The resource http://localhost:3000/_next/static/css/app/layout.css?v=1778832410753 was preloaded using link preload but not used within a few seconds from the window's load event. Please make sure it has an appropriate `as` value and it is preloaded intentionally. @ http://localhost:3000/campaign/cmmr6djjy0000ws482a52nc1y:0
[19375175ms] [WARNING] The resource http://localhost:3000/_next/static/css/app/layout.css?v=1778832410753 was preloaded using link preload but not used within a few seconds from the window's load event. Please make sure it has an appropriate `as` value and it is preloaded intentionally. @ http://localhost:3000/campaign/cmmr6djjy0000ws482a52nc1y:0
[19405174ms] [WARNING] The resource http://localhost:3000/_next/static/css/app/layout.css?v=1778832410753 was preloaded using link preload but not used within a few seconds from the window's load event. Please make sure it has an appropriate `as` value and it is preloaded intentionally. @ http://localhost:3000/campaign/cmmr6djjy0000ws482a52nc1y:0
[19435173ms] [WARNING] The resource http://localhost:3000/_next/static/css/app/layout.css?v=1778832410753 was preloaded using link preload but not used within a few seconds from the window's load event. Please make sure it has an appropriate `as` value and it is preloaded intentionally. @ http://localhost:3000/campaign/cmmr6djjy0000ws482a52nc1y:0
[19465184ms] [WARNING] The resource http://localhost:3000/_next/static/css/app/layout.css?v=1778832410753 was preloaded using link preload but not used within a few seconds from the window's load event. Please make sure it has an appropriate `as` value and it is preloaded intentionally. @ http://localhost:3000/campaign/cmmr6djjy0000ws482a52nc1y:0
[19495213ms] [WARNING] The resource http://localhost:3000/_next/static/css/app/layout.css?v=1778832410753 was preloaded using link preload but not used within a few seconds from the window's load event. Please make sure it has an appropriate `as` value and it is preloaded intentionally. @ http://localhost:3000/campaign/cmmr6djjy0000ws482a52nc1y:0
[19525182ms] [WARNING] The resource http://localhost:3000/_next/static/css/app/layout.css?v=1778832410753 was preloaded using link preload but not used within a few seconds from the window's load event. Please make sure it has an appropriate `as` value and it is preloaded intentionally. @ http://localhost:3000/campaign/cmmr6djjy0000ws482a52nc1y:0
[19555168ms] [WARNING] The resource http://localhost:3000/_next/static/css/app/layout.css?v=1778832410753 was preloaded using link preload but not used within a few seconds from the window's load event. Please make sure it has an appropriate `as` value and it is preloaded intentionally. @ http://localhost:3000/campaign/cmmr6djjy0000ws482a52nc1y:0
[19585182ms] [WARNING] The resource http://localhost:3000/_next/static/css/app/layout.css?v=1778832410753 was preloaded using link preload but not used within a few seconds from the window's load event. Please make sure it has an appropriate `as` value and it is preloaded intentionally. @ http://localhost:3000/campaign/cmmr6djjy0000ws482a52nc1y:0
[19615171ms] [WARNING] The resource http://localhost:3000/_next/static/css/app/layout.css?v=1778832410753 was preloaded using link preload but not used within a few seconds from the window's load event. Please make sure it has an appropriate `as` value and it is preloaded intentionally. @ http://localhost:3000/campaign/cmmr6djjy0000ws482a52nc1y:0
[19645181ms] [WARNING] The resource http://localhost:3000/_next/static/css/app/layout.css?v=1778832410753 was preloaded using link preload but not used within a few seconds from the window's load event. Please make sure it has an appropriate `as` value and it is preloaded intentionally. @ http://localhost:3000/campaign/cmmr6djjy0000ws482a52nc1y:0
[19675176ms] [WARNING] The resource http://localhost:3000/_next/static/css/app/layout.css?v=1778832410753 was preloaded using link preload but not used within a few seconds from the window's load event. Please make sure it has an appropriate `as` value and it is preloaded intentionally. @ http://localhost:3000/campaign/cmmr6djjy0000ws482a52nc1y:0
[19705173ms] [WARNING] The resource http://localhost:3000/_next/static/css/app/layout.css?v=1778832410753 was preloaded using link preload but not used within a few seconds from the window's load event. Please make sure it has an appropriate `as` value and it is preloaded intentionally. @ http://localhost:3000/campaign/cmmr6djjy0000ws482a52nc1y:0
[19735164ms] [WARNING] The resource http://localhost:3000/_next/static/css/app/layout.css?v=1778832410753 was preloaded using link preload but not used within a few seconds from the window's load event. Please make sure it has an appropriate `as` value and it is preloaded intentionally. @ http://localhost:3000/campaign/cmmr6djjy0000ws482a52nc1y:0
[19765169ms] [WARNING] The resource http://localhost:3000/_next/static/css/app/layout.css?v=1778832410753 was preloaded using link preload but not used within a few seconds from the window's load event. Please make sure it has an appropriate `as` value and it is preloaded intentionally. @ http://localhost:3000/campaign/cmmr6djjy0000ws482a52nc1y:0
[19795187ms] [WARNING] The resource http://localhost:3000/_next/static/css/app/layout.css?v=1778832410753 was preloaded using link preload but not used within a few seconds from the window's load event. Please make sure it has an appropriate `as` value and it is preloaded intentionally. @ http://localhost:3000/campaign/cmmr6djjy0000ws482a52nc1y:0
[19825192ms] [WARNING] The resource http://localhost:3000/_next/static/css/app/layout.css?v=1778832410753 was preloaded using link preload but not used within a few seconds from the window's load event. Please make sure it has an appropriate `as` value and it is preloaded intentionally. @ http://localhost:3000/campaign/cmmr6djjy0000ws482a52nc1y:0
[19855168ms] [WARNING] The resource http://localhost:3000/_next/static/css/app/layout.css?v=1778832410753 was preloaded using link preload but not used within a few seconds from the window's load event. Please make sure it has an appropriate `as` value and it is preloaded intentionally. @ http://localhost:3000/campaign/cmmr6djjy0000ws482a52nc1y:0
[19885166ms] [WARNING] The resource http://localhost:3000/_next/static/css/app/layout.css?v=1778832410753 was preloaded using link preload but not used within a few seconds from the window's load event. Please make sure it has an appropriate `as` value and it is preloaded intentionally. @ http://localhost:3000/campaign/cmmr6djjy0000ws482a52nc1y:0
[19915176ms] [WARNING] The resource http://localhost:3000/_next/static/css/app/layout.css?v=1778832410753 was preloaded using link preload but not used within a few seconds from the window's load event. Please make sure it has an appropriate `as` value and it is preloaded intentionally. @ http://localhost:3000/campaign/cmmr6djjy0000ws482a52nc1y:0
[19945161ms] [WARNING] The resource http://localhost:3000/_next/static/css/app/layout.css?v=1778832410753 was preloaded using link preload but not used within a few seconds from the window's load event. Please make sure it has an appropriate `as` value and it is preloaded intentionally. @ http://localhost:3000/campaign/cmmr6djjy0000ws482a52nc1y:0
[19975192ms] [WARNING] The resource http://localhost:3000/_next/static/css/app/layout.css?v=1778832410753 was preloaded using link preload but not used within a few seconds from the window's load event. Please make sure it has an appropriate `as` value and it is preloaded intentionally. @ http://localhost:3000/campaign/cmmr6djjy0000ws482a52nc1y:0
[20005192ms] [WARNING] The resource http://localhost:3000/_next/static/css/app/layout.css?v=1778832410753 was preloaded using link preload but not used within a few seconds from the window's load event. Please make sure it has an appropriate `as` value and it is preloaded intentionally. @ http://localhost:3000/campaign/cmmr6djjy0000ws482a52nc1y:0
[20035180ms] [WARNING] The resource http://localhost:3000/_next/static/css/app/layout.css?v=1778832410753 was preloaded using link preload but not used within a few seconds from the window's load event. Please make sure it has an appropriate `as` value and it is preloaded intentionally. @ http://localhost:3000/campaign/cmmr6djjy0000ws482a52nc1y:0
[20065191ms] [WARNING] The resource http://localhost:3000/_next/static/css/app/layout.css?v=1778832410753 was preloaded using link preload but not used within a few seconds from the window's load event. Please make sure it has an appropriate `as` value and it is preloaded intentionally. @ http://localhost:3000/campaign/cmmr6djjy0000ws482a52nc1y:0
[20095168ms] [WARNING] The resource http://localhost:3000/_next/static/css/app/layout.css?v=1778832410753 was preloaded using link preload but not used within a few seconds from the window's load event. Please make sure it has an appropriate `as` value and it is preloaded intentionally. @ http://localhost:3000/campaign/cmmr6djjy0000ws482a52nc1y:0
[20125187ms] [WARNING] The resource http://localhost:3000/_next/static/css/app/layout.css?v=1778832410753 was preloaded using link preload but not used within a few seconds from the window's load event. Please make sure it has an appropriate `as` value and it is preloaded intentionally. @ http://localhost:3000/campaign/cmmr6djjy0000ws482a52nc1y:0
[20155190ms] [WARNING] The resource http://localhost:3000/_next/static/css/app/layout.css?v=1778832410753 was preloaded using link preload but not used within a few seconds from the window's load event. Please make sure it has an appropriate `as` value and it is preloaded intentionally. @ http://localhost:3000/campaign/cmmr6djjy0000ws482a52nc1y:0
[20185160ms] [WARNING] The resource http://localhost:3000/_next/static/css/app/layout.css?v=1778832410753 was preloaded using link preload but not used within a few seconds from the window's load event. Please make sure it has an appropriate `as` value and it is preloaded intentionally. @ http://localhost:3000/campaign/cmmr6djjy0000ws482a52nc1y:0
[20215161ms] [WARNING] The resource http://localhost:3000/_next/static/css/app/layout.css?v=1778832410753 was preloaded using link preload but not used within a few seconds from the window's load event. Please make sure it has an appropriate `as` value and it is preloaded intentionally. @ http://localhost:3000/campaign/cmmr6djjy0000ws482a52nc1y:0
[20245175ms] [WARNING] The resource http://localhost:3000/_next/static/css/app/layout.css?v=1778832410753 was preloaded using link preload but not used within a few seconds from the window's load event. Please make sure it has an appropriate `as` value and it is preloaded intentionally. @ http://localhost:3000/campaign/cmmr6djjy0000ws482a52nc1y:0
[20275192ms] [WARNING] The resource http://localhost:3000/_next/static/css/app/layout.css?v=1778832410753 was preloaded using link preload but not used within a few seconds from the window's load event. Please make sure it has an appropriate `as` value and it is preloaded intentionally. @ http://localhost:3000/campaign/cmmr6djjy0000ws482a52nc1y:0
[20305190ms] [WARNING] The resource http://localhost:3000/_next/static/css/app/layout.css?v=1778832410753 was preloaded using link preload but not used within a few seconds from the window's load event. Please make sure it has an appropriate `as` value and it is preloaded intentionally. @ http://localhost:3000/campaign/cmmr6djjy0000ws482a52nc1y:0
[20335175ms] [WARNING] The resource http://localhost:3000/_next/static/css/app/layout.css?v=1778832410753 was preloaded using link preload but not used within a few seconds from the window's load event. Please make sure it has an appropriate `as` value and it is preloaded intentionally. @ http://localhost:3000/campaign/cmmr6djjy0000ws482a52nc1y:0
[20365192ms] [WARNING] The resource http://localhost:3000/_next/static/css/app/layout.css?v=1778832410753 was preloaded using link preload but not used within a few seconds from the window's load event. Please make sure it has an appropriate `as` value and it is preloaded intentionally. @ http://localhost:3000/campaign/cmmr6djjy0000ws482a52nc1y:0
[20395174ms] [WARNING] The resource http://localhost:3000/_next/static/css/app/layout.css?v=1778832410753 was preloaded using link preload but not used within a few seconds from the window's load event. Please make sure it has an appropriate `as` value and it is preloaded intentionally. @ http://localhost:3000/campaign/cmmr6djjy0000ws482a52nc1y:0
[20425169ms] [WARNING] The resource http://localhost:3000/_next/static/css/app/layout.css?v=1778832410753 was preloaded using link preload but not used within a few seconds from the window's load event. Please make sure it has an appropriate `as` value and it is preloaded intentionally. @ http://localhost:3000/campaign/cmmr6djjy0000ws482a52nc1y:0
[20455181ms] [WARNING] The resource http://localhost:3000/_next/static/css/app/layout.css?v=1778832410753 was preloaded using link preload but not used within a few seconds from the window's load event. Please make sure it has an appropriate `as` value and it is preloaded intentionally. @ http://localhost:3000/campaign/cmmr6djjy0000ws482a52nc1y:0
[20485175ms] [WARNING] The resource http://localhost:3000/_next/static/css/app/layout.css?v=1778832410753 was preloaded using link preload but not used within a few seconds from the window's load event. Please make sure it has an appropriate `as` value and it is preloaded intentionally. @ http://localhost:3000/campaign/cmmr6djjy0000ws482a52nc1y:0
[20515186ms] [WARNING] The resource http://localhost:3000/_next/static/css/app/layout.css?v=1778832410753 was preloaded using link preload but not used within a few seconds from the window's load event. Please make sure it has an appropriate `as` value and it is preloaded intentionally. @ http://localhost:3000/campaign/cmmr6djjy0000ws482a52nc1y:0
[20545170ms] [WARNING] The resource http://localhost:3000/_next/static/css/app/layout.css?v=1778832410753 was preloaded using link preload but not used within a few seconds from the window's load event. Please make sure it has an appropriate `as` value and it is preloaded intentionally. @ http://localhost:3000/campaign/cmmr6djjy0000ws482a52nc1y:0
[20575184ms] [WARNING] The resource http://localhost:3000/_next/static/css/app/layout.css?v=1778832410753 was preloaded using link preload but not used within a few seconds from the window's load event. Please make sure it has an appropriate `as` value and it is preloaded intentionally. @ http://localhost:3000/campaign/cmmr6djjy0000ws482a52nc1y:0
[20605188ms] [WARNING] The resource http://localhost:3000/_next/static/css/app/layout.css?v=1778832410753 was preloaded using link preload but not used within a few seconds from the window's load event. Please make sure it has an appropriate `as` value and it is preloaded intentionally. @ http://localhost:3000/campaign/cmmr6djjy0000ws482a52nc1y:0
[20635176ms] [WARNING] The resource http://localhost:3000/_next/static/css/app/layout.css?v=1778832410753 was preloaded using link preload but not used within a few seconds from the window's load event. Please make sure it has an appropriate `as` value and it is preloaded intentionally. @ http://localhost:3000/campaign/cmmr6djjy0000ws482a52nc1y:0
[20665189ms] [WARNING] The resource http://localhost:3000/_next/static/css/app/layout.css?v=1778832410753 was preloaded using link preload but not used within a few seconds from the window's load event. Please make sure it has an appropriate `as` value and it is preloaded intentionally. @ http://localhost:3000/campaign/cmmr6djjy0000ws482a52nc1y:0
[20695171ms] [WARNING] The resource http://localhost:3000/_next/static/css/app/layout.css?v=1778832410753 was preloaded using link preload but not used within a few seconds from the window's load event. Please make sure it has an appropriate `as` value and it is preloaded intentionally. @ http://localhost:3000/campaign/cmmr6djjy0000ws482a52nc1y:0
[20725168ms] [WARNING] The resource http://localhost:3000/_next/static/css/app/layout.css?v=1778832410753 was preloaded using link preload but not used within a few seconds from the window's load event. Please make sure it has an appropriate `as` value and it is preloaded intentionally. @ http://localhost:3000/campaign/cmmr6djjy0000ws482a52nc1y:0
[20755181ms] [WARNING] The resource http://localhost:3000/_next/static/css/app/layout.css?v=1778832410753 was preloaded using link preload but not used within a few seconds from the window's load event. Please make sure it has an appropriate `as` value and it is preloaded intentionally. @ http://localhost:3000/campaign/cmmr6djjy0000ws482a52nc1y:0
[20785181ms] [WARNING] The resource http://localhost:3000/_next/static/css/app/layout.css?v=1778832410753 was preloaded using link preload but not used within a few seconds from the window's load event. Please make sure it has an appropriate `as` value and it is preloaded intentionally. @ http://localhost:3000/campaign/cmmr6djjy0000ws482a52nc1y:0
[20815172ms] [WARNING] The resource http://localhost:3000/_next/static/css/app/layout.css?v=1778832410753 was preloaded using link preload but not used within a few seconds from the window's load event. Please make sure it has an appropriate `as` value and it is preloaded intentionally. @ http://localhost:3000/campaign/cmmr6djjy0000ws482a52nc1y:0
[20845177ms] [WARNING] The resource http://localhost:3000/_next/static/css/app/layout.css?v=1778832410753 was preloaded using link preload but not used within a few seconds from the window's load event. Please make sure it has an appropriate `as` value and it is preloaded intentionally. @ http://localhost:3000/campaign/cmmr6djjy0000ws482a52nc1y:0
[20875174ms] [WARNING] The resource http://localhost:3000/_next/static/css/app/layout.css?v=1778832410753 was preloaded using link preload but not used within a few seconds from the window's load event. Please make sure it has an appropriate `as` value and it is preloaded intentionally. @ http://localhost:3000/campaign/cmmr6djjy0000ws482a52nc1y:0
[20905174ms] [WARNING] The resource http://localhost:3000/_next/static/css/app/layout.css?v=1778832410753 was preloaded using link preload but not used within a few seconds from the window's load event. Please make sure it has an appropriate `as` value and it is preloaded intentionally. @ http://localhost:3000/campaign/cmmr6djjy0000ws482a52nc1y:0
[20935168ms] [WARNING] The resource http://localhost:3000/_next/static/css/app/layout.css?v=1778832410753 was preloaded using link preload but not used within a few seconds from the window's load event. Please make sure it has an appropriate `as` value and it is preloaded intentionally. @ http://localhost:3000/campaign/cmmr6djjy0000ws482a52nc1y:0
[20965174ms] [WARNING] The resource http://localhost:3000/_next/static/css/app/layout.css?v=1778832410753 was preloaded using link preload but not used within a few seconds from the window's load event. Please make sure it has an appropriate `as` value and it is preloaded intentionally. @ http://localhost:3000/campaign/cmmr6djjy0000ws482a52nc1y:0
[20995171ms] [WARNING] The resource http://localhost:3000/_next/static/css/app/layout.css?v=1778832410753 was preloaded using link preload but not used within a few seconds from the window's load event. Please make sure it has an appropriate `as` value and it is preloaded intentionally. @ http://localhost:3000/campaign/cmmr6djjy0000ws482a52nc1y:0
[21025182ms] [WARNING] The resource http://localhost:3000/_next/static/css/app/layout.css?v=1778832410753 was preloaded using link preload but not used within a few seconds from the window's load event. Please make sure it has an appropriate `as` value and it is preloaded intentionally. @ http://localhost:3000/campaign/cmmr6djjy0000ws482a52nc1y:0
[21055168ms] [WARNING] The resource http://localhost:3000/_next/static/css/app/layout.css?v=1778832410753 was preloaded using link preload but not used within a few seconds from the window's load event. Please make sure it has an appropriate `as` value and it is preloaded intentionally. @ http://localhost:3000/campaign/cmmr6djjy0000ws482a52nc1y:0
[21085187ms] [WARNING] The resource http://localhost:3000/_next/static/css/app/layout.css?v=1778832410753 was preloaded using link preload but not used within a few seconds from the window's load event. Please make sure it has an appropriate `as` value and it is preloaded intentionally. @ http://localhost:3000/campaign/cmmr6djjy0000ws482a52nc1y:0
[21115190ms] [WARNING] The resource http://localhost:3000/_next/static/css/app/layout.css?v=1778832410753 was preloaded using link preload but not used within a few seconds from the window's load event. Please make sure it has an appropriate `as` value and it is preloaded intentionally. @ http://localhost:3000/campaign/cmmr6djjy0000ws482a52nc1y:0
[21145165ms] [WARNING] The resource http://localhost:3000/_next/static/css/app/layout.css?v=1778832410753 was preloaded using link preload but not used within a few seconds from the window's load event. Please make sure it has an appropriate `as` value and it is preloaded intentionally. @ http://localhost:3000/campaign/cmmr6djjy0000ws482a52nc1y:0
[21175167ms] [WARNING] The resource http://localhost:3000/_next/static/css/app/layout.css?v=1778832410753 was preloaded using link preload but not used within a few seconds from the window's load event. Please make sure it has an appropriate `as` value and it is preloaded intentionally. @ http://localhost:3000/campaign/cmmr6djjy0000ws482a52nc1y:0
[21205182ms] [WARNING] The resource http://localhost:3000/_next/static/css/app/layout.css?v=1778832410753 was preloaded using link preload but not used within a few seconds from the window's load event. Please make sure it has an appropriate `as` value and it is preloaded intentionally. @ http://localhost:3000/campaign/cmmr6djjy0000ws482a52nc1y:0
[21235186ms] [WARNING] The resource http://localhost:3000/_next/static/css/app/layout.css?v=1778832410753 was preloaded using link preload but not used within a few seconds from the window's load event. Please make sure it has an appropriate `as` value and it is preloaded intentionally. @ http://localhost:3000/campaign/cmmr6djjy0000ws482a52nc1y:0
[21265188ms] [WARNING] The resource http://localhost:3000/_next/static/css/app/layout.css?v=1778832410753 was preloaded using link preload but not used within a few seconds from the window's load event. Please make sure it has an appropriate `as` value and it is preloaded intentionally. @ http://localhost:3000/campaign/cmmr6djjy0000ws482a52nc1y:0
[21295187ms] [WARNING] The resource http://localhost:3000/_next/static/css/app/layout.css?v=1778832410753 was preloaded using link preload but not used within a few seconds from the window's load event. Please make sure it has an appropriate `as` value and it is preloaded intentionally. @ http://localhost:3000/campaign/cmmr6djjy0000ws482a52nc1y:0
[21325208ms] [WARNING] The resource http://localhost:3000/_next/static/css/app/layout.css?v=1778832410753 was preloaded using link preload but not used within a few seconds from the window's load event. Please make sure it has an appropriate `as` value and it is preloaded intentionally. @ http://localhost:3000/campaign/cmmr6djjy0000ws482a52nc1y:0
[21355172ms] [WARNING] The resource http://localhost:3000/_next/static/css/app/layout.css?v=1778832410753 was preloaded using link preload but not used within a few seconds from the window's load event. Please make sure it has an appropriate `as` value and it is preloaded intentionally. @ http://localhost:3000/campaign/cmmr6djjy0000ws482a52nc1y:0
[21385186ms] [WARNING] The resource http://localhost:3000/_next/static/css/app/layout.css?v=1778832410753 was preloaded using link preload but not used within a few seconds from the window's load event. Please make sure it has an appropriate `as` value and it is preloaded intentionally. @ http://localhost:3000/campaign/cmmr6djjy0000ws482a52nc1y:0
[21415185ms] [WARNING] The resource http://localhost:3000/_next/static/css/app/layout.css?v=1778832410753 was preloaded using link preload but not used within a few seconds from the window's load event. Please make sure it has an appropriate `as` value and it is preloaded intentionally. @ http://localhost:3000/campaign/cmmr6djjy0000ws482a52nc1y:0
[21445162ms] [WARNING] The resource http://localhost:3000/_next/static/css/app/layout.css?v=1778832410753 was preloaded using link preload but not used within a few seconds from the window's load event. Please make sure it has an appropriate `as` value and it is preloaded intentionally. @ http://localhost:3000/campaign/cmmr6djjy0000ws482a52nc1y:0
[21475181ms] [WARNING] The resource http://localhost:3000/_next/static/css/app/layout.css?v=1778832410753 was preloaded using link preload but not used within a few seconds from the window's load event. Please make sure it has an appropriate `as` value and it is preloaded intentionally. @ http://localhost:3000/campaign/cmmr6djjy0000ws482a52nc1y:0
[21505168ms] [WARNING] The resource http://localhost:3000/_next/static/css/app/layout.css?v=1778832410753 was preloaded using link preload but not used within a few seconds from the window's load event. Please make sure it has an appropriate `as` value and it is preloaded intentionally. @ http://localhost:3000/campaign/cmmr6djjy0000ws482a52nc1y:0
[21535177ms] [WARNING] The resource http://localhost:3000/_next/static/css/app/layout.css?v=1778832410753 was preloaded using link preload but not used within a few seconds from the window's load event. Please make sure it has an appropriate `as` value and it is preloaded intentionally. @ http://localhost:3000/campaign/cmmr6djjy0000ws482a52nc1y:0
[21565175ms] [WARNING] The resource http://localhost:3000/_next/static/css/app/layout.css?v=1778832410753 was preloaded using link preload but not used within a few seconds from the window's load event. Please make sure it has an appropriate `as` value and it is preloaded intentionally. @ http://localhost:3000/campaign/cmmr6djjy0000ws482a52nc1y:0
[21595181ms] [WARNING] The resource http://localhost:3000/_next/static/css/app/layout.css?v=1778832410753 was preloaded using link preload but not used within a few seconds from the window's load event. Please make sure it has an appropriate `as` value and it is preloaded intentionally. @ http://localhost:3000/campaign/cmmr6djjy0000ws482a52nc1y:0
[21625167ms] [WARNING] The resource http://localhost:3000/_next/static/css/app/layout.css?v=1778832410753 was preloaded using link preload but not used within a few seconds from the window's load event. Please make sure it has an appropriate `as` value and it is preloaded intentionally. @ http://localhost:3000/campaign/cmmr6djjy0000ws482a52nc1y:0
[21655185ms] [WARNING] The resource http://localhost:3000/_next/static/css/app/layout.css?v=1778832410753 was preloaded using link preload but not used within a few seconds from the window's load event. Please make sure it has an appropriate `as` value and it is preloaded intentionally. @ http://localhost:3000/campaign/cmmr6djjy0000ws482a52nc1y:0
[21685182ms] [WARNING] The resource http://localhost:3000/_next/static/css/app/layout.css?v=1778832410753 was preloaded using link preload but not used within a few seconds from the window's load event. Please make sure it has an appropriate `as` value and it is preloaded intentionally. @ http://localhost:3000/campaign/cmmr6djjy0000ws482a52nc1y:0
[21715165ms] [WARNING] The resource http://localhost:3000/_next/static/css/app/layout.css?v=1778832410753 was preloaded using link preload but not used within a few seconds from the window's load event. Please make sure it has an appropriate `as` value and it is preloaded intentionally. @ http://localhost:3000/campaign/cmmr6djjy0000ws482a52nc1y:0
[21745172ms] [WARNING] The resource http://localhost:3000/_next/static/css/app/layout.css?v=1778832410753 was preloaded using link preload but not used within a few seconds from the window's load event. Please make sure it has an appropriate `as` value and it is preloaded intentionally. @ http://localhost:3000/campaign/cmmr6djjy0000ws482a52nc1y:0
[21775169ms] [WARNING] The resource http://localhost:3000/_next/static/css/app/layout.css?v=1778832410753 was preloaded using link preload but not used within a few seconds from the window's load event. Please make sure it has an appropriate `as` value and it is preloaded intentionally. @ http://localhost:3000/campaign/cmmr6djjy0000ws482a52nc1y:0
[21805170ms] [WARNING] The resource http://localhost:3000/_next/static/css/app/layout.css?v=1778832410753 was preloaded using link preload but not used within a few seconds from the window's load event. Please make sure it has an appropriate `as` value and it is preloaded intentionally. @ http://localhost:3000/campaign/cmmr6djjy0000ws482a52nc1y:0
[21835187ms] [WARNING] The resource http://localhost:3000/_next/static/css/app/layout.css?v=1778832410753 was preloaded using link preload but not used within a few seconds from the window's load event. Please make sure it has an appropriate `as` value and it is preloaded intentionally. @ http://localhost:3000/campaign/cmmr6djjy0000ws482a52nc1y:0
[21865192ms] [WARNING] The resource http://localhost:3000/_next/static/css/app/layout.css?v=1778832410753 was preloaded using link preload but not used within a few seconds from the window's load event. Please make sure it has an appropriate `as` value and it is preloaded intentionally. @ http://localhost:3000/campaign/cmmr6djjy0000ws482a52nc1y:0
[21895184ms] [WARNING] The resource http://localhost:3000/_next/static/css/app/layout.css?v=1778832410753 was preloaded using link preload but not used within a few seconds from the window's load event. Please make sure it has an appropriate `as` value and it is preloaded intentionally. @ http://localhost:3000/campaign/cmmr6djjy0000ws482a52nc1y:0
[21925178ms] [WARNING] The resource http://localhost:3000/_next/static/css/app/layout.css?v=1778832410753 was preloaded using link preload but not used within a few seconds from the window's load event. Please make sure it has an appropriate `as` value and it is preloaded intentionally. @ http://localhost:3000/campaign/cmmr6djjy0000ws482a52nc1y:0
[21955177ms] [WARNING] The resource http://localhost:3000/_next/static/css/app/layout.css?v=1778832410753 was preloaded using link preload but not used within a few seconds from the window's load event. Please make sure it has an appropriate `as` value and it is preloaded intentionally. @ http://localhost:3000/campaign/cmmr6djjy0000ws482a52nc1y:0
[21985178ms] [WARNING] The resource http://localhost:3000/_next/static/css/app/layout.css?v=1778832410753 was preloaded using link preload but not used within a few seconds from the window's load event. Please make sure it has an appropriate `as` value and it is preloaded intentionally. @ http://localhost:3000/campaign/cmmr6djjy0000ws482a52nc1y:0
[22015184ms] [WARNING] The resource http://localhost:3000/_next/static/css/app/layout.css?v=1778832410753 was preloaded using link preload but not used within a few seconds from the window's load event. Please make sure it has an appropriate `as` value and it is preloaded intentionally. @ http://localhost:3000/campaign/cmmr6djjy0000ws482a52nc1y:0
[22045166ms] [WARNING] The resource http://localhost:3000/_next/static/css/app/layout.css?v=1778832410753 was preloaded using link preload but not used within a few seconds from the window's load event. Please make sure it has an appropriate `as` value and it is preloaded intentionally. @ http://localhost:3000/campaign/cmmr6djjy0000ws482a52nc1y:0
[22075164ms] [WARNING] The resource http://localhost:3000/_next/static/css/app/layout.css?v=1778832410753 was preloaded using link preload but not used within a few seconds from the window's load event. Please make sure it has an appropriate `as` value and it is preloaded intentionally. @ http://localhost:3000/campaign/cmmr6djjy0000ws482a52nc1y:0
[22105172ms] [WARNING] The resource http://localhost:3000/_next/static/css/app/layout.css?v=1778832410753 was preloaded using link preload but not used within a few seconds from the window's load event. Please make sure it has an appropriate `as` value and it is preloaded intentionally. @ http://localhost:3000/campaign/cmmr6djjy0000ws482a52nc1y:0
[22135170ms] [WARNING] The resource http://localhost:3000/_next/static/css/app/layout.css?v=1778832410753 was preloaded using link preload but not used within a few seconds from the window's load event. Please make sure it has an appropriate `as` value and it is preloaded intentionally. @ http://localhost:3000/campaign/cmmr6djjy0000ws482a52nc1y:0
[22165171ms] [WARNING] The resource http://localhost:3000/_next/static/css/app/layout.css?v=1778832410753 was preloaded using link preload but not used within a few seconds from the window's load event. Please make sure it has an appropriate `as` value and it is preloaded intentionally. @ http://localhost:3000/campaign/cmmr6djjy0000ws482a52nc1y:0
[22195186ms] [WARNING] The resource http://localhost:3000/_next/static/css/app/layout.css?v=1778832410753 was preloaded using link preload but not used within a few seconds from the window's load event. Please make sure it has an appropriate `as` value and it is preloaded intentionally. @ http://localhost:3000/campaign/cmmr6djjy0000ws482a52nc1y:0
[22225172ms] [WARNING] The resource http://localhost:3000/_next/static/css/app/layout.css?v=1778832410753 was preloaded using link preload but not used within a few seconds from the window's load event. Please make sure it has an appropriate `as` value and it is preloaded intentionally. @ http://localhost:3000/campaign/cmmr6djjy0000ws482a52nc1y:0
[22255182ms] [WARNING] The resource http://localhost:3000/_next/static/css/app/layout.css?v=1778832410753 was preloaded using link preload but not used within a few seconds from the window's load event. Please make sure it has an appropriate `as` value and it is preloaded intentionally. @ http://localhost:3000/campaign/cmmr6djjy0000ws482a52nc1y:0
[22285182ms] [WARNING] The resource http://localhost:3000/_next/static/css/app/layout.css?v=1778832410753 was preloaded using link preload but not used within a few seconds from the window's load event. Please make sure it has an appropriate `as` value and it is preloaded intentionally. @ http://localhost:3000/campaign/cmmr6djjy0000ws482a52nc1y:0
[22315183ms] [WARNING] The resource http://localhost:3000/_next/static/css/app/layout.css?v=1778832410753 was preloaded using link preload but not used within a few seconds from the window's load event. Please make sure it has an appropriate `as` value and it is preloaded intentionally. @ http://localhost:3000/campaign/cmmr6djjy0000ws482a52nc1y:0
[22345175ms] [WARNING] The resource http://localhost:3000/_next/static/css/app/layout.css?v=1778832410753 was preloaded using link preload but not used within a few seconds from the window's load event. Please make sure it has an appropriate `as` value and it is preloaded intentionally. @ http://localhost:3000/campaign/cmmr6djjy0000ws482a52nc1y:0
[22375165ms] [WARNING] The resource http://localhost:3000/_next/static/css/app/layout.css?v=1778832410753 was preloaded using link preload but not used within a few seconds from the window's load event. Please make sure it has an appropriate `as` value and it is preloaded intentionally. @ http://localhost:3000/campaign/cmmr6djjy0000ws482a52nc1y:0
[22405180ms] [WARNING] The resource http://localhost:3000/_next/static/css/app/layout.css?v=1778832410753 was preloaded using link preload but not used within a few seconds from the window's load event. Please make sure it has an appropriate `as` value and it is preloaded intentionally. @ http://localhost:3000/campaign/cmmr6djjy0000ws482a52nc1y:0
[22435169ms] [WARNING] The resource http://localhost:3000/_next/static/css/app/layout.css?v=1778832410753 was preloaded using link preload but not used within a few seconds from the window's load event. Please make sure it has an appropriate `as` value and it is preloaded intentionally. @ http://localhost:3000/campaign/cmmr6djjy0000ws482a52nc1y:0
[22465167ms] [WARNING] The resource http://localhost:3000/_next/static/css/app/layout.css?v=1778832410753 was preloaded using link preload but not used within a few seconds from the window's load event. Please make sure it has an appropriate `as` value and it is preloaded intentionally. @ http://localhost:3000/campaign/cmmr6djjy0000ws482a52nc1y:0
[22495173ms] [WARNING] The resource http://localhost:3000/_next/static/css/app/layout.css?v=1778832410753 was preloaded using link preload but not used within a few seconds from the window's load event. Please make sure it has an appropriate `as` value and it is preloaded intentionally. @ http://localhost:3000/campaign/cmmr6djjy0000ws482a52nc1y:0
[22525171ms] [WARNING] The resource http://localhost:3000/_next/static/css/app/layout.css?v=1778832410753 was preloaded using link preload but not used within a few seconds from the window's load event. Please make sure it has an appropriate `as` value and it is preloaded intentionally. @ http://localhost:3000/campaign/cmmr6djjy0000ws482a52nc1y:0
[22555196ms] [WARNING] The resource http://localhost:3000/_next/static/css/app/layout.css?v=1778832410753 was preloaded using link preload but not used within a few seconds from the window's load event. Please make sure it has an appropriate `as` value and it is preloaded intentionally. @ http://localhost:3000/campaign/cmmr6djjy0000ws482a52nc1y:0
[22585176ms] [WARNING] The resource http://localhost:3000/_next/static/css/app/layout.css?v=1778832410753 was preloaded using link preload but not used within a few seconds from the window's load event. Please make sure it has an appropriate `as` value and it is preloaded intentionally. @ http://localhost:3000/campaign/cmmr6djjy0000ws482a52nc1y:0
[22615194ms] [WARNING] The resource http://localhost:3000/_next/static/css/app/layout.css?v=1778832410753 was preloaded using link preload but not used within a few seconds from the window's load event. Please make sure it has an appropriate `as` value and it is preloaded intentionally. @ http://localhost:3000/campaign/cmmr6djjy0000ws482a52nc1y:0
[22645169ms] [WARNING] The resource http://localhost:3000/_next/static/css/app/layout.css?v=1778832410753 was preloaded using link preload but not used within a few seconds from the window's load event. Please make sure it has an appropriate `as` value and it is preloaded intentionally. @ http://localhost:3000/campaign/cmmr6djjy0000ws482a52nc1y:0
[22675201ms] [WARNING] The resource http://localhost:3000/_next/static/css/app/layout.css?v=1778832410753 was preloaded using link preload but not used within a few seconds from the window's load event. Please make sure it has an appropriate `as` value and it is preloaded intentionally. @ http://localhost:3000/campaign/cmmr6djjy0000ws482a52nc1y:0
[22705163ms] [WARNING] The resource http://localhost:3000/_next/static/css/app/layout.css?v=1778832410753 was preloaded using link preload but not used within a few seconds from the window's load event. Please make sure it has an appropriate `as` value and it is preloaded intentionally. @ http://localhost:3000/campaign/cmmr6djjy0000ws482a52nc1y:0
[22735182ms] [WARNING] The resource http://localhost:3000/_next/static/css/app/layout.css?v=1778832410753 was preloaded using link preload but not used within a few seconds from the window's load event. Please make sure it has an appropriate `as` value and it is preloaded intentionally. @ http://localhost:3000/campaign/cmmr6djjy0000ws482a52nc1y:0
[22765183ms] [WARNING] The resource http://localhost:3000/_next/static/css/app/layout.css?v=1778832410753 was preloaded using link preload but not used within a few seconds from the window's load event. Please make sure it has an appropriate `as` value and it is preloaded intentionally. @ http://localhost:3000/campaign/cmmr6djjy0000ws482a52nc1y:0
[22795182ms] [WARNING] The resource http://localhost:3000/_next/static/css/app/layout.css?v=1778832410753 was preloaded using link preload but not used within a few seconds from the window's load event. Please make sure it has an appropriate `as` value and it is preloaded intentionally. @ http://localhost:3000/campaign/cmmr6djjy0000ws482a52nc1y:0
[22825173ms] [WARNING] The resource http://localhost:3000/_next/static/css/app/layout.css?v=1778832410753 was preloaded using link preload but not used within a few seconds from the window's load event. Please make sure it has an appropriate `as` value and it is preloaded intentionally. @ http://localhost:3000/campaign/cmmr6djjy0000ws482a52nc1y:0
[22855187ms] [WARNING] The resource http://localhost:3000/_next/static/css/app/layout.css?v=1778832410753 was preloaded using link preload but not used within a few seconds from the window's load event. Please make sure it has an appropriate `as` value and it is preloaded intentionally. @ http://localhost:3000/campaign/cmmr6djjy0000ws482a52nc1y:0
[22885177ms] [WARNING] The resource http://localhost:3000/_next/static/css/app/layout.css?v=1778832410753 was preloaded using link preload but not used within a few seconds from the window's load event. Please make sure it has an appropriate `as` value and it is preloaded intentionally. @ http://localhost:3000/campaign/cmmr6djjy0000ws482a52nc1y:0
[22915165ms] [WARNING] The resource http://localhost:3000/_next/static/css/app/layout.css?v=1778832410753 was preloaded using link preload but not used within a few seconds from the window's load event. Please make sure it has an appropriate `as` value and it is preloaded intentionally. @ http://localhost:3000/campaign/cmmr6djjy0000ws482a52nc1y:0
[22945167ms] [WARNING] The resource http://localhost:3000/_next/static/css/app/layout.css?v=1778832410753 was preloaded using link preload but not used within a few seconds from the window's load event. Please make sure it has an appropriate `as` value and it is preloaded intentionally. @ http://localhost:3000/campaign/cmmr6djjy0000ws482a52nc1y:0
[22975167ms] [WARNING] The resource http://localhost:3000/_next/static/css/app/layout.css?v=1778832410753 was preloaded using link preload but not used within a few seconds from the window's load event. Please make sure it has an appropriate `as` value and it is preloaded intentionally. @ http://localhost:3000/campaign/cmmr6djjy0000ws482a52nc1y:0
[23005172ms] [WARNING] The resource http://localhost:3000/_next/static/css/app/layout.css?v=1778832410753 was preloaded using link preload but not used within a few seconds from the window's load event. Please make sure it has an appropriate `as` value and it is preloaded intentionally. @ http://localhost:3000/campaign/cmmr6djjy0000ws482a52nc1y:0
[23035174ms] [WARNING] The resource http://localhost:3000/_next/static/css/app/layout.css?v=1778832410753 was preloaded using link preload but not used within a few seconds from the window's load event. Please make sure it has an appropriate `as` value and it is preloaded intentionally. @ http://localhost:3000/campaign/cmmr6djjy0000ws482a52nc1y:0
[23065172ms] [WARNING] The resource http://localhost:3000/_next/static/css/app/layout.css?v=1778832410753 was preloaded using link preload but not used within a few seconds from the window's load event. Please make sure it has an appropriate `as` value and it is preloaded intentionally. @ http://localhost:3000/campaign/cmmr6djjy0000ws482a52nc1y:0
[23095164ms] [WARNING] The resource http://localhost:3000/_next/static/css/app/layout.css?v=1778832410753 was preloaded using link preload but not used within a few seconds from the window's load event. Please make sure it has an appropriate `as` value and it is preloaded intentionally. @ http://localhost:3000/campaign/cmmr6djjy0000ws482a52nc1y:0
[23125182ms] [WARNING] The resource http://localhost:3000/_next/static/css/app/layout.css?v=1778832410753 was preloaded using link preload but not used within a few seconds from the window's load event. Please make sure it has an appropriate `as` value and it is preloaded intentionally. @ http://localhost:3000/campaign/cmmr6djjy0000ws482a52nc1y:0
[23155171ms] [WARNING] The resource http://localhost:3000/_next/static/css/app/layout.css?v=1778832410753 was preloaded using link preload but not used within a few seconds from the window's load event. Please make sure it has an appropriate `as` value and it is preloaded intentionally. @ http://localhost:3000/campaign/cmmr6djjy0000ws482a52nc1y:0
[23185171ms] [WARNING] The resource http://localhost:3000/_next/static/css/app/layout.css?v=1778832410753 was preloaded using link preload but not used within a few seconds from the window's load event. Please make sure it has an appropriate `as` value and it is preloaded intentionally. @ http://localhost:3000/campaign/cmmr6djjy0000ws482a52nc1y:0
[23215184ms] [WARNING] The resource http://localhost:3000/_next/static/css/app/layout.css?v=1778832410753 was preloaded using link preload but not used within a few seconds from the window's load event. Please make sure it has an appropriate `as` value and it is preloaded intentionally. @ http://localhost:3000/campaign/cmmr6djjy0000ws482a52nc1y:0
[23245185ms] [WARNING] The resource http://localhost:3000/_next/static/css/app/layout.css?v=1778832410753 was preloaded using link preload but not used within a few seconds from the window's load event. Please make sure it has an appropriate `as` value and it is preloaded intentionally. @ http://localhost:3000/campaign/cmmr6djjy0000ws482a52nc1y:0
[23275168ms] [WARNING] The resource http://localhost:3000/_next/static/css/app/layout.css?v=1778832410753 was preloaded using link preload but not used within a few seconds from the window's load event. Please make sure it has an appropriate `as` value and it is preloaded intentionally. @ http://localhost:3000/campaign/cmmr6djjy0000ws482a52nc1y:0
[23305174ms] [WARNING] The resource http://localhost:3000/_next/static/css/app/layout.css?v=1778832410753 was preloaded using link preload but not used within a few seconds from the window's load event. Please make sure it has an appropriate `as` value and it is preloaded intentionally. @ http://localhost:3000/campaign/cmmr6djjy0000ws482a52nc1y:0
[23335182ms] [WARNING] The resource http://localhost:3000/_next/static/css/app/layout.css?v=1778832410753 was preloaded using link preload but not used within a few seconds from the window's load event. Please make sure it has an appropriate `as` value and it is preloaded intentionally. @ http://localhost:3000/campaign/cmmr6djjy0000ws482a52nc1y:0
[23365164ms] [WARNING] The resource http://localhost:3000/_next/static/css/app/layout.css?v=1778832410753 was preloaded using link preload but not used within a few seconds from the window's load event. Please make sure it has an appropriate `as` value and it is preloaded intentionally. @ http://localhost:3000/campaign/cmmr6djjy0000ws482a52nc1y:0
[23395178ms] [WARNING] The resource http://localhost:3000/_next/static/css/app/layout.css?v=1778832410753 was preloaded using link preload but not used within a few seconds from the window's load event. Please make sure it has an appropriate `as` value and it is preloaded intentionally. @ http://localhost:3000/campaign/cmmr6djjy0000ws482a52nc1y:0
[23425186ms] [WARNING] The resource http://localhost:3000/_next/static/css/app/layout.css?v=1778832410753 was preloaded using link preload but not used within a few seconds from the window's load event. Please make sure it has an appropriate `as` value and it is preloaded intentionally. @ http://localhost:3000/campaign/cmmr6djjy0000ws482a52nc1y:0
[23455164ms] [WARNING] The resource http://localhost:3000/_next/static/css/app/layout.css?v=1778832410753 was preloaded using link preload but not used within a few seconds from the window's load event. Please make sure it has an appropriate `as` value and it is preloaded intentionally. @ http://localhost:3000/campaign/cmmr6djjy0000ws482a52nc1y:0
[23485192ms] [WARNING] The resource http://localhost:3000/_next/static/css/app/layout.css?v=1778832410753 was preloaded using link preload but not used within a few seconds from the window's load event. Please make sure it has an appropriate `as` value and it is preloaded intentionally. @ http://localhost:3000/campaign/cmmr6djjy0000ws482a52nc1y:0
[23515171ms] [WARNING] The resource http://localhost:3000/_next/static/css/app/layout.css?v=1778832410753 was preloaded using link preload but not used within a few seconds from the window's load event. Please make sure it has an appropriate `as` value and it is preloaded intentionally. @ http://localhost:3000/campaign/cmmr6djjy0000ws482a52nc1y:0
[23545190ms] [WARNING] The resource http://localhost:3000/_next/static/css/app/layout.css?v=1778832410753 was preloaded using link preload but not used within a few seconds from the window's load event. Please make sure it has an appropriate `as` value and it is preloaded intentionally. @ http://localhost:3000/campaign/cmmr6djjy0000ws482a52nc1y:0
[23575188ms] [WARNING] The resource http://localhost:3000/_next/static/css/app/layout.css?v=1778832410753 was preloaded using link preload but not used within a few seconds from the window's load event. Please make sure it has an appropriate `as` value and it is preloaded intentionally. @ http://localhost:3000/campaign/cmmr6djjy0000ws482a52nc1y:0
[23605185ms] [WARNING] The resource http://localhost:3000/_next/static/css/app/layout.css?v=1778832410753 was preloaded using link preload but not used within a few seconds from the window's load event. Please make sure it has an appropriate `as` value and it is preloaded intentionally. @ http://localhost:3000/campaign/cmmr6djjy0000ws482a52nc1y:0
[23635173ms] [WARNING] The resource http://localhost:3000/_next/static/css/app/layout.css?v=1778832410753 was preloaded using link preload but not used within a few seconds from the window's load event. Please make sure it has an appropriate `as` value and it is preloaded intentionally. @ http://localhost:3000/campaign/cmmr6djjy0000ws482a52nc1y:0
[23665190ms] [WARNING] The resource http://localhost:3000/_next/static/css/app/layout.css?v=1778832410753 was preloaded using link preload but not used within a few seconds from the window's load event. Please make sure it has an appropriate `as` value and it is preloaded intentionally. @ http://localhost:3000/campaign/cmmr6djjy0000ws482a52nc1y:0
[23695168ms] [WARNING] The resource http://localhost:3000/_next/static/css/app/layout.css?v=1778832410753 was preloaded using link preload but not used within a few seconds from the window's load event. Please make sure it has an appropriate `as` value and it is preloaded intentionally. @ http://localhost:3000/campaign/cmmr6djjy0000ws482a52nc1y:0
[23725171ms] [WARNING] The resource http://localhost:3000/_next/static/css/app/layout.css?v=1778832410753 was preloaded using link preload but not used within a few seconds from the window's load event. Please make sure it has an appropriate `as` value and it is preloaded intentionally. @ http://localhost:3000/campaign/cmmr6djjy0000ws482a52nc1y:0
[23755169ms] [WARNING] The resource http://localhost:3000/_next/static/css/app/layout.css?v=1778832410753 was preloaded using link preload but not used within a few seconds from the window's load event. Please make sure it has an appropriate `as` value and it is preloaded intentionally. @ http://localhost:3000/campaign/cmmr6djjy0000ws482a52nc1y:0
[23785176ms] [WARNING] The resource http://localhost:3000/_next/static/css/app/layout.css?v=1778832410753 was preloaded using link preload but not used within a few seconds from the window's load event. Please make sure it has an appropriate `as` value and it is preloaded intentionally. @ http://localhost:3000/campaign/cmmr6djjy0000ws482a52nc1y:0
[23815192ms] [WARNING] The resource http://localhost:3000/_next/static/css/app/layout.css?v=1778832410753 was preloaded using link preload but not used within a few seconds from the window's load event. Please make sure it has an appropriate `as` value and it is preloaded intentionally. @ http://localhost:3000/campaign/cmmr6djjy0000ws482a52nc1y:0
[23845204ms] [WARNING] The resource http://localhost:3000/_next/static/css/app/layout.css?v=1778832410753 was preloaded using link preload but not used within a few seconds from the window's load event. Please make sure it has an appropriate `as` value and it is preloaded intentionally. @ http://localhost:3000/campaign/cmmr6djjy0000ws482a52nc1y:0
[23875171ms] [WARNING] The resource http://localhost:3000/_next/static/css/app/layout.css?v=1778832410753 was preloaded using link preload but not used within a few seconds from the window's load event. Please make sure it has an appropriate `as` value and it is preloaded intentionally. @ http://localhost:3000/campaign/cmmr6djjy0000ws482a52nc1y:0
[23905186ms] [WARNING] The resource http://localhost:3000/_next/static/css/app/layout.css?v=1778832410753 was preloaded using link preload but not used within a few seconds from the window's load event. Please make sure it has an appropriate `as` value and it is preloaded intentionally. @ http://localhost:3000/campaign/cmmr6djjy0000ws482a52nc1y:0
[23935175ms] [WARNING] The resource http://localhost:3000/_next/static/css/app/layout.css?v=1778832410753 was preloaded using link preload but not used within a few seconds from the window's load event. Please make sure it has an appropriate `as` value and it is preloaded intentionally. @ http://localhost:3000/campaign/cmmr6djjy0000ws482a52nc1y:0
[23965190ms] [WARNING] The resource http://localhost:3000/_next/static/css/app/layout.css?v=1778832410753 was preloaded using link preload but not used within a few seconds from the window's load event. Please make sure it has an appropriate `as` value and it is preloaded intentionally. @ http://localhost:3000/campaign/cmmr6djjy0000ws482a52nc1y:0
[23995194ms] [WARNING] The resource http://localhost:3000/_next/static/css/app/layout.css?v=1778832410753 was preloaded using link preload but not used within a few seconds from the window's load event. Please make sure it has an appropriate `as` value and it is preloaded intentionally. @ http://localhost:3000/campaign/cmmr6djjy0000ws482a52nc1y:0
[24025188ms] [WARNING] The resource http://localhost:3000/_next/static/css/app/layout.css?v=1778832410753 was preloaded using link preload but not used within a few seconds from the window's load event. Please make sure it has an appropriate `as` value and it is preloaded intentionally. @ http://localhost:3000/campaign/cmmr6djjy0000ws482a52nc1y:0
[24055188ms] [WARNING] The resource http://localhost:3000/_next/static/css/app/layout.css?v=1778832410753 was preloaded using link preload but not used within a few seconds from the window's load event. Please make sure it has an appropriate `as` value and it is preloaded intentionally. @ http://localhost:3000/campaign/cmmr6djjy0000ws482a52nc1y:0
[24085162ms] [WARNING] The resource http://localhost:3000/_next/static/css/app/layout.css?v=1778832410753 was preloaded using link preload but not used within a few seconds from the window's load event. Please make sure it has an appropriate `as` value and it is preloaded intentionally. @ http://localhost:3000/campaign/cmmr6djjy0000ws482a52nc1y:0
[24115178ms] [WARNING] The resource http://localhost:3000/_next/static/css/app/layout.css?v=1778832410753 was preloaded using link preload but not used within a few seconds from the window's load event. Please make sure it has an appropriate `as` value and it is preloaded intentionally. @ http://localhost:3000/campaign/cmmr6djjy0000ws482a52nc1y:0
[24145171ms] [WARNING] The resource http://localhost:3000/_next/static/css/app/layout.css?v=1778832410753 was preloaded using link preload but not used within a few seconds from the window's load event. Please make sure it has an appropriate `as` value and it is preloaded intentionally. @ http://localhost:3000/campaign/cmmr6djjy0000ws482a52nc1y:0
[24175196ms] [WARNING] The resource http://localhost:3000/_next/static/css/app/layout.css?v=1778832410753 was preloaded using link preload but not used within a few seconds from the window's load event. Please make sure it has an appropriate `as` value and it is preloaded intentionally. @ http://localhost:3000/campaign/cmmr6djjy0000ws482a52nc1y:0
[24205166ms] [WARNING] The resource http://localhost:3000/_next/static/css/app/layout.css?v=1778832410753 was preloaded using link preload but not used within a few seconds from the window's load event. Please make sure it has an appropriate `as` value and it is preloaded intentionally. @ http://localhost:3000/campaign/cmmr6djjy0000ws482a52nc1y:0
[24235175ms] [WARNING] The resource http://localhost:3000/_next/static/css/app/layout.css?v=1778832410753 was preloaded using link preload but not used within a few seconds from the window's load event. Please make sure it has an appropriate `as` value and it is preloaded intentionally. @ http://localhost:3000/campaign/cmmr6djjy0000ws482a52nc1y:0
[24265193ms] [WARNING] The resource http://localhost:3000/_next/static/css/app/layout.css?v=1778832410753 was preloaded using link preload but not used within a few seconds from the window's load event. Please make sure it has an appropriate `as` value and it is preloaded intentionally. @ http://localhost:3000/campaign/cmmr6djjy0000ws482a52nc1y:0
[24295170ms] [WARNING] The resource http://localhost:3000/_next/static/css/app/layout.css?v=1778832410753 was preloaded using link preload but not used within a few seconds from the window's load event. Please make sure it has an appropriate `as` value and it is preloaded intentionally. @ http://localhost:3000/campaign/cmmr6djjy0000ws482a52nc1y:0
[24325170ms] [WARNING] The resource http://localhost:3000/_next/static/css/app/layout.css?v=1778832410753 was preloaded using link preload but not used within a few seconds from the window's load event. Please make sure it has an appropriate `as` value and it is preloaded intentionally. @ http://localhost:3000/campaign/cmmr6djjy0000ws482a52nc1y:0
[24355167ms] [WARNING] The resource http://localhost:3000/_next/static/css/app/layout.css?v=1778832410753 was preloaded using link preload but not used within a few seconds from the window's load event. Please make sure it has an appropriate `as` value and it is preloaded intentionally. @ http://localhost:3000/campaign/cmmr6djjy0000ws482a52nc1y:0
[24385190ms] [WARNING] The resource http://localhost:3000/_next/static/css/app/layout.css?v=1778832410753 was preloaded using link preload but not used within a few seconds from the window's load event. Please make sure it has an appropriate `as` value and it is preloaded intentionally. @ http://localhost:3000/campaign/cmmr6djjy0000ws482a52nc1y:0
[24415166ms] [WARNING] The resource http://localhost:3000/_next/static/css/app/layout.css?v=1778832410753 was preloaded using link preload but not used within a few seconds from the window's load event. Please make sure it has an appropriate `as` value and it is preloaded intentionally. @ http://localhost:3000/campaign/cmmr6djjy0000ws482a52nc1y:0
[24445178ms] [WARNING] The resource http://localhost:3000/_next/static/css/app/layout.css?v=1778832410753 was preloaded using link preload but not used within a few seconds from the window's load event. Please make sure it has an appropriate `as` value and it is preloaded intentionally. @ http://localhost:3000/campaign/cmmr6djjy0000ws482a52nc1y:0
[24475182ms] [WARNING] The resource http://localhost:3000/_next/static/css/app/layout.css?v=1778832410753 was preloaded using link preload but not used within a few seconds from the window's load event. Please make sure it has an appropriate `as` value and it is preloaded intentionally. @ http://localhost:3000/campaign/cmmr6djjy0000ws482a52nc1y:0
[24505194ms] [WARNING] The resource http://localhost:3000/_next/static/css/app/layout.css?v=1778832410753 was preloaded using link preload but not used within a few seconds from the window's load event. Please make sure it has an appropriate `as` value and it is preloaded intentionally. @ http://localhost:3000/campaign/cmmr6djjy0000ws482a52nc1y:0
[24535187ms] [WARNING] The resource http://localhost:3000/_next/static/css/app/layout.css?v=1778832410753 was preloaded using link preload but not used within a few seconds from the window's load event. Please make sure it has an appropriate `as` value and it is preloaded intentionally. @ http://localhost:3000/campaign/cmmr6djjy0000ws482a52nc1y:0
[24565177ms] [WARNING] The resource http://localhost:3000/_next/static/css/app/layout.css?v=1778832410753 was preloaded using link preload but not used within a few seconds from the window's load event. Please make sure it has an appropriate `as` value and it is preloaded intentionally. @ http://localhost:3000/campaign/cmmr6djjy0000ws482a52nc1y:0
[24595180ms] [WARNING] The resource http://localhost:3000/_next/static/css/app/layout.css?v=1778832410753 was preloaded using link preload but not used within a few seconds from the window's load event. Please make sure it has an appropriate `as` value and it is preloaded intentionally. @ http://localhost:3000/campaign/cmmr6djjy0000ws482a52nc1y:0
[24625159ms] [WARNING] The resource http://localhost:3000/_next/static/css/app/layout.css?v=1778832410753 was preloaded using link preload but not used within a few seconds from the window's load event. Please make sure it has an appropriate `as` value and it is preloaded intentionally. @ http://localhost:3000/campaign/cmmr6djjy0000ws482a52nc1y:0
[24655191ms] [WARNING] The resource http://localhost:3000/_next/static/css/app/layout.css?v=1778832410753 was preloaded using link preload but not used within a few seconds from the window's load event. Please make sure it has an appropriate `as` value and it is preloaded intentionally. @ http://localhost:3000/campaign/cmmr6djjy0000ws482a52nc1y:0
[24685169ms] [WARNING] The resource http://localhost:3000/_next/static/css/app/layout.css?v=1778832410753 was preloaded using link preload but not used within a few seconds from the window's load event. Please make sure it has an appropriate `as` value and it is preloaded intentionally. @ http://localhost:3000/campaign/cmmr6djjy0000ws482a52nc1y:0
[24715194ms] [WARNING] The resource http://localhost:3000/_next/static/css/app/layout.css?v=1778832410753 was preloaded using link preload but not used within a few seconds from the window's load event. Please make sure it has an appropriate `as` value and it is preloaded intentionally. @ http://localhost:3000/campaign/cmmr6djjy0000ws482a52nc1y:0
[24745183ms] [WARNING] The resource http://localhost:3000/_next/static/css/app/layout.css?v=1778832410753 was preloaded using link preload but not used within a few seconds from the window's load event. Please make sure it has an appropriate `as` value and it is preloaded intentionally. @ http://localhost:3000/campaign/cmmr6djjy0000ws482a52nc1y:0
[24775169ms] [WARNING] The resource http://localhost:3000/_next/static/css/app/layout.css?v=1778832410753 was preloaded using link preload but not used within a few seconds from the window's load event. Please make sure it has an appropriate `as` value and it is preloaded intentionally. @ http://localhost:3000/campaign/cmmr6djjy0000ws482a52nc1y:0
[24805192ms] [WARNING] The resource http://localhost:3000/_next/static/css/app/layout.css?v=1778832410753 was preloaded using link preload but not used within a few seconds from the window's load event. Please make sure it has an appropriate `as` value and it is preloaded intentionally. @ http://localhost:3000/campaign/cmmr6djjy0000ws482a52nc1y:0
[24835166ms] [WARNING] The resource http://localhost:3000/_next/static/css/app/layout.css?v=1778832410753 was preloaded using link preload but not used within a few seconds from the window's load event. Please make sure it has an appropriate `as` value and it is preloaded intentionally. @ http://localhost:3000/campaign/cmmr6djjy0000ws482a52nc1y:0
